"","obs","bmi"
"1",0.361169380703902,28.6962397064297
"2",0.330821956875617,28.2416136106016
"3",0.340597044303229,28.4203976958829
"4",0.324026364697101,28.144696660006
"5",0.30469282059432,27.8691410674045
"6",0.248388877410308,27.1024177564127
"7",0.308988809778364,27.9113138112703
"8",0.336310402001679,28.3522719224303
"9",0,25.5416418393936
