"","obs","bmi"
"1",0.364936811168452,28.7211720011151
"2",0.334012824381882,28.2565505459089
"3",0.3401393234379,28.4000391770924
"4",0.312611605316631,28.079016633178
"5",0.284257990840749,27.7581054591844
"6",0.245376789221881,27.0967919435795
"7",0.308956242534354,27.9137932693043
"8",0.331838872199057,28.2743583128539
"9",0,25.5433447765113
