"","obs","bmi"
"1",0.361292329906719,28.6803544508865
"2",0.330386867220998,28.2142575854213
"3",0.345421552560723,28.3656780136716
"4",0.325480215453907,28.051204034737
"5",0.308416593787257,27.7369403339986
"6",0.243560228286854,27.0705413777569
"7",0.305225546951232,27.9383264838633
"8",0.334270937937514,28.2598737010895
"9",0,25.6090343937646
