"","obs","bmi"
"1",0.360363379276103,28.7237453342579
"2",0.331071609974599,28.2628593929363
"3",0.345483356786946,28.363254503727
"4",0.329576071483207,28.0030427681807
"5",0.310291590110967,27.6431263880601
"6",0.244137740491237,27.0599121660743
"7",0.309404133687591,27.9571203373493
"8",0.331209457315101,28.2658667962371
"9",0,25.5992485107025
