"","obs","bmi"
"1",0.367765489362415,28.7769562079243
"2",0.336446661558398,28.3159676903927
"3",0.355214616225892,28.4491428640946
"4",0.342599775566009,28.1216205231302
"5",0.331161183029871,27.7944047225743
"6",0.243281048667332,27.0802806748606
"7",0.308741474022108,27.8940290243926
"8",0.332478716536831,28.2601634577097
"9",0,25.5958141388929
