"","obs","bmi"
"1",0.362691365630926,28.7073629883199
"2",0.332708218976389,28.245040788649
"3",0.352050818656513,28.4447868307875
"4",0.344050293655487,28.1824168637816
"5",0.335630808043343,27.920261815139
"6",0.245711401055601,27.0821577544849
"7",0.311515519171056,27.9790799028223
"8",0.329429415919366,28.2273523306699
"9",0,25.5756542178717
