"","obs","bmi"
"1",0.358582452077822,28.6603473816511
"2",0.326983489986782,28.2068238533383
"3",0.353137384960122,28.4243598265726
"4",0.345044902096954,28.1886695080061
"5",0.337579160887412,27.9532920471402
"6",0.242276597727627,27.031792601888
"7",0.301532192690615,27.8290596660967
"8",0.335317488986122,28.3082184988821
"9",0,25.5644538975819
