"","obs","bmi"
"1",0.364410191404955,28.7703067293114
"2",0.336337568725059,28.3097446174367
"3",0.340840237516353,28.4356622294633
"4",0.31496915161036,28.1012797462333
"5",0.286612621233373,27.7671717123277
"6",0.244120891315001,27.0888223976515
"7",0.31023561260431,27.9585163032882
"8",0.332318811902578,28.2554501612486
"9",0,25.6110310783028
