"","obs","bmi"
"1",0.361938732362729,28.6932063283195
"2",0.334065146415831,28.2405973704383
"3",0.350199226028773,28.4245574815874
"4",0.338809220791282,28.1561152097906
"5",0.323224453148134,27.8878877312791
"6",0.239326226572425,27.0052207181995
"7",0.306026214122709,27.883665783899
"8",0.337029031732757,28.2931729225029
"9",0,25.545813147539
