"","obs","bmi"
"1",0.358618470625304,28.6934065697251
"2",0.329386728115777,28.236452885259
"3",0.349360233969183,28.3760381527951
"4",0.337719302419556,28.0588942421478
"5",0.327243394300219,27.741984583909
"6",0.243531561511943,27.0620031893741
"7",0.315147426315615,27.9567332257758
"8",0.342961418069261,28.3345155943691
"9",0,25.5697919596953
