"","obs","bmi"
"1",0.358757089775004,28.7224996890479
"2",0.329951916147625,28.2628158320386
"3",0.347166922819116,28.4114216001004
"4",0.334332797448544,28.1006341609372
"5",0.319639447281773,27.7901516227615
"6",0.24616466277734,27.0539703982012
"7",0.310432186270651,27.895956362253
"8",0.331812204271558,28.260162973986
"9",0,25.5746918366363
