"","obs","bmi"
"1",0.367984681023206,28.7571424551385
"2",0.33614026709654,28.3028086280197
"3",0.353478776567727,28.4358519297811
"4",0.336494404953467,28.1149093845036
"5",0.31884059210737,27.7943355317835
"6",0.247091736259413,27.0881190484255
"7",0.300703105025619,27.8814091966762
"8",0.331903086780294,28.2972952379329
"9",0,25.5515021884126
