"","obs","bmi"
"1",0.354792040114636,28.6178947232957
"2",0.322799435634086,28.1518026713341
"3",0.340315392772677,28.3624907822513
"4",0.328675016230897,28.1073174223033
"5",0.312937364514704,27.8523853420432
"6",0.243664495817148,27.0805046520473
"7",0.308972830706631,27.9113069030065
"8",0.332410742739693,28.2774492616369
"9",0,25.562548622071
