"","obs","bmi"
"1",0.36297309548387,28.7355238589695
"2",0.3310011566524,28.2770743359571
"3",0.358415263688545,28.5250373333358
"4",0.353116917570641,28.3147393921015
"5",0.347742255210253,28.1046376373455
"6",0.245467738059646,27.0929518811072
"7",0.307930760574024,27.9203739993999
"8",0.328247076807577,28.1686809569206
"9",0,25.6012528098444
