"","obs","bmi"
"1",0.362074127685207,28.7537431289819
"2",0.331947433206925,28.2967240862274
"3",0.341147554623852,28.4710204592101
"4",0.319322582877157,28.1884312150129
"5",0.296642868595526,27.9059796775415
"6",0.245499972082087,27.0672699582004
"7",0.304352428920532,27.8665410402359
"8",0.337545526806642,28.3199526476501
"9",0,25.6163082656427
