"","obs","bmi"
"1",0.361607678912106,28.7137570575656
"2",0.332095789268602,28.2609936045118
"3",0.333835216687761,28.3653678687102
"4",0.300843299587982,28.0171552692374
"5",0.273599307058201,27.6691232036305
"6",0.242448678257168,27.0930133457575
"7",0.306259295779055,27.8807912131747
"8",0.3341120326828,28.2773161106817
"9",0,25.5885783096102
