"","obs","bmi"
"1",0.36030006747729,28.6935205480657
"2",0.332052982709687,28.2346102044287
"3",0.34116050676724,28.3783158657907
"4",0.318850388343113,28.0634509514846
"5",0.291638286649395,27.7489450116368
"6",0.244910155343919,27.1128569499035
"7",0.304496043991147,27.879940476405
"8",0.336840174488378,28.2801060152135
"9",0,25.6174973883065
