"","obs","bmi"
"1",0.356453248070071,28.6160037248501
"2",0.326327161781095,28.1540801970885
"3",0.330248698808233,28.2803333854206
"4",0.301457902372637,27.9447906435223
"5",0.274323896067554,27.6093768086173
"6",0.24897124137583,27.1163501934967
"7",0.308391182489405,27.9588533099789
"8",0.33457498054075,28.2950117089397
"9",0,25.5373199404309
