"","obs","bmi"
"1",0.355049679130657,28.6467122792057
"2",0.324604174281269,28.1830121406034
"3",0.3375391775691,28.3519642844825
"4",0.3202052128707,28.0573263238402
"5",0.297893150222705,27.7628015517303
"6",0.246864914105791,27.127882846243
"7",0.303298058412013,27.8330354600226
"8",0.336957726382358,28.3252570194717
"9",0,25.5909512106291
