"","obs","bmi"
"1",0.356706906961063,28.6477373098893
"2",0.326883201487814,28.1877445223863
"3",0.349800313548516,28.408974997899
"4",0.34237182758653,28.170382257898
"5",0.33592282446356,27.9319651071479
"6",0.239193238769329,27.0420551249969
"7",0.308721066207169,27.9314150414037
"8",0.337238618594408,28.3366775295119
"9",0,25.5807273475906
