"","obs","bmi"
"1",0.367802594041139,28.7693810545373
"2",0.338783203252707,28.3207352976829
"3",0.348308257391713,28.4204120437694
"4",0.327338911026342,28.0717389532186
"5",0.306653264770149,27.7233762186875
"6",0.246041312329826,27.0709786526505
"7",0.310249701098871,27.9141013743859
"8",0.336828884443666,28.316578407043
"9",0,25.5492063912517
