"","obs","bmi"
"1",0.363390120893535,28.7589000467861
"2",0.333759344294298,28.2976565962933
"3",0.34281019597753,28.4513393511529
"4",0.318126971570468,28.143905619958
"5",0.291438395661562,27.8366020211871
"6",0.242584362249843,27.0472281942569
"7",0.314906494879507,27.9791552919916
"8",0.335479374904093,28.2755875705631
"9",0,25.6569815162319
