"","obs","bmi"
"1",0.363378698641276,28.7074438018343
"2",0.332948745044833,28.2504601037877
"3",0.34575269764065,28.4170416922976
"4",0.328426920757041,28.1269614389102
"5",0.309979636274361,27.8372203946486
"6",0.239271322559474,27.0353669658406
"7",0.311696675437883,27.9211819071238
"8",0.334627084672139,28.2546802466024
"9",0,25.5858569869141
