"","obs","bmi"
"1",0.362382814629361,28.6956403958735
"2",0.333241085763973,28.2422407397908
"3",0.347763388436303,28.3820802333955
"4",0.330841438551671,28.0687131031126
"5",0.315668638652493,27.7555462930008
"6",0.245661072503344,27.0562807340863
"7",0.314692794344876,27.9764119697136
"8",0.335183987779749,28.3594782273761
"9",0,25.558454009882
