"","obs","bmi"
"1",0.365857011003192,28.7476954621929
"2",0.335526707745688,28.2916554859762
"3",0.35066432862033,28.4813228760379
"4",0.338997371910321,28.2153053282293
"5",0.324513892610408,27.949666689064
"6",0.243174551336539,27.065329179483
"7",0.30797576363372,27.9046902318982
"8",0.336080718623101,28.2785128645615
"9",0,25.5871552118748
