"","obs","bmi"
"1",0.3500700353288,28.6277399231509
"2",0.323973007775926,28.1742024291026
"3",0.338687099821794,28.2932933756288
"4",0.327628558629416,27.9591657873808
"5",0.313640876905203,27.625373372712
"6",0.241737431348652,27.0525787132555
"7",0.313782783008616,27.9292718028013
"8",0.336404577128972,28.3062687135896
"9",0,25.5954792550999
