"","obs","bmi"
"1",0.358994551314311,28.685697781572
"2",0.330379971456861,28.2285672571983
"3",0.345947852380784,28.4177623491401
"4",0.335215130853216,28.1499684550221
"5",0.320584453538055,27.8823203664507
"6",0.241877605294584,27.0421961295248
"7",0.303695869112117,27.8620149037154
"8",0.335727124910594,28.3267479421693
"9",0,25.5622162379978
