"","obs","bmi"
"1",0.36097136930129,28.7318023831321
"2",0.33151268716676,28.2769364825852
"3",0.338959494793937,28.3875251526459
"4",0.315481095515482,28.0434864752045
"5",0.291743474494184,27.6996963912363
"6",0.244986661981319,27.0851743924903
"7",0.308879295701273,27.9373025715992
"8",0.338304432842301,28.2926105031695
"9",0,25.5995463542778
