"","obs","bmi"
"1",0.367802594041139,28.7693810545373
"2",0.338233068855815,28.3137457566774
"3",0.342435553967525,28.3963196190063
"4",0.315148515001316,28.023521329041
"5",0.285395673995938,27.6509982142841
"6",0.246041312329826,27.0709786526505
"7",0.310249701098871,27.9141013743859
"8",0.336828884443666,28.316578407043
"9",0,25.5492063912517
