"","obs","bmi"
"1",0.356912864383283,28.655597158398
"2",0.327590527754179,28.1968920547567
"3",0.330935431421026,28.2640930183602
"4",0.307513194649763,27.8731229490788
"5",0.277221087639136,27.4827292283502
"6",0.239881344433321,26.9958932433403
"7",0.30309962166804,27.8571254057161
"8",0.337393955819484,28.2693604504041
"9",0,25.6129682333931
