"","obs","bmi"
"1",0.359051423095644,28.6793190201327
"2",0.329821816184095,28.2243885129531
"3",0.340673390874168,28.4493823856333
"4",0.322221202007098,28.2195547247624
"5",0.302038415271892,27.9898381590959
"6",0.241700539536818,27.0012762100938
"7",0.309995529542052,27.9248354656884
"8",0.333964718642274,28.3017556979855
"9",0,25.6277825278219
