"","obs","bmi"
"1",0.363447476155963,28.7606609597466
"2",0.332493385039884,28.2990033173446
"3",0.340445444351012,28.4952369519159
"4",0.318504896847906,28.2298932304238
"5",0.293498895284068,27.9646321991112
"6",0.241818376709509,27.026336075469
"7",0.308226360395133,27.8885093328668
"8",0.32626352030892,28.1866824015116
"9",0,25.6269027636184
