"","obs","bmi"
"1",0.35498139776833,28.668042560604
"2",0.324879833479464,28.2085216929702
"3",0.329418542693346,28.3597750263063
"4",0.303440911521185,28.0516696050156
"5",0.278707569673808,27.7437316070562
"6",0.247024034630464,27.0896414755056
"7",0.308246597140817,27.8675236139723
"8",0.329955791004821,28.2113351718168
"9",0,25.6213847971703
