"","obs","bmi"
"1",0.358431095633685,28.6972443339912
"2",0.327715090996597,28.2426039688065
"3",0.349089477916807,28.4272669670619
"4",0.336732611501438,28.1577680668299
"5",0.324980484018002,27.8887854154359
"6",0.244372245507704,27.0338442626481
"7",0.304108707343518,27.8848253916847
"8",0.336183901225041,28.2948828325506
"9",0,25.5957908574361
