"","obs","bmi"
"1",0.35564065007053,28.7318450269813
"2",0.325320144649904,28.2682271225549
"3",0.344325288999818,28.5160762545992
"4",0.331790204943031,28.3004411395898
"5",0.319540863816571,28.0849439278193
"6",0.248537825613987,27.1157723666469
"7",0.305702379442664,27.8683475435555
"8",0.331085058529246,28.210319885412
"9",0,25.6628052589134
