"","obs","bmi"
"1",0.36262150160529,28.724250584708
"2",0.33462526133065,28.2612551879723
"3",0.341320946632343,28.4349239229927
"4",0.320119022286785,28.1456745146285
"5",0.298881542742591,27.8565040922348
"6",0.246789268783455,27.0844939642231
"7",0.311278547397709,27.9460385181852
"8",0.336565979449085,28.3493512978827
"9",0,25.5579502638804
