"","obs","bmi"
"1",0.366588158111885,28.7207416586969
"2",0.338899023366377,28.2707106143094
"3",0.353547511483726,28.4160148870864
"4",0.337926474884284,28.1114406360507
"5",0.322887631784999,27.8070239889836
"6",0.241572029519692,27.0725043370467
"7",0.308972996275234,27.9084235605339
"8",0.337831954826401,28.3055013076418
"9",0,25.5780706182898
