"","obs","bmi"
"1",0.363472054564622,28.7455288606368
"2",0.332827236672907,28.2906544077191
"3",0.341917917921701,28.4774803469019
"4",0.320914158413506,28.2095012374439
"5",0.297162315612525,27.9415927680033
"6",0.252696312779445,27.1340963252739
"7",0.307928986118979,27.9023940906723
"8",0.335288989941106,28.3166528058634
"9",0,25.6069440739449
