"","obs","bmi"
"1",0.356955773869814,28.6897480380571
"2",0.328543137995424,28.2404130482075
"3",0.338592749973733,28.3337510100176
"4",0.321186164560893,27.9780405638292
"5",0.301337753557374,27.6226327561136
"6",0.240268123792231,27.0416445461208
"7",0.308664158767378,27.9144472514712
"8",0.328089148546518,28.2166610684854
"9",0,25.6369513638937
