"","obs","bmi"
"1",0.362372523883185,28.7331337251937
"2",0.331396431152239,28.2781121151104
"3",0.33285806083258,28.3478175939446
"4",0.304441150331575,27.9628020432187
"5",0.279079442142452,27.5781025607149
"6",0.246120599112546,27.101237298242
"7",0.311585073648415,27.9452573697391
"8",0.334648911556373,28.3012958023775
"9",0,25.5728936381245
