"","obs","bmi"
"1",0.361828739805281,28.7365011676228
"2",0.332493516411017,28.2779825420945
"3",0.347458893967119,28.4653621432979
"4",0.331930239951072,28.194393506175
"5",0.316732000178516,27.9236018137639
"6",0.24077380094849,27.058338199586
"7",0.30241687194953,27.8792916599313
"8",0.329667792382593,28.2120312657088
"9",0,25.5940569410159
