"","obs","bmi"
"1",0.362391692419975,28.7201297222743
"2",0.333291141196088,28.2682926136434
"3",0.342460545983282,28.4071332330707
"4",0.321638308317629,28.0943333242192
"5",0.299496580799908,27.7817371312732
"6",0.241304006611194,27.0230217865358
"7",0.310558511019379,27.9161698337894
"8",0.333972963701739,28.2447353951737
"9",0,25.6037996271404
