"","obs","bmi"
"1",0.364809037635535,28.7617198288567
"2",0.335910630672173,28.3019703519306
"3",0.339610294329268,28.4355119540729
"4",0.31089755255581,28.1094861580526
"5",0.280464237384446,27.7836481025685
"6",0.245729535221775,27.1215696210124
"7",0.310893186636467,27.9307645756
"8",0.331239215016671,28.2722794472757
"9",0,25.5706248915461
