"","obs","bmi"
"1",0.365425151554898,28.7130700977538
"2",0.333045640676172,28.2557958880902
"3",0.347324550855751,28.4132345650436
"4",0.327683082838536,28.1137360710114
"5",0.308887999424374,27.8145935808987
"6",0.247763026597373,27.1305983759531
"7",0.306623701905272,27.8744175542381
"8",0.336503191940575,28.3110195364615
"9",0,25.6223908085947
