"","obs","bmi"
"1",0.357585670535693,28.6680397749258
"2",0.325926331332496,28.2144449618227
"3",0.330785735334699,28.1735038567813
"4",0.302896571075261,27.6796240546408
"5",0.275517766927061,27.1864531908976
"6",0.244715336027442,27.0597577946913
"7",0.303470619350067,27.8566431702329
"8",0.32732692032846,28.2454224991469
"9",0,25.5678080122962
