"","obs","bmi"
"1",0.363514534335396,28.7052736688752
"2",0.333015260668729,28.2497276750883
"3",0.347826375827679,28.4621258401381
"4",0.331226062770167,28.2190750141664
"5",0.314274130292749,27.9761235955365
"6",0.240833186708144,27.0284628685074
"7",0.305574300284692,27.8821751838298
"8",0.334684732220742,28.2656609821845
"9",0,25.5752100523655
