"","obs","bmi"
"1",0.358348955367187,28.6636759753021
"2",0.330401091884788,28.2157105276051
"3",0.344436920132145,28.3622418066694
"4",0.327241465912566,28.0610492756242
"5",0.306854590072337,27.7601085458529
"6",0.239904157974189,27.0342380580894
"7",0.305910627884646,27.8344320402038
"8",0.333018389108224,28.2662287900744
"9",0,25.5979384935566
