"","obs","bmi"
"1",0.356574926633402,28.6920509023728
"2",0.324689976355264,28.230714048208
"3",0.331188149504235,28.3619079259835
"4",0.306141706440545,28.0319283225755
"5",0.282521757341743,27.7021174387309
"6",0.242624914024993,27.0476929916151
"7",0.302742405305718,27.8723505741724
"8",0.339736815078387,28.3038232902349
"9",0,25.6163638826029
