"","obs","bmi"
"1",0.358686029117723,28.6808376850106
"2",0.327183527939424,28.2213604932063
"3",0.330718410291685,28.3919277739784
"4",0.30047569190448,28.1031116211713
"5",0.274048164876465,27.8143904706671
"6",0.247197448547971,27.1192518794519
"7",0.313137484203435,27.9201891372931
"8",0.327325919188528,28.2320654660636
"9",0,25.5965745145847
