"","obs","bmi"
"1",0.361919147638437,28.7313795358888
"2",0.332275986591645,28.2758730646433
"3",0.338658986403884,28.3799922214955
"4",0.314291468557841,28.0288633394916
"5",0.288458276186227,27.6780050784705
"6",0.24113615034649,27.0258610029106
"7",0.31330155275842,27.9285055008419
"8",0.3313815569188,28.2575628603669
"9",0,25.6134931541665
