"","obs","bmi"
"1",0.35228351697632,28.6610887318023
"2",0.323032815531469,28.2162977218318
"3",0.327033314942593,28.3350986495962
"4",0.296832672393642,28.0092189380845
"5",0.273396374200246,27.6834485475436
"6",0.243894837274583,27.0756287793168
"7",0.307119447950037,27.9265022281342
"8",0.335140536792841,28.2449808790671
"9",0,25.6031268987808
