"","obs","bmi"
"1",0.359464846942522,28.7318018669579
"2",0.329105823109328,28.276197430435
"3",0.34208819663727,28.4408542904782
"4",0.325907483498213,28.1501099148833
"5",0.306943170550636,27.8595772095148
"6",0.243688340126518,27.0648515072531
"7",0.306901845834465,27.8849547369006
"8",0.331367353340629,28.2631578687841
"9",0,25.6383815254717
