"","obs","bmi"
"1",0.359084110679836,28.6773702880513
"2",0.328261372308469,28.2183505890236
"3",0.336836279642616,28.3988748968812
"4",0.314395479901178,28.120510955593
"5",0.293091349512944,27.8422825305053
"6",0.2415568215475,27.0409801824346
"7",0.306473524522616,27.8944107249288
"8",0.339287460535946,28.3062126291529
"9",0,25.5742371677645
