"","obs","bmi"
"1",0.365216711008478,28.7552487015846
"2",0.335327977543766,28.2976626764361
"3",0.336011158653364,28.4212607094207
"4",0.305373550209626,28.08743669457
"5",0.277363285814358,27.7537805334493
"6",0.247047477210686,27.1070458423008
"7",0.307572776572817,27.918490171732
"8",0.335838741370722,28.3000843769964
"9",0,25.5559209362447
