"","obs","bmi"
"1",0.369104868931366,28.7947851605797
"2",0.337554261370732,28.3530947904527
"3",0.342731293134406,28.4405362935752
"4",0.317308257566474,28.0864874459925
"5",0.290559355035042,27.7326459788309
"6",0.242440650598952,27.0388884162981
"7",0.307058682769331,27.8748990959276
"8",0.333121238068448,28.3158818101175
"9",0,25.6379845268196
