"","obs","bmi"
"1",0.360914644954117,28.6721935588622
"2",0.331093445190512,28.2152392881218
"3",0.342696902845376,28.3278372417273
"4",0.324896302949856,27.9837398627486
"5",0.30470117978977,27.6399140080226
"6",0.249690919263168,27.1187453330931
"7",0.310251239226092,27.8783817578993
"8",0.341829302234352,28.338077706697
"9",0,25.5567673857755
