"","obs","bmi"
"1",0.359312757948345,28.6551931279641
"2",0.331079409798399,28.1967578387966
"3",0.333636843950898,28.3090709318404
"4",0.300550202972154,27.9631857628787
"5",0.271118478507918,27.6175476488021
"6",0.240440371681449,27.0259864877522
"7",0.307862378810036,27.9349136970836
"8",0.333607313702964,28.2976633870684
"9",0,25.5228522629847
