"","obs","bmi"
"1",0.359933167629697,28.6610166666316
"2",0.329544504263026,28.1976632132517
"3",0.3461468073489,28.343005512217
"4",0.33063688214784,28.025323178228
"5",0.315124114274038,27.7079878445279
"6",0.244385049606986,27.0666195372886
"7",0.307647883095099,27.9093632514173
"8",0.332562355284637,28.2629512784756
"9",0,25.5857691335098
