"","obs","bmi"
"1",0.358196643647907,28.7073986079419
"2",0.33010176543601,28.2462506663246
"3",0.332699209564151,28.3500464667975
"4",0.302704802001606,27.9928263421949
"5",0.273716822814173,27.6357408770343
"6",0.242039554049118,27.0719741049285
"7",0.307113578555672,27.9117630356016
"8",0.330686434557216,28.2669908744012
"9",0,25.6206508403272
