"","obs","bmi"
"1",0.361068733106027,28.6898671224836
"2",0.330124045755126,28.2298874060648
"3",0.344681818550996,28.4863264002809
"4",0.329218094524825,28.2828518741717
"5",0.312549687091059,28.0794446828964
"6",0.242064953820757,27.0576469330242
"7",0.308727482143084,27.8932213972029
"8",0.331227404266677,28.295852335383
"9",0,25.5718115805643
