"","obs","bmi"
"1",0.356036065178938,28.6576684419312
"2",0.32704775227865,28.1969772616461
"3",0.330787331016506,28.3170675462002
"4",0.306692512278023,27.9767818801004
"5",0.280659223719291,27.6368304878329
"6",0.241293609848278,27.0227442651503
"7",0.312138602599723,27.9168414816414
"8",0.335435627553457,28.318865749506
"9",0,25.5511309834421
