"","obs","bmi"
"1",0.353217582178164,28.6339186736983
"2",0.324271980398422,28.1678989302736
"3",0.339029998465596,28.4040056126467
"4",0.32307963153222,28.1742081837331
"5",0.305359229687511,27.9445316083924
"6",0.245941308758379,27.0879302695013
"7",0.306925277468765,27.8999721019157
"8",0.338222734889803,28.3214961260587
"9",0,25.5471484878457
