"","obs","bmi"
"1",0.358279263039011,28.6848741710851
"2",0.32688861216222,28.2244764705754
"3",0.33175270763113,28.3723969742643
"4",0.306979073517658,28.0600331765364
"5",0.283798930570481,27.7477851383308
"6",0.24224857893325,27.0342354275764
"7",0.3084491566339,27.8961525394826
"8",0.331586012307481,28.2659471785078
"9",0,25.5486312998059
