"","obs","bmi"
"1",0.357498831253818,28.6531861647377
"2",0.328788265349903,28.1911872584477
"3",0.334135239236443,28.3747096658236
"4",0.31034235813387,28.0963678435566
"5",0.285580644385779,27.8181640454506
"6",0.247700510508144,27.0721981612456
"7",0.306986736167659,27.88648617126
"8",0.338495821116089,28.3218635736533
"9",0,25.6010989538507
