"","obs","bmi"
"1",0.359118700096744,28.7000329842525
"2",0.332137593696113,28.2419323683531
"3",0.339819532915495,28.377793985258
"4",0.317070092702425,28.0557640238743
"5",0.294971234065977,27.733951648486
"6",0.2443674421067,27.0561054322217
"7",0.309278436527717,27.9586167575076
"8",0.336747076415885,28.290422290605
"9",0,25.5819192091972
