"","obs","bmi"
"1",0.355675275244895,28.6435913513867
"2",0.32524510999889,28.1818445927502
"3",0.328665835077279,28.315639079413
"4",0.295448533719132,27.9879519298328
"5",0.271105076710354,27.6605420689464
"6",0.243750672495256,27.0565663803257
"7",0.312341677352507,27.9827147380252
"8",0.336870909118937,28.3031331250539
"9",0,25.6471951816028
