"","obs","bmi"
"1",0.361543830519193,28.7495572781155
"2",0.331958276656837,28.2947998561671
"3",0.342041243329132,28.4670905325525
"4",0.319362267490634,28.1847340250582
"5",0.296810841097327,27.9024897540878
"6",0.242713923012078,27.0352049726249
"7",0.308909407868921,27.8839101766253
"8",0.332011365122912,28.2365118678067
"9",0,25.6018574324082
