"","obs","bmi"
"1",0.358887851006578,28.6885193468094
"2",0.330445448899024,28.2319591370825
"3",0.345071655361722,28.4655341472062
"4",0.329599962864252,28.2426088221983
"5",0.314516756238054,28.0197445190607
"6",0.239667474206383,27.0395974763304
"7",0.306211630505637,27.8240706225752
"8",0.335064572205187,28.2914608614739
"9",0,25.6302518892589
