"","obs","bmi"
"1",0.361523734671737,28.7016848556613
"2",0.332181273245033,28.2446054682458
"3",0.347795661815199,28.4328958561793
"4",0.332427258700913,28.1642365719658
"5",0.316056639488392,27.8957110829451
"6",0.244533706503614,27.0994091662998
"7",0.298857358191262,27.8406629530087
"8",0.333147229885284,28.2886014057553
"9",0,25.5621872506902
