"","obs","bmi"
"1",0.359712486130648,28.7512550197948
"2",0.330654465125062,28.2930397087726
"3",0.34354719428039,28.4149712516559
"4",0.324430495221292,28.0790678117202
"5",0.308987137253846,27.7435692215567
"6",0.244879391814705,27.0765154911605
"7",0.310725346330697,27.958919069208
"8",0.341388393447414,28.3801600906227
"9",0,25.6003135692225
