"","obs","bmi"
"1",0.36282697561471,28.7445488376625
"2",0.332990319592841,28.2867620960541
"3",0.348252347632575,28.5121998374568
"4",0.33080305132087,28.2799189943788
"5",0.314319528750154,28.0477076529557
"6",0.246425168630566,27.0337793032673
"7",0.315191761898849,27.9550509720981
"8",0.338804026252176,28.3561267674313
"9",0,25.5789690409676
