"","obs","bmi"
"1",0.356611058636689,28.6557077324399
"2",0.32757321127999,28.1922978075867
"3",0.335056554329689,28.3249822496909
"4",0.31085816451018,27.9944893470597
"5",0.288062383165114,27.6642386319819
"6",0.245651303016292,27.0593555110952
"7",0.306688870364141,27.8956766302189
"8",0.338891358151316,28.3026770619161
"9",0,25.5758374300937
