"","obs","bmi"
"1",0.356139360320391,28.7111855588694
"2",0.325896318779224,28.2492102381962
"3",0.333009707843763,28.3932092878358
"4",0.311063832529914,28.0753953018531
"5",0.289818949276483,27.7577487811702
"6",0.242525099568986,27.0326050484067
"7",0.305419626341355,27.9004528716857
"8",0.336508426825885,28.3630906240652
"9",0,25.6157611704101
