"","obs","bmi"
"1",0.353419349485414,28.6232909455807
"2",0.32321365518658,28.1659990963813
"3",0.323857028206314,28.2986744594708
"4",0.295726086596257,27.9741461234922
"5",0.271760808231507,27.6497043449847
"6",0.240459051539253,27.0551255555259
"7",0.304425739088136,27.9199920641903
"8",0.336251714903142,28.3229816593633
"9",0,25.5870974041594
