"","obs","bmi"
"1",0.362811386221129,28.7235676192251
"2",0.332100300284574,28.2715902627199
"3",0.35308614212212,28.4021591698167
"4",0.342331896182478,28.0810885516749
"5",0.331411379901023,27.7603733105345
"6",0.248014350301166,27.1316125788357
"7",0.309555086452716,27.9264220247758
"8",0.333723772600892,28.2589688293113
"9",0,25.5861265875853
