"","obs","bmi"
"1",0.366023245632983,28.7820891997648
"2",0.337206890371736,28.3199569850648
"3",0.339098619944838,28.4502484638243
"4",0.307206259925124,28.1186515330971
"5",0.275629529786856,27.7873106448942
"6",0.243846394168505,27.0835545926121
"7",0.30893913004755,27.888637074459
"8",0.336332372823762,28.2806542179443
"9",0,25.6247801433875
