"","obs","bmi"
"1",0.355929645079081,28.6126294952318
"2",0.326802241485351,28.1546779597153
"3",0.336399949544776,28.3052517584595
"4",0.314607348248589,27.998018482867
"5",0.28877140120065,27.6909333423212
"6",0.239360626983578,26.9899807472598
"7",0.3086398965193,27.9458948838931
"8",0.333583108879055,28.257071958659
"9",0,25.5434293653845
