"","obs","bmi"
"1",0.361144956743528,28.7168910637106
"2",0.331301622977162,28.2684750047283
"3",0.340962254567867,28.3914287060414
"4",0.319657843516002,28.0661818790126
"5",0.297821252579444,27.7411586158248
"6",0.243250566315729,27.039903194139
"7",0.309214612113988,27.9470393594438
"8",0.336901508625275,28.2960202312682
"9",0,25.5525046978798
