"","obs","bmi"
"1",0.36356641913803,28.7440009266436
"2",0.331834581260333,28.2779389255543
"3",0.338538035633607,28.4508949750225
"4",0.311885255853301,28.157907860344
"5",0.287536338586125,27.8650428237231
"6",0.249746941670012,27.1026831935312
"7",0.310152237873558,27.8916699366335
"8",0.334587200528831,28.2650879387142
"9",0,25.6085730006913
