"","obs","bmi"
"1",0.358218939062342,28.6851579464342
"2",0.328757063670471,28.2241450483973
"3",0.337537710566832,28.3498314938868
"4",0.315174930022132,28.0147060886485
"5",0.294437256919024,27.6797893439547
"6",0.243368059525067,27.0062018892429
"7",0.302774106923506,27.8198022451306
"8",0.335924127961621,28.2829601909982
"9",0,25.5349681428697
