"","obs","bmi"
"1",0.363206082325199,28.7137037315048
"2",0.332927286408906,28.2516476708027
"3",0.337197836640425,28.3925832313387
"4",0.312049635176513,28.0716163863478
"5",0.285714254383774,27.7508073227622
"6",0.25084975117687,27.1465987120377
"7",0.309863514687216,27.8636804723147
"8",0.333328565431726,28.290410838
"9",0,25.5799335039165
