"","obs","bmi"
"1",0.366775915520855,28.7170031098904
"2",0.336072128275487,28.2584308298111
"3",0.347944193573823,28.3674828663537
"4",0.32631333684777,28.0181556692779
"5",0.304103577520063,27.6690288987736
"6",0.249667655387852,27.113649206808
"7",0.303925771125844,27.8851020088522
"8",0.333769294856684,28.3305674845429
"9",0,25.5601472235386
