"","obs","bmi"
"1",0.361698995293246,28.7604559141738
"2",0.332377635244505,28.2947899693178
"3",0.34033259398465,28.4945813363712
"4",0.315687569945311,28.2287901851964
"5",0.291330143734777,27.9630836562739
"6",0.248330469692137,27.106476480643
"7",0.308125301922694,27.89147618729
"8",0.336521210276791,28.2560481147846
"9",0,25.6260907382314
