"","obs","bmi"
"1",0.36114910828625,28.6930085123165
"2",0.332593785343468,28.2340727811927
"3",0.340025669806549,28.3984147747531
"4",0.316389817765396,28.1039824966914
"5",0.29198794095494,27.8097169066236
"6",0.2458054726277,27.094128777901
"7",0.313406384131422,27.9887859171192
"8",0.333052586159529,28.2238561048577
"9",0,25.6096907749936
