"","obs","bmi"
"1",0.361803118970156,28.7290239873674
"2",0.330916006737597,28.269606777027
"3",0.351004484204313,28.4306982841775
"4",0.338978262395597,28.1326672767488
"5",0.325533287585229,27.834946407599
"6",0.244626736761392,27.0629718607648
"7",0.311942132693121,27.966342721196
"8",0.337475962058449,28.3153120077176
"9",0,25.6206977048779
