"","obs","bmi"
"1",0.361127397206501,28.7086855643441
"2",0.332530851732667,28.2514110354707
"3",0.341765457974241,28.3790874245956
"4",0.318050821977711,28.0498441300723
"5",0.294104698271919,27.7209780250957
"6",0.241877415827112,27.0465057962805
"7",0.304751649814787,27.8723612511687
"8",0.333749534514933,28.269780191975
"9",0,25.6023512877047
