"","obs","bmi"
"1",0.359312518370496,28.6804411532134
"2",0.32981273370078,28.2170393621387
"3",0.345293683293356,28.3980370766203
"4",0.33063474341769,28.1159497800444
"5",0.31307115384695,27.8341992265742
"6",0.241711472818252,27.0441852701011
"7",0.307941129169285,27.9016543485439
"8",0.339709423090354,28.3471634132043
"9",0,25.5816843089273
