"","obs","bmi"
"1",0.360823700874078,28.7428845986626
"2",0.331108569250146,28.2843408671597
"3",0.354001246075403,28.517128755697
"4",0.345120766215635,28.2915605405941
"5",0.337840864113227,28.0661879687399
"6",0.245411534678358,27.0991244052698
"7",0.306818433705568,27.9251148265423
"8",0.330287351188722,28.2252292869095
"9",0,25.6714875080126
