"","obs","bmi"
"1",0.357469196935907,28.6969727316462
"2",0.328910146170745,28.2404673394631
"3",0.339117883522183,28.3663667866368
"4",0.320847611097845,28.0359305317723
"5",0.304058071106177,27.7056696192236
"6",0.243241752500772,27.057326692099
"7",0.309412413221439,27.8943642253571
"8",0.329278411305039,28.223016533561
"9",0,25.6394856967631
