"","obs","bmi"
"1",0.356081257489906,28.6832743635829
"2",0.323950405258259,28.2291122204135
"3",0.334238424192752,28.3685543011297
"4",0.311557120810825,28.054034665121
"5",0.294480099841045,27.739722913828
"6",0.249806418772846,27.1092460665426
"7",0.31066019592663,27.9440378107203
"8",0.330186495445311,28.2661077826416
"9",0,25.6152344855509
