"","obs","bmi"
"1",0.36207389308923,28.7352887091245
"2",0.330631357211193,28.2820102362602
"3",0.347116853188069,28.4228918183715
"4",0.330990446520267,28.1107898070357
"5",0.314153439919762,27.7989978369467
"6",0.241482346527608,27.0586636077528
"7",0.303132140478646,27.831258728056
"8",0.335255748925491,28.2611006193121
"9",0,25.6334755523445
