"","obs","bmi"
"1",0.358266961182695,28.7163754807981
"2",0.328359457847277,28.2534257481379
"3",0.341181892740564,28.4484838716296
"4",0.321526992145407,28.1807037115529
"5",0.303072988111296,27.9130379735781
"6",0.248662239154378,27.0981310993761
"7",0.309766091187367,27.9024204480126
"8",0.33155353360762,28.3140331546293
"9",0,25.6074636521738
