"","obs","bmi"
"1",0.359593974779738,28.7421553112443
"2",0.329242688563859,28.2802699786252
"3",0.336239953534432,28.3726024526152
"4",0.313562710527644,28.0032003024942
"5",0.286274681449532,27.6339537096108
"6",0.244546156960048,27.1040980963585
"7",0.308480020384066,27.9125291644294
"8",0.333850698264585,28.2778311900463
"9",0,25.6331613303329
