"","obs","bmi"
"1",0.362885689073741,28.7266170965371
"2",0.334465840793956,28.2869948463168
"3",0.342005776359839,28.480799160294
"4",0.316708849333324,28.2350506444006
"5",0.29380846859096,27.9893731844067
"6",0.25141054146948,27.1905120992099
"7",0.305239284128571,27.8620055748747
"8",0.336459221584682,28.3269078957796
"9",0,25.5806567038189
