"","obs","bmi"
"1",0.358323016458724,28.6659314064003
"2",0.328097253776106,28.2117835963812
"3",0.331853588519571,28.3415831240604
"4",0.305440060687607,28.0173332763235
"5",0.273892036127096,27.6931835978975
"6",0.245453691770697,27.0282285076257
"7",0.310462485384147,27.9381757677124
"8",0.319770274682623,28.1720763580584
"9",0,25.5597882419029
