"","obs","bmi"
"1",0.358209999403944,28.7059690036465
"2",0.329517483355991,28.2450264386829
"3",0.342315542942721,28.3929438667542
"4",0.326218112296023,28.0802337221979
"5",0.308086152002041,27.7678558578173
"6",0.248554698084237,27.0815804779189
"7",0.302217804928585,27.8413599719328
"8",0.334895145784254,28.312842777505
"9",0,25.6136801063068
