"","obs","bmi"
"1",0.361802917207444,28.7536703705217
"2",0.332762695143159,28.289181823561
"3",0.342060236241462,28.4787671913254
"4",0.321094988880407,28.2039531048035
"5",0.298488372243899,27.9292293058784
"6",0.243043001841388,27.084943766511
"7",0.30615692284905,27.8362122678999
"8",0.329230204555519,28.2193123663109
"9",0,25.6386815151923
