"","obs","bmi"
"1",0.359325044084186,28.7121754997005
"2",0.330374295686243,28.250343798176
"3",0.338639922755167,28.4332243324387
"4",0.313287175088477,28.1545890366665
"5",0.28748868739782,27.8762890756883
"6",0.244233381504947,27.0349526798531
"7",0.306571192674486,27.8798390743753
"8",0.333518789434286,28.279749930584
"9",0,25.6194808914354
