"","obs","bmi"
"1",0.35968840286751,28.6838157616556
"2",0.331338541525673,28.2268103566229
"3",0.335130194544068,28.3334930985641
"4",0.30745442034225,27.9833557696976
"5",0.282334743259778,27.6334104504995
"6",0.250904352051117,27.1249051176488
"7",0.309290918229247,27.9244561037051
"8",0.341604152009495,28.3267986979006
"9",0,25.5871038247033
