"","obs","bmi"
"1",0.355850272773698,28.6494021355366
"2",0.328647848857474,28.1880052713665
"3",0.338033670769795,28.3760635253712
"4",0.319037900394345,28.1028894696475
"5",0.300416934239511,27.8298844816848
"6",0.246893888342133,27.0798441989141
"7",0.299018560800279,27.824025972625
"8",0.336084243606429,28.2982546772245
"9",0,25.5556012388086
