"","obs","bmi"
"1",0.355714493254756,28.6541230411605
"2",0.327588798713344,28.1974321020646
"3",0.332432425511093,28.3201850001845
"4",0.304827301618641,27.986434236775
"5",0.277420388461481,27.6528774168574
"6",0.244081664161049,27.0435332596152
"7",0.307774144935269,27.9206234210628
"8",0.326221239701999,28.2010534804673
"9",0,25.5977382450729
