"","obs","bmi"
"1",0.360605975616869,28.6549553705118
"2",0.329674423599102,28.1937711577404
"3",0.350148201928567,28.4610403363577
"4",0.338007080735493,28.2672476706008
"5",0.323090845192802,28.0735814212087
"6",0.241603645578499,27.0352438234165
"7",0.307177073595353,27.8975009949428
"8",0.331271133433125,28.2201905987322
"9",0,25.5653642846088
