"","obs","bmi"
"1",0.359380180234759,28.6504846326925
"2",0.328740503990762,28.1966512528308
"3",0.346117302931334,28.3267597753232
"4",0.33056955162674,28.0032508497169
"5",0.31547880992122,27.6799662294369
"6",0.242508241351359,27.0966059275657
"7",0.302477424450952,27.8636945876338
"8",0.330418836295402,28.2389981450015
"9",0,25.5764837120806
