"","obs","bmi"
"1",0.354953014569416,28.6491686312158
"2",0.326668159353504,28.1993966570402
"3",0.331064423103885,28.2775134943269
"4",0.304627852997815,27.9060572612774
"5",0.281878267619343,27.5348066582624
"6",0.245133041399514,27.0752106364025
"7",0.305187664890092,27.895367464627
"8",0.342777280382287,28.3479202247307
"9",0,25.6017343427364
