"","obs","bmi"
"1",0.361964609791007,28.7244030440194
"2",0.33166614742598,28.2743857815408
"3",0.346310796981612,28.4709677243575
"4",0.332163473944351,28.2176159466381
"5",0.31726299602063,27.9643504900497
"6",0.244353328190701,27.0724147503171
"7",0.312990791877332,27.9779659337339
"8",0.329055442862322,28.2261936894795
"9",0,25.6108833964474
