"","obs","bmi"
"1",0.352825154919188,28.6518980091594
"2",0.324430910622127,28.1887862223491
"3",0.328696994576823,28.2331543350049
"4",0.302939555366722,27.8147052094175
"5",0.273758790835144,27.3965634671345
"6",0.246076356218859,27.0902634922748
"7",0.310066242417391,27.9491113152712
"8",0.336029675445612,28.2856643364355
"9",0,25.6246303780514
