"","obs","bmi"
"1",0.360623236772494,28.7109710392271
"2",0.3295902138568,28.250066904776
"3",0.333132851307396,28.3558430863958
"4",0.298986790233736,28.0009875823676
"5",0.264986657811118,27.6464172482374
"6",0.242438030541627,27.0522534711842
"7",0.302464582025196,27.8745400763154
"8",0.334119122761609,28.3374956404008
"9",0,25.5831004526512
