"","obs","bmi"
"1",0.359399236540017,28.6701831500714
"2",0.330538879111656,28.220496769989
"3",0.340711323879939,28.3833360324678
"4",0.319583406836609,28.0965759031404
"5",0.296046733391126,27.8099044341696
"6",0.245373106055888,27.0682600219501
"7",0.313659397863885,27.9562634854448
"8",0.336160853551056,28.3056422804139
"9",0,25.5563284956819
