"","obs","bmi"
"1",0.360116535506518,28.6565926074718
"2",0.329523586901275,28.2024930071704
"3",0.346573155359284,28.4007022443061
"4",0.332521047525278,28.1449388741438
"5",0.320431507372269,27.8893063238293
"6",0.240507498990308,26.9607531704726
"7",0.307564326273477,27.9044057957659
"8",0.340185389592307,28.3229955868447
"9",0,25.5494440793916
