"","obs","bmi"
"1",0.363256827078138,28.7313046419065
"2",0.333146749151469,28.2681174330999
"3",0.34771756937364,28.4247088713465
"4",0.332049163565876,28.1184553321708
"5",0.316758131651766,27.8125631941677
"6",0.246337920398095,27.0807469516149
"7",0.309470920880548,27.915403483644
"8",0.327846106770287,28.229981068213
"9",0,25.5940516777641
