"","obs","bmi"
"1",0.36282697561471,28.7445488376625
"2",0.333315279349612,28.2912189457894
"3",0.351924513507639,28.5620092355126
"4",0.338588064151561,28.3795160652432
"5",0.326704747884431,28.1970701737424
"6",0.246425168630566,27.0337793032673
"7",0.315191761898849,27.9550509720981
"8",0.338804026252176,28.3561267674313
"9",0,25.5789690409676
