"","obs","bmi"
"1",0.359381118148395,28.6649124642267
"2",0.328917099477834,28.2088861249503
"3",0.350527434139323,28.4517867733302
"4",0.340754361720982,28.2387591698554
"5",0.334616038195747,28.0258320288074
"6",0.240596840338708,27.0387905474287
"7",0.309821437938735,27.9194209703049
"8",0.340833894809931,28.3486690073187
"9",0,25.5891357791742
