"","obs","bmi"
"1",0.355425815715361,28.6569737594346
"2",0.32440069891591,28.1997741973502
"3",0.334680409894699,28.3027570724279
"4",0.3120719964553,27.9487489722719
"5",0.289604151300484,27.5949575398372
"6",0.242867721040305,27.0496145691151
"7",0.314720080639458,27.9708459005916
"8",0.339572745770526,28.3371360909959
"9",0,25.558192105053
