"","obs","bmi"
"1",0.360536310348399,28.654408251161
"2",0.331348598294306,28.1891104173023
"3",0.33304573503067,28.3525299261254
"4",0.303440477495745,28.0507090257776
"5",0.276805899171428,27.7489446487661
"6",0.243802347530572,27.051119283614
"7",0.303390294739213,27.8901828140095
"8",0.342134668332427,28.3216549297725
"9",0,25.5703112645101
