"","obs","bmi"
"1",0.359561668132091,28.6969225870925
"2",0.329857267868425,28.2334641597181
"3",0.3346107820573,28.3516051143422
"4",0.306756335526148,28.0064058885054
"5",0.284056477884242,27.6613259186782
"6",0.24223303976909,27.0042853145558
"7",0.299558403659527,27.825321730655
"8",0.3313354993843,28.2712262401698
"9",0,25.639285470028
