"","obs","bmi"
"1",0.36380343639597,28.7237243936667
"2",0.333089080645348,28.2648376609484
"3",0.344050660051846,28.4163513665557
"4",0.322699009225629,28.1090838407064
"5",0.305973173238146,27.8019240803814
"6",0.246391387098845,27.1117321698542
"7",0.306154469152254,27.885172538707
"8",0.33546772273738,28.273978990509
"9",0,25.6201177065769
