"","obs","bmi"
"1",0.360723594225117,28.7195743951821
"2",0.330566899255075,28.2623681998641
"3",0.332811475602083,28.3577786922617
"4",0.301384160503652,27.9960923479446
"5",0.272243844368508,27.6345157932702
"6",0.242404295095629,27.0254432029752
"7",0.307627313188511,27.9310255024716
"8",0.332324381814986,28.2771245872063
"9",0,25.5704338571442
