"","obs","bmi"
"1",0.350212185640177,28.622187846993
"2",0.321418193487035,28.1569362996895
"3",0.33336560551252,28.2462520661277
"4",0.314248736102613,27.8705724860046
"5",0.298274075182835,27.4951611665671
"6",0.248758164490439,27.0729399290201
"7",0.308353439929307,27.9125627609032
"8",0.329199951548753,28.2232207591538
"9",0,25.5689351446923
