"","obs","bmi"
"1",0.369690510529593,28.7719586329172
"2",0.338397261331059,28.3126023370413
"3",0.354071191209693,28.4886192509411
"4",0.336295425747325,28.2054088775924
"5",0.31404345538577,27.922331646917
"6",0.24415611444995,27.0504254321818
"7",0.309633656356433,27.888903067106
"8",0.338542043638524,28.3397618619702
"9",0,25.5962063117452
