"","obs","bmi"
"1",0.356281686191843,28.693205035337
"2",0.327990446297205,28.2359635837911
"3",0.331281151448402,28.3836129723132
"4",0.304674467260519,28.0740876116614
"5",0.27849293345274,27.7646287343405
"6",0.243094147840352,27.056982643774
"7",0.309623379624062,27.8810763134526
"8",0.336462527045889,28.2918879817224
"9",0,25.5781326051307
