"","obs","bmi"
"1",0.359833047097609,28.6604934638362
"2",0.329837279304268,28.1890909600757
"3",0.345151632443131,28.3469411075891
"4",0.330610130853797,28.0338832211212
"5",0.312751021256792,27.721357293957
"6",0.248316209445093,27.1389698952355
"7",0.312725940684138,27.9725595936085
"8",0.331203632024026,28.2678272187208
"9",0,25.5628711134086
