"","obs","bmi"
"1",0.360751521820767,28.6643890336832
"2",0.328002006631396,28.2095864844512
"3",0.338416536238693,28.3690625014727
"4",0.31789869398315,28.0739449462459
"5",0.296017510536228,27.779044692888
"6",0.250646761946584,27.1329378320166
"7",0.308725494160321,27.913392827021
"8",0.333125678483125,28.2927217068039
"9",0,25.5648241532693
