"","obs","bmi"
"1",0.361432663371335,28.687148100722
"2",0.330186575768307,28.2269937762479
"3",0.330338697295092,28.3318064880234
"4",0.294594861916432,27.9765609118001
"5",0.267383144593103,27.6214122002708
"6",0.244167449274543,27.0539145953794
"7",0.311522261797668,27.9103638063028
"8",0.329040991837292,28.2536819408747
"9",0,25.5631283846469
