"","obs","bmi"
"1",0.360665522567771,28.7328120033354
"2",0.330640414469888,28.2674297682347
"3",0.334471903626355,28.4277247802681
"4",0.304977477184644,28.1227300872904
"5",0.277884821353464,27.8178281775568
"6",0.245531341566372,27.0307661214831
"7",0.30739579190313,27.9089425062228
"8",0.335688496841004,28.2991656889619
"9",0,25.6213584984953
