"","obs","bmi"
"1",0.360404346401653,28.7425582628965
"2",0.327912053418011,28.2786696891955
"3",0.324929514831419,28.3432223463045
"4",0.29351310477994,27.9440796764033
"5",0.262389160295957,27.545132960095
"6",0.245874833136974,27.0583743932584
"7",0.30542789483579,27.9078264159774
"8",0.329522907800963,28.2263924222757
"9",0,25.6502778593655
