"","obs","bmi"
"1",0.366048511843591,28.7471304194862
"2",0.336038569249615,28.2912421508058
"3",0.342848378143803,28.4589358168683
"4",0.313828614767889,28.170851405144
"5",0.289690510350924,27.8828790733705
"6",0.2435142147674,27.0309315524328
"7",0.307821236184593,27.9353785238217
"8",0.33482255088474,28.2455572872188
"9",0,25.595344630305
