"","obs","bmi"
"1",0.359360544207182,28.6949766883723
"2",0.330777729836162,28.2316968768511
"3",0.351049078476932,28.443809920405
"4",0.340180176472106,28.1928385264875
"5",0.331797235306116,27.9420698081041
"6",0.243395813936616,27.009922367091
"7",0.307143010984752,27.9073094295052
"8",0.336038630092273,28.302039938362
"9",0,25.6094175568625
