"","obs","bmi"
"1",0.363315052149873,28.740452461725
"2",0.335357178514127,28.2834976055984
"3",0.337927329093051,28.4082629302606
"4",0.309086722011507,28.0762754424936
"5",0.280050154575161,27.7444977644157
"6",0.252476125606344,27.151554243742
"7",0.306231073452878,27.8871164625961
"8",0.336523898320629,28.2921779602833
"9",0,25.5895316577001
