"","obs","bmi"
"1",0.357585055522876,28.6931147793395
"2",0.32890942922211,28.2332040154685
"3",0.332747224899143,28.3903173841212
"4",0.309323800159273,28.0878725655107
"5",0.285279325533511,27.7858020896042
"6",0.240256660132241,27.0675199531201
"7",0.304884464639244,27.8745786627305
"8",0.335252763701643,28.3030952375974
"9",0,25.5841146025688
