"","obs","bmi"
"1",0.36300996873572,28.7799709022587
"2",0.332590407176129,28.3297200639418
"3",0.338215777657539,28.4014359457703
"4",0.315147834045478,28.0234119773737
"5",0.28678093199025,27.6459371273114
"6",0.242471377591901,27.0651139534955
"7",0.313798255627106,27.9754646564922
"8",0.331760268317502,28.2690283712106
"9",0,25.622868737949
