"","obs","bmi"
"1",0.364557208171528,28.7582237630544
"2",0.33597608694536,28.3062054225048
"3",0.3472468010555,28.4656749075603
"4",0.330372328397178,28.1734794751425
"5",0.30959941338897,27.8816597733554
"6",0.238562110775067,26.993959443155
"7",0.304744281081307,27.8674317155325
"8",0.339339796018717,28.3538388572704
"9",0,25.6114347304195
