"","obs","bmi"
"1",0.362526894953517,28.7148906133114
"2",0.332323652078903,28.2557428530533
"3",0.340926795520991,28.3575094278632
"4",0.319341487955002,28.0003994140791
"5",0.29440668585012,27.6435728989419
"6",0.242257076275234,27.0302473613731
"7",0.304109754593214,27.8735811946536
"8",0.334074578676668,28.2664156215707
"9",0,25.5753651699518
