"","obs","bmi"
"1",0.364998415871334,28.7462110773346
"2",0.336244493455245,28.2898326606173
"3",0.349478741118275,28.4867572346005
"4",0.331432880415747,28.2274169689356
"5",0.314993312000264,27.9681934917114
"6",0.244337573974852,27.0421926817492
"7",0.305105596517271,27.8677871697888
"8",0.33353715906111,28.2454323876059
"9",0,25.6050509174163
