"","obs","bmi"
"1",0.355425815715361,28.6569737594346
"2",0.325668999593082,28.2031709663781
"3",0.340769313270273,28.346138146283
"4",0.324079085096971,28.0355624483064
"5",0.309387174820038,27.7252589521003
"6",0.242867721040305,27.0496145691151
"7",0.314720080639458,27.9708459005916
"8",0.339572745770526,28.3371360909959
"9",0,25.558192105053
