"","obs","bmi"
"1",0.358287766567289,28.6773599944225
"2",0.32906536782207,28.2246671317041
"3",0.34083897798504,28.374503457295
"4",0.321050633102036,28.071863788181
"5",0.304966275170113,27.7694507951945
"6",0.246919390865684,27.0918457997676
"7",0.303740615476966,27.9034564329242
"8",0.33441654876521,28.2748960343299
"9",0,25.5612600432993
