"","obs","bmi"
"1",0.360521227008975,28.6516372172961
"2",0.333176668524652,28.196924707621
"3",0.341501347719744,28.2956951754236
"4",0.319152874535957,27.9399484752968
"5",0.297528796021755,27.5844042086468
"6",0.243603086374591,27.0483721202923
"7",0.308302082309364,27.9180798970868
"8",0.333299558683873,28.2683828537581
"9",0,25.5341175312514
