"","obs","bmi"
"1",0.364247393535981,28.6842192239701
"2",0.331228222277538,28.2272189667019
"3",0.345600401571068,28.4194719005489
"4",0.328690767835325,28.154854729439
"5",0.311703638150701,27.8903716582284
"6",0.245634828946102,27.1233972375995
"7",0.304516727338353,27.8752034157645
"8",0.332965576692436,28.2511176275262
"9",0,25.5265566786444
