"","obs","bmi"
"1",0.365003877902263,28.781148415455
"2",0.335156211587386,28.3230499141647
"3",0.343461893170104,28.4890441515385
"4",0.318614553490313,28.1970565158684
"5",0.294281020384183,27.9051881205234
"6",0.247625538413013,27.127264676713
"7",0.307292824569436,27.8630065042119
"8",0.329507265925491,28.2475900416652
"9",0,25.6149389562546
