"","obs","bmi"
"1",0.360359228826321,28.6855317340578
"2",0.332066687037639,28.2338100569885
"3",0.348775535740762,28.4812934377424
"4",0.336509468307844,28.2772066647711
"5",0.322659569407456,28.0732772604964
"6",0.243769331806674,27.0880910188723
"7",0.310080729304429,27.8967325990996
"8",0.340230840819381,28.3507607056631
"9",0,25.6008441230406
