"","obs","bmi"
"1",0.363611999669827,28.7293962840976
"2",0.333591767305916,28.2744802663336
"3",0.341070896746884,28.3997990584773
"4",0.315267353942314,28.0703129381359
"5",0.286593210308246,27.7409406317382
"6",0.240013835868783,27.0455170504682
"7",0.309250393877572,27.9717573025925
"8",0.340042490045585,28.3231695745076
"9",0,25.5866279426729
