"","obs","bmi"
"1",0.365909351519872,28.7214566415986
"2",0.335819481848653,28.2663572758469
"3",0.348560301486563,28.3811685180068
"4",0.328959086689141,28.0411396628048
"5",0.303641154784622,27.7013816820905
"6",0.24408590924453,27.0817027283476
"7",0.3109672410534,27.940266982841
"8",0.332002064896709,28.3088762537934
"9",0,25.6132390826408
