"","obs","bmi"
"1",0.36021027419298,28.6877500389844
"2",0.328806919536409,28.2346666613416
"3",0.335670754571902,28.3745016336279
"4",0.308142004255341,28.0613538466586
"5",0.281405624852404,27.7483077865663
"6",0.246002840441499,27.0657429007889
"7",0.310005976896998,27.9474122704881
"8",0.327159787453457,28.2492379575386
"9",0,25.5560975252973
