"","obs","bmi"
"1",0.362339480756904,28.65930771057
"2",0.331307045300307,28.2098851747281
"3",0.326477526420844,28.2736040195951
"4",0.289568248826076,27.88798306186
"5",0.251890196454016,27.5024408571238
"6",0.242349097113623,27.0418592847647
"7",0.30573931490756,27.8729787586304
"8",0.342259157218019,28.3021546407399
"9",0,25.5453458744657
