"","obs","bmi"
"1",0.357587660448042,28.6493144351756
"2",0.328995865387379,28.1912655070236
"3",0.340679618607275,28.3399437242625
"4",0.324595779705825,28.0307870382141
"5",0.305467462987509,27.7218530285605
"6",0.245747778346199,27.0818140333849
"7",0.312414620981268,27.9107956425084
"8",0.337831891174728,28.3456890174281
"9",0,25.5705289908228
