"","obs","bmi"
"1",0.362183134807405,28.7448891232604
"2",0.333091386228754,28.2861606761128
"3",0.354532333306636,28.5698739222055
"4",0.349702352952272,28.3950277294094
"5",0.344831928376763,28.2203575443338
"6",0.246519539102625,27.0814347803273
"7",0.311901719582634,27.956995289877
"8",0.334576869287839,28.2762626254149
"9",0,25.551093525497
