"","obs","bmi"
"1",0.360389607826807,28.7355438957586
"2",0.330054496883987,28.2776756139812
"3",0.333025915016255,28.3916849584861
"4",0.304907324345979,28.0480802937117
"5",0.271049624824645,27.7047409729716
"6",0.241470137372094,27.040058909246
"7",0.311829645473643,27.9596873895577
"8",0.338741683539245,28.3320921487148
"9",0,25.6267905366794
