"","obs","bmi"
"1",0.362018547719032,28.7051620015665
"2",0.331831558861876,28.2416853630385
"3",0.342140633120745,28.3958149231123
"4",0.321550729138057,28.0865737478413
"5",0.296213504702715,27.7774413929511
"6",0.243697387196577,27.0632606433173
"7",0.307703894184304,27.8981150291086
"8",0.333575391502779,28.2653808547372
"9",0,25.6196441858778
