"","obs","bmi"
"1",0.35868640132892,28.6815661871805
"2",0.331710025519135,28.2204550637818
"3",0.330488227217612,28.3661152620473
"4",0.297356970426189,28.0508492606863
"5",0.269500372203,27.7357729969361
"6",0.250403148369474,27.1142701210435
"7",0.3098744915444,27.9047087322566
"8",0.33696190837604,28.3618632877093
"9",0,25.6021766388231
