"","obs","bmi"
"1",0.362447502185869,28.73503135855
"2",0.331660929754506,28.272248701009
"3",0.344436015520272,28.413290829253
"4",0.326119945110703,28.0918281653441
"5",0.304412158702127,27.7706584955077
"6",0.247434012233521,27.0991183961132
"7",0.308244744995718,27.9527148214957
"8",0.333928680795583,28.2184876970885
"9",0,25.5886898780554
