"","obs","bmi"
"1",0.364544270453501,28.7571490495054
"2",0.336098180045985,28.3131432168066
"3",0.347209511736877,28.4034181467002
"4",0.332567153171297,28.0499585806564
"5",0.315965958458865,27.6967823764183
"6",0.242806247403061,27.0581464816031
"7",0.311233193320315,27.9196072676122
"8",0.33637125581349,28.3013152084787
"9",0,25.5750337398616
