"","obs","bmi"
"1",0.358804940586469,28.7075840207653
"2",0.329950875600315,28.2507646788299
"3",0.333722719377457,28.4141214993239
"4",0.305193409123785,28.1207114365147
"5",0.278741700778973,27.8273535195204
"6",0.245880621265592,27.0953689293932
"7",0.307052720609258,27.91145671648
"8",0.338198687199692,28.2895254342165
"9",0,25.6179570468875
