"","obs","bmi"
"1",0.360420917421892,28.7566755808183
"2",0.330760717002174,28.2988826668412
"3",0.332824003224162,28.4815352940345
"4",0.306395749176701,28.2064497497759
"5",0.281057379650267,27.9314177469684
"6",0.246866129826985,27.1288103522974
"7",0.304645908231471,27.8476907731174
"8",0.338165557295676,28.2885511379443
"9",0,25.6202967329311
