"","obs","bmi"
"1",0.359386313923046,28.7279123946805
"2",0.332045735182592,28.2802353282665
"3",0.335435946760237,28.3331661866127
"4",0.307396941850109,27.9386189305966
"5",0.280816119992617,27.5442756487871
"6",0.246682696339066,27.1309563371562
"7",0.303741002578326,27.819055115077
"8",0.335931948148236,28.3129681414327
"9",0,25.6031900449017
