"","obs","bmi"
"1",0.357618132638769,28.6835127855
"2",0.329440678301415,28.22677692986
"3",0.337265831728582,28.3860564830459
"4",0.318235743897781,28.0887821855909
"5",0.294872639384477,27.7916964736249
"6",0.247251133253236,27.0906657233346
"7",0.306099371796617,27.845164119332
"8",0.338599090770443,28.3297246733528
"9",0,25.5493774812198
