"","obs","bmi"
"1",0.358777920875395,28.6927542784055
"2",0.328042820936309,28.2353221811282
"3",0.333338421081232,28.3183025511391
"4",0.306988324045957,27.9441279362526
"5",0.281037868029963,27.5702419779957
"6",0.243410835131267,27.0789548709603
"7",0.306637099213839,27.8700469043685
"8",0.337582540398712,28.3052485572618
"9",0,25.5938753480991
