"","obs","bmi"
"1",0.367385006679918,28.7540030918653
"2",0.337582430876352,28.2871617942616
"3",0.359658812705194,28.5143665563177
"4",0.350433097617821,28.2749447171947
"5",0.339131768170866,28.0357463651643
"6",0.246074327383947,27.096769483658
"7",0.312837895499079,27.9589223779307
"8",0.33121187231381,28.2217559660846
"9",0,25.5859941438433
