"","obs","bmi"
"1",0.361178852741911,28.6963733961106
"2",0.331394910795941,28.2465364491549
"3",0.343754836300575,28.4441781074616
"4",0.326486135030577,28.1923867896256
"5",0.307054011219038,27.9410316996986
"6",0.241639664274807,27.0522530743742
"7",0.301472830864401,27.8491182229785
"8",0.333718719967514,28.2905517163556
"9",0,25.5717071644382
