"","obs","bmi"
"1",0.367139740843142,28.7245010078466
"2",0.337879232104554,28.2740873485415
"3",0.347154196983448,28.4523535326297
"4",0.326325446850022,28.1802702023749
"5",0.303916830000959,27.9082514008777
"6",0.242938729353082,27.0646538656522
"7",0.308079664887334,27.9210728326649
"8",0.340648888131983,28.3261397020705
"9",0,25.565482270402
