"","obs","bmi"
"1",0.358628323348834,28.7288776745865
"2",0.330669357891901,28.2679530594045
"3",0.340018880427066,28.3815045615225
"4",0.319992271455462,28.0344173380444
"5",0.296604777101052,27.6876301009098
"6",0.23907517913093,27.0141662641849
"7",0.311499384224729,27.9683017848365
"8",0.336673279755081,28.3086292974509
"9",0,25.615651910866
