"","obs","bmi"
"1",0.360019881035083,28.6835873096228
"2",0.331581332573054,28.2297349574726
"3",0.347682386571756,28.4542251963118
"4",0.33071545114299,28.2249498120591
"5",0.315770541382314,27.9957629611433
"6",0.24117451937961,27.0505864672744
"7",0.310109596721025,27.9355253340827
"8",0.339242281496677,28.3053137683691
"9",0,25.5909881424468
