"","obs","bmi"
"1",0.357741114932901,28.693361524532
"2",0.327273526588882,28.2401685744798
"3",0.341736507186185,28.3637942235563
"4",0.324390455601278,28.0345164072309
"5",0.309539218581412,27.705542580679
"6",0.245482914856101,27.0721210857885
"7",0.308655342706515,27.9107977101848
"8",0.333934843295617,28.2979945057759
"9",0,25.6194257540638
