"","obs","bmi"
"1",0.356736947296894,28.6973442127417
"2",0.328345293020752,28.2383654750671
"3",0.343468375870658,28.3977600654046
"4",0.329535153713874,28.0983273731236
"5",0.314842150790841,27.7990514628114
"6",0.240915799215517,27.0151146745923
"7",0.302151917562546,27.8980761913594
"8",0.340258348226421,28.3362820825198
"9",0,25.6056005357317
