"","obs","bmi"
"1",0.355901899643373,28.7075170751702
"2",0.327731168130449,28.25312393216
"3",0.338065476724493,28.3600981821962
"4",0.315163907095157,28.0128843233108
"5",0.292325798221327,27.6658827074883
"6",0.242015567223586,27.083979816776
"7",0.304799522242163,27.901387482852
"8",0.334551544149229,28.3397697447078
"9",0,25.6167624421937
