"","obs","bmi"
"1",0.360550267559222,28.7202251185858
"2",0.333239429189797,28.2598929334999
"3",0.349539300398187,28.4391619461271
"4",0.336653408309153,28.1582848409906
"5",0.324814549451141,27.877605484912
"6",0.247356465786591,27.1243991794345
"7",0.306636725522592,27.8771266609509
"8",0.336575725541901,28.2918581575299
"9",0,25.6057102169565
