"","obs","bmi"
"1",0.356657587825013,28.6681516464344
"2",0.327401153025141,28.2152501492088
"3",0.342183943584555,28.401837245932
"4",0.327439410384997,28.1356878916661
"5",0.310477689994671,27.8697090285078
"6",0.246826172639588,27.094141706106
"7",0.305549763815552,27.8760226990352
"8",0.336776834587093,28.2670010366365
"9",0,25.6170555285009
