"","obs","bmi"
"1",0.361837506203608,28.686149255789
"2",0.330924697633331,28.2224924877607
"3",0.339552171373794,28.3652845761836
"4",0.315645249031696,28.0445185944688
"5",0.289740638712813,27.7238528019252
"6",0.24798467740061,27.058504164707
"7",0.304486669248197,27.8510651242977
"8",0.335844059425166,28.3112836256127
"9",0,25.5798320065764
