"","obs","bmi"
"1",0.359637416843493,28.7032474429862
"2",0.331233049549784,28.2411013216825
"3",0.32769389254723,28.262249055816
"4",0.288775934179317,27.8214706339752
"5",0.256562329707891,27.3809201188862
"6",0.24266249395217,27.0517385097937
"7",0.305743837685657,27.8881821358528
"8",0.336502214507011,28.3147227050472
"9",0,25.5946267950825
