"","obs","bmi"
"1",0.359763900374236,28.6966587405197
"2",0.328983211269711,28.2367485868482
"3",0.348576399691311,28.4302430526226
"4",0.337866993841745,28.1640282713799
"5",0.326245132153303,27.8980228051905
"6",0.250518043131969,27.1132498692116
"7",0.301824681943493,27.8416566923728
"8",0.334025168668708,28.3513819546878
"9",0,25.5936794729213
