"","obs","bmi"
"1",0.364096615443156,28.7443499404187
"2",0.331356776096464,28.2749032122608
"3",0.344042518344716,28.4291514652953
"4",0.322159446386711,28.1141281487309
"5",0.3003573559543,27.799284851136
"6",0.243328812735201,27.0236278147819
"7",0.311116543147161,27.9330991600349
"8",0.336559071625043,28.2812076303728
"9",0,25.6225276671845
