"","obs","bmi"
"1",0.364593310127905,28.7661385406294
"2",0.335625307154531,28.3105255364862
"3",0.357547735505822,28.5675651881793
"4",0.349134265449381,28.3690879379057
"5",0.342729538526584,28.1707095908483
"6",0.247380208522378,27.0846790275695
"7",0.308302071561292,27.9357150903099
"8",0.331642279309387,28.3110669751515
"9",0,25.6109613234958
