"","obs","bmi"
"1",0.356393411172869,28.6973632852032
"2",0.325941201096624,28.2401609836805
"3",0.336459433448608,28.3650937204088
"4",0.319438834547088,28.0331636621705
"5",0.297930890774668,27.7015920316933
"6",0.245956077624343,27.0632938144245
"7",0.305964233220264,27.9083161992462
"8",0.334139637842081,28.2612446822507
"9",0,25.5882409628486
