"","obs","bmi"
"1",0.3606735740551,28.7005924219375
"2",0.327922585349836,28.2436185905291
"3",0.341546145213355,28.3464257838174
"4",0.32448223594813,27.9925499375141
"5",0.306627802883523,27.6389795192505
"6",0.246977122696579,27.0715398504248
"7",0.307470320305321,27.9010614855023
"8",0.331585910339016,28.2291018372948
"9",0,25.5977954025551
