"","obs","bmi"
"1",0.356951559039697,28.6966359317324
"2",0.329465407331521,28.2438783438059
"3",0.327774346493717,28.2926866144293
"4",0.295111645079563,27.8889240415469
"5",0.263512351491883,27.4853526245807
"6",0.242226853061577,27.0564415919559
"7",0.313039309656281,27.9383412463425
"8",0.333792186558937,28.2643323032554
"9",0,25.5963569326058
