"","obs","bmi"
"1",0.362190125904472,28.6895837791484
"2",0.332551525166125,28.2325387971065
"3",0.339929574717305,28.3654154228415
"4",0.315335598146798,28.0413777266461
"5",0.293093855859922,27.7174748422095
"6",0.242440334757048,27.0358416292755
"7",0.313109609486933,27.9732511240624
"8",0.335923190438369,28.2960923370641
"9",0,25.6056953343662
