"","obs","bmi"
"1",0.360551998934008,28.7033073367452
"2",0.331387823748319,28.2423216255228
"3",0.345677536234826,28.3893614271345
"4",0.330538985916997,28.0757306598839
"5",0.313937726873197,27.7624315195146
"6",0.243824980318716,27.0569229925159
"7",0.309387834362333,27.8832458578931
"8",0.332410427249597,28.2801321697899
"9",0,25.6199969797437
