"","obs","bmi"
"1",0.354918172540343,28.6728567621006
"2",0.325554619824891,28.2078265318743
"3",0.329374213331806,28.3269319497739
"4",0.301843029583538,27.9814306805474
"5",0.276120740750539,27.6363855151897
"6",0.247075811814459,27.1269056533191
"7",0.308876771388033,27.922795565988
"8",0.338343028383477,28.3207818837074
"9",0,25.6190973915285
