"","obs","bmi"
"1",0.361301272533699,28.7390004130887
"2",0.331875055852945,28.2831566254978
"3",0.342385976719473,28.4479625974942
"4",0.326413665142035,28.1570877883871
"5",0.308773278425405,27.8663813756727
"6",0.242877464123145,27.0913857446271
"7",0.309182436047275,27.9056833901712
"8",0.336220794030779,28.3008935727966
"9",0,25.6315631566253
