"","obs","bmi"
"1",0.36012507410031,28.7347883173598
"2",0.331073983330785,28.2744262756496
"3",0.333852778992859,28.4457782520061
"4",0.30568235601081,28.1568122894835
"5",0.27590672914127,27.8678891176624
"6",0.246115850029802,27.0750877979501
"7",0.311644316982633,27.9381974509831
"8",0.332379141518996,28.2756383309971
"9",0,25.6410991963843
