"","obs","bmi"
"1",0.367184909029354,28.7476292760219
"2",0.337233521493901,28.281409933088
"3",0.344151109629017,28.4452033240759
"4",0.319215482119919,28.142981553497
"5",0.294095542069904,27.840972345514
"6",0.241444986196051,27.0206646002477
"7",0.300468756547979,27.8603296706434
"8",0.336687575532096,28.3554560904144
"9",0,25.5772074838758
