"","obs","bmi"
"1",0.358645154910446,28.6794041427585
"2",0.326986786504998,28.219696131739
"3",0.330271771999899,28.2865356165979
"4",0.299993104096865,27.8939993466099
"5",0.268115859893486,27.5018126779065
"6",0.24397729767391,27.0301552494516
"7",0.314541404685143,27.9497134431735
"8",0.330853468547517,28.2367034488092
"9",0,25.5970912359
