"","obs","bmi"
"1",0.363387996241554,28.7032391093076
"2",0.335128693913177,28.2435293326192
"3",0.352084828200396,28.4596425121294
"4",0.341173715062162,28.2161277883264
"5",0.327272753014319,27.972697150147
"6",0.241262737108949,27.062729222808
"7",0.312187350582359,27.9646035273409
"8",0.334646661924182,28.2887716533996
"9",0,25.6020803605061
