"","obs","bmi"
"1",0.361937961800303,28.7148774405049
"2",0.333850026821652,28.2516445991064
"3",0.342904204837298,28.3658863954032
"4",0.320504890470069,28.0170877435968
"5",0.298383679941157,27.6684874663137
"6",0.239419403533349,27.0380926322558
"7",0.309435302707219,27.9438562463652
"8",0.336632423150401,28.2504886976376
"9",0,25.6000980477112
