"","obs","bmi"
"1",0.358999452448638,28.6708212686249
"2",0.328901822368968,28.2158947591627
"3",0.336954508962502,28.3266410177783
"4",0.313541370147473,27.982746828579
"5",0.290979752777081,27.6391521666366
"6",0.240779575534916,27.0009144933723
"7",0.306079937920494,27.8515069910867
"8",0.335107247919633,28.2865214559524
"9",0,25.6004628113507
