"","obs","bmi"
"1",0.361083413875946,28.6973778970377
"2",0.333474206107525,28.2404617775355
"3",0.341163503267241,28.3894023174189
"4",0.319653602732851,28.0816761150346
"5",0.2982650182461,27.7742097341124
"6",0.245975694156969,27.0509306736302
"7",0.307436456147828,27.9050078032919
"8",0.334481885986891,28.3048416022641
"9",0,25.5760300511687
