"","obs","bmi"
"1",0.353129834552733,28.6269606179003
"2",0.326366965922211,28.1717756287272
"3",0.342855417340611,28.3373979116467
"4",0.330215664829387,28.048198042166
"5",0.318755781968363,27.7593833862097
"6",0.247639938814314,27.1213986447302
"7",0.312555509284665,27.9393853014132
"8",0.333594387105587,28.2478397385065
"9",0,25.5558897190847
