"","obs","bmi"
"1",0.359849465636313,28.7099943130403
"2",0.331082058471289,28.2556426415229
"3",0.348813383223162,28.4816046770448
"4",0.333068714920688,28.2533026715082
"5",0.319749095212063,28.0250915721152
"6",0.248344588422964,27.0793847212871
"7",0.311444901789867,27.9125267040965
"8",0.329924488455269,28.2519596349936
"9",0,25.6224634120367
