"","obs","bmi"
"1",0.369622634598368,28.7863591813134
"2",0.338087507874744,28.3299304693186
"3",0.351725560586414,28.5066422590851
"4",0.335435977779021,28.2271635734636
"5",0.316309313612965,27.9479349980412
"6",0.241659597487085,27.077258774646
"7",0.304380986589786,27.8772692385962
"8",0.333337168591139,28.2724647964775
"9",0,25.6166021167281
