"","obs","bmi"
"1",0.36097136930129,28.7318023831321
"2",0.331307110964664,28.2774572766599
"3",0.338479666252344,28.3624683153553
"4",0.315082955379288,27.9933493845576
"5",0.291441004993813,27.6244542794301
"6",0.244986661981319,27.0851743924903
"7",0.308879295701273,27.9373025715992
"8",0.338304432842301,28.2926105031695
"9",0,25.5995463542778
