"","obs","bmi"
"1",0.365106581168543,28.7666193537139
"2",0.335993116998303,28.3013298613885
"3",0.347582269652883,28.4025480503107
"4",0.326957783903566,28.0386875938205
"5",0.307009490306776,27.6750469754892
"6",0.247388490262682,27.067137486057
"7",0.308065729168811,27.9388668148081
"8",0.334841608311025,28.3241143425934
"9",0,25.617204281513
