"","obs","bmi"
"1",0.361339088003681,28.6974925332233
"2",0.335450211762665,28.2456813254231
"3",0.346116107253878,28.4083638880052
"4",0.329082879798444,28.1193574976678
"5",0.307752400455208,27.8304768695349
"6",0.24238223248236,27.0413583467113
"7",0.310880542695776,27.9590068834345
"8",0.334153534332535,28.2745538708511
"9",0,25.571398170936
