"","obs","bmi"
"1",0.356394023010093,28.6544544831519
"2",0.328890728589519,28.1942638660662
"3",0.333163560444904,28.3223402068757
"4",0.304664187538474,27.9903849077898
"5",0.278199543324072,27.6585922799537
"6",0.251462703508007,27.1398713865709
"7",0.307886271877105,27.9327409246251
"8",0.32993511314439,28.256008681666
"9",0,25.57356820155
