"","obs","bmi"
"1",0.358385017277156,28.7211897107888
"2",0.330491478977637,28.262590047636
"3",0.339319415124212,28.4569130039444
"4",0.321337452119406,28.1927067404945
"5",0.299363032269719,27.9285723110883
"6",0.247794167142989,27.1102883347999
"7",0.309534242468192,27.9125579657391
"8",0.337647964589462,28.298196363515
"9",0,25.6072097084721
