"","obs","bmi"
"1",0.359463622926385,28.6842785510762
"2",0.330925060333621,28.2241605428793
"3",0.338038642765083,28.3619155625221
"4",0.311343452303574,28.0396615750314
"5",0.285308798055591,27.7175194443096
"6",0.244801557247691,27.044124227089
"7",0.308593437639317,27.9090607441034
"8",0.333537673817684,28.2587057125735
"9",0,25.5869108919231
