"","obs","bmi"
"1",0.358419048970675,28.6712432084127
"2",0.328857809166639,28.204455923049
"3",0.336703001797122,28.2504859341395
"4",0.314656129611673,27.8300309071002
"5",0.290591071029844,27.4098938827904
"6",0.24986879511491,27.1665934231255
"7",0.306765107031327,27.9034938520968
"8",0.335076317672202,28.2770386952099
"9",0,25.5540895172938
