"","obs","bmi"
"1",0.356093033524825,28.6528389484944
"2",0.325982567068833,28.1968751143094
"3",0.338544685172554,28.3490633943648
"4",0.319637767586912,28.0455927688266
"5",0.30100343912268,27.742444676104
"6",0.245424014500954,27.0905259075417
"7",0.309271890659118,27.9362748968751
"8",0.333719529464248,28.306334996053
"9",0,25.5662397397335
