"","obs","bmi"
"1",0.354083865130872,28.657238055906
"2",0.326340072577876,28.2055626734769
"3",0.331463705213834,28.3843598185941
"4",0.302182979622124,28.1115793511835
"5",0.278848703849052,27.8388990547016
"6",0.247115733219082,27.1089356569175
"7",0.310379858819872,27.9428055393344
"8",0.32959514476549,28.216010133635
"9",0,25.582464051958
