"","obs","bmi"
"1",0.357918110067251,28.7211853948071
"2",0.326670314763513,28.2599610496901
"3",0.338086368479081,28.4288022837765
"4",0.318511406031065,28.1365134210291
"5",0.299092498164865,27.8443205218822
"6",0.244144920956914,27.0432917151604
"7",0.298637001121584,27.8347486709894
"8",0.336963318734341,28.3094333364481
"9",0,25.625189217063
