"","obs","bmi"
"1",0.357643184439496,28.6670647693945
"2",0.327810130997059,28.2068312965963
"3",0.342606123372804,28.404637387361
"4",0.327159023609274,28.1423053533997
"5",0.31047905595273,27.8800718370548
"6",0.244188676190046,27.0492555034705
"7",0.307712847639465,27.9311237992824
"8",0.330963797126573,28.251828275926
"9",0,25.5722256626553
