"","obs","bmi"
"1",0.356659730573764,28.7160898064485
"2",0.327265772649711,28.2553029733143
"3",0.343171662977416,28.4183852615594
"4",0.328010557811882,28.1208819039459
"5",0.313066006286739,27.8235871974341
"6",0.238997188260209,27.0224012615903
"7",0.313404687127308,27.9664057493111
"8",0.333528946395046,28.2733988643782
"9",0,25.5976454948396
