"","obs","bmi"
"1",0.362391692419975,28.7201297222743
"2",0.333314697586769,28.2674293592849
"3",0.346344628974221,28.4157486064755
"4",0.330271582742267,28.1115461411836
"5",0.312330486734498,27.8075287248279
"6",0.241304006611194,27.0230217865358
"7",0.310558511019379,27.9161698337894
"8",0.333972963701739,28.2447353951737
"9",0,25.6037996271404
