"","obs","bmi"
"1",0.358592351374398,28.6916193461203
"2",0.329414770972363,28.2339575752089
"3",0.334294193312721,28.3685781804226
"4",0.310255362142622,28.0457225383259
"5",0.282283589940195,27.7230583429441
"6",0.241774515027537,27.0912488274704
"7",0.306552347575724,27.9113832649953
"8",0.332727014865252,28.2489510892645
"9",0,25.5783176134893
