"","obs","bmi"
"1",0.366580647692037,28.7782227381092
"2",0.33609697923403,28.3210630411904
"3",0.344184021539478,28.5056400176896
"4",0.32091093194602,28.2332056351774
"5",0.298532215132006,27.960924861437
"6",0.247030635404385,27.1059326204793
"7",0.309946439672801,27.9295343045536
"8",0.329123728987463,28.252278286388
"9",0,25.5948782975807
