"","obs","bmi"
"1",0.359325930475819,28.6809355324402
"2",0.328652276017349,28.2201306465552
"3",0.339183408015827,28.3626767662013
"4",0.317467349486256,28.0447536400364
"5",0.295523144718767,27.7271849258932
"6",0.243558524786546,27.0664512801651
"7",0.305802106254721,27.9032121977755
"8",0.332943743979936,28.2500934781007
"9",0,25.6071377499498
