"","obs","bmi"
"1",0.364969023012227,28.7084045772899
"2",0.333345769631444,28.244343648952
"3",0.353725585853389,28.4733590288713
"4",0.338771112587324,28.2384509753537
"5",0.326054653582109,28.0036858812442
"6",0.242599001547949,27.053535911661
"7",0.304480798149065,27.8761950606672
"8",0.329466461846675,28.2636444937201
"9",0,25.6133900500458
