"","obs","bmi"
"1",0.358635120033138,28.7082566897524
"2",0.33212673713823,28.2569855345493
"3",0.345963343567165,28.3808913115146
"4",0.334083318996353,28.053807263083
"5",0.317527471396161,27.7270184257943
"6",0.246796744779799,27.1072988411846
"7",0.309954671448431,27.9172411704528
"8",0.338513343601516,28.3444143500919
"9",0,25.5454840181487
