"","obs","bmi"
"1",0.357122182144211,28.6604816118988
"2",0.32728535578096,28.2051736083767
"3",0.342702038889668,28.4314970462714
"4",0.330776304275371,28.2026604653704
"5",0.317732698124918,27.9739787758253
"6",0.238861525113566,27.011322071828
"7",0.307193775274203,27.9090828704084
"8",0.329685340730131,28.2841167962032
"9",0,25.5590913234516
