"","obs","bmi"
"1",0.361773286659981,28.7504177034807
"2",0.331689226583655,28.2882435442615
"3",0.340099078534593,28.463357235399
"4",0.318823016517169,28.1764128782085
"5",0.294947081883946,27.8895880555855
"6",0.242424563306564,27.1099821544356
"7",0.307472974166655,27.893092157773
"8",0.336004796398239,28.2666979767546
"9",0,25.5935826896819
