"","obs","bmi"
"1",0.355259436952298,28.6494535985734
"2",0.327880777275248,28.1897003923819
"3",0.345060045768047,28.3476841206455
"4",0.334001346211565,28.0461356542229
"5",0.322004292752827,27.7448161115052
"6",0.245365693710137,27.0751218530173
"7",0.308314612030063,27.8891190940608
"8",0.338742667960395,28.3475313519207
"9",0,25.5881555337042
