"","obs","bmi"
"1",0.359339993646603,28.7080375639476
"2",0.329072800723742,28.2425067159408
"3",0.333914504516267,28.3162134786766
"4",0.305326227666011,27.924699611342
"5",0.279436804069538,27.5335097947077
"6",0.244721556776014,27.0736364908934
"7",0.305247982925769,27.8734205540359
"8",0.332686455364227,28.2910063934656
"9",0,25.5883395233016
