"","obs","bmi"
"1",0.357312195566389,28.6812742049028
"2",0.327996777542943,28.210849978018
"3",0.325708465020045,28.3155168737567
"4",0.289887328773494,27.9499277657463
"5",0.256896563605301,27.5845092076306
"6",0.247865239017823,27.1308132670945
"7",0.303682849502558,27.8365519638395
"8",0.334576327436185,28.2464395758667
"9",0,25.5765096345219
