"","obs","bmi"
"1",0.358125749340734,28.6703401405913
"2",0.329370052567281,28.2139163577886
"3",0.346185306064381,28.3861691289556
"4",0.330227617159699,28.1021907680179
"5",0.316065907574502,27.8184120209346
"6",0.245421171815287,27.0803088239845
"7",0.304469964516599,27.829344961689
"8",0.332854279418243,28.290631467436
"9",0,25.5648546958199
