"","obs","bmi"
"1",0.359670591936909,28.7074250297107
"2",0.329527050684678,28.2509738581326
"3",0.343933015669453,28.3664057182116
"4",0.326837070763174,28.0257303385405
"5",0.306114410699374,27.685418800878
"6",0.246170861127605,27.0744446858064
"7",0.307858257871851,27.8992646209071
"8",0.341260149460623,28.3672028538118
"9",0,25.6196062969171
