"","obs","bmi"
"1",0.356215155933687,28.7310466033393
"2",0.327461944896349,28.2814004810047
"3",0.332344565926074,28.3829461935463
"4",0.30477820608347,28.0351421610309
"5",0.281875160446362,27.6876485546009
"6",0.243428677254643,27.0438162783781
"7",0.308804967852089,27.8855075630188
"8",0.339909788932162,28.2892297093734
"9",0,25.6177809368983
