"","obs","bmi"
"1",0.358168500218719,28.6875279423197
"2",0.328326212651411,28.2328617677091
"3",0.333990875458619,28.3307180702411
"4",0.309069538016182,27.9741790306926
"5",0.280774610845862,27.6179241953098
"6",0.245484142939279,27.1008861953982
"7",0.3159748669791,27.9800979222707
"8",0.333219554628114,28.293539772032
"9",0,25.6120159115825
