"","obs","bmi"
"1",0.364479554820336,28.7278129032778
"2",0.334436274705256,28.2682221872068
"3",0.355666863689478,28.5288516698993
"4",0.345573840533178,28.3300784776186
"5",0.334658194865622,28.1315018914461
"6",0.243627384805508,27.037164499179
"7",0.305229018042979,27.8704478369528
"8",0.332758688968167,28.2928414740618
"9",0,25.5847603482274
