"","obs","bmi"
"1",0.362391692419975,28.7201297222743
"2",0.33287572727439,28.2701577154741
"3",0.345256222636539,28.4262976662033
"4",0.32684934953117,28.1326102030741
"5",0.308671350538219,27.8390718054458
"6",0.241304006611194,27.0230217865358
"7",0.310558511019379,27.9161698337894
"8",0.333972963701739,28.2447353951737
"9",0,25.6037996271404
