"","obs","bmi"
"1",0.354022019653834,28.6296613280545
"2",0.323880176616647,28.1792662125482
"3",0.34138839197138,28.3508696969852
"4",0.328521263201444,28.0722123871684
"5",0.315085887245662,27.7936951375786
"6",0.250297277375716,27.1020945006051
"7",0.312226098001262,27.9062143873343
"8",0.326642693735148,28.2320643516345
"9",0,25.5900242298592
