"","obs","bmi"
"1",0.362016793859036,28.7231532136289
"2",0.33174367654059,28.2691697216153
"3",0.343313718525392,28.3912921852701
"4",0.321750218151015,28.0597173899912
"5",0.304452516637129,27.7284444643351
"6",0.240192901590624,27.042856328266
"7",0.308051819353309,27.8945211543052
"8",0.329778845114727,28.2496599936709
"9",0,25.6184506977208
