"","obs","bmi"
"1",0.356499715589429,28.6718926252903
"2",0.325717673432642,28.210053718035
"3",0.332665171697228,28.3513362952599
"4",0.306288774398789,28.0309273197302
"5",0.283653032916135,27.7106698891283
"6",0.240675532449577,27.0026439782175
"7",0.308484275677633,27.9186136546995
"8",0.331084521090796,28.2317375667262
"9",0,25.6143932112953
