"","obs","bmi"
"1",0.361206009710859,28.7102434678705
"2",0.332352168968874,28.2523491041377
"3",0.345837048476422,28.4604749496374
"4",0.33051863251428,28.2108084599557
"5",0.314801910403413,27.9612466172306
"6",0.239393560621031,26.9706929373209
"7",0.306510789402081,27.9094890311084
"8",0.331616558775784,28.2293077387992
"9",0,25.5744288663876
