"","obs","bmi"
"1",0.361399126867449,28.7385022829763
"2",0.331807690593706,28.2775763023014
"3",0.349438743653964,28.4584706923475
"4",0.336527890703967,28.1786089954475
"5",0.32581153552724,27.898923018342
"6",0.248744252336105,27.1018316460599
"7",0.312568200091297,27.9852736835406
"8",0.330722376047335,28.2497857824004
"9",0,25.6287648541372
