"","obs","bmi"
"1",0.368091669752731,28.7667370272168
"2",0.337684527867332,28.3046463516246
"3",0.350121949723784,28.4208971886107
"4",0.332577557754179,28.0753679446997
"5",0.316721809269502,27.7301649109204
"6",0.24993826305981,27.1185517557797
"7",0.309190594342612,27.9097694461702
"8",0.342380184884502,28.3505510670334
"9",0,25.5850771894889
