"","obs","bmi"
"1",0.35967167719405,28.6696643063745
"2",0.330368854301599,28.2094909916957
"3",0.346337771719414,28.4324948146658
"4",0.332007733250254,28.1954702472419
"5",0.318168366353559,27.9585969099281
"6",0.252038205501543,27.0746394987528
"7",0.312149552777379,27.9841366280304
"8",0.338928135184585,28.3270308290368
"9",0,25.5631100801151
