"","obs","bmi"
"1",0.359223688510925,28.7096788651736
"2",0.327849788598979,28.2458438590067
"3",0.328462414574757,28.312025979031
"4",0.296793688584052,27.9145306261152
"5",0.269704206411556,27.5171964467327
"6",0.245596090882462,27.1271649807908
"7",0.307964260335034,27.8616574750106
"8",0.340297552758194,28.3432889274418
"9",0,25.6386140863727
