"","obs","bmi"
"1",0.353796910780723,28.6187597061538
"2",0.325814027087927,28.1597654691077
"3",0.331375063640155,28.3163705539315
"4",0.308121641722608,28.0142989911326
"5",0.278203373073217,27.7125645970444
"6",0.249497112721159,27.1063846686779
"7",0.312594680209047,27.9754785528342
"8",0.332710823331794,28.2804231270443
"9",0,25.5531609202665
