"","obs","bmi"
"1",0.362897845017235,28.6542390759256
"2",0.330934130898159,28.1954120118335
"3",0.341964456196225,28.3535277531253
"4",0.320766925962821,28.0529266611305
"5",0.295364344343267,27.7524384551731
"6",0.248483510437397,27.1563983606378
"7",0.307751767909885,27.9109111782074
"8",0.337369335903575,28.2830855805325
"9",0,25.5377673491599
