"","obs","bmi"
"1",0.36226820488337,28.7370492197556
"2",0.332163811581301,28.281772178773
"3",0.339547154060087,28.3655606337177
"4",0.312705366840947,27.9945721030447
"5",0.285054792677557,27.6241223677806
"6",0.24209797285829,27.0249685732703
"7",0.309883165403013,27.8753806120173
"8",0.335934832657864,28.3421191501794
"9",0,25.604023877697
