"","obs","bmi"
"1",0.360100279274494,28.7150271499272
"2",0.333119716929466,28.258106650604
"3",0.349503194767559,28.4935378063489
"4",0.337564011964219,28.2721128962022
"5",0.323464615069375,28.0507545446172
"6",0.250262075052832,27.1044072216931
"7",0.308991359805455,27.9243260694454
"8",0.33211634553972,28.2476638767989
"9",0,25.5930964171932
