"","obs","bmi"
"1",0.362898839690404,28.7438637761989
"2",0.333053936825967,28.2880233568175
"3",0.351610120126511,28.4632386874387
"4",0.338217454499977,28.1828209947844
"5",0.322240997183314,27.902619322404
"6",0.236551984197685,27.0277124799264
"7",0.309921903202736,27.9534650190796
"8",0.328453725166322,28.239758095223
"9",0,25.6295408029382
