"","obs","bmi"
"1",0.360681150546638,28.7057421590028
"2",0.333709874288913,28.2536408089722
"3",0.346104147787303,28.4099837241103
"4",0.330257642665306,28.1144350993317
"5",0.314362664625909,27.8191068750423
"6",0.247361577547313,27.1010836642942
"7",0.306925023156762,27.9371213343319
"8",0.338636796925,28.2769492412759
"9",0,25.5912152486537
