"","obs","bmi"
"1",0.363717694615845,28.7538256736338
"2",0.332990142620987,28.3008807617241
"3",0.347691071707606,28.4495363943011
"4",0.330335818726988,28.1454395168492
"5",0.313100040384683,27.8415424560066
"6",0.249364741777744,27.082490946713
"7",0.307926277397815,27.9041661324777
"8",0.332853544861824,28.2236349103095
"9",0,25.6229692259639
