"","obs","bmi"
"1",0.359539611943004,28.698065438448
"2",0.329073779909091,28.2405772578836
"3",0.347888550548164,28.4474300715079
"4",0.336425082046813,28.1969531392036
"5",0.324131989859678,27.9466417614993
"6",0.241007515024151,27.0222191188059
"7",0.304976862717924,27.8699514926663
"8",0.337359300366874,28.3119664304575
"9",0,25.5616120743035
