"","obs","bmi"
"1",0.35923735133715,28.6936759521947
"2",0.330292467144257,28.2352022909254
"3",0.338698940125808,28.426553132052
"4",0.320010783018705,28.1595163520578
"5",0.298367797838735,27.8925682749988
"6",0.249583189968498,27.1249108314864
"7",0.309865503412326,27.8903636720264
"8",0.331748592138382,28.2760797813519
"9",0,25.585544161047
