"","obs","bmi"
"1",0.359255941355701,28.72108674618
"2",0.330321962643383,28.2607025680149
"3",0.340857441320783,28.3847174778957
"4",0.321767185405477,28.0485285969716
"5",0.303614977916853,27.7125265289382
"6",0.241344293113644,27.0289236833738
"7",0.310161683038173,27.8847852867287
"8",0.330639767750299,28.2542328980735
"9",0,25.5503839989404
