"","obs","bmi"
"1",0.357173555796483,28.6441150564238
"2",0.326976845183994,28.1904503342288
"3",0.32647544406645,28.3074003668379
"4",0.292179639086917,27.9707614460238
"5",0.262841438670846,27.6341980629859
"6",0.24949283539072,27.0790107430374
"7",0.308923911710681,27.8979078924729
"8",0.334309271164312,28.2959793984527
"9",0,25.5800597796106
