"","obs","bmi"
"1",0.357889419791614,28.7477023845506
"2",0.329974670229773,28.2915019423045
"3",0.341250057252459,28.5066558999387
"4",0.321137340708187,28.2657386445509
"5",0.300758094268003,28.0249549425437
"6",0.247113771409679,27.0650353348123
"7",0.305656904039439,27.9060660742609
"8",0.334362735551907,28.2469475123109
"9",0,25.6219394339562
