"","obs","bmi"
"1",0.363730929522015,28.7489145377151
"2",0.335192624899475,28.2955232714853
"3",0.344435398979484,28.3878958282835
"4",0.321086661604963,28.0271345818809
"5",0.296458831086739,27.6666418349917
"6",0.244826460409749,27.0674448617913
"7",0.306088212692037,27.8809757752183
"8",0.335194392054993,28.2738050777947
"9",0,25.6169489798693
