"","obs","bmi"
"1",0.365999888403195,28.7690347390456
"2",0.337194618975178,28.3144721555204
"3",0.348132975270965,28.4877509662076
"4",0.330479107065456,28.2066380165754
"5",0.312118941752414,27.9257019915448
"6",0.240190788634444,26.9917065120276
"7",0.3053059875597,27.8549492292099
"8",0.328518816484295,28.216605734565
"9",0,25.5734067198184
