"","obs","bmi"
"1",0.361260534774105,28.7155658486835
"2",0.332721457112578,28.2643856810463
"3",0.347053249748575,28.4595438005996
"4",0.330986448897488,28.2037589423624
"5",0.316580410910614,27.9482221078526
"6",0.24373761300213,27.0975742837566
"7",0.30533270506232,27.9078522142769
"8",0.331988741298688,28.2403877265928
"9",0,25.5687383062146
