"","obs","bmi"
"1",0.365874067593852,28.7883141740293
"2",0.333785705728623,28.3308780431767
"3",0.347264782291061,28.4461102677128
"4",0.327544941776651,28.1042810279883
"5",0.305071933852018,27.7628506227458
"6",0.245885429145396,27.0763557846049
"7",0.301232397739268,27.874357127592
"8",0.342951439841753,28.3708928699704
"9",0,25.6079284569129
