"","obs","bmi"
"1",0.353990266458964,28.6372128070057
"2",0.323576712590653,28.1847173342415
"3",0.345662199286717,28.3532168917311
"4",0.337684863806108,28.0695469696748
"5",0.330149696337909,27.7862209857063
"6",0.241182218013173,27.0691466441797
"7",0.307127826129664,27.895213502889
"8",0.342866819570126,28.392670314705
"9",0,25.6124574474046
