"","obs","bmi"
"1",0.359759412708994,28.7219364509078
"2",0.328795624488265,28.2639747622632
"3",0.331549708785712,28.338073169628
"4",0.306189743066795,27.9543807982604
"5",0.275951621259731,27.570863515171
"6",0.24084907815126,27.0468972387898
"7",0.305210830539993,27.885990467144
"8",0.336107066686561,28.2991351828035
"9",0,25.6025424029337
