"","obs","bmi"
"1",0.363342155914109,28.7700509960368
"2",0.333121666352917,28.3097870165663
"3",0.349304369847915,28.5418786613588
"4",0.334457871370385,28.3138388336733
"5",0.318427064160403,28.0859360698002
"6",0.23391347529797,26.9788534379722
"7",0.304255373427984,27.8988902666032
"8",0.327047463063911,28.2407904351672
"9",0,25.6428509938306
