"","obs","bmi"
"1",0.361010576020101,28.7590057519869
"2",0.329091326502368,28.295141627693
"3",0.339217043303059,28.4523163225062
"4",0.31689078225838,28.1457504063912
"5",0.295946251577822,27.8393116323325
"6",0.243658463103337,27.110420004619
"7",0.314051659666498,27.9256468747578
"8",0.329522857605149,28.226653705564
"9",0,25.61742951296
