"","obs","bmi"
"1",0.356766290898145,28.6761612371621
"2",0.32797463181558,28.2126462852305
"3",0.337896954825514,28.3117449101643
"4",0.318000030944246,27.9475972913865
"5",0.296765992932602,27.5837298404485
"6",0.239808537947674,27.0030480170544
"7",0.314168458458306,27.9583613073252
"8",0.335547538291743,28.313686638921
"9",0,25.615037032828
