"","obs","bmi"
"1",0.363873830123245,28.7773672675541
"2",0.334072275164523,28.319114451019
"3",0.347634736566399,28.5446431227241
"4",0.326981749230941,28.3120391272703
"5",0.309233310526543,28.079558712644
"6",0.245684365316559,27.0648849248439
"7",0.309654166151943,27.8649318186942
"8",0.337980207758244,28.2868796980241
"9",0,25.6334630357743
