"","obs","bmi"
"1",0.357616381386075,28.6794411685374
"2",0.328802267415865,28.2273322384681
"3",0.342096031543071,28.3722740617319
"4",0.326367247803852,28.0653746332506
"5",0.31068302963355,27.7587545024427
"6",0.249468477122038,27.1103694843851
"7",0.31121777517368,27.9018610301747
"8",0.331986982080304,28.2784269714862
"9",0,25.6054553403892
