"","obs","bmi"
"1",0.35751516094252,28.6707016950197
"2",0.329078027783172,28.213192162451
"3",0.33866123674161,28.3013461661157
"4",0.317739179382388,27.932233080208
"5",0.294232462942281,27.5633732798547
"6",0.241907240743576,27.0279640795788
"7",0.310943562657131,27.9277324592875
"8",0.341429019421978,28.3128259907376
"9",0,25.5891982647981
