"","obs","bmi"
"1",0.359222330884122,28.7034027446425
"2",0.33027520849847,28.2412546587067
"3",0.34170565177196,28.4656739039293
"4",0.323339975542848,28.2281064377373
"5",0.302124866320994,27.9907074477084
"6",0.24484041287431,27.0569578435532
"7",0.30681038759186,27.8947899308477
"8",0.329710215850152,28.234958014232
"9",0,25.5889107588397
