"","obs","bmi"
"1",0.357543670496965,28.7054609404291
"2",0.328136178024213,28.2531400248021
"3",0.340612913146251,28.4525317110396
"4",0.323116916372313,28.1997184775774
"5",0.30561216938514,27.9470236306203
"6",0.241611027740441,27.0634389914156
"7",0.314737067339252,27.9588173255711
"8",0.334230665513998,28.2588488135937
"9",0,25.6300858007875
