"","obs","bmi"
"1",0.355614633340576,28.6615274315508
"2",0.327792020933117,28.2046421935976
"3",0.338802011551353,28.3853130612738
"4",0.322876139845567,28.1092489021251
"5",0.306036772800715,27.8333397274404
"6",0.245775781865961,27.0506397365437
"7",0.303179361059279,27.860560536972
"8",0.333603139009087,28.2746952604589
"9",0,25.5928595817657
