"","obs","bmi"
"1",0.362544777854049,28.7074213976834
"2",0.330682487169538,28.2493347592159
"3",0.325906075662278,28.2468953053386
"4",0.287736412506887,27.7867736112008
"5",0.25563866945822,27.3270773989148
"6",0.240990360097974,27.0584134575115
"7",0.311673437623224,27.9352260666322
"8",0.340239940625233,28.298662203175
"9",0,25.6097656669637
