"","obs","bmi"
"1",0.35928153891696,28.672336759022
"2",0.331750598606844,28.2102148944202
"3",0.338017360230731,28.3397139677068
"4",0.311538973297689,28.0072058738701
"5",0.285909906313118,27.6748154007932
"6",0.243349504628525,27.0895172446177
"7",0.306355423194938,27.8457738200846
"8",0.33887345052316,28.3373699131452
"9",0,25.6195003495311
