"","obs","bmi"
"1",0.357252193877317,28.7284332028951
"2",0.32811846884144,28.2700152507598
"3",0.335597746820049,28.402865510395
"4",0.311329678817893,28.0774174096613
"5",0.286251519836157,27.7520929511802
"6",0.242303967259647,27.0391605631085
"7",0.311310175722366,27.9601641668778
"8",0.331187699789931,28.2607004583112
"9",0,25.5948322845011
