"","obs","bmi"
"1",0.359104457659952,28.6492908780773
"2",0.332994939086052,28.1941089923042
"3",0.345534497148478,28.3627881984254
"4",0.32939815694406,28.0764530150999
"5",0.311269355337124,27.7902914567207
"6",0.246099391273866,27.0772848669764
"7",0.303844589778119,27.9173985747064
"8",0.330584957140559,28.2162531470129
"9",0,25.5545413543132
