"","obs","bmi"
"1",0.360581362910446,28.7393605126471
"2",0.331121475153391,28.2872558374381
"3",0.335805082423815,28.3351874363877
"4",0.306028182319957,27.9313722751425
"5",0.277187942047432,27.5279343369224
"6",0.243536354353499,27.0263690865625
"7",0.308192590685068,27.9159355993566
"8",0.33634556438101,28.2953351413041
"9",0,25.5971117752328
