"","obs","bmi"
"1",0.359379067721029,28.6704518962687
"2",0.329701430184972,28.2117393919276
"3",0.340016015601282,28.3456218541223
"4",0.322770765048847,28.0210797987199
"5",0.301674288568741,27.696840153558
"6",0.242675673390277,27.0697864845156
"7",0.307722589407823,27.9323197640259
"8",0.339172875892023,28.3587106011675
"9",0,25.5612648843857
