"","obs","bmi"
"1",0.35895849524604,28.7161507666888
"2",0.328861438198748,28.2544074882598
"3",0.338067504974504,28.319756870472
"4",0.316415976124987,27.923659227655
"5",0.293895057951306,27.5278712719804
"6",0.24316176256264,27.0363784957443
"7",0.309751473738068,27.9314892649886
"8",0.337063897592374,28.3041270936606
"9",0,25.5903578045293
