"","obs","bmi"
"1",0.356377533380816,28.6748391926168
"2",0.326298569362643,28.2172851028061
"3",0.340970367425131,28.4173401204212
"4",0.324022591303592,28.1599878906359
"5",0.305855382078031,27.9027873341544
"6",0.23952683340194,27.0315874557289
"7",0.312147151375583,27.9595245157274
"8",0.331034138028783,28.2753472519634
"9",0,25.5725278045464
