"","obs","bmi"
"1",0.359398020229907,28.6943983123567
"2",0.328948096128985,28.2310040257649
"3",0.342602456744945,28.4126855184275
"4",0.325026065434789,28.1311064923322
"5",0.308059544390474,27.8496658922361
"6",0.245762635164397,27.1139280862314
"7",0.307629894560651,27.8976228965344
"8",0.333277824127479,28.2726673327962
"9",0,25.5745210019634
