"","obs","bmi"
"1",0.361990265561088,28.7342856361419
"2",0.330191507952682,28.2840647365298
"3",0.342725359924176,28.4740493249568
"4",0.324867771857048,28.2140760495024
"5",0.305089626129859,27.9543803330164
"6",0.246496312919953,27.0613173941428
"7",0.309203468612287,27.9128397582575
"8",0.337014732149054,28.3062066630859
"9",0,25.5857305987423
