"","obs","bmi"
"1",0.363098455628027,28.7194362630807
"2",0.332736588858378,28.2638777340171
"3",0.344691545861877,28.426699110069
"4",0.323499887665951,28.1341857735528
"5",0.301865388886075,27.841906054833
"6",0.238961065991672,26.984663531541
"7",0.313594464126634,27.9726708713325
"8",0.339094416676203,28.3370882654553
"9",0,25.5958077522551
