"","obs","bmi"
"1",0.356677659210419,28.6128021841477
"2",0.327632885561734,28.1549915660518
"3",0.329077534852639,28.2928545859935
"4",0.295182528596806,27.9730236663727
"5",0.263853333810035,27.653313084688
"6",0.245690194056538,27.0681249312582
"7",0.310465684649793,27.9416031513558
"8",0.331174554208314,28.251783403359
"9",0,25.5274922947296
