"","obs","bmi"
"1",0.361752045723974,28.7253564611384
"2",0.330727533853053,28.2700342590057
"3",0.33931248051323,28.4498134346463
"4",0.316417547688171,28.1744820932202
"5",0.295157942990629,27.8993716439352
"6",0.244431242609635,27.0629740506728
"7",0.313151902570468,27.9309836144131
"8",0.328965904134512,28.252859733551
"9",0,25.6153767177402
