"","obs","bmi"
"1",0.356210326445122,28.65613757937
"2",0.327808908163121,28.1970892723384
"3",0.334612842351333,28.3376441047402
"4",0.309687698606955,28.0193236513523
"5",0.282936681816797,27.7011813635283
"6",0.249292135421315,27.1132057177346
"7",0.307723859773401,27.8950837001849
"8",0.332523530494077,28.2545707375937
"9",0,25.5813351605936
