"","obs","bmi"
"1",0.362520761897335,28.7317190115748
"2",0.332887062929719,28.2698604084294
"3",0.343196766090107,28.4345427530284
"4",0.32263543391344,28.1375669297972
"5",0.29985401211223,27.8408000181743
"6",0.239413634523687,27.0175635067698
"7",0.305329458625522,27.9066791606215
"8",0.343005814597668,28.3720252012597
"9",0,25.5570994711961
