"","obs","bmi"
"1",0.360044333281487,28.6716054926612
"2",0.33089159221512,28.2267282183793
"3",0.347157478556364,28.3971421087855
"4",0.33422740985164,28.1228517377621
"5",0.320339708071835,27.848744722581
"6",0.247019387229344,27.0839486298092
"7",0.298103266535034,27.8595631005348
"8",0.335238420744717,28.30705508827
"9",0,25.5564239410583
