"","obs","bmi"
"1",0.362132147876675,28.7061155644215
"2",0.331072234953507,28.242979425695
"3",0.336599217823298,28.3334513814033
"4",0.307734331635191,27.9611194893168
"5",0.279156927862832,27.5891382733426
"6",0.243964586701179,27.0662835401844
"7",0.303636226308837,27.8850634904979
"8",0.335095852924515,28.245288501561
"9",0,25.5788077542593
