"","obs","bmi"
"1",0.363250479947089,28.7485092963511
"2",0.332530694549747,28.2871404225123
"3",0.342648460990946,28.364777508163
"4",0.324064723737779,27.9813158704991
"5",0.301691045893932,27.5981375854093
"6",0.254140321600275,27.1016864348749
"7",0.304744252178312,27.8867055229203
"8",0.338661893918164,28.2987079713403
"9",0,25.6322028410443
