"","obs","bmi"
"1",0.364003075623118,28.7464063376809
"2",0.334192015830771,28.2862534923975
"3",0.340676494672861,28.4491148823695
"4",0.311988092860457,28.1519775186812
"5",0.286488339582249,27.8549975611186
"6",0.24166764422422,27.0858074402432
"7",0.308543290098163,27.9531886499859
"8",0.338684681187244,28.358599927566
"9",0,25.5980244114775
