"","obs","bmi"
"1",0.359538513368272,28.6754130090786
"2",0.328600469729912,28.2194527981858
"3",0.343299444289049,28.4400849433176
"4",0.327137786607216,28.2048756907857
"5",0.311118349228858,27.9697886346711
"6",0.245073946093503,27.0748587099485
"7",0.308958639043591,27.8660344275864
"8",0.336517334416939,28.2935438909275
"9",0,25.5914772079725
