"","obs","bmi"
"1",0.363835808046104,28.768066745468
"2",0.335332085646105,28.3053357612222
"3",0.348057132027744,28.5178583292993
"4",0.333391047248073,28.2677679854067
"5",0.315720224571073,28.0177990136792
"6",0.245173639723245,27.0394649459889
"7",0.304595508426697,27.8319879045088
"8",0.332327363241242,28.3325677399741
"9",0,25.5575204327064
