"","obs","bmi"
"1",0.356430565102171,28.7110091507208
"2",0.328068590719117,28.2469141389474
"3",0.341774109725048,28.3287355409683
"4",0.324609926306655,27.9469670319162
"5",0.306482538131258,27.5657385345659
"6",0.244625921845738,27.0350280740922
"7",0.309079765977577,27.9054184834084
"8",0.336876656901732,28.2773227573146
"9",0,25.6492674335112
