"","obs","bmi"
"1",0.358345849577338,28.7096737556635
"2",0.328904155227168,28.2512541868352
"3",0.340133358411827,28.3711744718041
"4",0.320978722265142,28.0328795235454
"5",0.301553690075112,27.6947967437448
"6",0.247782019571239,27.1248111982201
"7",0.306281093241416,27.852829403325
"8",0.33391659488998,28.249306027333
"9",0,25.5844915153315
