"","obs","bmi"
"1",0.364467763803581,28.7259234249185
"2",0.336011017661902,28.267189142622
"3",0.344612662451853,28.3999578803948
"4",0.314286480231338,28.0742353093503
"5",0.288251039886167,27.7487648680738
"6",0.248461618889234,27.1195169239234
"7",0.307087854752915,27.8734817610163
"8",0.334550478674153,28.307920497003
"9",0,25.5544874553236
