"","obs","bmi"
"1",0.3624019237219,28.6860205638033
"2",0.331517337843213,28.2267344722195
"3",0.338506557019738,28.3166950764472
"4",0.315161497711178,27.9477507369215
"5",0.29419716700851,27.579211476802
"6",0.24617280627175,27.0704268310185
"7",0.30750887637756,27.8660886882896
"8",0.337931769883217,28.3222376124109
"9",0,25.5527395195799
