"","obs","bmi"
"1",0.359010309489568,28.6880832019694
"2",0.32842103247509,28.23487764316
"3",0.339948894890323,28.3983129859414
"4",0.322251775847554,28.1086607682008
"5",0.304152717175867,27.819130821099
"6",0.249124881936244,27.1079406731913
"7",0.307983654670338,27.8907553244323
"8",0.335561828995621,28.2752285364778
"9",0,25.6026263847825
