"","obs","bmi"
"1",0.360593481136645,28.722700605852
"2",0.331410011549789,28.2586764558989
"3",0.338998086854638,28.4108185762249
"4",0.311749050276885,28.0991654098671
"5",0.286266140383841,27.7877513940766
"6",0.240405577019962,27.0121895502243
"7",0.309784093414427,27.9253959104858
"8",0.33317888310791,28.252481513864
"9",0,25.6074894205676
