"","obs","bmi"
"1",0.36055718427335,28.6985728207458
"2",0.331928862114539,28.2451327538292
"3",0.346250518133436,28.4340241176626
"4",0.33331733700629,28.1697185500465
"5",0.31331527956232,27.9056685865874
"6",0.248186921055904,27.0890199613762
"7",0.304257959599942,27.862929383428
"8",0.336494856449986,28.2922471001484
"9",0,25.6228887610694
