"","obs","bmi"
"1",0.358175824478256,28.6580333714368
"2",0.326924338518132,28.2114954398679
"3",0.336968933676057,28.430908394936
"4",0.319455199621345,28.2038546158926
"5",0.303049406795589,27.976873320669
"6",0.241179450467602,27.0828643710725
"7",0.308410440789842,27.9501644146668
"8",0.334669814218613,28.2783565716149
"9",0,25.5529386406691
