"","obs","bmi"
"1",0.359358691574639,28.7046779105561
"2",0.328440813333725,28.2475432380702
"3",0.340192423035216,28.4269561463241
"4",0.320539038572776,28.1493251515119
"5",0.299100302819313,27.8717855312812
"6",0.241069270792304,27.0640194753366
"7",0.305751117127669,27.8795100219714
"8",0.335700412492707,28.2605137827083
"9",0,25.5955367487194
