"","obs","bmi"
"1",0.360353725617178,28.693234824675
"2",0.331045023242024,28.2320930961011
"3",0.339570521515615,28.3958634355061
"4",0.318215332372298,28.0987956682375
"5",0.294887774556858,27.802049894261
"6",0.238748553138785,26.9835333797336
"7",0.310426039610078,27.9217731060877
"8",0.339594747584007,28.3283833971482
"9",0,25.5451423365888
