"","obs","bmi"
"1",0.365704290633003,28.7416642251362
"2",0.338687353928454,28.2938823944754
"3",0.350514412871091,28.445886201058
"4",0.331371057837751,28.1502721353579
"5",0.313492963638777,27.8548274281673
"6",0.243099200762364,27.0979160015983
"7",0.312615017237871,27.9811625602118
"8",0.334477612954495,28.237540254811
"9",0,25.6338528126708
