"","obs","bmi"
"1",0.353553335972915,28.6263146605031
"2",0.324972355494729,28.1728857785743
"3",0.338157942447495,28.3445618650366
"4",0.322023070919815,28.0629299236714
"5",0.306177662425582,27.7814224342097
"6",0.239019657544793,27.0201915982078
"7",0.309004176717871,27.9176630774168
"8",0.334595806719753,28.2886981132338
"9",0,25.5441716242662
