"","obs","bmi"
"1",0.360031251118879,28.6536585284126
"2",0.330328280033257,28.2000517613795
"3",0.347038620337412,28.2959200356066
"4",0.332479539587377,27.9385860922999
"5",0.315937018730468,27.5816806655617
"6",0.245985940173488,27.0786852743883
"7",0.3131092719658,27.9167691832455
"8",0.332980659651166,28.2678787460474
"9",0,25.5560792334532
