"","obs","bmi"
"1",0.361010576020101,28.7590057519869
"2",0.330169567057772,28.3055771893092
"3",0.339626425967072,28.4270839279385
"4",0.318275592587168,28.0954929516917
"5",0.29901514895777,27.7642521840396
"6",0.243658463103337,27.110420004619
"7",0.314051659666498,27.9256468747578
"8",0.329522857605149,28.226653705564
"9",0,25.61742951296
