"","obs","bmi"
"1",0.362482374041535,28.7291434892369
"2",0.334207097696867,28.2731032479928
"3",0.341416843986624,28.3872397993706
"4",0.31558865791268,28.0454981052265
"5",0.292523485767991,27.7039235068016
"6",0.242902715347572,27.055110431302
"7",0.306945270851518,27.9042048189902
"8",0.33357056257109,28.3344847124354
"9",0,25.5604887784342
