"","obs","bmi"
"1",0.362612841787475,28.7166743573214
"2",0.332313031399886,28.2623935128959
"3",0.353485760737572,28.5073064672204
"4",0.342100901775771,28.2980807690377
"5",0.332759547633527,28.089002527033
"6",0.244547628352382,27.0808508645018
"7",0.311435153666723,27.9219592181937
"8",0.335481279969886,28.2950338668595
"9",0,25.5391865831023
