"","obs","bmi"
"1",0.354426763901399,28.644043566445
"2",0.32466140978557,28.1874662891537
"3",0.329750053590184,28.3327357441455
"4",0.303778932183969,28.0217071146295
"5",0.275204899518847,27.7109718928081
"6",0.244216636442126,27.0780004340164
"7",0.309171274834638,27.9230692243366
"8",0.327315279878972,28.2237061022668
"9",0,25.5937544710305
