"","obs","bmi"
"1",0.365794489725822,28.7962117966739
"2",0.336086594453224,28.3334422712758
"3",0.34723586308432,28.4227253631304
"4",0.327385765566235,28.049554490579
"5",0.306142005981513,27.6767149596127
"6",0.249117340711897,27.1259288907391
"7",0.308091096887204,27.9536606213125
"8",0.328502000479939,28.2520199881707
"9",0,25.6059348640034
