"","obs","bmi"
"1",0.353042293259493,28.664121434245
"2",0.32436531612975,28.2056637343887
"3",0.331614614812354,28.3508687024638
"4",0.30742676957543,28.0377480909184
"5",0.281978069706564,27.7247648940157
"6",0.239384591850943,27.0091943604201
"7",0.30367940638679,27.8351008407846
"8",0.33701778613866,28.3375365493393
"9",0,25.6321198457874
