"","obs","bmi"
"1",0.36150334163662,28.7092700693916
"2",0.33433388770375,28.2575688871763
"3",0.349194144257435,28.4709362901431
"4",0.336815187144822,28.2327470604992
"5",0.324188176700595,27.9947074278359
"6",0.238022621995331,27.033096601523
"7",0.306036088398906,27.9168266675602
"8",0.335151306969499,28.2921940537226
"9",0,25.5902941799926
