"","obs","bmi"
"1",0.357164568096101,28.7154126348102
"2",0.326325322210785,28.2487345347209
"3",0.331340692495278,28.3174899076358
"4",0.3036855044487,27.9197328567268
"5",0.281892789462264,27.5221461427427
"6",0.245513952484297,27.1032779214204
"7",0.305504434199625,27.8641267408933
"8",0.326801179740212,28.221156157183
"9",0,25.6470442808711
