"","obs","bmi"
"1",0.361329005003471,28.7840283281957
"2",0.331406036881106,28.3311831945248
"3",0.341137585680532,28.5276465652856
"4",0.319445699504438,28.271357900052
"5",0.298755434529888,28.0151657122564
"6",0.247157331609753,27.1202503912736
"7",0.309192313478249,27.9188845481825
"8",0.33131638302486,28.2714763246723
"9",0,25.6426775808095
