"","obs","bmi"
"1",0.358427449139241,28.6935496088977
"2",0.33043450554405,28.2405023856157
"3",0.340105541446005,28.4627444714042
"4",0.317074085477607,28.2319751185473
"5",0.296974571088688,28.0012404822871
"6",0.242973746184497,27.0510018797024
"7",0.308407221160358,27.8791781280442
"8",0.334505191798968,28.3222051740205
"9",0,25.650854279716
