"","obs","bmi"
"1",0.362885689073741,28.7266170965371
"2",0.333686670010852,28.2690855564328
"3",0.334592950448952,28.3775484446228
"4",0.30313308346118,28.0286260574505
"5",0.273195092398027,27.6798524662815
"6",0.25141054146948,27.1905120992099
"7",0.305239284128571,27.8620055748747
"8",0.336459221584682,28.3269078957796
"9",0,25.5806567038189
