"","obs","bmi"
"1",0.360789576721189,28.7225065474464
"2",0.329477803270885,28.2633172786752
"3",0.342750167387239,28.4965167931259
"4",0.319558301690697,28.2706053787011
"5",0.297989405453685,28.0447737000732
"6",0.245282163167586,27.0970595031225
"7",0.308813750433522,27.9229996612636
"8",0.338001431722553,28.3266285724672
"9",0,25.6028107073741
