"","obs","bmi"
"1",0.360422307868759,28.6921907961986
"2",0.331840130133731,28.2304388409124
"3",0.34736204317841,28.2769223716923
"4",0.33339321867365,27.8621574558262
"5",0.317825790047992,27.4479289987476
"6",0.243876265443283,27.0633200885148
"7",0.30668849709376,27.928789626852
"8",0.332599847822284,28.2620551616124
"9",0,25.5692966192831
