"","obs","bmi"
"1",0.365376640226173,28.7517096820744
"2",0.335649094987519,28.2828718060539
"3",0.356561039802712,28.5515614204217
"4",0.34703057908383,28.351500431869
"5",0.338227145981882,28.151529290319
"6",0.24979853324713,27.0707756090795
"7",0.307427738658762,27.9015170254554
"8",0.332524300700163,28.2907258764736
"9",0,25.5690263982944
