"","obs","bmi"
"1",0.364834062451445,28.760935108508
"2",0.333207650257755,28.2995729198645
"3",0.349495049256414,28.4773424523741
"4",0.334483710452951,28.1939727871034
"5",0.319701952748049,27.9108358790053
"6",0.24533155114577,27.0969234573034
"7",0.308420052554269,27.8775097666111
"8",0.33600971591381,28.3101820715091
"9",0,25.6018190552704
