"","obs","bmi"
"1",0.369890094690519,28.7666313001768
"2",0.340888181250171,28.3129821544983
"3",0.351953601538172,28.5213424508819
"4",0.333658786175996,28.276167311468
"5",0.315304596584802,28.0311090295919
"6",0.242605130323505,27.0475061735493
"7",0.307243452178341,27.9162849267582
"8",0.331291633284248,28.239566736879
"9",0,25.5867394012856
