"","obs","bmi"
"1",0.361056859815137,28.7183858449367
"2",0.32848683914431,28.258855438925
"3",0.340725477726661,28.3462170241203
"4",0.320261279060911,27.9745501744596
"5",0.298494573356457,27.6034199723643
"6",0.249471953865373,27.1174364422633
"7",0.305195861704543,27.8904237041783
"8",0.342594047341149,28.3501827601388
"9",0,25.6094154192238
