"","obs","bmi"
"1",0.360797249643083,28.7138238354889
"2",0.331393748943406,28.2565247346252
"3",0.344209766565589,28.4338672653706
"4",0.329379168347611,28.1540241381703
"5",0.31418839089694,27.8742971730318
"6",0.248644225301201,27.1332170942782
"7",0.307737128354488,27.9247950176765
"8",0.336331609573414,28.2785632182699
"9",0,25.5555541859243
