"","obs","bmi"
"1",0.352930908430481,28.6468713132111
"2",0.327603574253991,28.1899215806837
"3",0.335673760753019,28.2903438168851
"4",0.312334921757909,27.934082893439
"5",0.289748592868427,27.5781009071264
"6",0.24376305784239,27.0104066246889
"7",0.308212387216362,27.8830089863259
"8",0.335748254466697,28.2819601862717
"9",0,25.5941535972908
