"","obs","bmi"
"1",0.351809563037983,28.6496306808472
"2",0.323377961938934,28.1896337188769
"3",0.344795818139063,28.4012534389313
"4",0.338071113483392,28.1530775207246
"5",0.332405150918228,27.9051117241831
"6",0.24763563291659,27.064869896583
"7",0.312190069839248,27.9397817815806
"8",0.327214914728404,28.2204058651834
"9",0,25.594322971402
