"","obs","bmi"
"1",0.361169380703902,28.6962397064297
"2",0.330671887200193,28.2392361972739
"3",0.340803147890212,28.3832826553096
"4",0.324376994148275,28.0705630332987
"5",0.305356999326845,27.7580916800008
"6",0.248388877410308,27.1024177564127
"7",0.308988809778364,27.9113138112703
"8",0.336310402001679,28.3522719224303
"9",0,25.5416418393936
