"","obs","bmi"
"1",0.362211816232879,28.7529300491884
"2",0.333324514767154,28.2992619961126
"3",0.346898503811616,28.4649928077779
"4",0.331660669180314,28.1772484592499
"5",0.318156177894571,27.8897040869966
"6",0.24983156711878,27.1144608409404
"7",0.309912999898394,27.8777867903214
"8",0.331211007913385,28.2154116900128
"9",0,25.6426838810448
