"","obs","bmi"
"1",0.357294293134745,28.6706219537877
"2",0.328546301503188,28.2104787928796
"3",0.334100562320427,28.2967004221324
"4",0.30778808332878,27.9229815886188
"5",0.280178072208551,27.5494735630392
"6",0.245261097113528,27.0085347643272
"7",0.304820564179067,27.8652813722935
"8",0.336104247705633,28.2907126263304
"9",0,25.5717777794825
