"","obs","bmi"
"1",0.355823140973367,28.6736816128438
"2",0.326353404356354,28.2166051358114
"3",0.32826165826973,28.3509026129894
"4",0.29817531321728,28.0282468481523
"5",0.271633382896844,27.705715710649
"6",0.24571729405074,27.0893677934949
"7",0.309981118289466,27.9601554764835
"8",0.338545322367346,28.279397178776
"9",0,25.5940184044155
