"","obs","bmi"
"1",0.358775639425983,28.6970836783006
"2",0.32873206600785,28.2386421367435
"3",0.328647291866958,28.29333437081
"4",0.295171261171739,27.8897703365342
"5",0.264056659710526,27.4863961760634
"6",0.246816738141849,27.1033363977042
"7",0.307577340249473,27.9319239575816
"8",0.336763482419822,28.2479099393555
"9",0,25.6182503726424
