"","obs","bmi"
"1",0.363741301875722,28.7607738072653
"2",0.333804823558264,28.3056908711476
"3",0.346814996413612,28.4492892570828
"4",0.329788946805656,28.1380289454981
"5",0.31206925476969,27.8270022222054
"6",0.240280834048541,27.0747181297557
"7",0.310705035772973,27.9370996737276
"8",0.339286200184994,28.3283263645845
"9",0,25.6126057590351
