"","obs","bmi"
"1",0.363971764651702,28.7227931835629
"2",0.333524013799004,28.264625956467
"3",0.347074213170313,28.4259795608529
"4",0.327485276372558,28.1293206356049
"5",0.305037459393056,27.8328213324475
"6",0.246344215473877,27.0846689068397
"7",0.309398027053001,27.9075198063409
"8",0.339598337865955,28.3317094382438
"9",0,25.6237777534011
