"","obs","bmi"
"1",0.36207389308923,28.7352887091245
"2",0.331281748866101,28.2757486116694
"3",0.335924259053611,28.3258443690783
"4",0.309222170674184,27.9168530453833
"5",0.27954417927695,27.5083446591562
"6",0.241482346527608,27.0586636077528
"7",0.303132140478646,27.831258728056
"8",0.335255748925491,28.2611006193121
"9",0,25.6334755523445
