"","obs","bmi"
"1",0.362734597909029,28.7352474397376
"2",0.334418628250727,28.2784048752107
"3",0.338295169073912,28.3897300931313
"4",0.307361742118621,28.0443050974258
"5",0.278781323406292,27.6989729778783
"6",0.250223340105825,27.1171053269053
"7",0.308655176625753,27.8913994384071
"8",0.34229287967629,28.3631296898388
"9",0,25.6177084676916
