"","obs","bmi"
"1",0.359138207656629,28.7118961351708
"2",0.330057388881831,28.2504919014171
"3",0.339123062680685,28.3803556729276
"4",0.317776626519787,28.0490169042597
"5",0.293321072391094,27.7178868161418
"6",0.242316459290398,26.9981245467925
"7",0.30597070532981,27.8843007247727
"8",0.334469440254604,28.2915632267871
"9",0,25.600473051197
