"","obs","bmi"
"1",0.356793968528652,28.6438787099259
"2",0.326683469811331,28.1790062870378
"3",0.339876046521482,28.3551682195672
"4",0.320538592101718,28.0666549181668
"5",0.303243248930305,27.7783459829664
"6",0.241429437946764,27.0651820046331
"7",0.298457015932281,27.8305332243729
"8",0.334840397716673,28.2915931920868
"9",0,25.6018825327798
