"","obs","bmi"
"1",0.357783196118311,28.7397970865389
"2",0.329732743043456,28.276183044104
"3",0.352382161361498,28.438508002106
"4",0.346218233578272,28.1375987414452
"5",0.339451745639627,27.8370918155399
"6",0.245565844518915,27.0566812356861
"7",0.315040544184649,27.9974415699734
"8",0.340027699434694,28.3253678926273
"9",0,25.5807601124831
