"","obs","bmi"
"1",0.357918348562656,28.6955403177411
"2",0.329066769806106,28.2348707946549
"3",0.335260389905272,28.3783817858454
"4",0.311553588189834,28.0614380296796
"5",0.288379292467307,27.7447184351845
"6",0.242935675035562,27.0744695119155
"7",0.305220556649638,27.9166345721332
"8",0.340960416365859,28.3180258831114
"9",0,25.6122104003246
