"","obs","bmi"
"1",0.356307531031948,28.6612419947309
"2",0.327141907858311,28.1960529754845
"3",0.329438387020476,28.2843335171263
"4",0.297518790093131,27.9075963173967
"5",0.26794081417508,27.5310345524141
"6",0.241389053310667,27.0359102872993
"7",0.313000340887769,27.9465618522034
"8",0.334170997670569,28.2956742138154
"9",0,25.5487773862554
