"","obs","bmi"
"1",0.360521227008975,28.6516372172961
"2",0.332836312678622,28.1855925657661
"3",0.332631070718961,28.2667031762277
"4",0.299121635344729,27.8819745888579
"5",0.272923410901516,27.4974594741954
"6",0.243603086374591,27.0483721202923
"7",0.308302082309364,27.9180798970868
"8",0.333299558683873,28.2683828537581
"9",0,25.5341175312514
