"","obs","bmi"
"1",0.364374893783849,28.7100623595954
"2",0.333859123044448,28.2576718763219
"3",0.343043328023579,28.3507728364745
"4",0.315720342883955,27.9916828740916
"5",0.286897100196475,27.6327983530259
"6",0.243206651482544,27.089771335852
"7",0.309075840920922,27.938324199097
"8",0.334848758074045,28.2794113604269
"9",0,25.567369627885
