"","obs","bmi"
"1",0.365690328994356,28.7382983537853
"2",0.336022837449059,28.2758249975112
"3",0.346428901593534,28.3936789323574
"4",0.325173258177578,28.04922547201
"5",0.300893063342575,27.704945353316
"6",0.242777190218887,27.0397647188327
"7",0.312312506650369,27.9532868518019
"8",0.331799086043453,28.2631953362815
"9",0,25.5981124494743
