"","obs","bmi"
"1",0.354429710894947,28.652920491575
"2",0.326532040190987,28.1894925272955
"3",0.340038615679875,28.323597999073
"4",0.326801810564071,27.9945659992454
"5",0.311514728106417,27.6658388777933
"6",0.241393217945753,27.0569422647333
"7",0.306969958449664,27.8668724339533
"8",0.337354117364056,28.2950907774511
"9",0,25.5290766149183
