"","obs","bmi"
"1",0.367675863743347,28.7361115903848
"2",0.336743175116274,28.2791911365683
"3",0.351278156547345,28.4461761916447
"4",0.334268447244772,28.1563988690342
"5",0.316526062600954,27.8667847840535
"6",0.251384580865493,27.136700916157
"7",0.305635424618488,27.918736694626
"8",0.331690437523724,28.2992619860443
"9",0,25.5858034019038
