"","obs","bmi"
"1",0.35859725038266,28.6586700787162
"2",0.327695438255473,28.1943005750081
"3",0.343964994859532,28.4433770364538
"4",0.330879197785419,28.2281770310167
"5",0.314831092297945,28.013073554139
"6",0.245830074293765,27.0433490165963
"7",0.307495566570244,27.9092271662431
"8",0.332157229817668,28.2656835800423
"9",0,25.6147086256219
