"","obs","bmi"
"1",0.358496587165658,28.6847250196264
"2",0.328802651622305,28.2230448524762
"3",0.338031701658642,28.3367169639468
"4",0.315923353453129,27.9889387798144
"5",0.293409064276091,27.6413994387408
"6",0.240991656876422,27.0522502596766
"7",0.309729689255269,27.8840237510362
"8",0.32676804385682,28.1704759934974
"9",0,25.6041768847515
