"","obs","bmi"
"1",0.360487429752046,28.7013352890094
"2",0.331085846042231,28.2415477477322
"3",0.338440236452356,28.4135431248223
"4",0.314812890313485,28.1258262578457
"5",0.290940296655336,27.8381858618919
"6",0.247677482853102,27.1112916179651
"7",0.302042719691492,27.8653117107293
"8",0.338832055229844,28.310950393072
"9",0,25.5701367164079
