"","obs","bmi"
"1",0.360141291106987,28.7205028919622
"2",0.329618830932447,28.2545109011691
"3",0.346701365854593,28.4398183077465
"4",0.333288328021222,28.1593128174676
"5",0.318554514191854,27.8789932942159
"6",0.248420352200893,27.1206432204325
"7",0.312953906815056,27.9800072917739
"8",0.333289376737079,28.3021032447346
"9",0,25.5864655228145
