"","obs","bmi"
"1",0.360550267559222,28.7202251185858
"2",0.332577488072408,28.2709471892701
"3",0.340498831603162,28.388370257391
"4",0.321895090873893,28.0567780234118
"5",0.298605043538298,27.7254613442603
"6",0.247356465786591,27.1243991794345
"7",0.306636725522592,27.8771266609509
"8",0.336575725541901,28.2918581575299
"9",0,25.6057102169565
