"","obs","bmi"
"1",0.358933769058184,28.7143053543591
"2",0.329652729373304,28.2504392670453
"3",0.339308308667848,28.3952379458981
"4",0.315827522843924,28.0763406927124
"5",0.292249266063705,27.7576178209071
"6",0.24196990734505,27.0489966785478
"7",0.308542950373339,27.9234097539957
"8",0.328588316562636,28.2476886364913
"9",0,25.6062820793302
