"","obs","bmi"
"1",0.358821985415027,28.7003801936339
"2",0.329820355578441,28.2401265733577
"3",0.344980939376306,28.3851907151023
"4",0.330213384470213,28.0703060469507
"5",0.31268309128152,27.7557431645289
"6",0.241081873882167,27.0430542819189
"7",0.301833456691409,27.7904691356384
"8",0.331507534768403,28.3009521540756
"9",0,25.5969120886444
