"","obs","bmi"
"1",0.357769947839815,28.6957928847197
"2",0.329291120343308,28.2438316302422
"3",0.341791184948042,28.3920358860838
"4",0.322983338316225,28.0885278327901
"5",0.304571000329598,27.7852788324712
"6",0.249457431211894,27.1388988975494
"7",0.308067670714666,27.9114483931543
"8",0.331301267082559,28.2651566719527
"9",0,25.5774660644426
