"","obs","bmi"
"1",0.360450779171508,28.7094151805349
"2",0.332241119411413,28.2473787412826
"3",0.344325322867723,28.4310892774004
"4",0.321621382646955,28.1528320038484
"5",0.301014627782414,27.874644244873
"6",0.249629672729233,27.1517232150835
"7",0.305250293446547,27.8853759019284
"8",0.339453652569873,28.3264057807697
"9",0,25.5878684613432
