"","obs","bmi"
"1",0.362147771705445,28.7234670370501
"2",0.331732883596469,28.2640030835138
"3",0.351096506386958,28.4624956129943
"4",0.335560397250957,28.2017465713852
"5",0.320191224485775,27.9412297384452
"6",0.24866859154181,27.1030149643273
"7",0.302772813343665,27.8552967003459
"8",0.334657905917355,28.2566216675007
"9",0,25.5892182934701
