"","obs","bmi"
"1",0.355567895226271,28.6319237350429
"2",0.32741793209456,28.1746818275716
"3",0.329779556087933,28.2750301568463
"4",0.29936974890826,27.9182831095916
"5",0.268298455811959,27.5616857682166
"6",0.241871779528095,27.0265264197369
"7",0.309685001796875,27.9269631585285
"8",0.335791957175243,28.295081399177
"9",0,25.5977942098032
