"","obs","bmi"
"1",0.364846042456143,28.744794840381
"2",0.334314158922953,28.2875414290759
"3",0.344300565908082,28.4361077041624
"4",0.321658153528767,28.127588312357
"5",0.298149302137886,27.8192414124916
"6",0.243214478698983,27.0733029279614
"7",0.31703827327057,27.9711818636912
"8",0.337145646577721,28.3058378306497
"9",0,25.5519797922126
