"","obs","bmi"
"1",0.353332672469534,28.6455326497757
"2",0.325911238813142,28.1880166098605
"3",0.33607149526184,28.346069480321
"4",0.318761025035991,28.046855704587
"5",0.29554164362858,27.7479030390289
"6",0.242132832173365,27.0725776478012
"7",0.313041929818755,27.9388821589935
"8",0.332408466824965,28.2764717271926
"9",0,25.5755863922066
