"","obs","bmi"
"1",0.355186006548782,28.6542229191123
"2",0.326584915703049,28.1997560574466
"3",0.324916557243836,28.3220156524668
"4",0.293069414177992,27.9899913312033
"5",0.262572286155487,27.6581548148222
"6",0.242370558296293,27.060007825972
"7",0.312996187927755,27.9635310357254
"8",0.340238353756216,28.3591000134172
"9",0,25.5418730749142
