"","obs","bmi"
"1",0.360414726167723,28.6808615390339
"2",0.330858790124675,28.2202014514119
"3",0.343571936939661,28.4505974595644
"4",0.32106082522182,28.2204686455679
"5",0.30655407597406,27.9904794806514
"6",0.243937735804136,27.0945363010742
"7",0.307135568442582,27.9497167425016
"8",0.33658818151112,28.3096165074416
"9",0,25.5656582730919
