"","obs","bmi"
"1",0.359735975260643,28.634654244422
"2",0.328887983930172,28.1714951768964
"3",0.332412223268917,28.2966557015757
"4",0.302234708888381,27.958883206135
"5",0.272011024493056,27.6213443218226
"6",0.236098853782566,27.0228122895197
"7",0.31167841749833,27.9667229104737
"8",0.334495776404287,28.1976780025757
"9",0,25.5040164280622
