"","obs","bmi"
"1",0.362721941176586,28.7335023534384
"2",0.333943759293496,28.2772900888837
"3",0.344083779050795,28.336154425884
"4",0.319985863625004,27.9392897800137
"5",0.300327473622921,27.5429416063236
"6",0.241941424745294,27.0415798255503
"7",0.314483598521163,27.9645105884921
"8",0.336925639841123,28.3221597009381
"9",0,25.6237930635299
