"","obs","bmi"
"1",0.361078082569558,28.7616843834359
"2",0.330765439808006,28.3009661826085
"3",0.344712824061815,28.4335788441381
"4",0.328016125079668,28.1057381236169
"5",0.312517170268457,27.7781743219793
"6",0.244137680150974,27.0827418963677
"7",0.311901948756429,27.9817110095021
"8",0.340674406350552,28.3606937309479
"9",0,25.6384722290649
