"","obs","bmi"
"1",0.36321227905522,28.7157535307365
"2",0.334148941335158,28.2586761672386
"3",0.347933224630151,28.4722403853294
"4",0.333956426244904,28.2288020420432
"5",0.317967994251298,27.9854399911527
"6",0.244497413305316,27.0654380932315
"7",0.308987127200662,27.9212343477722
"8",0.337146235693537,28.2537845217278
"9",0,25.5661840772375
