"","obs","bmi"
"1",0.359325044084186,28.7121754997005
"2",0.33062117755629,28.260201415832
"3",0.338353434427218,28.4259273757559
"4",0.314599878428763,28.1397483773887
"5",0.2905050026097,27.853639653367
"6",0.244233381504947,27.0349526798531
"7",0.306571192674486,27.8798390743753
"8",0.333518789434286,28.279749930584
"9",0,25.6194808914354
