"","obs","bmi"
"1",0.360179230568499,28.6959195535305
"2",0.328939288435337,28.2338335477267
"3",0.337916554126677,28.4037193345159
"4",0.313526223006765,28.1116749038152
"5",0.287392088019825,27.8197906902408
"6",0.252655919526519,27.1114977769159
"7",0.305771282251412,27.89571815741
"8",0.336036847223339,28.2909403517049
"9",0,25.5940737500732
