"","obs","bmi"
"1",0.363230144662368,28.7594566387739
"2",0.331919220074321,28.2997034436484
"3",0.348790373623436,28.4560114166054
"4",0.334408608443324,28.1527966947004
"5",0.319685064635963,27.849822186486
"6",0.249666310346598,27.1325417544616
"7",0.308439196857184,27.9426339459672
"8",0.333907595991664,28.3302824273289
"9",0,25.6666612357884
