"","obs","bmi"
"1",0.360965701361343,28.7304945558347
"2",0.331523077953359,28.2682614313124
"3",0.337642282497961,28.3570431971389
"4",0.310232106915546,27.98385469781
"5",0.283367205990328,27.6109404144817
"6",0.241898777572028,27.0684477474057
"7",0.307890041297158,27.8429925184084
"8",0.334745343891155,28.2840515519027
"9",0,25.5824764313582
