"","obs","bmi"
"1",0.364274064585845,28.762644010312
"2",0.334456696641517,28.3083051216556
"3",0.350667710091271,28.3874694063173
"4",0.335187982631329,28.0127509805969
"5",0.323016902319085,27.6385208728028
"6",0.243187310864985,27.047557084796
"7",0.303663009503701,27.8970576116971
"8",0.332820457242119,28.2638721043991
"9",0,25.6123849544608
