"","obs","bmi"
"1",0.362898839690404,28.7438637761989
"2",0.333748501054003,28.2828744555611
"3",0.351036185630044,28.4386528519845
"4",0.338335193955331,28.1336354247983
"5",0.325552618180651,27.8288198493443
"6",0.236551984197685,27.0277124799264
"7",0.309921903202736,27.9534650190796
"8",0.328453725166322,28.239758095223
"9",0,25.6295408029382
