"","obs","bmi"
"1",0.36074291312067,28.6659055207623
"2",0.33174668881854,28.2040920647227
"3",0.344800367802161,28.4270365936049
"4",0.325647458762673,28.1882376056313
"5",0.3078963326756,27.9495093694246
"6",0.239519598599908,27.0115616359001
"7",0.306491279968793,27.914039322465
"8",0.340106500321876,28.3465865637646
"9",0,25.5572751695863
