"","obs","bmi"
"1",0.359374831568177,28.6484049582656
"2",0.330537462804376,28.1911079807986
"3",0.340760506387856,28.4102145601784
"4",0.322491165207473,28.1720935672313
"5",0.300281107042748,27.9340440898319
"6",0.242423982577324,27.0236425518775
"7",0.309976852494136,27.9198975039249
"8",0.332026644224836,28.3092803303256
"9",0,25.5843630297872
