"","obs","bmi"
"1",0.362078272899245,28.7257271703452
"2",0.334151108821794,28.263983889228
"3",0.35175033157498,28.4549420451402
"4",0.342134610685532,28.1845263692066
"5",0.33074909771141,27.9145043496514
"6",0.244289235525796,27.0618683270698
"7",0.305058726881093,27.9142431699363
"8",0.333609036164026,28.2448235741599
"9",0,25.6319058274862
