"","obs","bmi"
"1",0.363999942662648,28.7102159096733
"2",0.331873462876485,28.2519680943482
"3",0.344196751525503,28.4745118768192
"4",0.325036265041032,28.2388766394002
"5",0.304295734109213,28.0033109466559
"6",0.241727847347709,27.0401411774188
"7",0.308443191046321,27.881923568894
"8",0.335447054086085,28.2571227701007
"9",0,25.5805693139511
