"","obs","bmi"
"1",0.35724026081112,28.6717767753856
"2",0.328848415513357,28.2103318799624
"3",0.334440861042904,28.3937423266847
"4",0.312471216914293,28.1158275186609
"5",0.287730080513962,27.8380361032455
"6",0.245262028311931,27.0350226477262
"7",0.305291624468137,27.8771200584454
"8",0.329534456811006,28.2222880558333
"9",0,25.5698907912319
