"","obs","bmi"
"1",0.360823700874078,28.7428845986626
"2",0.330915084032985,28.290558112589
"3",0.336495462895976,28.4554607807197
"4",0.309794210731906,28.1681743197569
"5",0.282333726996552,27.881028992098
"6",0.245411534678358,27.0991244052698
"7",0.306818433705568,27.9251148265423
"8",0.330287351188722,28.2252292869095
"9",0,25.6714875080126
