"","obs","bmi"
"1",0.355573066936849,28.6887228008142
"2",0.324944284970617,28.2311402149044
"3",0.332453985576354,28.3143577267596
"4",0.308213493958068,27.9402905040773
"5",0.284374752703812,27.5665353152991
"6",0.248301086877279,27.1075279018639
"7",0.301344303916135,27.8517576016996
"8",0.336308284485933,28.3282664619624
"9",0,25.6048406124099
