"","obs","bmi"
"1",0.359604209748039,28.7199212011367
"2",0.331084119016782,28.2629406196179
"3",0.332539861743451,28.3229726150598
"4",0.300683036366516,27.9262155875561
"5",0.2677176488823,27.5296561195052
"6",0.239329286348002,27.0141856103366
"7",0.308248262020614,27.9133463769928
"8",0.332972742926389,28.225232367622
"9",0,25.6094111190189
