"","obs","bmi"
"1",0.356581939883694,28.7075925267038
"2",0.327593472609542,28.2471537042312
"3",0.340685070003689,28.3297471104278
"4",0.32328161306041,27.9522015500548
"5",0.303846525687848,27.5749730872076
"6",0.242852476710697,27.0334750159961
"7",0.302059113586951,27.8340781591775
"8",0.330293960403555,28.2881229618225
"9",0,25.6035447098978
