"","obs","bmi"
"1",0.362301775604584,28.6841655080133
"2",0.330896769777594,28.2344000879394
"3",0.327560503905321,28.3634993717238
"4",0.291887464979753,28.0429375070573
"5",0.261840415220322,27.7224806960783
"6",0.246869082728571,27.1076000883662
"7",0.30529027984598,27.9066722376716
"8",0.334041256453755,28.2569858143307
"9",0,25.6116477086911
