"","obs","bmi"
"1",0.364160184776127,28.7341716399555
"2",0.334838421797028,28.27752290323
"3",0.351753002239648,28.4358870817128
"4",0.337940927195265,28.1380648142912
"5",0.321510137924774,27.8407389905227
"6",0.247921165938203,27.1224078680313
"7",0.30680972832513,27.9534616593997
"8",0.335729411468378,28.2555597710161
"9",0,25.5825216255452
