"","obs","bmi"
"1",0.362653962420968,28.7077668795804
"2",0.33195425629904,28.2508498799858
"3",0.329649420965494,28.3098253260005
"4",0.295787071870237,27.9120030646428
"5",0.261893754719915,27.5143015947325
"6",0.246776683114578,27.1165080647964
"7",0.308156100003719,27.9145797592365
"8",0.331368179529896,28.2556755233415
"9",0,25.5980260390084
