"","obs","bmi"
"1",0.362489243903486,28.6627291195769
"2",0.331069834171611,28.2129215735146
"3",0.340354309996983,28.3995235882973
"4",0.319510313995037,28.1364074191966
"5",0.297358751179321,27.8733823035553
"6",0.24451116283921,27.0354457179675
"7",0.299401867533963,27.8292215893873
"8",0.330695541809309,28.2433034465158
"9",0,25.5243297133814
