"","obs","bmi"
"1",0.354576366776918,28.6314458197523
"2",0.324346563119856,28.1692987778605
"3",0.331639922835979,28.3008416767739
"4",0.305262625121447,27.9704541382272
"5",0.278813290345357,27.6402915270322
"6",0.245902844412046,27.1175127187426
"7",0.305875103658312,27.8735770785818
"8",0.333331903947529,28.2662257346039
"9",0,25.5990022208993
