"","obs","bmi"
"1",0.361804150974951,28.7062893240493
"2",0.330440824204369,28.2593731236511
"3",0.329839159877725,28.268893407606
"4",0.295306780987019,27.8318748462774
"5",0.262911747646354,27.3952523980759
"6",0.244014805829536,27.1243101726395
"7",0.302600403384959,27.9027365358511
"8",0.334529128487014,28.3340389560626
"9",0,25.6023222810331
