"","obs","bmi"
"1",0.359527968289243,28.6986107938883
"2",0.33055165423301,28.2432429986525
"3",0.342664164296955,28.4003622381925
"4",0.325105951070091,28.1022609028725
"5",0.306484971770027,27.8043112068738
"6",0.244185290203279,27.10478680674
"7",0.306642880365805,27.8814979089449
"8",0.334837818378263,28.2770067515662
"9",0,25.5896401395967
