"","obs","bmi"
"1",0.362030739473955,28.7121421674929
"2",0.33411799568724,28.2500099033174
"3",0.329964924701105,28.2585346042292
"4",0.293899567264834,27.8052092824013
"5",0.260929153601499,27.3521768641585
"6",0.238821899483181,27.0598487262217
"7",0.309734892584063,27.8720592752097
"8",0.334821384125679,28.302164957198
"9",0,25.6343711845791
