"","obs","bmi"
"1",0.355945534486843,28.6731613912284
"2",0.325042061675029,28.2117943309609
"3",0.324099901368002,28.2189901024998
"4",0.28908765866408,27.7650390722553
"5",0.254480942778812,27.311314065726
"6",0.245120892030496,27.0688130510281
"7",0.311631099110163,27.9180849455051
"8",0.327636166421371,28.2036888524773
"9",0,25.5856425303149
