"","obs","bmi"
"1",0.357924734435485,28.6582700211795
"2",0.325920547819835,28.2034699805291
"3",0.338602414153959,28.3442083949374
"4",0.315888778198001,28.0303745508728
"5",0.296351795336391,27.7167781129253
"6",0.243450534818091,27.0265493373342
"7",0.308707117283975,27.8954890356992
"8",0.336617496779378,28.3362456827233
"9",0,25.5608998033856
