"","obs","bmi"
"1",0.360839599875523,28.7242622058826
"2",0.332179450019822,28.269764900536
"3",0.345352916916876,28.3874691582574
"4",0.331763565465925,28.0510656090485
"5",0.312998062714003,27.7150754177819
"6",0.241823423973854,27.0874051894369
"7",0.310545051084121,27.9307694987448
"8",0.334302598359045,28.2595603291
"9",0,25.5844908232752
