"","obs","bmi"
"1",0.354641419652248,28.6453989103233
"2",0.324529354639331,28.186264829037
"3",0.346237675216095,28.3753712308804
"4",0.336384605477502,28.1056668052125
"5",0.329674584548605,27.8363036432253
"6",0.246528616231912,27.083345244634
"7",0.308779541169844,27.9372075247584
"8",0.332761643081915,28.2380882541073
"9",0,25.5725220385557
