"","obs","bmi"
"1",0.358694404634212,28.7045385234194
"2",0.327829274788703,28.2450369996746
"3",0.342801839732764,28.3582681274953
"4",0.324988712484865,28.012298247234
"5",0.305596357062258,27.6666453654499
"6",0.249451533035524,27.109099766027
"7",0.310526111535603,27.9305964900753
"8",0.338646652987444,28.304607867788
"9",0,25.6035528963069
