"","obs","bmi"
"1",0.358780545997085,28.6477587489156
"2",0.328898490721616,28.1803997923246
"3",0.336380756548426,28.2686880298345
"4",0.311163246691459,27.8899467866316
"5",0.285893441921609,27.5115512139866
"6",0.236371503390895,26.9949099166941
"7",0.308397910487806,27.9192399227327
"8",0.33533495999586,28.2918936642884
"9",0,25.5491282229199
