"","obs","bmi"
"1",0.360384827793836,28.7200883782139
"2",0.330720208725451,28.2574773235378
"3",0.349712209390327,28.4563009809075
"4",0.336366956218822,28.1928341609602
"5",0.324032869909314,27.9297077552973
"6",0.250436788617658,27.1505407361887
"7",0.305144943408509,27.8936510532673
"8",0.335792950871965,28.3196206442889
"9",0,25.6145410872588
