"","obs","bmi"
"1",0.361641597281765,28.7210079768602
"2",0.332620410058391,28.2591640400093
"3",0.339955034956942,28.3286534973193
"4",0.317695323467148,27.936626923798
"5",0.294001486444525,27.5449454328806
"6",0.243192458856859,27.0801447628036
"7",0.305336036533296,27.9159505037692
"8",0.334874779712229,28.2574611586633
"9",0,25.5635811673205
