"","obs","bmi"
"1",0.369465446409499,28.797954162062
"2",0.336599383720087,28.348728183816
"3",0.340997047608496,28.4570067940899
"4",0.310480587690422,28.1162103245631
"5",0.284562079215227,27.7755688871912
"6",0.238947763041991,27.0432609778457
"7",0.305403716145945,27.8604763988458
"8",0.335099832533688,28.3186902392182
"9",0,25.6601217449502
