"","obs","bmi"
"1",0.362777020927604,28.7045127499629
"2",0.332426735635286,28.2433419117236
"3",0.344382547151271,28.3914044909232
"4",0.323260655680146,28.0784438343232
"5",0.303750169924619,27.7656368316516
"6",0.244507388218723,27.0376288590811
"7",0.310335673439175,27.8965256405421
"8",0.334291088280798,28.2456925555949
"9",0,25.585249715344
