"","obs","bmi"
"1",0.358966786169821,28.672624112952
"2",0.327989515781726,28.2140984062112
"3",0.330749042284391,28.3271647978246
"4",0.299828253117532,27.9818714048701
"5",0.273312974309515,27.6367487138491
"6",0.243881997033976,27.0803042909621
"7",0.30700683050542,27.8950173146036
"8",0.336437211527839,28.2714691817702
"9",0,25.5905735526415
