"","obs","bmi"
"1",0.356146731490483,28.6941108856208
"2",0.32779729530533,28.2456226721842
"3",0.33765746013188,28.4238286319864
"4",0.319394913817422,28.1536586219369
"5",0.299842898470056,27.88360365292
"6",0.246113133953243,27.0764778657252
"7",0.305800345814444,27.8900359451224
"8",0.332667722131958,28.2670777413149
"9",0,25.6563826160682
