"","obs","bmi"
"1",0.360239109301787,28.6729036899194
"2",0.331901153352633,28.2198165704518
"3",0.349116670699572,28.4076736363118
"4",0.338527734958762,28.142692704693
"5",0.326487258100723,27.877972828023
"6",0.240658653210231,27.079347240382
"7",0.308419380899229,27.8839639369455
"8",0.33497446350768,28.2829554015003
"9",0,25.5448524896797
