"","obs","bmi"
"1",0.356830008840435,28.649618034479
"2",0.325451965484364,28.1908273290402
"3",0.347529986572642,28.3704174483736
"4",0.338971801063517,28.0915143138037
"5",0.32924399722927,27.8129236995523
"6",0.245151523600621,27.0565755539071
"7",0.306523777843142,27.8569379054701
"8",0.33603230660483,28.3365825446003
"9",0,25.5869908927113
