"","obs","bmi"
"1",0.363872230012555,28.7263157542867
"2",0.333566883309558,28.2810675009738
"3",0.343092123993453,28.4481204519417
"4",0.319004594518004,28.1701256002094
"5",0.296798709938144,27.8923394720821
"6",0.240248966954564,27.0009717592321
"7",0.307067800505767,27.9329992620527
"8",0.336687988465667,28.2600966205974
"9",0,25.6258758816919
