"","obs","bmi"
"1",0.357349316213297,28.6879468513553
"2",0.328929535456918,28.2250536292632
"3",0.335140832969067,28.3902964139564
"4",0.315059764832336,28.0927637664116
"5",0.292220783001321,27.7953512189415
"6",0.248008785664591,27.112678711364
"7",0.308337702990781,27.8861908188195
"8",0.335657293014703,28.2938834294621
"9",0,25.5815385738677
