"","obs","bmi"
"1",0.360293912087358,28.706340099548
"2",0.331422437417209,28.2449778304395
"3",0.343141595668738,28.4061637169422
"4",0.326274335343263,28.1061598154611
"5",0.305575526805252,27.8063351012203
"6",0.250399542084242,27.1428591381915
"7",0.308129895836843,27.9229478774154
"8",0.335874071191782,28.2874945968694
"9",0,25.6227162862948
