"","obs","bmi"
"1",0.36321227905522,28.7157535307365
"2",0.333668289589247,28.2543665492477
"3",0.352589649014565,28.4504034208274
"4",0.339361905423862,28.1852621130323
"5",0.328210603923273,27.9203378768965
"6",0.244497413305316,27.0654380932315
"7",0.308987127200662,27.9212343477722
"8",0.337146235693537,28.2537845217278
"9",0,25.5661840772375
