"","obs","bmi"
"1",0.362052202147352,28.7791391493316
"2",0.332125693231203,28.3109546323864
"3",0.342238822068442,28.4164588747327
"4",0.320378827911329,28.0540780268394
"5",0.294026398775374,27.6920116358221
"6",0.24764326196177,27.0959177863515
"7",0.307208246359401,27.8993231076745
"8",0.33519812504708,28.2555893911995
"9",0,25.6289427757461
