"","obs","bmi"
"1",0.361381482721965,28.6711521290335
"2",0.330204824886647,28.2118474968437
"3",0.34110108269297,28.3056360642784
"4",0.319504176232764,27.9404933435636
"5",0.295489372127232,27.575746403819
"6",0.246714637853831,27.0797587084998
"7",0.308729415706996,27.9188795685774
"8",0.336832286647855,28.3360845198719
"9",0,25.5659481843335
