"","obs","bmi"
"1",0.3633973569009,28.7479007951498
"2",0.332088306336266,28.2932403920542
"3",0.351131663618687,28.5665992163573
"4",0.342145630226316,28.3853886228427
"5",0.326136103261435,28.2042712847084
"6",0.240509510404084,27.0558361343224
"7",0.312113120245045,27.9880565104169
"8",0.331011297388799,28.2429069626891
"9",0,25.6153538959005
