"","obs","bmi"
"1",0.357441027566549,28.6791857807267
"2",0.329074892242344,28.2215244728815
"3",0.335421400038076,28.3652443142606
"4",0.310701866161042,28.0513918569312
"5",0.282488737426487,27.7376298915804
"6",0.244114469666562,27.0809566023187
"7",0.312796978599516,27.9420255286075
"8",0.330768370163866,28.2371297078738
"9",0,25.5581818413811
