"","obs","bmi"
"1",0.353440138884726,28.6574222450447
"2",0.321290651756836,28.1894864451927
"3",0.341549278994974,28.3806731668015
"4",0.326162629628567,28.1040827843954
"5",0.313809895128398,27.8276568707337
"6",0.246810222189957,27.0674817455667
"7",0.30809031949786,27.8769098311464
"8",0.331431116072892,28.2216386834302
"9",0,25.6299998030808
