"","obs","bmi"
"1",0.357022046005509,28.6757556517945
"2",0.328628971857281,28.225444956051
"3",0.336756392332704,28.3432584179422
"4",0.317031967888037,28.011157850052
"5",0.296904599689391,27.6794780673513
"6",0.24562821719346,27.0849202727298
"7",0.307325612358257,27.9258503912676
"8",0.332863227068103,28.2776544873309
"9",0,25.6240519412465
