"","obs","bmi"
"1",0.36227819084572,28.7531176324736
"2",0.332262550589816,28.2966513084231
"3",0.344960551750607,28.401964385919
"4",0.323629280350258,28.0510653247178
"5",0.307568259000057,27.7004303168664
"6",0.247794831182392,27.1154647863369
"7",0.307582036890965,27.910131446967
"8",0.336270949406918,28.2760537159321
"9",0,25.6074969979376
