"","obs","bmi"
"1",0.358293782046609,28.6872024514598
"2",0.32741222440188,28.2299235407706
"3",0.326645895024051,28.3043358160618
"4",0.29198769864574,27.9216313053853
"5",0.259911273217403,27.5390912618625
"6",0.248109463167579,27.1413063621414
"7",0.309781358102132,27.932615409452
"8",0.339695594896116,28.3258561010478
"9",0,25.6067144908059
