"","obs","bmi"
"1",0.356468576494388,28.6665232782529
"2",0.325844967103245,28.2122874980154
"3",0.342623992603948,28.3309475287667
"4",0.326757141822517,27.9956761909255
"5",0.312449587974946,27.660724706465
"6",0.243586547609228,27.0727368632762
"7",0.30463134762976,27.8562436265297
"8",0.333841656440014,28.2914110748851
"9",0,25.5814430837159
