"","obs","bmi"
"1",0.357888778525891,28.6573931323658
"2",0.330478138810277,28.1997298695253
"3",0.335081315010893,28.3398730932747
"4",0.306415296033284,28.0225104074188
"5",0.281238327038329,27.7053103380302
"6",0.245827868868831,27.0895977686701
"7",0.308610876535343,27.9064466222016
"8",0.329831854528169,28.2495205429069
"9",0,25.575939366278
