"","obs","bmi"
"1",0.358271210889536,28.690192637417
"2",0.329193107086634,28.2312134584503
"3",0.338651255866539,28.3478372168008
"4",0.314411655467523,28.0056920909884
"5",0.290417597482408,27.6637656350538
"6",0.240344316307578,27.001155937783
"7",0.31247509577505,27.9387060978991
"8",0.334420177981561,28.2830483967548
"9",0,25.6332843745661
