"","obs","bmi"
"1",0.357401949032659,28.7075911018125
"2",0.328270564777917,28.2468954333716
"3",0.339474059176417,28.4632834460014
"4",0.321704458473767,28.2190480338527
"5",0.306984306866855,27.9748855282286
"6",0.250116232859381,27.1012918973733
"7",0.312014762430743,27.9665812892865
"8",0.33832273434389,28.3164736779602
"9",0,25.6052315011773
