"","obs","bmi"
"1",0.366525329461139,28.7217043969401
"2",0.335558753895573,28.2527519345049
"3",0.353548696680245,28.4360830329549
"4",0.33888957384989,28.1506419653246
"5",0.32272870321839,27.8653884811277
"6",0.249258399696085,27.0955767999542
"7",0.308213022415122,27.8976603443876
"8",0.339693462194221,28.34601596075
"9",0,25.5871914757398
