"","obs","bmi"
"1",0.362943293821533,28.7368901745506
"2",0.33544956614959,28.2790281277409
"3",0.347177467900866,28.4295153292313
"4",0.327817296773193,28.1223998306927
"5",0.309402949798381,27.8155555773753
"6",0.243162990723952,27.0582743566655
"7",0.311797613916466,27.9510738564707
"8",0.329448137416269,28.198079606888
"9",0,25.5891528492612
