"","obs","bmi"
"1",0.357877833475689,28.696502983015
"2",0.328062194544408,28.2408754340768
"3",0.339104000575213,28.3806693931696
"4",0.317809756795706,28.0653701609414
"5",0.292784153369182,27.7506495077638
"6",0.246739045532228,27.0850574747824
"7",0.312300347763829,27.9727288619049
"8",0.332597030332765,28.2716451746749
"9",0,25.6167311572172
