"","obs","bmi"
"1",0.361752045723974,28.7253564611384
"2",0.330068596489817,28.2593511882534
"3",0.347846622789759,28.3744500352869
"4",0.331658762911143,28.023982728537
"5",0.319794771944074,27.6739842103953
"6",0.244431242609635,27.0629740506728
"7",0.313151902570468,27.9309836144131
"8",0.328965904134512,28.252859733551
"9",0,25.6153767177402
