"","obs","bmi"
"1",0.364189712170682,28.731482997208
"2",0.334184047990568,28.2699733483931
"3",0.351260238849164,28.5418984507872
"4",0.336677126153216,28.3523880470789
"5",0.320481509806559,28.1629531835977
"6",0.246088947558444,27.0954702184655
"7",0.308646180879753,27.9441224432583
"8",0.332962837103321,28.2789521383417
"9",0,25.6272536451421
