"","obs","bmi"
"1",0.360581362910446,28.7393605126471
"2",0.331908675495636,28.2776773853286
"3",0.342412172349528,28.3871040715456
"4",0.320281412255915,28.0354008759565
"5",0.295988680415757,27.6842970609289
"6",0.243536354353499,27.0263690865625
"7",0.308192590685068,27.9159355993566
"8",0.33634556438101,28.2953351413041
"9",0,25.5971117752328
