"","obs","bmi"
"1",0.363681535323599,28.7145726051257
"2",0.333293726609167,28.2551782295621
"3",0.341671036408212,28.4369306260503
"4",0.319816381909531,28.1593954411783
"5",0.295710771336516,27.8819698458995
"6",0.243269588530758,27.0562360527695
"7",0.305659576667928,27.8996380368361
"8",0.335904287815753,28.3264373580877
"9",0,25.5971028160509
