"","obs","bmi"
"1",0.35630947872272,28.6715314050673
"2",0.328325801798747,28.2197383784417
"3",0.340172332140926,28.3719646981474
"4",0.317818157383738,28.0725821120005
"5",0.298814050837612,27.7733901240488
"6",0.242656738784115,27.0393069653333
"7",0.310480583260033,27.9089722638861
"8",0.341674000409119,28.3811456313062
"9",0,25.5770274830949
