"","obs","bmi"
"1",0.354173073966015,28.7126897190807
"2",0.325997562544316,28.2500568923033
"3",0.340053400616579,28.5046143087674
"4",0.326149041494331,28.296613395219
"5",0.309825582785888,28.088688544541
"6",0.246558035585792,27.0697030255029
"7",0.310686596273196,27.9358688229966
"8",0.329264425253883,28.2395105547845
"9",0,25.6199855120994
