"","obs","bmi"
"1",0.368437764372925,28.7757913038732
"2",0.336765611406285,28.320823553678
"3",0.351891826411202,28.4546545688793
"4",0.33585750850365,28.1338161035473
"5",0.318643335497101,27.8132911298888
"6",0.248960514973375,27.130421614867
"7",0.304128430710686,27.8416220992123
"8",0.332879300869911,28.2816150431011
"9",0,25.6107989329107
