"","obs","bmi"
"1",0.362730557439654,28.6876641609227
"2",0.333083610718699,28.2308947842955
"3",0.347683005888095,28.4886543917127
"4",0.333692901096646,28.2897448716997
"5",0.315363118090706,28.0909386937537
"6",0.247547770396428,27.0810804727759
"7",0.309317003169719,27.8804968741976
"8",0.334769632468835,28.2739446144246
"9",0,25.5828416535937
