"","obs","bmi"
"1",0.366074240801142,28.7318164960508
"2",0.334243494562643,28.2746116823849
"3",0.346934816903412,28.3756928758839
"4",0.327463609674438,28.0198799687166
"5",0.308535704212314,27.6643927381273
"6",0.247637682332969,27.1258896209271
"7",0.309843099855331,27.9455666131698
"8",0.333529200088223,28.2862735912923
"9",0,25.5855765120313
