"","obs","bmi"
"1",0.356689551527147,28.7156222823273
"2",0.328760623752533,28.2594816382177
"3",0.342659162893252,28.455588837616
"4",0.326373479433922,28.1957414324535
"5",0.306041396271687,27.9360874351974
"6",0.245365286233799,27.1065197274992
"7",0.306626648669036,27.880111590412
"8",0.335531889179869,28.3062798529369
"9",0,25.5679044732637
