"","obs","bmi"
"1",0.359399236540017,28.6701831500714
"2",0.330055212451328,28.2142441000157
"3",0.343347805874488,28.4237268890537
"4",0.329180815253336,28.1774230942039
"5",0.311369239274246,27.9312772615752
"6",0.245373106055888,27.0682600219501
"7",0.313659397863885,27.9562634854448
"8",0.336160853551056,28.3056422804139
"9",0,25.5563284956819
