"","obs","bmi"
"1",0.362334316326554,28.7344620764355
"2",0.33454431482687,28.2811741273398
"3",0.351775404448245,28.459238281342
"4",0.338911514216045,28.1842008554439
"5",0.324829726174919,27.9093571514137
"6",0.245240721225565,27.092994152657
"7",0.309850148893138,27.9355727094287
"8",0.337386593152587,28.3302296436479
"9",0,25.6495344505031
