"","obs","bmi"
"1",0.36559801421936,28.7367849967244
"2",0.336549301586457,28.2760563548701
"3",0.347595856122267,28.4252010669926
"4",0.330057838607292,28.1138055298741
"5",0.312056951734546,27.8026057622371
"6",0.241625185514999,27.0449226373307
"7",0.307167922978475,27.8833713246254
"8",0.336377817537604,28.2852812503159
"9",0,25.5937868360452
