"","obs","bmi"
"1",0.359077535957258,28.6631326576952
"2",0.328994304312204,28.2090795568193
"3",0.340279179721183,28.317992406581
"4",0.318377070418591,27.9731025476074
"5",0.300132835122829,27.6284742245121
"6",0.246867798440875,27.1268386929267
"7",0.307710088763376,27.9184680589073
"8",0.331224987258635,28.2325061576431
"9",0,25.5679317374425
