"","obs","bmi"
"1",0.360100279274494,28.7150271499272
"2",0.332143423843464,28.254645071482
"3",0.342281503880232,28.3876200063301
"4",0.320274602219992,28.0606342950869
"5",0.298789933675512,27.7340984936012
"6",0.250262075052832,27.1044072216931
"7",0.308991359805455,27.9243260694454
"8",0.33211634553972,28.2476638767989
"9",0,25.5930964171932
