"","obs","bmi"
"1",0.361010071157448,28.7046762148645
"2",0.33151257980392,28.2458821502223
"3",0.348581157357264,28.4346034853482
"4",0.338201618654029,28.1648717204059
"5",0.327048438951785,27.8955018498167
"6",0.246940353205663,27.0885223455425
"7",0.304830943840814,27.8231868524214
"8",0.328006055368817,28.2191386093508
"9",0,25.5912189174103
