"","obs","bmi"
"1",0.361161610337404,28.7315619534695
"2",0.332066571606843,28.2694909720737
"3",0.340356051564133,28.3943412365732
"4",0.31640033765591,28.0572682578323
"5",0.30042732073785,27.7203489182336
"6",0.243798430788175,27.0586721534872
"7",0.3057193286565,27.8778425338019
"8",0.333261668410699,28.2730821834374
"9",0,25.655791655274
