"","obs","bmi"
"1",0.356377533380816,28.6748391926168
"2",0.326236134051869,28.2223289092069
"3",0.339635350197735,28.2969821830306
"4",0.321727521390951,27.9193988275678
"5",0.300433197623918,27.5421016821676
"6",0.23952683340194,27.0315874557289
"7",0.312147151375583,27.9595245157274
"8",0.331034138028783,28.2753472519634
"9",0,25.5725278045464
