"","obs","bmi"
"1",0.356706906961063,28.6477373098893
"2",0.327230513164597,28.1806761177253
"3",0.332860401146538,28.3021964003724
"4",0.302853163342814,27.9568566857545
"5",0.280301567518246,27.6117238965624
"6",0.239193238769329,27.0420551249969
"7",0.308721066207169,27.9314150414037
"8",0.337238618594408,28.3366775295119
"9",0,25.5807273475906
