"","obs","bmi"
"1",0.357312195566389,28.6812742049028
"2",0.327905436041104,28.2217634061086
"3",0.343522177777535,28.435039036856
"4",0.327816583891701,28.1888731353555
"5",0.311792024420201,27.9427776371893
"6",0.247865239017823,27.1308132670945
"7",0.303682849502558,27.8365519638395
"8",0.334576327436185,28.2464395758667
"9",0,25.5765096345219
