"","obs","bmi"
"1",0.360714836078793,28.7171639460614
"2",0.330716447912619,28.2627526848071
"3",0.341143406943613,28.4067996418243
"4",0.32082398268285,28.0966241344749
"5",0.29782176523338,27.7866434374649
"6",0.240808218655433,26.9979301924864
"7",0.305061772193276,27.9037249109497
"8",0.337582990874299,28.3227811179416
"9",0,25.5953297344469
