"","obs","bmi"
"1",0.35498139776833,28.668042560604
"2",0.32543305815764,28.2079465160844
"3",0.336077048849762,28.3955585477372
"4",0.315943723618713,28.1232296617025
"5",0.293968296335801,27.8510615414256
"6",0.247024034630464,27.0896414755056
"7",0.308246597140817,27.8675236139723
"8",0.329955791004821,28.2113351718168
"9",0,25.6213847971703
