"","obs","bmi"
"1",0.35948628392134,28.6947770883598
"2",0.331106492726256,28.2392226653516
"3",0.343736161352712,28.3807163532739
"4",0.327436621032448,28.0670916909585
"5",0.309857405323071,27.7539343242959
"6",0.245020747427531,27.0705381004605
"7",0.305890731138183,27.8698145489047
"8",0.33065477378369,28.248403387814
"9",0,25.5625768171426
