"","obs","bmi"
"1",0.366329239329292,28.743753073143
"2",0.338724429629685,28.2860736725746
"3",0.350739445463935,28.4952206454115
"4",0.335500817563547,28.2468025294396
"5",0.31515082820341,27.9985014497756
"6",0.243823536963719,27.083925194742
"7",0.305685526849215,27.8937405276704
"8",0.332004841843213,28.2123600704956
"9",0,25.5707710892998
