"","obs","bmi"
"1",0.36420145828979,28.7360017124228
"2",0.334879458509894,28.2807220666605
"3",0.344062160899082,28.3958621879967
"4",0.322788983918505,28.0559345381031
"5",0.297837316899888,27.7162257003391
"6",0.24669943719455,27.0737868619953
"7",0.300789417585017,27.8508674613599
"8",0.336213254830409,28.3340940450226
"9",0,25.6243054778155
