"","obs","bmi"
"1",0.359296190195981,28.7325857391923
"2",0.329944685856564,28.267375237775
"3",0.329149707435017,28.3331979131731
"4",0.297015857254002,27.9340092400179
"5",0.270062151980493,27.5350223520381
"6",0.245602253395995,27.0954669257816
"7",0.307437027319251,27.9116331507727
"8",0.330477945571757,28.2629506253085
"9",0,25.610493184045
