"","obs","bmi"
"1",0.355853997736507,28.6454803813282
"2",0.32776035531698,28.1964122539556
"3",0.341183539718408,28.2866037764781
"4",0.323403052224656,27.928247780003
"5",0.303469145166093,27.5704500050624
"6",0.243357533075157,27.0399475322793
"7",0.313026144539228,27.9784879053497
"8",0.337033789417963,28.3319845542636
"9",0,25.5708967350429
