"","obs","bmi"
"1",0.35690153710674,28.6841731052882
"2",0.329437211254022,28.2280253826942
"3",0.350000788816951,28.4713467471937
"4",0.340751527443968,28.2586449385783
"5",0.331055334774453,28.0460716726773
"6",0.246465428160889,27.1323679454166
"7",0.305642132999901,27.9072487145516
"8",0.330423752547747,28.247657557628
"9",0,25.5795207699623
