"","obs","bmi"
"1",0.36639421668827,28.768119857706
"2",0.336289951975233,28.3074091426888
"3",0.349865669819839,28.4720417554497
"4",0.332845784861154,28.176219235387
"5",0.310315218196343,27.8806647648945
"6",0.242096064772066,27.0647475757102
"7",0.303700337009963,27.8711690855797
"8",0.327928490532909,28.2399839848045
"9",0,25.5957533074929
