"","obs","bmi"
"1",0.356425619393479,28.6696186601177
"2",0.325832419389997,28.210058566079
"3",0.338096239025256,28.3711102791302
"4",0.318040213116164,28.0727085298817
"5",0.298667630153585,27.7744152447402
"6",0.244731243805592,27.0523315238666
"7",0.30851991096769,27.9276872180649
"8",0.335723020476592,28.3205686467006
"9",0,25.6205124015919
