"","obs","bmi"
"1",0.36105813620457,28.7180409199463
"2",0.331164987262893,28.2601223365333
"3",0.344935844901978,28.437638700567
"4",0.329036491144324,28.1573851224645
"5",0.31089908340144,27.8772843738404
"6",0.244294890979078,27.0630953308868
"7",0.306419187332425,27.9132540078768
"8",0.338893990321572,28.322276234368
"9",0,25.6263616134285
