"","obs","bmi"
"1",0.356186802444792,28.6588237859489
"2",0.328150644905886,28.1956922765346
"3",0.339246165764796,28.3543893626168
"4",0.319654269226963,28.0502820074116
"5",0.299305078361298,27.7465219994916
"6",0.244450104285057,27.103422816239
"7",0.309288301207302,27.915791038226
"8",0.334091857624047,28.2655601082191
"9",0,25.6004308302924
