"","obs","bmi"
"1",0.361432574985042,28.698598312302
"2",0.332044580932886,28.2455740539304
"3",0.339843559599476,28.3473579284276
"4",0.312130543048319,27.9965214126231
"5",0.286969859267274,27.6461144622895
"6",0.244307045839957,27.0813756338031
"7",0.304826339321601,27.8308896331343
"8",0.332453585497829,28.2477326205251
"9",0,25.5966474409579
