"","obs","bmi"
"1",0.363710179802358,28.6958664263047
"2",0.335202581242934,28.2403180300796
"3",0.343476452215833,28.3598604573652
"4",0.320327018166321,28.024116082293
"5",0.295060279543977,27.6886443246374
"6",0.244580301692699,27.0518578818067
"7",0.305453852608315,27.8601100917551
"8",0.341512268865528,28.3338312243655
"9",0,25.5844650910851
