"","obs","bmi"
"1",0.350212185640177,28.622187846993
"2",0.322570082178051,28.1738703801278
"3",0.32540379339573,28.2206128546998
"4",0.294780230031971,27.8194546343563
"5",0.269342024061809,27.4187374342689
"6",0.248758164490439,27.0729399290201
"7",0.308353439929307,27.9125627609032
"8",0.329199951548753,28.2232207591538
"9",0,25.5689351446923
