"","obs","bmi"
"1",0.358588512225694,28.6820402352443
"2",0.3302935501909,28.2246607330049
"3",0.33531881972694,28.2867719284547
"4",0.310530253471596,27.8917480968325
"5",0.284739773618415,27.4969785284695
"6",0.238598997591677,27.0036182171449
"7",0.306267479780163,27.8973306987719
"8",0.328035330031665,28.2412541980971
"9",0,25.5829905995977
