"","obs","bmi"
"1",0.357332409166168,28.6804101717026
"2",0.326850819864718,28.2165248072463
"3",0.340507509629327,28.418051731979
"4",0.324891277571792,28.1558830635034
"5",0.306535232834128,27.8939118666651
"6",0.241627485073733,27.0362938028874
"7",0.305538830070928,27.887815193814
"8",0.337450366720859,28.3373866175025
"9",0,25.6038717973854
