"","obs","bmi"
"1",0.360019597948214,28.6684772619987
"2",0.329993631396096,28.2110293061043
"3",0.347692005011061,28.431222649306
"4",0.334822951972809,28.1941300088527
"5",0.320425142129481,27.9572054701594
"6",0.24480957340437,27.0486578917958
"7",0.303486608481207,27.8836522753492
"8",0.333184785285588,28.2684343149491
"9",0,25.5886408557932
