"","obs","bmi"
"1",0.359398020229907,28.6943983123567
"2",0.329726407735982,28.238842052898
"3",0.33337016753129,28.3225779456906
"4",0.301570023262379,27.9509123976941
"5",0.273526374757221,27.5794050505857
"6",0.245762635164397,27.1139280862314
"7",0.307629894560651,27.8976228965344
"8",0.333277824127479,28.2726673327962
"9",0,25.5745210019634
