"","obs","bmi"
"1",0.35204959911613,28.6232573519825
"2",0.321624133865638,28.1638429981717
"3",0.337780636395096,28.3812511248265
"4",0.32391141212802,28.1394410903117
"5",0.308382390690602,27.8978355952927
"6",0.243058446704227,27.0683249107584
"7",0.309920718276393,27.9295455699336
"8",0.332713518625737,28.2806431949156
"9",0,25.5715969208516
