"","obs","bmi"
"1",0.360740149454419,28.7104423766744
"2",0.330936825062569,28.2442240881465
"3",0.347913491164218,28.3868269707662
"4",0.332802278323835,28.0634161144329
"5",0.317124697327222,27.7402192779789
"6",0.238939319807968,27.0083518071327
"7",0.308444242162509,27.9300581896768
"8",0.339378260279015,28.3296153337312
"9",0,25.5766595742607
