"","obs","bmi"
"1",0.354203064542626,28.6750941251794
"2",0.325546154768185,28.2220522963986
"3",0.334194630158977,28.3743240964178
"4",0.313422590899302,28.0737080349797
"5",0.292898907898859,27.7732544097369
"6",0.241777704621892,27.088143279224
"7",0.306331524397345,27.9078692161645
"8",0.3370552238571,28.3115503844258
"9",0,25.6275278348162
