"","obs","bmi"
"1",0.362619376749473,28.6690324659919
"2",0.331492387573225,28.2053643196947
"3",0.348973844318555,28.3464522197658
"4",0.333119687984807,28.0241389683746
"5",0.316384080725894,27.7021072206543
"6",0.23607465450886,27.0050721778462
"7",0.308662048647869,27.9527453276961
"8",0.334652300417163,28.2426262384109
"9",0,25.5585960707084
