"","obs","bmi"
"1",0.365187879217416,28.77368075302
"2",0.337889444953131,28.3137102016313
"3",0.349866936630568,28.4914096396687
"4",0.331052341508292,28.2093531875736
"5",0.312943708077351,27.9275203861379
"6",0.242857780031511,27.0218391977366
"7",0.314765612857999,27.9983753771499
"8",0.331223124167181,28.2874400131916
"9",0,25.620060071517
