"","obs","bmi"
"1",0.358385017277156,28.7211897107888
"2",0.33036818693959,28.2665133083722
"3",0.34670082018776,28.4746795010915
"4",0.334424393596116,28.2283590019968
"5",0.319604726732024,27.9822357074637
"6",0.247794167142989,27.1102883347999
"7",0.309534242468192,27.9125579657391
"8",0.337647964589462,28.298196363515
"9",0,25.6072097084721
