"","obs","bmi"
"1",0.360460500855885,28.6707194553569
"2",0.329772954259765,28.2140512821269
"3",0.343793805761093,28.430582482202
"4",0.323832626242311,28.190513801461
"5",0.304650570192329,27.9505146046856
"6",0.242063239894588,27.0690660675301
"7",0.297282841892867,27.8302906813072
"8",0.337108592338905,28.2730549049937
"9",0,25.5529093534875
