"","obs","bmi"
"1",0.359933167629697,28.6610166666316
"2",0.330348578840116,28.1982001447314
"3",0.340195329888205,28.3160411883213
"4",0.317850570294667,27.9713935356248
"5",0.294560390929496,27.6270911380939
"6",0.244385049606986,27.0666195372886
"7",0.307647883095099,27.9093632514173
"8",0.332562355284637,28.2629512784756
"9",0,25.5857691335098
