"","obs","bmi"
"1",0.359277660117062,28.6941940332787
"2",0.328404024793805,28.2328615474723
"3",0.330524105717443,28.2891500904498
"4",0.301420085462101,27.8844358831642
"5",0.274761579607361,27.4800685421802
"6",0.244439419617078,27.0678304684251
"7",0.309806023963853,27.903446681181
"8",0.332620525410202,28.2834552018959
"9",0,25.6000611996211
