"","obs","bmi"
"1",0.363425612839714,28.7097183660933
"2",0.334026062882157,28.2429625507319
"3",0.346144586902919,28.3693450919629
"4",0.326134422342847,28.029184442084
"5",0.308548086841138,27.6892447709832
"6",0.246854402015024,27.054309996321
"7",0.300226654381187,27.8408566390547
"8",0.335722684862932,28.3301165025846
"9",0,25.5777114290228
