"","obs","bmi"
"1",0.36114910828625,28.6930085123165
"2",0.331338280662635,28.2280059482985
"3",0.337070448786226,28.3506472458384
"4",0.307810684271086,28.0084434705868
"5",0.280365378169185,27.66640083987
"6",0.2458054726277,27.094128777901
"7",0.313406384131422,27.9887859171192
"8",0.333052586159529,28.2238561048577
"9",0,25.6096907749936
