"","obs","bmi"
"1",0.357475197215668,28.6506401398064
"2",0.327688122294413,28.183671174022
"3",0.336162404560212,28.2992180240196
"4",0.312344475156265,27.9480732713711
"5",0.289653862471354,27.5972183343187
"6",0.24905836040651,27.1430947244476
"7",0.304589273443491,27.8842444195757
"8",0.336502495938471,28.3073828277383
"9",0,25.5858788988526
