"","obs","bmi"
"1",0.354434782349859,28.628465313779
"2",0.325052038866005,28.1782361208858
"3",0.340821025801824,28.2778003161466
"4",0.323065338694531,27.9273693759564
"5",0.306890738947873,27.5771825684695
"6",0.243797760112186,27.0251901851921
"7",0.305130641021534,27.8496201118524
"8",0.333838690121802,28.2776567691738
"9",0,25.5300777840046
