"","obs","bmi"
"1",0.372729995117138,28.8117962313862
"2",0.34239648515974,28.3540427467648
"3",0.34391953368806,28.4498093148344
"4",0.317107031785957,28.0879527755921
"5",0.292488394907943,27.7262292218507
"6",0.239377347570082,27.0078989630237
"7",0.302678121633995,27.8544878802578
"8",0.325614512402453,28.2199129883668
"9",0,25.5985517167682
