"","obs","bmi"
"1",0.359196514515876,28.7112177289103
"2",0.330396741596396,28.252847673203
"3",0.349103960731418,28.4227531670587
"4",0.336773004832445,28.1344433948268
"5",0.32431451225975,27.8462950635899
"6",0.249778562467972,27.109443434644
"7",0.309384298400023,27.9262380304441
"8",0.332677068311663,28.243562455812
"9",0,25.5957378973051
