"","obs","bmi"
"1",0.362293420971608,28.7492497598623
"2",0.334735326548358,28.2872484484337
"3",0.343460242919162,28.4497405852951
"4",0.321333348652659,28.1503525360436
"5",0.299180098866774,27.851088866538
"6",0.248110662746907,27.1372944215046
"7",0.306954463687665,27.9026577634871
"8",0.334443585454996,28.2454572249669
"9",0,25.5935580530336
