"","obs","bmi"
"1",0.362052202147352,28.7791391493316
"2",0.333398561158539,28.3199782785307
"3",0.345275842794614,28.4394335948056
"4",0.327047125282022,28.0999399171445
"5",0.308009051492074,27.7606708045829
"6",0.24764326196177,27.0959177863515
"7",0.307208246359401,27.8993231076745
"8",0.33519812504708,28.2555893911995
"9",0,25.6289427757461
