"","obs","bmi"
"1",0.3648350849431,28.7397745293954
"2",0.332463548963492,28.288880174821
"3",0.349644841753859,28.4584809310189
"4",0.334552791495973,28.1774598405259
"5",0.318823322377236,27.8967248567515
"6",0.249358805816827,27.1063524182977
"7",0.304334142045246,27.8471514518314
"8",0.334625552635627,28.2815945151413
"9",0,25.5964218333595
