"","obs","bmi"
"1",0.366246399185683,28.7722829121963
"2",0.337440095365535,28.3065440231956
"3",0.351210037663852,28.5457295649021
"4",0.335450386899678,28.319276419309
"5",0.317697854185856,28.0929260050389
"6",0.242408531922561,27.0322618685013
"7",0.308981669489273,27.8759561880365
"8",0.343145827478013,28.3873905121633
"9",0,25.6042887804957
