"","obs","bmi"
"1",0.358504879804333,28.6951176632013
"2",0.328759173637132,28.2350845526513
"3",0.339331836958308,28.3734923423092
"4",0.31512215571623,28.0520785373836
"5",0.294286481610516,27.73088198992
"6",0.243233764036941,27.0394757856373
"7",0.30718407485375,27.9211251395137
"8",0.324631704704092,28.18347901478
"9",0,25.6226895612336
