"","obs","bmi"
"1",0.361120683841966,28.7034706853659
"2",0.331428363077914,28.2414664905833
"3",0.348480518208088,28.4765196901844
"4",0.333873842717869,28.2498464078175
"5",0.317580051365463,28.0234683371221
"6",0.245969035390364,27.0711657008836
"7",0.310455429251006,27.9183158592228
"8",0.332286732494174,28.2016940799956
"9",0,25.5573536941619
