"","obs","bmi"
"1",0.35690153710674,28.6841731052882
"2",0.328767744932328,28.2285077916285
"3",0.340486374896579,28.3543500857617
"4",0.323524409681822,28.0248339992784
"5",0.304079256276185,27.6956417767285
"6",0.246465428160889,27.1323679454166
"7",0.305642132999901,27.9072487145516
"8",0.330423752547747,28.247657557628
"9",0,25.5795207699623
