"","obs","bmi"
"1",0.356547504430474,28.6606585721469
"2",0.326759564871095,28.1972097646344
"3",0.336523613615245,28.3444438045686
"4",0.314947742640408,28.0283969999583
"5",0.29024754781466,27.7125240515675
"6",0.240558517887347,27.0202908316955
"7",0.304062969749891,27.8564424781413
"8",0.334679142294842,28.2720315511449
"9",0,25.6380517786065
