"","obs","bmi"
"1",0.356648098995502,28.6895874235733
"2",0.328264655296285,28.2293242756633
"3",0.338125460824405,28.3798062450628
"4",0.316323172283109,28.0701755075811
"5",0.292912569689035,27.7607021996618
"6",0.254137637263978,27.1874012071339
"7",0.309763992959996,27.9035903436712
"8",0.331856362801512,28.2165796661667
"9",0,25.5700862466759
