"","obs","bmi"
"1",0.360449422523583,28.6936909039406
"2",0.330655401025422,28.2391098640541
"3",0.35346892348219,28.4492063145304
"4",0.345239156465395,28.2048769952867
"5",0.337639435955241,27.9607082716242
"6",0.246727675164483,27.0889700527785
"7",0.309005251166039,27.9047088760138
"8",0.335310841055187,28.2959591635829
"9",0,25.5758643805621
