"","obs","bmi"
"1",0.351809563037983,28.6496306808472
"2",0.323714418506285,28.1915423054391
"3",0.331249637576219,28.363393486436
"4",0.309521112922291,28.0772442797038
"5",0.292440711331406,27.7911845659776
"6",0.24763563291659,27.064869896583
"7",0.312190069839248,27.9397817815806
"8",0.327214914728404,28.2204058651834
"9",0,25.594322971402
