"","obs","bmi"
"1",0.360106702339757,28.6760042963725
"2",0.327602651020273,28.2208348192437
"3",0.337688718185699,28.2957721947872
"4",0.312525773699295,27.9158237774126
"5",0.285420348200745,27.5361724157976
"6",0.245779213979683,27.0773684811042
"7",0.304488482244905,27.8167525818695
"8",0.325379279609047,28.1838403658923
"9",0,25.5350203372645
