"","obs","bmi"
"1",0.363598845684397,28.7799721859808
"2",0.335629704782352,28.3266824868629
"3",0.346854281199396,28.513892616822
"4",0.331371750175795,28.2479729235958
"5",0.314794465477489,27.9822187887254
"6",0.243721051930892,27.0617303315602
"7",0.30650841165302,27.8660015959655
"8",0.3349229593397,28.3000993347736
"9",0,25.6588997593726
