"","obs","bmi"
"1",0.355152807328888,28.6766734623694
"2",0.326907803606451,28.2121949354994
"3",0.332770398994265,28.3842472194917
"4",0.307744333764154,28.0918914411713
"5",0.281090683069509,27.7996071295653
"6",0.246222475976654,27.0892795495865
"7",0.308455716715023,27.9012160701753
"8",0.3330304147432,28.2722675877543
"9",0,25.5733450533483
