"","obs","bmi"
"1",0.354680102932076,28.6613539574668
"2",0.325174389143485,28.2045070535735
"3",0.334252098271232,28.3122262102004
"4",0.313731849698741,27.9635475693351
"5",0.290363732759636,27.6153499441245
"6",0.250361952065649,27.1344493140943
"7",0.304568170637604,27.878897766712
"8",0.328143738913349,28.1943019439188
"9",0,25.621505553401
