"","obs","bmi"
"1",0.360112035948633,28.7217223751681
"2",0.33186892044657,28.2695508749943
"3",0.343438547701535,28.3824112798372
"4",0.324500821433541,28.0434229148021
"5",0.305348602986443,27.7047749744714
"6",0.241946991314521,27.0089781169727
"7",0.30665479380577,27.878582567255
"8",0.332775326654252,28.2629316229379
"9",0,25.6123222656881
