"","obs","bmi"
"1",0.359637416843493,28.7032474429862
"2",0.331872381444705,28.2502971141141
"3",0.342512900055329,28.3444719930215
"4",0.322574724008276,27.9860192815492
"5",0.300910064547373,27.6279066219954
"6",0.24266249395217,27.0517385097937
"7",0.305743837685657,27.8881821358528
"8",0.336502214507011,28.3147227050472
"9",0,25.5946267950825
