"","obs","bmi"
"1",0.358972228383336,28.7146177289332
"2",0.329762065062946,28.2503550755079
"3",0.334770048032893,28.338057807499
"4",0.306271574842405,27.9617115053063
"5",0.277502161168837,27.5855859944855
"6",0.242489847467825,27.0850526554691
"7",0.307883237163636,27.9319549923278
"8",0.333891464938401,28.2615868165623
"9",0,25.5812449923897
