"","obs","bmi"
"1",0.363024677694824,28.6875107178896
"2",0.334041547957562,28.2345640958523
"3",0.345291441324841,28.4421787569791
"4",0.330407739053957,28.1970224242772
"5",0.313813109254751,27.9520490535995
"6",0.242244030069027,27.0625597787745
"7",0.311562735392586,27.9011258969326
"8",0.33320961296558,28.290737675833
"9",0,25.5574027534495
