"","obs","bmi"
"1",0.35931924902134,28.7350532267793
"2",0.329165704164187,28.2720154905553
"3",0.345189680450521,28.4807452585208
"4",0.332188339753043,28.2266323672778
"5",0.319873269829866,27.9727229789335
"6",0.245512806539518,27.1055921561392
"7",0.308487828833567,27.9399429417453
"8",0.330268665268554,28.2640412749982
"9",0,25.6356134437905
