"","obs","bmi"
"1",0.364860978567444,28.7652244128306
"2",0.336578143007522,28.3086702480474
"3",0.341208308338825,28.3829267271991
"4",0.315458804630125,28.0008066305401
"5",0.292954196213501,27.6188703640013
"6",0.248078753238969,27.0696058992028
"7",0.30309239726159,27.8536990859719
"8",0.332295321925234,28.2857419756867
"9",0,25.6004098553305
