"","obs","bmi"
"1",0.358427449139241,28.6935496088977
"2",0.332284229956991,28.2453248150285
"3",0.337199489563276,28.3980986152946
"4",0.315454913348574,28.1027245991075
"5",0.289840076203654,27.8074286005316
"6",0.242973746184497,27.0510018797024
"7",0.308407221160358,27.8791781280442
"8",0.334505191798968,28.3222051740205
"9",0,25.650854279716
