"","obs","bmi"
"1",0.364902770197592,28.6869513816139
"2",0.334447822301296,28.2218998094678
"3",0.338188979413567,28.3149643002674
"4",0.30533944309143,27.9433149232835
"5",0.277106881815904,27.5720208495135
"6",0.240444778829243,27.0306305440584
"7",0.309554461168156,27.9774917904207
"8",0.333778558224172,28.2822118610484
"9",0,25.5379815456252
