"","obs","bmi"
"1",0.36234091988827,28.7016543147569
"2",0.329204637977294,28.2485758338346
"3",0.339645023273299,28.453356851846
"4",0.31669961635321,28.2051218246461
"5",0.293456087834954,27.9569501348632
"6",0.242916089778128,27.0993536588459
"7",0.308364229336486,27.9136105130972
"8",0.335621668821444,28.3374650733289
"9",0,25.6071423336176
