"","obs","bmi"
"1",0.363700910933376,28.6945755837715
"2",0.332028246286007,28.2380261837343
"3",0.339716699942327,28.3120301465952
"4",0.313940170936679,27.9298371522808
"5",0.289416250334558,27.5480153327179
"6",0.245017443164026,27.0392015565295
"7",0.306389027465735,27.9357312205607
"8",0.337890038206985,28.3351191427677
"9",0,25.574707328256
