"","obs","bmi"
"1",0.362492868573162,28.6777271714047
"2",0.332800296676521,28.2194695556209
"3",0.336305943423322,28.3719118179569
"4",0.304265931885851,28.0662010620349
"5",0.275316208843918,27.7605980482543
"6",0.253938664867498,27.1754323848121
"7",0.311207365388999,27.8999222358672
"8",0.334797570896179,28.264902170055
"9",0,25.5672897040198
