"","obs","bmi"
"1",0.357937822726382,28.7165152478965
"2",0.328861752420603,28.2564365420011
"3",0.345459424627477,28.4569002225413
"4",0.32975178893076,28.1976264697689
"5",0.31582170230652,27.9387174410853
"6",0.241598258881217,27.0281093892787
"7",0.305512531572774,27.8576119938727
"8",0.334517557562336,28.2562073594651
"9",0,25.5765141461904
