"","obs","bmi"
"1",0.356320851619316,28.6594285857287
"2",0.328503176208262,28.2028171173178
"3",0.337895182797669,28.3542740211742
"4",0.316196398239186,28.0492476229971
"5",0.295776312837806,27.7443540820869
"6",0.247275422555658,27.1239233095474
"7",0.302252545688517,27.8442593195415
"8",0.341689477160337,28.3351417991511
"9",0,25.6104139389485
