"","obs","bmi"
"1",0.359337046973217,28.7296239316014
"2",0.329473248922551,28.2605587085881
"3",0.341047632148706,28.4898208747014
"4",0.323082500185285,28.2500940741508
"5",0.307244110694261,28.0104460123478
"6",0.244012811197571,27.0122112760284
"7",0.309895916870994,27.8998091780074
"8",0.335126975974236,28.2528788669122
"9",0,25.6418200261699
