"","obs","bmi"
"1",0.361644277368104,28.7171388481526
"2",0.329176250061769,28.253969789614
"3",0.346217642419696,28.4642534597265
"4",0.330635141153122,28.2114936705096
"5",0.313672852756823,27.9588634666469
"6",0.240472384711867,27.0386312534623
"7",0.305843269983559,27.8585728489145
"8",0.336630949099397,28.265291436269
"9",0,25.5702072100921
