"","obs","bmi"
"1",0.366131973882937,28.7051891430525
"2",0.337093914352983,28.2449770334964
"3",0.351152670721065,28.3527973047234
"4",0.335497486287277,28.0006976065812
"5",0.318396918824092,27.6489035355555
"6",0.240662806264641,27.0201052052492
"7",0.306162028550586,27.913514769053
"8",0.336301123295006,28.269954728868
"9",0,25.5470082559098
