"","obs","bmi"
"1",0.358272429255612,28.6210717242288
"2",0.328963123702116,28.168165467744
"3",0.33775928209618,28.2733465047912
"4",0.314204511567223,27.9258255221461
"5",0.290986979763562,27.5785179145534
"6",0.243672170450504,27.0532977965605
"7",0.308714476048851,27.9035481740348
"8",0.337615042803237,28.303718000203
"9",0,25.5461167964644
