"","obs","bmi"
"1",0.355725687725572,28.6671032305408
"2",0.325769371209513,28.2086650240689
"3",0.333409371874484,28.2660801821792
"4",0.312713698497438,27.865484188486
"5",0.290731088911925,27.465341752687
"6",0.246055741795378,27.1113546453589
"7",0.30656553192923,27.9031374260616
"8",0.330354608722236,28.281017602701
"9",0,25.6152533531832
