"","obs","bmi"
"1",0.362190125904472,28.6895837791484
"2",0.331746480870788,28.2190386694603
"3",0.346339547493212,28.3863684824365
"4",0.330329552211308,28.0833965793298
"5",0.313279105524423,27.7806790990895
"6",0.242440334757048,27.0358416292755
"7",0.313109609486933,27.9732511240624
"8",0.335923190438369,28.2960923370641
"9",0,25.6056953343662
