"","obs","bmi"
"1",0.365006220801888,28.7963897951823
"2",0.336395618114725,28.3387869257523
"3",0.340357113580129,28.4025609538333
"4",0.31000796593177,28.0089162327733
"5",0.278690287259732,27.6154622785304
"6",0.243095535125695,27.0857392767404
"7",0.306274714097404,27.9194200354715
"8",0.335879712778077,28.3293919724676
"9",0,25.655666265962
