"","obs","bmi"
"1",0.359223014743797,28.7305194852684
"2",0.329906127444139,28.2684856988582
"3",0.342284832004562,28.4755875880519
"4",0.323624496387088,28.2207247484422
"5",0.304374501990052,27.9659319663152
"6",0.235707997056751,26.9726332049574
"7",0.307086671609797,27.8966297501992
"8",0.336106390125743,28.2709978060669
"9",0,25.6210432877789
