"","obs","bmi"
"1",0.359221087372316,28.7212694436871
"2",0.331270379125007,28.2648639675822
"3",0.342044197974119,28.3957881075983
"4",0.325156121143499,28.0705506518187
"5",0.308301892478488,27.745567759342
"6",0.241570085508787,27.0502217592747
"7",0.308257906654107,27.9127948105063
"8",0.340519210910971,28.346804259091
"9",0,25.6605401014868
