"","obs","bmi"
"1",0.362061780035388,28.7196149264554
"2",0.331834188977085,28.2546979456425
"3",0.355133178340249,28.4450894705084
"4",0.34477680950325,28.1708540963548
"5",0.336799880829461,27.8969227738215
"6",0.238955738422171,27.0066896544461
"7",0.315328523459373,27.9935876099431
"8",0.332426613761936,28.2993805852004
"9",0,25.5737396931707
