"","obs","bmi"
"1",0.358356557312791,28.7065908414643
"2",0.33015667678313,28.2505534639546
"3",0.344918869167391,28.413440128644
"4",0.3314364136094,28.1205109886567
"5",0.312607905992725,27.8278153478483
"6",0.24266845311137,27.0496844348033
"7",0.309884948235573,27.9150126550146
"8",0.333556981268087,28.3227935519462
"9",0,25.576922465606
