"","obs","bmi"
"1",0.361487355148552,28.6982854680078
"2",0.330868905300312,28.2423596744622
"3",0.332016403280067,28.3974242942165
"4",0.302482918551535,28.0966149231422
"5",0.27040445017531,27.7958572102403
"6",0.243498221066632,27.071310279918
"7",0.308794517021885,27.9119744594116
"8",0.337009734500642,28.3053882228199
"9",0,25.5847435897228
