"","obs","bmi"
"1",0.363230144662368,28.7594566387739
"2",0.331773398853367,28.3046485143624
"3",0.352633377035668,28.5765425300826
"4",0.341094783938774,28.3936795617671
"5",0.333034917016377,28.2108686041933
"6",0.249666310346598,27.1325417544616
"7",0.308439196857184,27.9426339459672
"8",0.333907595991664,28.3302824273289
"9",0,25.6666612357884
