"","obs","bmi"
"1",0.355141689565258,28.6404677942264
"2",0.327711313543354,28.1929570567115
"3",0.336154984112263,28.2637019160211
"4",0.312190863053173,27.8871908773575
"5",0.28897433432319,27.5109469092902
"6",0.24117747242333,27.07698127856
"7",0.309408396060642,27.8810340686867
"8",0.329068445481311,28.2501894705293
"9",0,25.5911723116576
