"","obs","bmi"
"1",0.355853997736507,28.6454803813282
"2",0.328721793481473,28.194570029012
"3",0.341516561605815,28.3181096686475
"4",0.325007704172503,27.9909249908467
"5",0.306539882070509,27.6639330251898
"6",0.243357533075157,27.0399475322793
"7",0.313026144539228,27.9784879053497
"8",0.337033789417963,28.3319845542636
"9",0,25.5708967350429
