"","obs","bmi"
"1",0.35447211176894,28.6898091096544
"2",0.326921654711986,28.2304521122012
"3",0.331614715000073,28.3877582614441
"4",0.302111402506703,28.0859191325075
"5",0.273346191279193,27.7843004431455
"6",0.245605365015449,27.084236962214
"7",0.313681747011155,27.9356510584048
"8",0.332275939821437,28.2445340716004
"9",0,25.608042975201
