"","obs","bmi"
"1",0.354782282230967,28.6845300662724
"2",0.324305989148991,28.2229392740139
"3",0.339950252564116,28.380563362744
"4",0.323790575161785,28.0768674565926
"5",0.305525888437089,27.7734562339207
"6",0.247589757447024,27.0708022581601
"7",0.306378822611493,27.8569504136134
"8",0.333300481708618,28.2448231330704
"9",0,25.622838712494
