"","obs","bmi"
"1",0.36061107371786,28.7075838185693
"2",0.329587027125973,28.2549094448324
"3",0.331570971216687,28.3917333795317
"4",0.304144276421387,28.0760299884447
"5",0.276567952536289,27.7604746584014
"6",0.249729550060339,27.121892748547
"7",0.310188408370287,27.9101650499546
"8",0.332016692590768,28.289605277337
"9",0,25.625815574981
