"","obs","bmi"
"1",0.362298907797184,28.6961533193657
"2",0.332359929052407,28.2351146850589
"3",0.337487399780415,28.3254231890947
"4",0.311727506492765,27.9549311876373
"5",0.29069270544337,27.5846869248948
"6",0.24739823141559,27.0794923973913
"7",0.312581777186991,27.9662839032749
"8",0.342696316413408,28.3755985757702
"9",0,25.5691331130315
