"","obs","bmi"
"1",0.359515527088286,28.7118933901653
"2",0.330511469328295,28.2512654216192
"3",0.340292673069076,28.3728419687122
"4",0.322103795445571,28.0341783621461
"5",0.302725155427969,27.6959267886339
"6",0.252847139289785,27.1253761306691
"7",0.307114091097023,27.9096142553675
"8",0.335436805625827,28.2854204564134
"9",0,25.626730937442
