"","obs","bmi"
"1",0.359352345871018,28.6661247992002
"2",0.327911122611691,28.200615197444
"3",0.346089660376272,28.4658754389776
"4",0.330029144337379,28.2657235285214
"5",0.315152318498256,28.065671637651
"6",0.239225724823586,27.0200988947693
"7",0.307611322267957,27.8507575323925
"8",0.33074057476431,28.2617721479877
"9",0,25.525421061278
