"","obs","bmi"
"1",0.356547504430474,28.6606585721469
"2",0.326513281019549,28.190573096366
"3",0.33712705406735,28.3414885809706
"4",0.315441922558161,28.0224686113236
"5",0.291850672177372,27.7036024658666
"6",0.240558517887347,27.0202908316955
"7",0.304062969749891,27.8564424781413
"8",0.334679142294842,28.2720315511449
"9",0,25.6380517786065
