"","obs","bmi"
"1",0.358494594424155,28.6636288768535
"2",0.328374627688398,28.2100879482068
"3",0.340191680161828,28.2912093301554
"4",0.321871244374591,27.9190087490234
"5",0.302291894527055,27.5470362468194
"6",0.250500384019447,27.0959846741442
"7",0.300991552666544,27.8848364985083
"8",0.334670920028188,28.2731710507386
"9",0,25.6051221423505
