"","obs","bmi"
"1",0.359942274589823,28.6994564485627
"2",0.329156659550726,28.2346153296859
"3",0.334335120387154,28.4240231820935
"4",0.307696624406332,28.1486357777038
"5",0.281238053421741,27.8732942258833
"6",0.243091736131406,27.0869138438129
"7",0.307560984782837,27.9040659970574
"8",0.329907555615101,28.2148323967502
"9",0,25.6090600890157
