"","obs","bmi"
"1",0.364996767606999,28.774738004014
"2",0.334931614562444,28.313224683516
"3",0.340290447761496,28.4308178010575
"4",0.31226912574465,28.087080189854
"5",0.287248872855441,27.7435312594216
"6",0.241010190535616,27.0611321845231
"7",0.313376504393509,27.9672860276708
"8",0.329643739892443,28.263949577377
"9",0,25.6400520881077
