"","obs","bmi"
"1",0.362689221716097,28.7413723320363
"2",0.333890864671817,28.2920248896677
"3",0.348231005718661,28.4333915435402
"4",0.337059045826911,28.1255976164523
"5",0.321133260571864,27.8180001060808
"6",0.245101874891107,27.09985137276
"7",0.311873284759231,27.9375620028622
"8",0.329107385568521,28.237458273308
"9",0,25.6291976560502
