"","obs","bmi"
"1",0.354522889917741,28.6155705593211
"2",0.325528947721901,28.1539999994268
"3",0.342637678756696,28.3306489916656
"4",0.329765316595836,28.0458751539441
"5",0.319418964877914,27.7612540255807
"6",0.243246259996474,27.1264563205617
"7",0.306777750688286,27.8805629123836
"8",0.334735517673547,28.2866765964716
"9",0,25.5780665977007
