"","obs","bmi"
"1",0.364865696365103,28.7323321467343
"2",0.336963003420759,28.2792419752137
"3",0.346029004235504,28.4259355800107
"4",0.327984553790075,28.1197804288601
"5",0.310877427452712,27.813877359134
"6",0.242241671848571,27.0419897743005
"7",0.308508082732143,27.897361188272
"8",0.333152054350212,28.2952332745114
"9",0,25.5730707027525
