"","obs","bmi"
"1",0.355321024059965,28.6989920680495
"2",0.325531751348317,28.2417291756999
"3",0.339859067537416,28.4850882763428
"4",0.323565881795132,28.271256718498
"5",0.301089867316237,28.057498995707
"6",0.249562335889775,27.136992694315
"7",0.309723348213703,27.9370577857708
"8",0.336576875476721,28.2915378899839
"9",0,25.6492538628225
