"","obs","bmi"
"1",0.360665646199319,28.697274828473
"2",0.330874626178479,28.2392911154006
"3",0.337109857065215,28.4501911521656
"4",0.312397737706852,28.2031563640615
"5",0.288538169609043,27.9561702568371
"6",0.241389160668017,26.9855616535912
"7",0.298581524667615,27.8223640653995
"8",0.335663662976477,28.3014744886848
"9",0,25.5973965328651
