"","obs","bmi"
"1",0.368867090378773,28.7439806592874
"2",0.336983340432346,28.2859613949454
"3",0.356258532275778,28.4283152745136
"4",0.342869347330385,28.1130077567824
"5",0.327415865453497,27.7980788142964
"6",0.241733533523054,27.0269965968471
"7",0.304360092952611,27.879137085242
"8",0.336920505457158,28.3217078001514
"9",0,25.5836670199849
