"","obs","bmi"
"1",0.360161118441173,28.7004271573193
"2",0.329622857028692,28.2407761212263
"3",0.338259550362878,28.3558449483417
"4",0.317299289002911,28.011504671783
"5",0.293615046994609,27.6674164924585
"6",0.246261848057001,27.0908680667133
"7",0.307008849510106,27.8622458356049
"8",0.336557956656992,28.2657859947116
"9",0,25.5835424961553
