"","obs","bmi"
"1",0.356378357629478,28.6806504226739
"2",0.326252001423308,28.2258019295408
"3",0.329589556381208,28.3329180729996
"4",0.303476725756572,27.985502753067
"5",0.273924027641816,27.6384233693977
"6",0.242953495861759,27.0877275541643
"7",0.303688893171762,27.8532751916808
"8",0.335643399921268,28.317456449401
"9",0,25.6138165141361
