"","obs","bmi"
"1",0.361874235251614,28.7085204368162
"2",0.330303271488469,28.252994814905
"3",0.338976473027812,28.4233658867196
"4",0.313400035375832,28.1382676249783
"5",0.288630201843932,27.8532258074182
"6",0.240033153437558,27.0106734243203
"7",0.310452030841122,27.9328656392179
"8",0.33319172165775,28.2601605112579
"9",0,25.57298260278
