"","obs","bmi"
"1",0.362904637887694,28.745029264674
"2",0.333987222724459,28.2908697942178
"3",0.349378654378221,28.4648144673381
"4",0.334618213824386,28.1847649283505
"5",0.32223024152766,27.9048864768904
"6",0.240439077348293,27.0288634394081
"7",0.302483635718156,27.8581202080021
"8",0.333206749619071,28.2895139808547
"9",0,25.552744657265
