"","obs","bmi"
"1",0.358804940586469,28.7075840207653
"2",0.330993578717557,28.2534776304476
"3",0.343806935219377,28.4097599324354
"4",0.328907037802579,28.1120838146801
"5",0.310206363669302,27.8145605506988
"6",0.245880621265592,27.0953689293932
"7",0.307052720609258,27.91145671648
"8",0.338198687199692,28.2895254342165
"9",0,25.6179570468875
