"","obs","bmi"
"1",0.359208060787887,28.6970636656204
"2",0.330536349813934,28.2443734839895
"3",0.340489293621551,28.3937865571563
"4",0.32308526690148,28.0906907438459
"5",0.303509837744959,27.7877833762201
"6",0.247560569137599,27.0269311565851
"7",0.306827876783299,27.937377560099
"8",0.336895484619856,28.3077427186894
"9",0,25.6060976136847
