"","obs","bmi"
"1",0.356206186948798,28.6834556067808
"2",0.3264266805249,28.2335468152554
"3",0.354316299184988,28.5577559478555
"4",0.35186777736044,28.4321371503865
"5",0.350730210974608,28.3066016686147
"6",0.247038873830467,27.0628175701853
"7",0.304689956249873,27.8658276432351
"8",0.337981433291826,28.3246153670581
"9",0,25.5744749290191
