"","obs","bmi"
"1",0.357349316213297,28.6879468513553
"2",0.329323131738867,28.2355650803034
"3",0.340185793284882,28.3865683670655
"4",0.321053932924489,28.0855467203713
"5",0.304503329592399,27.7849045106919
"6",0.248008785664591,27.112678711364
"7",0.308337702990781,27.8861908188195
"8",0.335657293014703,28.2938834294621
"9",0,25.5815385738677
