"","obs","bmi"
"1",0.359498681269501,28.7044620600445
"2",0.332358389013129,28.2515920877302
"3",0.344149673235463,28.3431096422316
"4",0.327141472212936,27.9821694813054
"5",0.311035311142289,27.6216670461928
"6",0.250154500378171,27.1494500171402
"7",0.304772403129276,27.8954026233949
"8",0.334877051796892,28.3276439466723
"9",0,25.6072694521874
