"","obs","bmi"
"1",0.361841039451186,28.7087532195833
"2",0.331357575170893,28.2461880049653
"3",0.351373410260251,28.3754085068967
"4",0.341269625298834,28.0424261785012
"5",0.330198233113489,27.7098261849776
"6",0.242204857612115,27.0811928215003
"7",0.309495544084363,27.9205859322031
"8",0.340129098918086,28.3396288205443
"9",0,25.5644231573653
