"","obs","bmi"
"1",0.354434096379789,28.6824639360513
"2",0.326020254730416,28.2272250194009
"3",0.333486077167513,28.4016792679508
"4",0.310669856414553,28.1209444558564
"5",0.289223913281994,27.8402593002583
"6",0.247969806224578,27.0324173095535
"7",0.309845307155918,27.9156800969314
"8",0.336123901147699,28.3146107402268
"9",0,25.6462785564574
