"","obs","bmi"
"1",0.360726112821441,28.7101169006236
"2",0.329078005158985,28.2502475526397
"3",0.344483032538975,28.3495161248484
"4",0.327838131546441,27.9892832508885
"5",0.311207603427367,27.6294388183951
"6",0.243354280477029,27.0618723709893
"7",0.307822012888571,27.8883142171707
"8",0.336957139795439,28.326466820089
"9",0,25.6164666385037
