"","obs","bmi"
"1",0.362043558259815,28.7227210322977
"2",0.335284490815204,28.2573285772766
"3",0.349946433944882,28.4551228778054
"4",0.335891791752892,28.1879610603979
"5",0.319700730374378,27.9212672982577
"6",0.246100744217722,27.0346459828029
"7",0.312962461054079,27.9822762585326
"8",0.327752494717602,28.2166969811823
"9",0,25.5710403167867
