"","obs","bmi"
"1",0.360587488099291,28.6339596628639
"2",0.33026137935065,28.1696857906897
"3",0.335396574071125,28.2816913533821
"4",0.310486871451571,27.9295966154793
"5",0.285852529261878,27.5776812231212
"6",0.24969803520902,27.1175273382906
"7",0.309255564593492,27.9205234305564
"8",0.338966820757864,28.2997271916351
"9",0,25.5076010112091
