"","obs","bmi"
"1",0.356492469145721,28.669264637967
"2",0.329746838770414,28.2075447205432
"3",0.33171314510793,28.3064352778876
"4",0.305198862221361,27.9438166105411
"5",0.274497093453937,27.5814167438329
"6",0.245159087032212,27.040275365043
"7",0.312089243104507,27.9441811962134
"8",0.331711053596024,28.2608074175696
"9",0,25.5686641617156
