"","obs","bmi"
"1",0.364266441221911,28.7540848534978
"2",0.336858436335096,28.2926979439215
"3",0.341587829422869,28.3636964476625
"4",0.313747903543438,27.9736055077191
"5",0.28522982134261,27.5838270829928
"6",0.244809733987919,27.0266310445929
"7",0.309543341511045,27.9142587059385
"8",0.33683459478904,28.3056083284244
"9",0,25.5941590326383
