"","obs","bmi"
"1",0.358049394874749,28.6933500325296
"2",0.328030422485101,28.23329555972
"3",0.342127573713987,28.3736342520018
"4",0.323001620832361,28.0541850342437
"5",0.305908863078484,27.7350127684193
"6",0.238949973790837,27.0190684445505
"7",0.307426138743358,27.9031337910152
"8",0.332167858970676,28.3139382679127
"9",0,25.615771489588
