"","obs","bmi"
"1",0.356706906961063,28.6477373098893
"2",0.328037322841845,28.1952032420979
"3",0.337116769426801,28.2934061751433
"4",0.310714983282372,27.9393571665958
"5",0.29065846131305,27.5856022489087
"6",0.239193238769329,27.0420551249969
"7",0.308721066207169,27.9314150414037
"8",0.337238618594408,28.3366775295119
"9",0,25.5807273475906
