"","obs","bmi"
"1",0.36556413160103,28.7050733794169
"2",0.335066079892137,28.238557203014
"3",0.344559281672959,28.3437147260437
"4",0.323098142778335,27.9826828897306
"5",0.305521020948616,27.6219958181622
"6",0.243467015734685,27.042350144979
"7",0.309657056041618,27.9222301301437
"8",0.33591754539532,28.2875226013661
"9",0,25.569820347272
