"","obs","bmi"
"1",0.366277899823306,28.741208631902
"2",0.332396944557506,28.2719787405179
"3",0.343351278684467,28.4101399529305
"4",0.319176279628985,28.0792492264716
"5",0.298014966490183,27.748540606428
"6",0.248758167827712,27.1084391920719
"7",0.309970417854234,27.913865588816
"8",0.334646501249524,28.2927170097717
"9",0,25.5980044150717
