"","obs","bmi"
"1",0.367122259320233,28.7124523158198
"2",0.336148897561689,28.2466677784997
"3",0.359981891712053,28.5265802844849
"4",0.351570954297488,28.3407979384017
"5",0.342473691441807,28.1551075510581
"6",0.244859339533249,27.0445480901475
"7",0.309157028839807,27.882951307648
"8",0.335851836658158,28.2982531664323
"9",0,25.5918189624315
