"","obs","bmi"
"1",0.35785388159044,28.7080590784384
"2",0.328695972347171,28.2547274991884
"3",0.328028203981088,28.2465043169496
"4",0.296002172651643,27.7852200435716
"5",0.267612878105292,27.3242168609847
"6",0.248290665873705,27.0544332739972
"7",0.309111580906911,27.9054487352059
"8",0.327367025705294,28.1988386257113
"9",0,25.6413341957709
