"","obs","bmi"
"1",0.354022019653834,28.6296613280545
"2",0.323619334856751,28.1742668929062
"3",0.332564844803212,28.2773535649338
"4",0.311198718164322,27.9253242570076
"5",0.288137728517838,27.5735859332152
"6",0.250297277375716,27.1020945006051
"7",0.312226098001262,27.9062143873343
"8",0.326642693735148,28.2320643516345
"9",0,25.5900242298592
