"","obs","bmi"
"1",0.35532254447191,28.6390679519209
"2",0.326004114992851,28.1821293921877
"3",0.344290136692099,28.4279041082168
"4",0.33439567178758,28.2168623746378
"5",0.325874631541291,28.0059465077431
"6",0.244474416031064,27.1205374633796
"7",0.308355283241001,27.9190391513279
"8",0.340058407805512,28.3236907374091
"9",0,25.594181018514
