"","obs","bmi"
"1",0.357828238948293,28.661591316369
"2",0.328937025883522,28.2097136870834
"3",0.330011339160721,28.3413932001104
"4",0.299827725184422,28.0213216186605
"5",0.269786944226431,27.7013786747098
"6",0.245987819554874,27.0737821126155
"7",0.303221622657148,27.8445184595302
"8",0.336080202554013,28.2995891772958
"9",0,25.572423562501
