"","obs","bmi"
"1",0.362240976265587,28.6922757372562
"2",0.331904812064397,28.2169893432191
"3",0.343234133459995,28.3535447445476
"4",0.323597871950674,28.0149901628731
"5",0.300607229154,27.6766176106288
"6",0.24161858438054,27.029112390811
"7",0.30491586786445,27.8828106643875
"8",0.333653170168436,28.2554799987443
"9",0,25.5450581064037
