"","obs","bmi"
"1",0.363572047939135,28.7837527756592
"2",0.33350528710951,28.3289172533808
"3",0.33980468766214,28.3849201055607
"4",0.314546837240229,27.9863038853005
"5",0.284771143919531,27.5879110392249
"6",0.248378223985609,27.0813564196738
"7",0.304123879882509,27.8569354092268
"8",0.337840527201767,28.3320100687063
"9",0,25.6337048323998
