"","obs","bmi"
"1",0.362138077406128,28.6810869146304
"2",0.331996714955833,28.2279996431599
"3",0.349683774909831,28.3801921773597
"4",0.332128433260302,28.0795924462395
"5",0.31520159179868,27.7793043312074
"6",0.243555313017026,27.0924625995111
"7",0.309168207577992,27.9456879142697
"8",0.338880454063659,28.3377400707922
"9",0,25.6133359024169
