"","obs","bmi"
"1",0.36556413160103,28.7050733794169
"2",0.335122235152337,28.2486748605337
"3",0.348984959349475,28.4139151311434
"4",0.334954905911291,28.1230002712416
"5",0.318876287909941,27.8323389299479
"6",0.243467015734685,27.042350144979
"7",0.309657056041618,27.9222301301437
"8",0.33591754539532,28.2875226013661
"9",0,25.569820347272
