"","obs","bmi"
"1",0.361439953238222,28.7235029725646
"2",0.330814460796209,28.2727404922625
"3",0.333752631585143,28.4328485552123
"4",0.30761325568156,28.1422927793067
"5",0.277798325224392,27.851837186179
"6",0.248124993959288,27.1052939121792
"7",0.300688766028108,27.8727422196807
"8",0.334920380527167,28.2834164796428
"9",0,25.5728787427388
