"","obs","bmi"
"1",0.359151799484816,28.6702167417294
"2",0.329248863933738,28.2176316100488
"3",0.338438186637086,28.3309078515817
"4",0.316595610583148,27.9918488033158
"5",0.294687838999521,27.653051449079
"6",0.244971417931288,27.0676521868317
"7",0.30885834350382,27.9393316402015
"8",0.335860289939723,28.2369516579628
"9",0,25.6182625920785
