"","obs","bmi"
"1",0.360807278214795,28.6741709937285
"2",0.330824445910863,28.2079609503653
"3",0.340402687860647,28.2689741956673
"4",0.317786149148929,27.8641645268023
"5",0.294307169030657,27.4597647716757
"6",0.248864045830677,27.1039975613855
"7",0.298499673851908,27.8560009220973
"8",0.330228957785539,28.1971946794557
"9",0,25.5583248010038
