"","obs","bmi"
"1",0.36080185755508,28.7035213989179
"2",0.333665235717885,28.2515761688173
"3",0.338850710564819,28.3815395351809
"4",0.316630517607917,28.0597235975629
"5",0.292291283847269,27.7380804232866
"6",0.244985867970473,27.1141051336477
"7",0.307122311255267,27.9268547813254
"8",0.335583675550924,28.2796144293786
"9",0,25.5709916778631
