"","obs","bmi"
"1",0.3541860081775,28.6432527196779
"2",0.326699247456685,28.1906564240693
"3",0.334736341507473,28.3090138984335
"4",0.316155214363439,27.974939340736
"5",0.293039413490076,27.641036336656
"6",0.248261072648,27.0801339122337
"7",0.302570485333138,27.8659633222403
"8",0.338646580023735,28.2476722725649
"9",0,25.5668386942477
