"","obs","bmi"
"1",0.362933523908368,28.7229240025011
"2",0.33434452409174,28.2622629663183
"3",0.347862619290781,28.468547092849
"4",0.330496015244515,28.2142617501248
"5",0.314445007011901,27.9600699241316
"6",0.243145199680105,27.0748785054259
"7",0.309354356222356,27.9609228004014
"8",0.335468822118301,28.2576391422414
"9",0,25.5681379516842
