"","obs","bmi"
"1",0.361634859217524,28.7158369080855
"2",0.333489770523832,28.2615130052121
"3",0.343361712379672,28.3663744963757
"4",0.32150171035473,28.0171413994709
"5",0.301737292608189,27.6681463196995
"6",0.242753027390377,27.0213543988239
"7",0.307483162969492,27.8945255974719
"8",0.325331162926972,28.1977868483727
"9",0,25.6256527974728
