"","obs","bmi"
"1",0.357438970765155,28.6542544088567
"2",0.327098191241412,28.19254458078
"3",0.331515368447861,28.2878088870543
"4",0.305364289100557,27.9218406328171
"5",0.283139370471194,27.5563853205787
"6",0.244037455076384,27.0230494518319
"7",0.316935191976928,27.983174378608
"8",0.335491334502111,28.3317631167742
"9",0,25.6029376275951
