"","obs","bmi"
"1",0.35677001355327,28.721744859349
"2",0.326209163096113,28.2518080058432
"3",0.342333882077874,28.4255397896031
"4",0.32794645949634,28.129604896441
"5",0.31298282297717,27.8339538737041
"6",0.247356020053877,27.0850944153724
"7",0.316047450194485,27.9856191379937
"8",0.332055324824958,28.2776657119886
"9",0,25.5977578820588
