"","obs","bmi"
"1",0.357437910111951,28.6639551522539
"2",0.329720733650833,28.2041891417064
"3",0.348515239434168,28.445826469602
"4",0.338057987410493,28.2279402182683
"5",0.328698688461239,28.0103095371217
"6",0.240127752009646,27.0365089807281
"7",0.303899728844873,27.8286814948132
"8",0.330673835896453,28.2505645547859
"9",0,25.5574340929007
