"","obs","bmi"
"1",0.354243533346552,28.6131055280666
"2",0.325716504478476,28.1650433813731
"3",0.327844194818119,28.3098793727567
"4",0.29818313420081,28.0067378585501
"5",0.27145136913463,27.7036810336958
"6",0.242040001735212,27.014253795639
"7",0.303782380037678,27.8563847810189
"8",0.341237814965665,28.3487199380637
"9",0,25.5516162308549
