"","obs","bmi"
"1",0.361803118970156,28.7290239873674
"2",0.331951668178178,28.2751648769094
"3",0.34071726614158,28.4213411568165
"4",0.320442862144605,28.1139787714878
"5",0.297405806361218,27.8069563913491
"6",0.244626736761392,27.0629718607648
"7",0.311942132693121,27.966342721196
"8",0.337475962058449,28.3153120077176
"9",0,25.6206977048779
