"","obs","bmi"
"1",0.36281692375553,28.7449366503755
"2",0.336622101828452,28.2886576649886
"3",0.352181001790879,28.4678372045232
"4",0.339434163276005,28.1909176528959
"5",0.325571150622959,27.9141844466595
"6",0.239066286614084,27.0550872586648
"7",0.300639218935054,27.857595077405
"8",0.334681902955324,28.2253921870413
"9",0,25.608509307908
