"","obs","bmi"
"1",0.360658468646194,28.717269089406
"2",0.331681394486134,28.2577305978449
"3",0.333937013985383,28.3324868937582
"4",0.30560305693333,27.9481204935057
"5",0.274425480467667,27.5641955370355
"6",0.250439607471463,27.0901982103881
"7",0.305994058035555,27.8443694187561
"8",0.332228235762345,28.2870037184702
"9",0,25.608849191681
