"","obs","bmi"
"1",0.363580148476785,28.752239649387
"2",0.334299885601445,28.2943558666111
"3",0.338937181869538,28.3844256002812
"4",0.313383497090833,28.0169343114099
"5",0.286539272373123,27.6497824733602
"6",0.239005497047597,27.0528926268473
"7",0.307753450981411,27.8995682624574
"8",0.331115856530636,28.2506300496939
"9",0,25.5539876062884
