"","obs","bmi"
"1",0.360021418045802,28.6467170210192
"2",0.33084442707294,28.1909078914183
"3",0.341771521905947,28.414730167643
"4",0.32366099077749,28.1828486239765
"5",0.304196544440952,27.9510752134562
"6",0.242284252355193,27.0588818596078
"7",0.310595431551773,27.9341555074116
"8",0.334399294609781,28.2541247273373
"9",0,25.5732859153909
