"","obs","bmi"
"1",0.356923489661295,28.6899719723636
"2",0.330347611231606,28.2423421001613
"3",0.333908526852741,28.3592043564299
"4",0.307214158922898,28.0285784557712
"5",0.280046925955783,27.6980974591206
"6",0.248343677472922,27.1069934206427
"7",0.303992234029797,27.8791085019913
"8",0.333069780250932,28.24984701215
"9",0,25.6096385166499
