"","obs","bmi"
"1",0.362030739473955,28.7121421674929
"2",0.332672295161317,28.2443152342789
"3",0.356658513378839,28.4796055371989
"4",0.352816276579207,28.2474143139043
"5",0.347741122455336,28.015589668167
"6",0.238821899483181,27.0598487262217
"7",0.309734892584063,27.8720592752097
"8",0.334821384125679,28.302164957198
"9",0,25.6343711845791
