"","obs","bmi"
"1",0.360931620911683,28.670456746452
"2",0.332040172350949,28.2106538822076
"3",0.352572329412806,28.33651835247
"4",0.342617645221136,28.0030868240327
"5",0.333484398751316,27.6701986327584
"6",0.248065023534845,27.0968429865102
"7",0.30938989510031,27.8825995261486
"8",0.33368050929937,28.3210191243648
"9",0,25.5472581177948
