"","obs","bmi"
"1",0.362171124930812,28.7346746588572
"2",0.333200299064571,28.2813948338779
"3",0.334553124544363,28.409019674526
"4",0.305649433841669,28.0835013875274
"5",0.275772125168132,27.758123114215
"6",0.241155968613104,27.0077182509475
"7",0.311125352114713,27.9146176375106
"8",0.333552802020599,28.3038400202503
"9",0,25.6173571781075
