"","obs","bmi"
"1",0.361956502241923,28.7381755713321
"2",0.33250584587346,28.2758661346662
"3",0.349044341982939,28.52205780008
"4",0.336668150001923,28.3060203621707
"5",0.321604485267046,28.0900652948349
"6",0.240037171996112,27.0321550914018
"7",0.300757290932456,27.7883351860079
"8",0.329804387569836,28.2494759705193
"9",0,25.6241960390348
