"","obs","bmi"
"1",0.364908030143719,28.7439199165783
"2",0.335670492001638,28.2883275273014
"3",0.345944115979611,28.4303461437341
"4",0.32893723655544,28.1169993401161
"5",0.307817228714049,27.8038896970783
"6",0.246674874002391,27.0574792763905
"7",0.306151070526954,27.8802414620962
"8",0.331802418713305,28.2715541866858
"9",0,25.5873252034666
