"","obs","bmi"
"1",0.361688866832012,28.7257491762103
"2",0.331511536121142,28.2737458761371
"3",0.352656362923038,28.5085728767598
"4",0.342515770794835,28.2915021027824
"5",0.332908668776557,28.0745397956512
"6",0.248147187228964,27.0856707314507
"7",0.310181797548808,27.9797795815743
"8",0.338915969218287,28.2916578791592
"9",0,25.5959926352193
