"","obs","bmi"
"1",0.362276794354343,28.7215930153826
"2",0.332466050903438,28.2587855431742
"3",0.336489149890178,28.4483835757268
"4",0.308183003082223,28.1752193151673
"5",0.285462285421034,27.9020981109391
"6",0.246147683916102,27.0924458358242
"7",0.306236634710349,27.9207789519568
"8",0.33395834738712,28.2581982910336
"9",0,25.5792358763593
