"","obs","bmi"
"1",0.365216711008478,28.7552487015846
"2",0.334669543187514,28.2946727164629
"3",0.350561667803455,28.5058185127972
"4",0.332592157953221,28.2567419711496
"5",0.319570134520164,28.0080418268896
"6",0.247047477210686,27.1070458423008
"7",0.307572776572817,27.918490171732
"8",0.335838741370722,28.3000843769964
"9",0,25.5559209362447
