"","obs","bmi"
"1",0.363873830123245,28.7773672675541
"2",0.335199570915646,28.3207063883996
"3",0.337242826275032,28.4515480381871
"4",0.310371816405655,28.1258271589574
"5",0.281363219211789,27.8002057571696
"6",0.245684365316559,27.0648849248439
"7",0.309654166151943,27.8649318186942
"8",0.337980207758244,28.2868796980241
"9",0,25.6334630357743
