"","obs","bmi"
"1",0.355945534486843,28.6731613912284
"2",0.325706647956362,28.2129728565211
"3",0.342099246812766,28.4143471788418
"4",0.327189631365671,28.1557883750438
"5",0.312036158624345,27.8974971740016
"6",0.245120892030496,27.0688130510281
"7",0.311631099110163,27.9180849455051
"8",0.327636166421371,28.2036888524773
"9",0,25.5856425303149
