"","obs","bmi"
"1",0.361688866832012,28.7257491762103
"2",0.331681282531896,28.2628142938588
"3",0.338137467758946,28.429796343485
"4",0.30840184660632,28.1339552981291
"5",0.282712947575715,27.8382276179344
"6",0.248147187228964,27.0856707314507
"7",0.310181797548808,27.9797795815743
"8",0.338915969218287,28.2916578791592
"9",0,25.5959926352193
