"","obs","bmi"
"1",0.362103643660509,28.75981031233
"2",0.333067709935223,28.3040858206627
"3",0.330913873665244,28.3713342138499
"4",0.295805983046691,27.9831380655235
"5",0.263818241098957,27.5952328049931
"6",0.246055905555973,27.0740605256638
"7",0.310431405220553,27.8808935496317
"8",0.332155650245387,28.274091394514
"9",0,25.6295806152989
