"","obs","bmi"
"1",0.354040234222273,28.6082207277536
"2",0.321339570208797,28.1482958061412
"3",0.331688122222104,28.3324415685251
"4",0.310873249036008,28.0568143661143
"5",0.28743060566443,27.7813442013299
"6",0.247395093511587,27.1035433060787
"7",0.312097962548348,27.9368315527652
"8",0.33594480456213,28.3465430825571
"9",0,25.5439897477788
