"","obs","bmi"
"1",0.360931620911683,28.670456746452
"2",0.332544437347115,28.2108410010302
"3",0.335708681504944,28.2935175335661
"4",0.308025664108237,27.9167850508979
"5",0.280426276324516,27.5402664839024
"6",0.248065023534845,27.0968429865102
"7",0.30938989510031,27.8825995261486
"8",0.33368050929937,28.3210191243648
"9",0,25.5472581177948
