"","obs","bmi"
"1",0.357401949032659,28.7075911018125
"2",0.328127947687762,28.2552396847917
"3",0.334493363642932,28.4027322585896
"4",0.311930863887477,28.0980129630206
"5",0.291205265498378,27.7934365538878
"6",0.250116232859381,27.1012918973733
"7",0.312014762430743,27.9665812892865
"8",0.33832273434389,28.3164736779602
"9",0,25.6052315011773
