"","obs","bmi"
"1",0.361480265395653,28.7037940267231
"2",0.332204543451816,28.2410811646547
"3",0.346946203105472,28.4035438393645
"4",0.331240877453306,28.1035180167551
"5",0.316534157516629,27.8037292413686
"6",0.239128681436979,27.0277941569991
"7",0.308433994845222,27.889337542686
"8",0.333850782575358,28.3014076270638
"9",0,25.5811827191179
