"","obs","bmi"
"1",0.358731197270625,28.7024071151453
"2",0.328598042086623,28.2407175490007
"3",0.341384451769008,28.3585396600568
"4",0.321646433823174,28.0149894617477
"5",0.302820136205805,27.6717731742099
"6",0.23854954970473,27.0182975699751
"7",0.309622541841339,27.9294598396561
"8",0.336188631877449,28.2506209900999
"9",0,25.6088594095349
