"","obs","bmi"
"1",0.365678723644323,28.7618969000435
"2",0.337499863340558,28.3014261334309
"3",0.34222457201695,28.427491273944
"4",0.315434739664324,28.0932772472746
"5",0.288374363545999,27.7592619482054
"6",0.238042360296221,27.0006556377503
"7",0.307922105731717,27.9024358181655
"8",0.332466109185093,28.2218731887322
"9",0,25.5746926530506
