"","obs","bmi"
"1",0.357274830656163,28.6567936807271
"2",0.328618773835766,28.194702437217
"3",0.348263277343225,28.3640476157808
"4",0.336255087333032,28.0716289961677
"5",0.325858571092766,27.7795561084018
"6",0.239357179308298,27.0162553067142
"7",0.306673995090868,27.8551950934638
"8",0.331373948535659,28.2144518185698
"9",0,25.587089709876
