"","obs","bmi"
"1",0.361813789443748,28.7351075145311
"2",0.332813837792996,28.2786969806064
"3",0.334280422058507,28.452186386556
"4",0.2954820761156,28.1693100655901
"5",0.263666474846499,27.8864761851804
"6",0.246218552848036,27.1083287678203
"7",0.309873009700143,27.9388971870689
"8",0.326644559394058,28.2478937374713
"9",0,25.5829888348813
