"","obs","bmi"
"1",0.362170733333297,28.7239657220584
"2",0.333786531054957,28.2689066124644
"3",0.34752199654164,28.4612822482528
"4",0.330735972629474,28.1987651345908
"5",0.313919386372434,27.93642064863
"6",0.239329825064286,27.0330057361919
"7",0.312145355486364,27.9699988432856
"8",0.330893017306212,28.2786080587937
"9",0,25.5574612138133
