"","obs","bmi"
"1",0.365570677824974,28.7555625943903
"2",0.334061081899305,28.3054110285449
"3",0.343969017903237,28.4333053744223
"4",0.320185777390202,28.111320023397
"5",0.299355869031157,27.7896199655388
"6",0.245907704433532,27.0828043681834
"7",0.308421685153361,27.8899114446002
"8",0.32884823308406,28.2749826985869
"9",0,25.6150956252832
