"","obs","bmi"
"1",0.362696131737318,28.7088760275329
"2",0.334624227116123,28.2570421820069
"3",0.341211822542221,28.3814014793285
"4",0.318296681038357,28.0540533379055
"5",0.296815125938562,27.72683593121
"6",0.237085004634651,26.993933658454
"7",0.307652028079601,27.9180924107104
"8",0.33306488884529,28.3013118576862
"9",0,25.5743114449792
