"","obs","bmi"
"1",0.360800623066046,28.6951016848611
"2",0.332833828466305,28.2382317760847
"3",0.344198761553142,28.4010797030108
"4",0.325406683170851,28.1072088400479
"5",0.30885110159374,27.8134947512486
"6",0.244859526615479,27.0314414155547
"7",0.304616266113728,27.8439439788554
"8",0.3319455944719,28.2446720709865
"9",0,25.6036333222338
