"","obs","bmi"
"1",0.368645064771253,28.7790531394028
"2",0.336155433216942,28.3129597488083
"3",0.351367285216954,28.4519206947407
"4",0.330137844064267,28.1249688028509
"5",0.314443744334025,27.7982058815667
"6",0.252226581956043,27.1255021232898
"7",0.306078856318412,27.9043107823741
"8",0.335892389451606,28.3240144966579
"9",0,25.6106763156715
