"","obs","bmi"
"1",0.362950823713622,28.6904950006795
"2",0.329763230475614,28.2257477685169
"3",0.331454501329124,28.2299780091367
"4",0.296914867608554,27.7698254688315
"5",0.266900302928264,27.3100560156981
"6",0.245229337368223,27.1112082003862
"7",0.304808312309912,27.8808786980571
"8",0.334069528558848,28.292325902823
"9",0,25.5523035825286
