"","obs","bmi"
"1",0.359535391233933,28.6811026956079
"2",0.329598326205688,28.2199947878701
"3",0.328689566282348,28.2699779709269
"4",0.293068291871584,27.8591373384606
"5",0.261848394279266,27.448592459721
"6",0.241907809516084,27.0394571198377
"7",0.305984876246322,27.8628221800563
"8",0.328031409548355,28.2122559839405
"9",0,25.5958505718218
