"","obs","bmi"
"1",0.359717834611125,28.7285056265873
"2",0.330185022211762,28.2760175367642
"3",0.346305628778659,28.3937964329884
"4",0.334025132059769,28.059428697881
"5",0.318196429580393,27.7254208552052
"6",0.246819935196399,27.1007904444908
"7",0.307535683917085,27.8818334456161
"8",0.342386378419123,28.3455376460745
"9",0,25.6448573245741
