"","obs","bmi"
"1",0.36041821245362,28.6781297731087
"2",0.329162382112883,28.2176454883067
"3",0.332379706101046,28.4003928020666
"4",0.303055507639481,28.1227076694676
"5",0.276125154078895,27.8450741455003
"6",0.248362421797749,27.1092506169168
"7",0.308598324359177,27.8669254138305
"8",0.332941662778886,28.2795750844208
"9",0,25.5486513090905
