"","obs","bmi"
"1",0.360420917421892,28.7566755808183
"2",0.329561041833586,28.2952731124376
"3",0.3399038084263,28.4788962922245
"4",0.317614118076786,28.2011889885295
"5",0.294097278186893,27.9235544319391
"6",0.246866129826985,27.1288103522974
"7",0.304645908231471,27.8476907731174
"8",0.338165557295676,28.2885511379443
"9",0,25.6202967329311
