"","obs","bmi"
"1",0.359767904111202,28.708664055279
"2",0.331514163508317,28.2627280521247
"3",0.338860846796029,28.3298327970692
"4",0.315395131282048,27.951309521829
"5",0.288876225828473,27.5731096873053
"6",0.238291851704405,27.053063455238
"7",0.307327241694399,27.8977010028603
"8",0.335637094743818,28.3126899781134
"9",0,25.5771276881387
