"","obs","bmi"
"1",0.35496886447319,28.7115841856
"2",0.326673763966095,28.2503615849398
"3",0.332087365289456,28.3581589134408
"4",0.30501587866479,28.0048478242582
"5",0.277542839781336,27.651653338828
"6",0.246003625246482,27.0733770695784
"7",0.309799223494524,27.9256491452086
"8",0.328251189503286,28.2106232440825
"9",0,25.6208707920775
