"","obs","bmi"
"1",0.360698641467944,28.7494853186111
"2",0.332421546589486,28.2863304897604
"3",0.346351334199934,28.4475235112573
"4",0.330449600291462,28.1457719605404
"5",0.315474615365864,27.8442458952101
"6",0.234284207931255,26.9852948731266
"7",0.304493925967083,27.9055172690792
"8",0.333184357122599,28.220353290687
"9",0,25.621926460818
