"","obs","bmi"
"1",0.364547943343558,28.7270356758715
"2",0.332931025634725,28.2640462949314
"3",0.339860566815918,28.4004866184869
"4",0.313300565639395,28.074183879324
"5",0.289807570442737,27.7481383944431
"6",0.247770284459029,27.0861233965843
"7",0.305983478072202,27.911785867035
"8",0.335044688267307,28.2734576441541
"9",0,25.6012398928765
