"","obs","bmi"
"1",0.358312670992352,28.6705094039433
"2",0.32972661460803,28.2137217237451
"3",0.340522904361459,28.3637528688461
"4",0.322168622455842,28.05720954477
"5",0.302471930734955,27.750888172422
"6",0.245958806951864,27.0667853838567
"7",0.306255353635279,27.85073833709
"8",0.334633899105166,28.2475464281875
"9",0,25.5646580536997
