"","obs","bmi"
"1",0.356941299542097,28.6683243876561
"2",0.326980392021907,28.2151494763715
"3",0.338363270394148,28.4012244948129
"4",0.317792957166401,28.1342815298286
"5",0.293617043971493,27.867500960059
"6",0.247283327442005,27.1214972524793
"7",0.301806631924556,27.8325549205814
"8",0.331439690384631,28.2702542542929
"9",0,25.54807378617
