"","obs","bmi"
"1",0.364742421935325,28.7476043999136
"2",0.334206854812997,28.2830207983425
"3",0.345134880865662,28.4313620156536
"4",0.322694402506326,28.1155183063413
"5",0.303431767350319,27.8001017163993
"6",0.251488949442318,27.167980426089
"7",0.308808882222185,27.8881367393243
"8",0.335557205729944,28.2818272366211
"9",0,25.5887945418333
