"","obs","bmi"
"1",0.35965331268535,28.6951217087462
"2",0.330692094820061,28.2399711511055
"3",0.34149955205402,28.3833992740595
"4",0.3204824310109,28.0719031146571
"5",0.298400319484084,27.7606431366789
"6",0.250526923035126,27.0918603607315
"7",0.303798655041992,27.9088865316316
"8",0.337037206367132,28.2899733993456
"9",0,25.5447373819646
