"","obs","bmi"
"1",0.361841039451186,28.7087532195833
"2",0.332531658582737,28.2534496710725
"3",0.33950170337508,28.3374754776018
"4",0.317364277199859,27.9667621248477
"5",0.293980237736472,27.596661077245
"6",0.242204857612115,27.0811928215003
"7",0.309495544084363,27.9205859322031
"8",0.340129098918086,28.3396288205443
"9",0,25.5644231573653
