"","obs","bmi"
"1",0.359830449393117,28.7533779746399
"2",0.330745866854688,28.2920979081595
"3",0.343839438697935,28.5122957951552
"4",0.328887644876284,28.2713346761291
"5",0.314340036992887,28.0304984684743
"6",0.243070697620726,27.0408787936244
"7",0.314302363386684,27.9398830469483
"8",0.329963729807657,28.2229737034235
"9",0,25.6452178627356
