"","obs","bmi"
"1",0.357651568298335,28.658929938342
"2",0.327660515931417,28.1993713211374
"3",0.348563506014213,28.4355336705471
"4",0.339611155815035,28.212331801491
"5",0.332440826403499,27.9893326387436
"6",0.245372151904809,27.1029590841513
"7",0.304716594663619,27.8996826218795
"8",0.332836480916729,28.2393210010125
"9",0,25.5700188173763
