"","obs","bmi"
"1",0.364274064585845,28.762644010312
"2",0.334215284442808,28.2987019534764
"3",0.343139850485148,28.4309890890868
"4",0.322209014134476,28.0994911363218
"5",0.298020292510174,27.768156157941
"6",0.243187310864985,27.047557084796
"7",0.303663009503701,27.8970576116971
"8",0.332820457242119,28.2638721043991
"9",0,25.6123849544608
