"","obs","bmi"
"1",0.361584436235302,28.6738497790483
"2",0.330404896020943,28.2037272889641
"3",0.344044958258196,28.3346829091018
"4",0.325985900513517,27.9958200377954
"5",0.309770198013459,27.6572771680748
"6",0.243486048490495,27.049233952686
"7",0.306026347458208,27.9219808845104
"8",0.337005539159167,28.3044126651199
"9",0,25.6256377210259
