"","obs","bmi"
"1",0.353013746173618,28.5924966379163
"2",0.323512503422783,28.1340501035483
"3",0.320398526413716,28.1912329702791
"4",0.286765983832281,27.7901413678618
"5",0.256111982325032,27.3892234080033
"6",0.246383658733809,27.0585950578148
"7",0.30111578650619,27.8451227898562
"8",0.335728449096083,28.294106457208
"9",0,25.5318243313447
