"","obs","bmi"
"1",0.361761493678685,28.7230050789881
"2",0.3314278451191,28.26756325993
"3",0.349482016816867,28.438622935374
"4",0.334170685692872,28.1545910991102
"5",0.321648757992208,27.8709302199476
"6",0.240564838095743,27.0531358075773
"7",0.311511139690834,27.9392982833239
"8",0.327794378591186,28.2061360639353
"9",0,25.6070384812685
