"","obs","bmi"
"1",0.356771188320553,28.7028124732466
"2",0.330368630391658,28.2486752046352
"3",0.339064032044979,28.3989910170124
"4",0.320430218349153,28.0953041334045
"5",0.300200555618582,27.7917550149243
"6",0.247186099884203,27.0980406141368
"7",0.306619200021423,27.8503647930497
"8",0.339304403607626,28.3259271108521
"9",0,25.5994131781456
