"","obs","bmi"
"1",0.362444660885743,28.7446919723973
"2",0.334373646968224,28.2869085400791
"3",0.335898182522546,28.4008027694352
"4",0.304964505913487,28.0571689595834
"5",0.274432994021878,27.713802759688
"6",0.248581535832712,27.1148090800148
"7",0.307048151215883,27.8705743280569
"8",0.334509774579386,28.3146460943172
"9",0,25.5895955643803
