"","obs","bmi"
"1",0.357273122568202,28.6463379967036
"2",0.326888947582361,28.1854346983034
"3",0.326247891804235,28.2729073357498
"4",0.290249678733729,27.8997153883245
"5",0.2599102644757,27.5267710545397
"6",0.24987202828391,27.1475905858307
"7",0.30451386560553,27.8826528824251
"8",0.337285990188756,28.3486594772024
"9",0,25.5782762284784
