"","obs","bmi"
"1",0.364908030143719,28.7439199165783
"2",0.334787510882569,28.2939810378232
"3",0.342391039760269,28.2681197061752
"4",0.318456895532119,27.7931037971157
"5",0.295480463981531,27.3189446326214
"6",0.246674874002391,27.0574792763905
"7",0.306151070526954,27.8802414620962
"8",0.331802418713305,28.2715541866858
"9",0,25.5873252034666
