"","obs","bmi"
"1",0.359667413692522,28.6391153044915
"2",0.328892489930081,28.1870627346801
"3",0.345094015099122,28.3469718722291
"4",0.330519222585729,28.055086688509
"5",0.31534224323521,27.7634713113203
"6",0.239986085006432,27.02037618152
"7",0.309320516888732,27.8708973465084
"8",0.33210448630701,28.2520821968891
"9",0,25.5417406722827
