"","obs","bmi"
"1",0.35538767182906,28.636953185
"2",0.327438230053038,28.1800717418925
"3",0.342728504761316,28.2587322850775
"4",0.329590721318965,27.8808942444949
"5",0.31283638444493,27.5034605434659
"6",0.243062344924457,27.0478714711861
"7",0.302965135394826,27.8934335610841
"8",0.337287212496821,28.2911967062341
"9",0,25.5907293061333
