"","obs","bmi"
"1",0.358808044537855,28.6809907331678
"2",0.328642944328778,28.2239164386022
"3",0.333666336053291,28.3788065139021
"4",0.307128917344335,28.076889933145
"5",0.282322881342578,27.7752554539948
"6",0.242791465942136,27.0567104250779
"7",0.305508040905988,27.8786742445874
"8",0.335063955437208,28.3196265393841
"9",0,25.6046303672062
