"","obs","bmi"
"1",0.36253233100958,28.6946905401583
"2",0.333642657486559,28.2444368928315
"3",0.334739001638803,28.3742128770574
"4",0.301725006298537,28.0538395092941
"5",0.272738717958107,27.7335701280428
"6",0.24202283652594,27.048408772898
"7",0.309105264550093,27.9041423913659
"8",0.330395372206379,28.2287236211362
"9",0,25.5706455849825
