"","obs","bmi"
"1",0.363602459813761,28.733247707218
"2",0.333561018570538,28.2769472064959
"3",0.354748509594909,28.4887713151331
"4",0.344760942637252,28.2444814041974
"5",0.331270689368789,28.0003857766533
"6",0.250952630072928,27.1559332781145
"7",0.305983807581881,27.9198956908906
"8",0.327192003919873,28.2284509369222
"9",0,25.6197528813445
