"","obs","bmi"
"1",0.354640038365909,28.61846837236
"2",0.323460848342768,28.1591289903303
"3",0.325300145567403,28.3076342583322
"4",0.287972069425849,27.9968679520465
"5",0.259655728705334,27.6861686360347
"6",0.245492723457618,27.0926421068708
"7",0.310273066878059,27.9289613478479
"8",0.335863452096984,28.2574259958323
"9",0,25.5504498347461
