"","obs","bmi"
"1",0.357516754965278,28.6555974371203
"2",0.327868999751119,28.2011334901123
"3",0.339875326066412,28.3568397124492
"4",0.318298717953021,28.0582756123338
"5",0.299599422051733,27.7599113714225
"6",0.244895514627692,27.0287233187947
"7",0.311490203162731,27.9176557357283
"8",0.333803011359205,28.2796707737678
"9",0,25.5588033000439
