"","obs","bmi"
"1",0.357830280222442,28.6876672335272
"2",0.326265260746042,28.2240584664323
"3",0.342387962438024,28.4144069294704
"4",0.323032238368101,28.1412575251347
"5",0.309055182058027,27.8682216383951
"6",0.240662253925443,27.1255106139791
"7",0.305419639505059,27.8854559517205
"8",0.326491060197705,28.2111052551894
"9",0,25.6044568182561
