"","obs","bmi"
"1",0.358537936739631,28.683160459454
"2",0.329364287092644,28.2333611537522
"3",0.340388280959954,28.3878690626957
"4",0.321371330072579,28.0928265816559
"5",0.299879772058172,27.7980451935462
"6",0.243107037882432,27.020375032207
"7",0.303881921250779,27.8822918071602
"8",0.331910256342862,28.2818454793368
"9",0,25.5922207447073
