"","obs","bmi"
"1",0.362619376749473,28.6690324659919
"2",0.331051145678396,28.2109373988412
"3",0.345256035335251,28.4178539770869
"4",0.330619104754204,28.1667622871157
"5",0.311866065494235,27.9157591645486
"6",0.23607465450886,27.0050721778462
"7",0.308662048647869,27.9527453276961
"8",0.334652300417163,28.2426262384109
"9",0,25.5585960707084
