"","obs","bmi"
"1",0.361391685347014,28.7061888734821
"2",0.335056574541106,28.2528709749884
"3",0.348255861579336,28.4005160761058
"4",0.333477967442769,28.0949961712357
"5",0.316946606780331,27.7896339390093
"6",0.244670399955304,27.0892551837365
"7",0.309255467234767,27.8948959632426
"8",0.336367848027945,28.3285366637976
"9",0,25.5760091395221
