"","obs","bmi"
"1",0.363662320747158,28.75504129826
"2",0.335097817672531,28.2857483932669
"3",0.337087121003235,28.4053926879721
"4",0.305037032116373,28.0558535028831
"5",0.273792201041915,27.7064246812146
"6",0.244178446589721,27.0424897783909
"7",0.309840372952659,27.9005424751816
"8",0.332400781834951,28.2753516643995
"9",0,25.6126262868936
