"","obs","bmi"
"1",0.359711326888148,28.6861466684495
"2",0.329811854008542,28.2315203692496
"3",0.338375155265373,28.3985160306232
"4",0.318600594661362,28.1110187493925
"5",0.294692661306303,27.8236592579892
"6",0.241316706344952,27.0241229585998
"7",0.308141105374026,27.9232357550763
"8",0.331163290251134,28.3213287049875
"9",0,25.5651264779907
