"","obs","bmi"
"1",0.358438125584749,28.6767213235347
"2",0.328624160966179,28.2112491757457
"3",0.340521739685167,28.3524227929387
"4",0.32423353722966,28.0282830377948
"5",0.302816873861404,27.7043070989229
"6",0.241161338309094,27.0191262889267
"7",0.311585230566588,27.9029800762915
"8",0.333168511838667,28.1764831692361
"9",0,25.6117030313578
