"","obs","bmi"
"1",0.362482374041535,28.7291434892369
"2",0.333688064648993,28.2642009899037
"3",0.343589657091049,28.4024811627271
"4",0.324179584944432,28.0760678892425
"5",0.307274804328037,27.7499152710655
"6",0.242902715347572,27.055110431302
"7",0.306945270851518,27.9042048189902
"8",0.33357056257109,28.3344847124354
"9",0,25.5604887784342
