"","obs","bmi"
"1",0.356860884109001,28.6596460423647
"2",0.327047219898209,28.201015660712
"3",0.333967985067931,28.38205873199
"4",0.311868655661757,28.1045302477408
"5",0.283952212912725,27.8270613487475
"6",0.244885909582595,27.0700018512638
"7",0.307784764961507,27.858116030757
"8",0.338338507245359,28.307969792491
"9",0,25.597429471511
