"","obs","bmi"
"1",0.362654191702154,28.718121254966
"2",0.331845331689581,28.2615750168428
"3",0.34453867031333,28.3554549886538
"4",0.326880840357941,27.9931190054686
"5",0.303821316871593,27.6311304591328
"6",0.249092296161641,27.0874247849846
"7",0.305848449833255,27.9082001192298
"8",0.333946641791269,28.3216535530144
"9",0,25.6219391007225
