"","obs","bmi"
"1",0.362639041466675,28.7132073495568
"2",0.331829914501811,28.2563121810042
"3",0.346424606043975,28.327533657119
"4",0.327660727011824,27.9422794450576
"5",0.308437381215938,27.5574700315953
"6",0.242945377240859,27.0910301060093
"7",0.307149368533061,27.9296216068506
"8",0.333536934736205,28.2623011238422
"9",0,25.5891268663178
