"","obs","bmi"
"1",0.356258399518473,28.6334323074896
"2",0.327162116909529,28.1734972958877
"3",0.339374198205935,28.2460437749311
"4",0.319165332076747,27.8590138595201
"5",0.298566837753677,27.4723608546797
"6",0.243067443636256,27.0859744963659
"7",0.311685676115698,27.9470624027078
"8",0.336221741428183,28.305120880226
"9",0,25.6045823855619
