"","obs","bmi"
"1",0.359337046973217,28.7296239316014
"2",0.329829439583426,28.2719414705349
"3",0.331176342738351,28.3819533191735
"4",0.303750978944065,28.034449935186
"5",0.280813062118899,27.6871141201116
"6",0.244012811197571,27.0122112760284
"7",0.309895916870994,27.8998091780074
"8",0.335126975974236,28.2528788669122
"9",0,25.6418200261699
