"","obs","bmi"
"1",0.356356447031371,28.6748232375112
"2",0.326941719418062,28.2061679285004
"3",0.339072123620397,28.4250006428551
"4",0.321176838217037,28.1753018607817
"5",0.305000196254663,27.9257319919204
"6",0.245580448779246,27.0480425733347
"7",0.309869856671977,27.9313012272895
"8",0.331632546659367,28.2475325767331
"9",0,25.6001257246681
