"","obs","bmi"
"1",0.356712511109852,28.679555585979
"2",0.330072527227654,28.2209292909127
"3",0.331849113159108,28.3559697973786
"4",0.305158748631206,28.0324583455174
"5",0.279325705721448,27.7090172055839
"6",0.243334578913434,27.0557195320789
"7",0.300950522825648,27.8602325254605
"8",0.324991643389131,28.1597607414716
"9",0,25.5847837991252
