"","obs","bmi"
"1",0.360299079560523,28.6963135958106
"2",0.329633633438024,28.2319179972072
"3",0.342007243379872,28.4164692695458
"4",0.32057134703328,28.1367257000094
"5",0.296371904178902,27.8570863051257
"6",0.240546283793668,27.0248328713488
"7",0.305325321176496,27.8785887860297
"8",0.331281164027416,28.265934563924
"9",0,25.6177653000609
