"","obs","bmi"
"1",0.358005348037587,28.6970966077468
"2",0.326040773694953,28.2339947933129
"3",0.332001098379266,28.3176771289457
"4",0.304660884286943,27.9385466975404
"5",0.279856478792259,27.5597198085675
"6",0.245768454972674,27.0994347916416
"7",0.309558342014515,27.9509575070019
"8",0.331483956846707,28.2638100572104
"9",0,25.6229195834103
