"","obs","bmi"
"1",0.361981493587514,28.6943472856807
"2",0.331427548156911,28.233035058943
"3",0.34062169602028,28.4468248984522
"4",0.317060259574859,28.1993494360381
"5",0.294904311822141,27.9519207963973
"6",0.243346433183197,27.0792708578248
"7",0.304015453936437,27.9000104112475
"8",0.334653275075746,28.2674635174048
"9",0,25.5713689063566
