"","obs","bmi"
"1",0.355899385850715,28.6814293063452
"2",0.323974967532085,28.2192900656991
"3",0.329568664796089,28.3149520871859
"4",0.305300742627232,27.9487704852476
"5",0.278334290240819,27.5829006320546
"6",0.244891246905499,27.0721233120033
"7",0.309786080908608,27.9167802396054
"8",0.332834570805102,28.3012510768895
"9",0,25.6236686353407
