"","obs","bmi"
"1",0.361399126867449,28.7385022829763
"2",0.331942258882686,28.2779665242524
"3",0.328706637609467,28.313339124124
"4",0.294879178023183,27.8883674426117
"5",0.26597475632003,27.4635882505344
"6",0.248744252336105,27.1018316460599
"7",0.312568200091297,27.9852736835406
"8",0.330722376047335,28.2497857824004
"9",0,25.6287648541372
