"","obs","bmi"
"1",0.363370027898469,28.7356098427271
"2",0.333959081969562,28.278591886276
"3",0.347003368760151,28.516319048613
"4",0.331113792054313,28.2971135078182
"5",0.314906327459992,28.0779947724889
"6",0.246559387216025,27.0537472232253
"7",0.305374364495104,27.8862969710767
"8",0.332116411586946,28.265203621213
"9",0,25.5939731324658
