"","obs","bmi"
"1",0.362455601404247,28.7437942142977
"2",0.332769354901695,28.2864840432655
"3",0.337438921805365,28.4069029654904
"4",0.311636434616767,28.0701795397985
"5",0.286307009579857,27.7336289422491
"6",0.244494328297463,27.0713018251053
"7",0.310348215098736,27.91660270577
"8",0.331301888546634,28.2660624647403
"9",0,25.5808309771174
