"","obs","bmi"
"1",0.360262640815195,28.7196504102682
"2",0.331140083002657,28.2591170397048
"3",0.347229455202091,28.4130885706903
"4",0.334527975719383,28.1067463482435
"5",0.320389170094065,27.800632741685
"6",0.245200934293535,27.0917194012291
"7",0.304823586332298,27.8991133652387
"8",0.33936820742828,28.3668279903695
"9",0,25.6046087209534
