"","obs","bmi"
"1",0.364082343525614,28.7362735814626
"2",0.335468743324378,28.2774001804117
"3",0.352545132350225,28.4765886168327
"4",0.338172067832571,28.2171110506513
"5",0.324715686908194,27.9578505574219
"6",0.245977970058589,27.1005089604411
"7",0.302717404202707,27.841274534722
"8",0.334960955081678,28.2433394236663
"9",0,25.599233015613
