"","obs","bmi"
"1",0.359546139413551,28.6882783464612
"2",0.330777165501193,28.2333372050226
"3",0.338781055977039,28.3726787503107
"4",0.317356055406628,28.0572397949091
"5",0.290795530676956,27.7419658455056
"6",0.242474753871383,27.0630784428711
"7",0.311652134793936,27.9464261132178
"8",0.330937973956228,28.2481969689177
"9",0,25.5754449759696
