"","obs","bmi"
"1",0.357238200283494,28.6795999090148
"2",0.328740350790554,28.2253814499643
"3",0.344938879851608,28.4108634819919
"4",0.32761742246057,28.1422533526959
"5",0.312003015858772,27.8737735177475
"6",0.247611284957668,27.1013606135353
"7",0.306661623427052,27.9254217026527
"8",0.3296770498929,28.2777570413232
"9",0,25.6058140483314
