"","obs","bmi"
"1",0.361043417086199,28.7056675971422
"2",0.331980986158379,28.2474190669982
"3",0.3346333455127,28.3236219317136
"4",0.304375004264722,27.9417971180886
"5",0.27577480866885,27.5602001421581
"6",0.242459020474731,27.0709926948776
"7",0.30928830853301,27.9237570300282
"8",0.328717164456696,28.2314712486996
"9",0,25.6127060893608
