"","obs","bmi"
"1",0.358168500218719,28.6875279423197
"2",0.328579392062857,28.2265877781301
"3",0.341740771689156,28.3999089995713
"4",0.322977273975816,28.1124346373058
"5",0.305903285064255,27.8251081622961
"6",0.245484142939279,27.1008861953982
"7",0.3159748669791,27.9800979222707
"8",0.333219554628114,28.293539772032
"9",0,25.6120159115825
