"","obs","bmi"
"1",0.359631054609979,28.7064530009853
"2",0.328935838277094,28.248106465202
"3",0.3512237019464,28.474000903221
"4",0.341598072452053,28.2416699585228
"5",0.330726715477692,28.009464043237
"6",0.245488400457408,27.0095852628735
"7",0.306907164866086,27.899054099052
"8",0.334382010798748,28.2556645221373
"9",0,25.5907190822172
