"","obs","bmi"
"1",0.355241651182309,28.642575298765
"2",0.324764437825636,28.1825826753523
"3",0.332566642997186,28.3184137314343
"4",0.311214162960186,27.9944061490216
"5",0.289960091024495,27.6705581500487
"6",0.246231301086857,27.072515524204
"7",0.301466112136454,27.8233772101626
"8",0.337682754205758,28.3211401663873
"9",0,25.6077042768696
