"","obs","bmi"
"1",0.359221087372316,28.7212694436871
"2",0.33052827302594,28.261483341502
"3",0.342771636670228,28.4090665403107
"4",0.324559026793721,28.0970372955215
"5",0.304534253977057,27.7851876424808
"6",0.241570085508787,27.0502217592747
"7",0.308257906654107,27.9127948105063
"8",0.340519210910971,28.346804259091
"9",0,25.6605401014868
