"","obs","bmi"
"1",0.359471881523618,28.6929691407132
"2",0.330103140446702,28.2331919724876
"3",0.33098516786023,28.3031003588232
"4",0.302530933266649,27.9133999638612
"5",0.273075411857488,27.5238715093169
"6",0.238436795657054,27.0258382990237
"7",0.305882948231199,27.9375695866847
"8",0.330540650323687,28.2707160990768
"9",0,25.5903762311507
