"","obs","bmi"
"1",0.356682219140667,28.670356324305
"2",0.327146994323738,28.2133496038495
"3",0.339412700261569,28.3890540909745
"4",0.316912590445481,28.107996368591
"5",0.299084824829791,27.8271945679668
"6",0.241853485175704,27.0687632970518
"7",0.305477119196817,27.854540240189
"8",0.3310395639633,28.1893020209398
"9",0,25.605044762856
