"","obs","bmi"
"1",0.365093764306507,28.7182110987104
"2",0.333964679150792,28.2559472836085
"3",0.336852953740822,28.3501684767351
"4",0.305622614353083,27.9824201761426
"5",0.277652492744914,27.6149818442931
"6",0.243555933336632,27.120175684844
"7",0.309006321727708,27.8715247753617
"8",0.334094265911124,28.2841680520325
"9",0,25.5571276564774
