"","obs","bmi"
"1",0.359511367808077,28.71271177027
"2",0.330410449163737,28.2616905844382
"3",0.336728443672012,28.4697272280416
"4",0.31654739059807,28.2267749476936
"5",0.29225924878644,27.9838546239751
"6",0.250504331956567,27.0946447817011
"7",0.308210490302911,27.9109930336487
"8",0.342141654244858,28.3551588013097
"9",0,25.6135656313754
