"","obs","bmi"
"1",0.359370024189676,28.6797249384246
"2",0.33239226112556,28.2160976684468
"3",0.338425029598853,28.3751187839511
"4",0.313182039154988,28.0706903035968
"5",0.28434041068213,27.766445420125
"6",0.239425586475273,27.0240287463884
"7",0.310366799980238,27.8890766631272
"8",0.335755220018222,28.2529651336916
"9",0,25.539825685227
