"","obs","bmi"
"1",0.359104457659952,28.6492908780773
"2",0.331704015574873,28.189857060178
"3",0.339268464585802,28.3638416184739
"4",0.317991052601389,28.0786117725114
"5",0.293257659346334,27.7936103803969
"6",0.246099391273866,27.0772848669764
"7",0.303844589778119,27.9173985747064
"8",0.330584957140559,28.2162531470129
"9",0,25.5545413543132
