"","obs","bmi"
"1",0.361073656452855,28.6977364064376
"2",0.329967287688256,28.2442206566819
"3",0.341290648765191,28.3431620679636
"4",0.32394016058928,27.988792692171
"5",0.302229827230497,27.6346369992807
"6",0.244639554090695,27.0591717619975
"7",0.305544331003686,27.9205770908907
"8",0.335036699887871,28.2741614088129
"9",0,25.5623607051001
