"","obs","bmi"
"1",0.359359510360505,28.7429634001872
"2",0.330684693852508,28.2787713830068
"3",0.346229536145039,28.4861242901451
"4",0.33166852751712,28.229605330256
"5",0.316664643342961,27.9734268040826
"6",0.244125040087109,27.0805246284097
"7",0.310944158916809,27.9751515976574
"8",0.339420653806961,28.3434041560321
"9",0,25.5863290098815
