"","obs","bmi"
"1",0.357927856941821,28.7019905209814
"2",0.327286883648451,28.2407539763305
"3",0.348719675275717,28.4237413918333
"4",0.337937716650721,28.145747717599
"5",0.330093799150835,27.8680216137337
"6",0.240440878233776,27.0303674888066
"7",0.304296510976987,27.8369051298755
"8",0.33461364217086,28.2810380892181
"9",0,25.6154481673163
