"","obs","bmi"
"1",0.361075860158788,28.7047405055074
"2",0.332824699677786,28.2497495920595
"3",0.332150357000493,28.3680414572685
"4",0.302116250447223,28.0314997692975
"5",0.27589914182281,27.6951163528631
"6",0.242950927821295,27.0735355563399
"7",0.312515452525662,27.9264893347331
"8",0.335378890221697,28.3060238159117
"9",0,25.5722450910897
