"","obs","bmi"
"1",0.364558102023016,28.7174366917216
"2",0.334079634127157,28.2550401331974
"3",0.347561829632235,28.372953743812
"4",0.329909937879532,28.0287949902062
"5",0.308903478982994,27.6849763175935
"6",0.243654779133807,27.0649758497916
"7",0.302373809253046,27.841883290351
"8",0.336962541828846,28.2648633241593
"9",0,25.5835473897368
