"","obs","bmi"
"1",0.355623165371328,28.6739047580017
"2",0.326775306337686,28.2037744189029
"3",0.338599641465256,28.359358020099
"4",0.32017535013932,28.0450369840275
"5",0.30318357439306,27.7309524818159
"6",0.240409261015461,27.0281674488568
"7",0.304839915300709,27.874015458578
"8",0.330329295650175,28.2472041960352
"9",0,25.5950288430283
