"","obs","bmi"
"1",0.358780224319657,28.6980773477311
"2",0.32817255282804,28.2447239688789
"3",0.343505908031504,28.4215254674182
"4",0.330461160840288,28.145121426087
"5",0.315476907421936,27.8688701603506
"6",0.24610278380901,27.0950210591472
"7",0.303249297266434,27.8428411601492
"8",0.33113735804871,28.1870395065385
"9",0,25.6213626564477
