"","obs","bmi"
"1",0.361637265938057,28.7187243475805
"2",0.330185361598076,28.2579689383477
"3",0.338528137385409,28.4347023783571
"4",0.319119715998861,28.1507754567984
"5",0.29564040756557,27.8669471376724
"6",0.247505035294323,27.1028601575519
"7",0.312631839519152,27.9149014044158
"8",0.333789639311857,28.2826466644494
"9",0,25.5787839638111
