"","obs","bmi"
"1",0.358755285944676,28.6928954854969
"2",0.330219649881388,28.2317084974899
"3",0.319296240848114,28.2746917638008
"4",0.275690854758099,27.8565827805387
"5",0.237455367179377,27.4385643878837
"6",0.237784431659449,27.0321416989035
"7",0.305389653884964,27.9104231365484
"8",0.330096471064812,28.2334859353807
"9",0,25.5537538247337
