"","obs","bmi"
"1",0.363349095788444,28.7065829045188
"2",0.331699245264163,28.2481486165193
"3",0.335403676342791,28.2907908593508
"4",0.309091850518932,27.8752920675192
"5",0.280070071670205,27.4601016750954
"6",0.248491044105627,27.101769341311
"7",0.311094092125683,27.9136575065805
"8",0.333525120380689,28.2628878715339
"9",0,25.5454237318579
