"","obs","bmi"
"1",0.357828238948293,28.661591316369
"2",0.327770488148758,28.2030356694336
"3",0.342749988901602,28.4008200115742
"4",0.328540512547231,28.1404673171602
"5",0.308734111669987,27.8805663322143
"6",0.245987819554874,27.0737821126155
"7",0.303221622657148,27.8445184595302
"8",0.336080202554013,28.2995891772958
"9",0,25.572423562501
