"","obs","bmi"
"1",0.36467000745784,28.7345806210307
"2",0.334026419984759,28.2676584958408
"3",0.345881271519147,28.417359084384
"4",0.329621285063525,28.1003152152435
"5",0.309709185616188,27.783457704382
"6",0.244381252029663,27.0993590430538
"7",0.303439072057462,27.8925040410894
"8",0.33515551172174,28.2798286114828
"9",0,25.5986923813765
