"","obs","bmi"
"1",0.363440757825494,28.7664549749716
"2",0.331678761496051,28.304368780913
"3",0.342829624136541,28.4476229487575
"4",0.319327515059583,28.1290425310764
"5",0.300446843602017,27.8107261069842
"6",0.244602806936616,27.07352618788
"7",0.303191332246409,27.8606952584374
"8",0.336029251019147,28.3174064299947
"9",0,25.6238662021308
