"","obs","bmi"
"1",0.361088622038081,28.7002769764592
"2",0.330622366715129,28.245652449852
"3",0.335734411860143,28.3129768944381
"4",0.306243134311264,27.9258788896533
"5",0.282246747977923,27.5389902558682
"6",0.236826814672599,26.9422768047604
"7",0.310970496412438,27.9270701747015
"8",0.33453811026011,28.2398857557156
"9",0,25.5891961525473
