"","obs","bmi"
"1",0.360389607826807,28.7355438957586
"2",0.329134832835481,28.2717016888578
"3",0.335433427403938,28.3919127958334
"4",0.310412266388458,28.0484544527398
"5",0.286580575239793,27.7051742536135
"6",0.241470137372094,27.040058909246
"7",0.311829645473643,27.9596873895577
"8",0.338741683539245,28.3320921487148
"9",0,25.6267905366794
