"","obs","bmi"
"1",0.362317395001525,28.7429546385375
"2",0.334078812957763,28.2849417316979
"3",0.332587273835371,28.3900242062561
"4",0.297117702476957,28.037200758913
"5",0.265058134264416,27.6844846044673
"6",0.239647110560257,27.0010338804456
"7",0.312808886770699,27.9387839322373
"8",0.336213539542248,28.2964072074651
"9",0,25.5884218919327
