"","obs","bmi"
"1",0.368645064771253,28.7790531394028
"2",0.33648498113612,28.3227368276625
"3",0.353950174943569,28.4573259744951
"4",0.336771886316647,28.1358056004459
"5",0.318497705147744,27.8145001089737
"6",0.252226581956043,27.1255021232898
"7",0.306078856318412,27.9043107823741
"8",0.335892389451606,28.3240144966579
"9",0,25.6106763156715
