"","obs","bmi"
"1",0.35917385690998,28.6838043139813
"2",0.329506261514549,28.2248376163618
"3",0.340923582144947,28.3784027664677
"4",0.323022700573572,28.0731645348486
"5",0.305753586080174,27.7680957538018
"6",0.242851618718872,27.0514585777535
"7",0.306372171404051,27.875862877044
"8",0.33624005483159,28.3082121759187
"9",0,25.5871962640225
