"","obs","bmi"
"1",0.362719264733651,28.7108121542446
"2",0.333685619876119,28.253111384356
"3",0.339327781610578,28.4283365048876
"4",0.314240686434256,28.1459738893467
"5",0.287117294803329,27.8637261029299
"6",0.244104962053722,27.043344157464
"7",0.304431449420695,27.8558881105095
"8",0.339761343391577,28.3362167468146
"9",0,25.5752489554591
