"","obs","bmi"
"1",0.354680102932076,28.6613539574668
"2",0.325279580293349,28.2060193348762
"3",0.333436471734213,28.3089618278325
"4",0.307794097054261,27.9569384511724
"5",0.282037298739722,27.6053061107197
"6",0.250361952065649,27.1344493140943
"7",0.304568170637604,27.878897766712
"8",0.328143738913349,28.1943019439188
"9",0,25.621505553401
