"","obs","bmi"
"1",0.356499715589429,28.6718926252903
"2",0.325126718740859,28.2062336818363
"3",0.334805687436911,28.3988118326572
"4",0.31218762978294,28.1258422032127
"5",0.290052467959128,27.8529876385756
"6",0.240675532449577,27.0026439782175
"7",0.308484275677633,27.9186136546995
"8",0.331084521090796,28.2317375667262
"9",0,25.6143932112953
