"","obs","bmi"
"1",0.369472152148391,28.8117453906712
"2",0.340345541022237,28.3502284095927
"3",0.354317154211475,28.5344245661822
"4",0.334660478103442,28.2572207470353
"5",0.316600010670333,27.980137010543
"6",0.245199604629348,27.0687259398979
"7",0.313203438433514,27.9383447853592
"8",0.333629825633278,28.2935444779442
"9",0,25.5706492744649
