"","obs","bmi"
"1",0.359879374156543,28.6922400657754
"2",0.33108866978665,28.2229132487955
"3",0.34481138505004,28.3814788480047
"4",0.328090103786637,28.0710128520749
"5",0.312780085895928,27.7608571477425
"6",0.242506043860579,27.0315193424682
"7",0.304666978921082,27.8642919026327
"8",0.334358903042558,28.2699101794521
"9",0,25.5936872036129
