"","obs","bmi"
"1",0.356571603438624,28.6845774635112
"2",0.328957703965081,28.2162532308622
"3",0.339285618190489,28.3891619558291
"4",0.320081983693723,28.0938594965231
"5",0.298884180546246,27.7986726393035
"6",0.243833743202091,27.0998304419023
"7",0.308593117295809,27.8836002718158
"8",0.338365258415805,28.3456691609514
"9",0,25.6029624257459
