"","obs","bmi"
"1",0.356430565102171,28.7110091507208
"2",0.326856629335519,28.2518672952592
"3",0.336551480609836,28.46903183324
"4",0.314372885174337,28.227098370394
"5",0.290880622741058,27.9852079598961
"6",0.244625921845738,27.0350280740922
"7",0.309079765977577,27.9054184834084
"8",0.336876656901732,28.2773227573146
"9",0,25.6492674335112
