"","obs","bmi"
"1",0.365939704256885,28.7901121768931
"2",0.338500427502398,28.3368869281712
"3",0.352181109960181,28.5522316309707
"4",0.336732185551676,28.3144432382321
"5",0.320639692557644,28.0767487791658
"6",0.243869642005441,27.0779050760512
"7",0.309488883082574,27.9278467467187
"8",0.336838127004704,28.280822153556
"9",0,25.6357897415883
