"","obs","bmi"
"1",0.363298085732211,28.7114944334734
"2",0.333871234085665,28.2469689253705
"3",0.336674227517054,28.3836920397472
"4",0.309706784499943,28.0559964337297
"5",0.277551940946919,27.7284093418632
"6",0.239149317961006,27.0461052248774
"7",0.305255864881383,27.8507835083331
"8",0.333319339247879,28.2939746996038
"9",0,25.5442891864224
