"","obs","bmi"
"1",0.360256415704014,28.643442765235
"2",0.329201395873678,28.1820509789793
"3",0.351251106724104,28.3314314946852
"4",0.341184776210716,28.0197788295723
"5",0.332611421124883,27.7085048188667
"6",0.248027788996651,27.0642423952397
"7",0.302389620428828,27.8523102240099
"8",0.337315696582914,28.2851406681618
"9",0,25.5671777801585
