"","obs","bmi"
"1",0.354680102932076,28.6613539574668
"2",0.324887457933827,28.1950268710641
"3",0.34186857533057,28.3930055938024
"4",0.327974771839794,28.1247838280238
"5",0.31231123057384,27.8566928556623
"6",0.250361952065649,27.1344493140943
"7",0.304568170637604,27.878897766712
"8",0.328143738913349,28.1943019439188
"9",0,25.621505553401
