"","obs","bmi"
"1",0.361764628039777,28.6885556835351
"2",0.332267625510442,28.2313108959695
"3",0.333242643851422,28.3257148203201
"4",0.299874246631485,27.9630808217007
"5",0.271611711514379,27.6006607797246
"6",0.236307191305097,27.0698956568564
"7",0.307847828077846,27.8289502112901
"8",0.334575553479763,28.3024016940382
"9",0,25.5750340432097
