"","obs","bmi"
"1",0.357105869815867,28.6205250990517
"2",0.326493378030431,28.162999577774
"3",0.337508590922307,28.3238601888293
"4",0.312758845556044,28.0273239503942
"5",0.288344883307758,27.7309194291196
"6",0.245729060982894,27.0868606693879
"7",0.301296873419475,27.8554420780032
"8",0.337981370156516,28.3646022181518
"9",0,25.5834952385189
