"","obs","bmi"
"1",0.359693944413991,28.6756752702419
"2",0.329972240199575,28.2181717274987
"3",0.336266375424273,28.3302993147937
"4",0.311935749392821,27.9851197166924
"5",0.29012840829978,27.640144784463
"6",0.248710397706195,27.1336688022031
"7",0.312074097950844,27.9538123895668
"8",0.333275444970398,28.2692267043832
"9",0,25.5752165100727
