"","obs","bmi"
"1",0.362918299605017,28.7446534098381
"2",0.332309032766802,28.2924143194479
"3",0.330422580301829,28.391138518893
"4",0.290501352629445,28.0378713838718
"5",0.261191942940335,27.6848627876535
"6",0.242476652924132,27.0274336974929
"7",0.311410275310734,27.9534012246529
"8",0.332280516760311,28.2361271508684
"9",0,25.6171775616955
