"","obs","bmi"
"1",0.362653962420968,28.7077668795804
"2",0.331893774278595,28.2481804026504
"3",0.3417403130136,28.357561790424
"4",0.314330234375979,28.0075643610137
"5",0.291871535096538,27.6577796376694
"6",0.246776683114578,27.1165080647964
"7",0.308156100003719,27.9145797592365
"8",0.331368179529896,28.2556755233415
"9",0,25.5980260390084
