"","obs","bmi"
"1",0.359670591936909,28.7074250297107
"2",0.329919251779101,28.2533189736274
"3",0.341198593407197,28.3613404210649
"4",0.321036069671115,28.0155277113258
"5",0.299299557941882,27.669999185652
"6",0.246170861127605,27.0744446858064
"7",0.307858257871851,27.8992646209071
"8",0.341260149460623,28.3672028538118
"9",0,25.6196062969171
