"","obs","bmi"
"1",0.360230460837132,28.7004577297397
"2",0.332183083407633,28.2427933454306
"3",0.338537755030538,28.4366477190232
"4",0.314062868484703,28.1729254937961
"5",0.288201857043829,27.9092919762038
"6",0.240851274250336,27.036775289875
"7",0.306073035236899,27.9152210405326
"8",0.331731173725579,28.2781994915472
"9",0,25.5728217296139
