"","obs","bmi"
"1",0.36262150160529,28.724250584708
"2",0.334673051498788,28.2751693827939
"3",0.346548124324048,28.4383857078515
"4",0.331972743971728,28.1526713492255
"5",0.315826601942917,27.867111494257
"6",0.246789268783455,27.0844939642231
"7",0.311278547397709,27.9460385181852
"8",0.336565979449085,28.3493512978827
"9",0,25.5579502638804
