"","obs","bmi"
"1",0.361481887065849,28.7024868409126
"2",0.331049300123857,28.2357561051891
"3",0.340327715588507,28.3295521249435
"4",0.319419165769838,27.956847929898
"5",0.296731193417832,27.5843834893977
"6",0.241295170717636,27.0605151697989
"7",0.308946623995703,27.8882127666376
"8",0.331458039207806,28.2727868171247
"9",0,25.568852784809
