"","obs","bmi"
"1",0.35848002662006,28.7064220453512
"2",0.32823731529874,28.2423646393557
"3",0.336591469887147,28.3849874187922
"4",0.313366340037765,28.0636961325925
"5",0.288940755307561,27.7425548849347
"6",0.244352451295815,27.0217539047842
"7",0.313903090027223,27.9638691934934
"8",0.342076978263254,28.364174029918
"9",0,25.6348914361755
