"","obs","bmi"
"1",0.360019881035083,28.6835873096228
"2",0.332035538574417,28.2250600815141
"3",0.340934781591722,28.3978486121411
"4",0.321750641641051,28.1123014122972
"5",0.296238880553899,27.8269537818808
"6",0.24117451937961,27.0505864672744
"7",0.310109596721025,27.9355253340827
"8",0.339242281496677,28.3053137683691
"9",0,25.5909881424468
