"","obs","bmi"
"1",0.359826059341876,28.7029334357359
"2",0.331762180298461,28.2510247693354
"3",0.338804260836225,28.3276051028532
"4",0.317043944530097,27.9526505404017
"5",0.291978960658467,27.5780924251168
"6",0.242990401911506,27.0816868043167
"7",0.305988169941712,27.9038095288594
"8",0.333520417011584,28.2320027255249
"9",0,25.5380619035013
