"","obs","bmi"
"1",0.356139651053624,28.6740699024685
"2",0.325728362144641,28.2196276033322
"3",0.336769409370528,28.3419932731366
"4",0.319361853222523,28.0101801187622
"5",0.303173845384536,27.678642651439
"6",0.248347305443487,27.1100377538831
"7",0.301315868382841,27.8417465702762
"8",0.333841044976172,28.2941847527062
"9",0,25.5761603957864
