"","obs","bmi"
"1",0.36030006747729,28.6935205480657
"2",0.331937312730453,28.2362284516876
"3",0.34490814857336,28.3489269371298
"4",0.325135545904287,28.0045320042766
"5",0.307948538996437,27.6603439438999
"6",0.244910155343919,27.1128569499035
"7",0.304496043991147,27.879940476405
"8",0.336840174488378,28.2801060152135
"9",0,25.6174973883065
