"","obs","bmi"
"1",0.355049609317951,28.6708306335618
"2",0.323573525051089,28.2096747529126
"3",0.325034228537593,28.3383290852243
"4",0.291669055521001,28.0059222602958
"5",0.260562763206568,27.6736088639164
"6",0.246419279812168,27.0739272163836
"7",0.307721897077319,27.8912000313543
"8",0.326865147122097,28.1927816250691
"9",0,25.6195547298864
