"","obs","bmi"
"1",0.357954628730872,28.6773225106141
"2",0.326938988025561,28.2125031514182
"3",0.334117002884239,28.2991524518313
"4",0.308736234222299,27.9213694771918
"5",0.282429471978877,27.5439968641623
"6",0.249972191641514,27.1259773211829
"7",0.308837995588132,27.8884818372338
"8",0.336517400285979,28.2846136137499
"9",0,25.5982532639771
