"","obs","bmi"
"1",0.356117449648237,28.6549345260964
"2",0.327047240973561,28.19893941872
"3",0.33473788216151,28.3591697286631
"4",0.314099799387571,28.0635491627652
"5",0.290977946653786,27.7680767060829
"6",0.244717826461449,27.0858784465878
"7",0.315188572792719,27.9289832143682
"8",0.333304121536108,28.3157416022716
"9",0,25.584306148555
