"","obs","bmi"
"1",0.360422307868759,28.6921907961986
"2",0.33229717830955,28.2396430449017
"3",0.353164884949046,28.4600734452108
"4",0.345861190568324,28.2280913285967
"5",0.336733951394523,27.9962488165498
"6",0.243876265443283,27.0633200885148
"7",0.30668849709376,27.928789626852
"8",0.332599847822284,28.2620551616124
"9",0,25.5692966192831
