"","obs","bmi"
"1",0.364410191404955,28.7703067293114
"2",0.336588983926345,28.3095869223134
"3",0.339499900723342,28.3826633834617
"4",0.313662540504133,27.9952947955444
"5",0.285446702868854,27.608215439428
"6",0.244120891315001,27.0888223976515
"7",0.31023561260431,27.9585163032882
"8",0.332318811902578,28.2554501612486
"9",0,25.6110310783028
