"","obs","bmi"
"1",0.359798401417019,28.7171272712813
"2",0.329987489748406,28.2544243017245
"3",0.33202807528487,28.3877988457072
"4",0.300290008559812,28.0585883250531
"5",0.270168048729651,27.7294975357872
"6",0.240412369529461,27.061738246159
"7",0.306706125482288,27.8869671382209
"8",0.328896931008167,28.2117622454555
"9",0,25.6542269824592
