"","obs","bmi"
"1",0.358132695925954,28.6798126194647
"2",0.329016151601385,28.21291374266
"3",0.337830542385465,28.3732952527389
"4",0.315199339084938,28.0669295353346
"5",0.291919362762187,27.7607203924262
"6",0.241358799762083,27.0473841213498
"7",0.307282151715287,27.8999940853473
"8",0.330532451339211,28.2630956687451
"9",0,25.6044261564715
