"","obs","bmi"
"1",0.364069089366581,28.7026618904112
"2",0.335122306436142,28.2478613440798
"3",0.34365323533094,28.3767036203201
"4",0.321463268963584,28.0509066327349
"5",0.299063605683261,27.7252758977221
"6",0.2490956880918,27.1124843187363
"7",0.313403039731548,27.9592802360868
"8",0.333875606768707,28.2408029847461
"9",0,25.560717701962
