"","obs","bmi"
"1",0.360315463026159,28.7182598063639
"2",0.330907434391173,28.2690638691778
"3",0.339083840025696,28.3878274752052
"4",0.314847897933991,28.0575288155827
"5",0.289536372663415,27.7273672542565
"6",0.248026968134141,27.115948775034
"7",0.309001130839688,27.8860920676197
"8",0.337359971729188,28.3117963831253
"9",0,25.632756631601
