"","obs","bmi"
"1",0.363270603262184,28.7465129968035
"2",0.334068372849407,28.2953126432551
"3",0.338754412433087,28.3631012895975
"4",0.312772109172781,27.9800817675284
"5",0.29038581404413,27.5974787710578
"6",0.241844340507806,27.0497184786958
"7",0.308911039796398,27.9135151845452
"8",0.336002033978748,28.3362898038509
"9",0,25.658053253817
