"","obs","bmi"
"1",0.355694989174676,28.6644890754739
"2",0.323757612761635,28.196893174773
"3",0.335642665272594,28.3288823272347
"4",0.314491066574348,27.9934477534176
"5",0.293648092083891,27.6581910826166
"6",0.246137678479742,27.096481164913
"7",0.307870219185341,27.8873971621725
"8",0.337918047244118,28.3439645242361
"9",0,25.5785034210459
