"","obs","bmi"
"1",0.360790093049816,28.6690437930656
"2",0.327482947274244,28.2072632418146
"3",0.332538345082708,28.2329542867484
"4",0.299852498921732,27.7971894930938
"5",0.271743956273899,27.3617648187042
"6",0.23706761216585,27.0327801642411
"7",0.310029555156934,27.9246653383415
"8",0.335172345048555,28.2872285177777
"9",0,25.5953965168561
