"","obs","bmi"
"1",0.362922542675781,28.7170660879085
"2",0.334230788604589,28.2627314076022
"3",0.348386836752402,28.3312075436778
"4",0.331957375941053,27.9458496012822
"5",0.317702093684366,27.5610271785815
"6",0.242133298259443,27.0455573723391
"7",0.305796078310812,27.8940541847944
"8",0.337026407354211,28.3180092203833
"9",0,25.5834468021842
