"","obs","bmi"
"1",0.366829244375705,28.7589554055568
"2",0.335970725503445,28.2970543477072
"3",0.339008341887367,28.3508718493133
"4",0.306936629941577,27.9431024289706
"5",0.276339511365304,27.5356622895342
"6",0.243293997332107,27.0590265991788
"7",0.30728269386084,27.9000560506753
"8",0.333782876007849,28.2347004446799
"9",0,25.5993651855734
