"","obs","bmi"
"1",0.357159878222456,28.6671969225005
"2",0.326188728261544,28.1977571651578
"3",0.338228158564747,28.3488655559525
"4",0.322477619747474,28.0308706267021
"5",0.302949811996281,27.7132315907963
"6",0.24341488747735,27.0588565765416
"7",0.30827141185474,27.9003407064523
"8",0.338564008950321,28.3387472763429
"9",0,25.5991359149701
