"","obs","bmi"
"1",0.35862786049271,28.7400657286989
"2",0.330591559843485,28.2798255129739
"3",0.348838943425042,28.5327185893675
"4",0.340848435383945,28.3254847879032
"5",0.33013805797718,28.1183680502877
"6",0.246916923862103,27.106106459877
"7",0.306540566522157,27.8741040604024
"8",0.332520596787822,28.2664891032428
"9",0,25.6497106902518
