"","obs","bmi"
"1",0.362904637887694,28.745029264674
"2",0.332866218693341,28.2878756086526
"3",0.340777646239435,28.4131490082041
"4",0.316802576829638,28.0814657806829
"5",0.293306401718649,27.7499864222284
"6",0.240439077348293,27.0288634394081
"7",0.302483635718156,27.8581202080021
"8",0.333206749619071,28.2895139808547
"9",0,25.552744657265
