"","obs","bmi"
"1",0.3633973569009,28.7479007951498
"2",0.33142388258375,28.283414682872
"3",0.340099550243196,28.42706171264
"4",0.314739313816106,28.1064555175349
"5",0.289123650185259,27.7860926172732
"6",0.240509510404084,27.0558361343224
"7",0.312113120245045,27.9880565104169
"8",0.331011297388799,28.2429069626891
"9",0,25.6153538959005
