"","obs","bmi"
"1",0.35980080943453,28.6802960182798
"2",0.329278169718908,28.2173259550702
"3",0.34255311154518,28.4004532965798
"4",0.326743969514841,28.1207386518989
"5",0.309017782701181,27.8411559510793
"6",0.251432590799702,27.1383609586943
"7",0.302975761643548,27.8708801032439
"8",0.334343016059948,28.2737149041883
"9",0,25.5763082670558
