"","obs","bmi"
"1",0.358266961182695,28.7163754807981
"2",0.328369009502392,28.2558769773358
"3",0.334693776283366,28.3148291145767
"4",0.307783560116737,27.9136263923627
"5",0.277844585229862,27.5127855894648
"6",0.248662239154378,27.0981310993761
"7",0.309766091187367,27.9024204480126
"8",0.33155353360762,28.3140331546293
"9",0,25.6074636521738
