"","obs","bmi"
"1",0.359244274987134,28.6957143256446
"2",0.329923828792969,28.2372441443651
"3",0.337571192797008,28.3989781045722
"4",0.313195517091625,28.1023115874268
"5",0.288866072215099,27.8057152843488
"6",0.245795640251242,27.1106655108694
"7",0.302641675473886,27.879251274347
"8",0.336649886701527,28.3110040634638
"9",0,25.5940587276767
