"","obs","bmi"
"1",0.361118276448081,28.7254878822073
"2",0.331544324092391,28.2702176064147
"3",0.341233866769571,28.443650566185
"4",0.316875485495927,28.1619841526426
"5",0.292666033484699,27.88049533059
"6",0.24967295060405,27.1308556492412
"7",0.314226333442282,27.9822567964299
"8",0.338988688486986,28.2731147852074
"9",0,25.63195076916
