"","obs","bmi"
"1",0.365999888403195,28.7690347390456
"2",0.336708343093377,28.3063647393541
"3",0.340151302659991,28.455745496264
"4",0.31455259143523,28.1425863960325
"5",0.284245649249544,27.8295608827852
"6",0.240190788634444,26.9917065120276
"7",0.3053059875597,27.8549492292099
"8",0.328518816484295,28.216605734565
"9",0,25.5734067198184
