"","obs","bmi"
"1",0.359828882486897,28.7086546125242
"2",0.330952741446463,28.2490760081091
"3",0.333755632779687,28.3196151025748
"4",0.303517735853721,27.9308976645452
"5",0.280075123116465,27.5425206683252
"6",0.246199412313971,27.1245681269328
"7",0.308494534289908,27.9238361874695
"8",0.335628248561775,28.3355906243786
"9",0,25.6255941647635
