"","obs","bmi"
"1",0.361467738302584,28.7464916096224
"2",0.332951521084867,28.2928092464977
"3",0.341145889270267,28.4091653085765
"4",0.320123745294348,28.0720475778289
"5",0.297860444750251,27.7351463752095
"6",0.246015195154327,27.1221828842304
"7",0.312547650590328,27.9478693143081
"8",0.334601653749187,28.3333297452381
"9",0,25.5912389862202
