"","obs","bmi"
"1",0.358658869083518,28.6486151392303
"2",0.331058673708598,28.1990721643198
"3",0.344112356278222,28.4161629530848
"4",0.327576234918673,28.1838145019397
"5",0.309110422609834,27.9515727368148
"6",0.24961596435783,27.1125780519422
"7",0.311673756425288,27.9373746886059
"8",0.332919987677693,28.2832503360973
"9",0,25.5813069791777
