"","obs","bmi"
"1",0.362651465366686,28.8034278126355
"2",0.334273554813661,28.35289975467
"3",0.331898746982944,28.4603477559978
"4",0.295493245070139,28.1173775953819
"5",0.267384798485613,27.7745175314275
"6",0.24559484543023,27.1047570690718
"7",0.304284945753414,27.9153274617781
"8",0.342952460870214,28.3355721957331
"9",0,25.682493976482
