"","obs","bmi"
"1",0.366112409382759,28.7309770401235
"2",0.334910530474022,28.2736019687771
"3",0.34209648701759,28.3149972239184
"4",0.316358156965305,27.8995054580497
"5",0.289397935391749,27.4845367980817
"6",0.244767363165525,27.0891439037555
"7",0.307998769987954,27.8944785823906
"8",0.333727594117164,28.2713078930145
"9",0,25.6183623226195
