"","obs","bmi"
"1",0.354641100678029,28.6848704305518
"2",0.324799806034408,28.2162147533853
"3",0.33922590038418,28.4043236917392
"4",0.323172370093972,28.1240493357092
"5",0.307053620781182,27.8440614472167
"6",0.246944721294816,27.0539503623156
"7",0.30263842772384,27.8321556917555
"8",0.329719337442171,28.2890743301617
"9",0,25.6017658123755
