"","obs","bmi"
"1",0.358337691948112,28.6632331837894
"2",0.327325762664838,28.2112233481042
"3",0.346590613664603,28.3325787045591
"4",0.333959845536096,28.0023267088789
"5",0.321733756523694,27.672501445242
"6",0.244805985527456,27.0918862722103
"7",0.307276159266117,27.9052233918975
"8",0.334376101172208,28.3099317353158
"9",0,25.5672404925641
