"","obs","bmi"
"1",0.362147771705445,28.7234670370501
"2",0.331900441038631,28.2668027147901
"3",0.336206004650812,28.3236783654439
"4",0.307659297111898,27.9242589090468
"5",0.278491987406159,27.5252289743479
"6",0.24866859154181,27.1030149643273
"7",0.302772813343665,27.8552967003459
"8",0.334657905917355,28.2566216675007
"9",0,25.5892182934701
