"","obs","bmi"
"1",0.361802917207444,28.7536703705217
"2",0.332674165100361,28.2873418539975
"3",0.339292910588472,28.4489558122353
"4",0.313962916309972,28.1445113722921
"5",0.2890440060901,27.840351645352
"6",0.243043001841388,27.084943766511
"7",0.30615692284905,27.8362122678999
"8",0.329230204555519,28.2193123663109
"9",0,25.6386815151923
