"","obs","bmi"
"1",0.356081257489906,28.6832743635829
"2",0.324372418726926,28.2278671910507
"3",0.334912983892585,28.3944138488181
"4",0.313935947052865,28.1056434706404
"5",0.29139354435042,27.8169656980839
"6",0.249806418772846,27.1092460665426
"7",0.31066019592663,27.9440378107203
"8",0.330186495445311,28.2661077826416
"9",0,25.6152344855509
