"","obs","bmi"
"1",0.364557000771983,28.7137026588961
"2",0.331592347016423,28.2463964567582
"3",0.333860633891981,28.3841892819158
"4",0.299872535571836,28.0548427242743
"5",0.270692076959613,27.7256680976197
"6",0.248063405992277,27.1068552300694
"7",0.311886682624269,27.9184675657758
"8",0.334338298168953,28.3169960716319
"9",0,25.6253581269643
