"","obs","bmi"
"1",0.356071607512175,28.6312712280377
"2",0.324067966692795,28.1731850714107
"3",0.332577598666916,28.4282901943919
"4",0.310438058225625,28.2253758022025
"5",0.286098651953077,28.0225285676684
"6",0.246102618764505,27.075376737771
"7",0.313328492978178,27.9500892584849
"8",0.328635342691315,28.2938280878455
"9",0,25.5615622603079
