"","obs","bmi"
"1",0.363438977537941,28.7415758554271
"2",0.334379202134913,28.2792537685705
"3",0.35021749137747,28.5162908843198
"4",0.332355370510628,28.2910626770324
"5",0.31450124162705,28.0658918929675
"6",0.245301512009593,27.0836963441205
"7",0.308665539537096,27.9416122330903
"8",0.333936876110265,28.2643945163257
"9",0,25.5664022960424
