"","obs","bmi"
"1",0.359905179837481,28.7219547158011
"2",0.331566707999368,28.2635681250412
"3",0.336132521072374,28.3812863546138
"4",0.311958120721219,28.0408665322875
"5",0.283967317963874,27.7007062064504
"6",0.24478699199151,27.0932674957452
"7",0.314718751834121,27.9826841970644
"8",0.334163168396538,28.2801065746876
"9",0,25.5980994454999
