"","obs","bmi"
"1",0.363717694615845,28.7538256736338
"2",0.333119761850903,28.2906062451266
"3",0.335686389779713,28.3457030831135
"4",0.303325301215149,27.9377837957171
"5",0.274813300958375,27.5300739693123
"6",0.249364741777744,27.082490946713
"7",0.307926277397815,27.9041661324777
"8",0.332853544861824,28.2236349103095
"9",0,25.6229692259639
