"","obs","bmi"
"1",0.359657592993795,28.7034582220341
"2",0.332493786820452,28.2391707280788
"3",0.33915224341509,28.3623051647957
"4",0.315720802681637,28.0212933105908
"5",0.288412171767916,27.6804261297861
"6",0.245641648512573,27.0886436695083
"7",0.313011319851207,27.9533507993305
"8",0.333011333406914,28.2833860264471
"9",0,25.5942452317274
