"","obs","bmi"
"1",0.361847306569522,28.6728840595902
"2",0.332558474312079,28.2189302512843
"3",0.342505901638038,28.3801234744727
"4",0.318176443095156,28.0875520037107
"5",0.294774945066394,27.7951763811103
"6",0.245753752338405,27.0859834194976
"7",0.306601098625975,27.9133470192557
"8",0.33509474289922,28.2912658584692
"9",0,25.5442828700051
