"","obs","bmi"
"1",0.358686029117723,28.6808376850106
"2",0.328165482077933,28.231352820321
"3",0.340814314646394,28.3773401456865
"4",0.32000002995255,28.0740952199682
"5",0.299497294168479,27.7711150874486
"6",0.247197448547971,27.1192518794519
"7",0.313137484203435,27.9201891372931
"8",0.327325919188528,28.2320654660636
"9",0,25.5965745145847
