"","obs","bmi"
"1",0.362290749020676,28.7062133622855
"2",0.332157149235394,28.2429221039415
"3",0.341723575096358,28.3384733902968
"4",0.324137896345303,27.9710184613818
"5",0.303556913598688,27.6038623859592
"6",0.248963039214857,27.1011462558311
"7",0.308578565953367,27.9114351684328
"8",0.333793554793629,28.2725025633785
"9",0,25.5661376954913
