"","obs","bmi"
"1",0.359138207656629,28.7118961351708
"2",0.329918689340077,28.2534995489014
"3",0.337019868546069,28.3938032342887
"4",0.314541967093864,28.0758217079306
"5",0.291586520417687,27.7579539995174
"6",0.242316459290398,26.9981245467925
"7",0.30597070532981,27.8843007247727
"8",0.334469440254604,28.2915632267871
"9",0,25.600473051197
