"","obs","bmi"
"1",0.362301775604584,28.6841655080133
"2",0.331043962809287,28.2289811740163
"3",0.343287729474238,28.3736751227334
"4",0.321608187283258,28.0633623295402
"5",0.304497845942146,27.7532332964767
"6",0.246869082728571,27.1076000883662
"7",0.30529027984598,27.9066722376716
"8",0.334041256453755,28.2569858143307
"9",0,25.6116477086911
