"","obs","bmi"
"1",0.361172829775801,28.678671345885
"2",0.330681515315496,28.2209835258721
"3",0.337270721774382,28.3566683785744
"4",0.310289914407007,28.0347543967542
"5",0.283705400866421,27.7129296021985
"6",0.244391862454007,27.0823367774887
"7",0.312977477544706,27.9207985020256
"8",0.336927189038272,28.2571225288444
"9",0,25.5674878019522
