"","obs","bmi"
"1",0.35989295578429,28.7095903490688
"2",0.330077752306449,28.2517486809368
"3",0.339925582091423,28.3388466873129
"4",0.319483112339332,27.9683502143724
"5",0.296384149565595,27.5981107340956
"6",0.245344724742923,27.0811462192013
"7",0.31024472157782,27.9720583395054
"8",0.337234749121361,28.2959683156619
"9",0,25.6134135691005
