"","obs","bmi"
"1",0.359463622926385,28.6842785510762
"2",0.330925060333621,28.2192264608285
"3",0.340563912274453,28.3485577418016
"4",0.317489538210958,28.0131505807702
"5",0.293236217146531,27.6780731880786
"6",0.244801557247691,27.044124227089
"7",0.308593437639317,27.9090607441034
"8",0.333537673817684,28.2587057125735
"9",0,25.5869108919231
