"","obs","bmi"
"1",0.362026439828707,28.7289547837244
"2",0.331329324865102,28.2694339195551
"3",0.341989397808289,28.4312902313348
"4",0.318625664267234,28.1337228597704
"5",0.296186560716381,27.8362558443193
"6",0.243330525843573,27.0784185106721
"7",0.307552002213038,27.9144308781854
"8",0.338759660370644,28.3333678602067
"9",0,25.5996459281566
