"","obs","bmi"
"1",0.353939971562059,28.7158277267053
"2",0.326596544444727,28.2534723644196
"3",0.337877286882199,28.4406083647234
"4",0.317135058553239,28.1654967293089
"5",0.297520720574701,27.8904955094739
"6",0.246604460294933,27.0665310552708
"7",0.30432872405344,27.9085467536876
"8",0.335899424908353,28.2707152765653
"9",0,25.6455620979201
