"","obs","bmi"
"1",0.358382189194471,28.7034669835491
"2",0.329190434009688,28.2443721189448
"3",0.329850117336641,28.4168627676297
"4",0.296947452991177,28.1303151186355
"5",0.265581183474093,27.8438220082045
"6",0.241515786845011,27.0410402446664
"7",0.315752371550036,27.9364525468002
"8",0.329625344028204,28.2195382130272
"9",0,25.6146327599506
