"","obs","bmi"
"1",0.367872510771783,28.7961382572872
"2",0.337902289416368,28.3353465775442
"3",0.336507307322652,28.417026794258
"4",0.304453449235853,28.0380428245694
"5",0.273515115320741,27.6591875324542
"6",0.245162359851762,27.0744978453228
"7",0.305913880903012,27.8823390287475
"8",0.335489185964659,28.3016353929318
"9",0,25.6331149402216
