"","obs","bmi"
"1",0.355017206732488,28.6265949822235
"2",0.326072037911891,28.1660382070318
"3",0.348515354136647,28.3433708839011
"4",0.341963130426053,28.0603690379506
"5",0.334218945174958,27.7775992185447
"6",0.24010214649934,27.0409144284945
"7",0.305032013819307,27.8574055596795
"8",0.336822373883849,28.3008434967686
"9",0,25.5530734905868
