"","obs","bmi"
"1",0.368593491709769,28.7926513912309
"2",0.336811807513897,28.3405930786579
"3",0.343809941399143,28.4349329359885
"4",0.321285538278298,28.0775441648626
"5",0.296814756267746,27.7205037458291
"6",0.248382939529926,27.1129480422166
"7",0.303535133828347,27.887431138489
"8",0.32962533665209,28.2474903884708
"9",0,25.5783448051343
