"","obs","bmi"
"1",0.359971486260853,28.6585687015323
"2",0.330460032901211,28.1971635985218
"3",0.339005940132708,28.2532565329405
"4",0.316027371510981,27.848371653752
"5",0.290794901096001,27.443940292062
"6",0.247785561554474,27.0911821848844
"7",0.306004913873294,27.8908527180244
"8",0.340234564058204,28.3530330388277
"9",0,25.5043000224042
