"","obs","bmi"
"1",0.364591982175742,28.7648401387104
"2",0.33480680786059,28.306444926552
"3",0.337046181477029,28.3772347743069
"4",0.306557452354927,27.989800539215
"5",0.276244019268198,27.6025426997529
"6",0.248428680120042,27.0910893600751
"7",0.303235060497893,27.9102873981483
"8",0.334580070997898,28.2995191001003
"9",0,25.5887030492489
