"","obs","bmi"
"1",0.355441388924084,28.6905973326893
"2",0.326824722516273,28.2272283745193
"3",0.331434053088636,28.3371844996256
"4",0.302977536009143,27.9839282471989
"5",0.274267845256269,27.6308324893054
"6",0.247965687844792,27.1064767080989
"7",0.302549589213621,27.9082019746095
"8",0.330530305561368,28.2877771968887
"9",0,25.6345145280402
