"","obs","bmi"
"1",0.356328624417682,28.6469229985077
"2",0.32548420030401,28.1865325286136
"3",0.33788127469609,28.2612869929843
"4",0.320246953190359,27.8761379650457
"5",0.299698695563348,27.4915087746539
"6",0.245234201739598,27.1061184588492
"7",0.299094537132271,27.7786508186175
"8",0.327025041945041,28.1474662892412
"9",0,25.5878780233869
