"","obs","bmi"
"1",0.361114037832955,28.7409817032824
"2",0.332253716150546,28.2875204778508
"3",0.357139073467518,28.4240958009391
"4",0.351352382262668,28.1077159567503
"5",0.346075791844946,27.7918787868374
"6",0.238146927429514,27.0103885377386
"7",0.305792126799461,27.8715848901467
"8",0.338094186207298,28.274925925544
"9",0,25.6005186676999
