"","obs","bmi"
"1",0.356689551527147,28.7156222823273
"2",0.329239149556427,28.2568912988228
"3",0.342446569094145,28.4897754854336
"4",0.327585512717286,28.2640240100369
"5",0.310019826225538,28.0383702979763
"6",0.245365286233799,27.1065197274992
"7",0.306626648669036,27.880111590412
"8",0.335531889179869,28.3062798529369
"9",0,25.5679044732637
