"","obs","bmi"
"1",0.36281692375553,28.7449366503755
"2",0.336439596799921,28.2919167607591
"3",0.353025901123955,28.5044904901655
"4",0.340797357786674,28.264296424881
"5",0.325948786651786,28.0243677552406
"6",0.239066286614084,27.0550872586648
"7",0.300639218935054,27.857595077405
"8",0.334681902955324,28.2253921870413
"9",0,25.608509307908
