"","obs","bmi"
"1",0.359067426218592,28.6936753381907
"2",0.331735267706893,28.2355923683335
"3",0.338748384744751,28.3964230282217
"4",0.315053892600949,28.0992884471165
"5",0.291419599048088,27.8022744419391
"6",0.245819424463434,27.0910572230041
"7",0.309861847117562,27.9308365687796
"8",0.338349466262305,28.32285879496
"9",0,25.6259529176619
