"","obs","bmi"
"1",0.357010825179846,28.6711347003065
"2",0.32807289253746,28.2117067816874
"3",0.333536750102543,28.3674619522003
"4",0.306407709177361,28.0639193471939
"5",0.280743876839662,27.7605096091343
"6",0.241145342939627,26.9950602671332
"7",0.305248495769912,27.9092470190592
"8",0.338520070869445,28.2991151506233
"9",0,25.6174715948466
