"","obs","bmi"
"1",0.359561668132091,28.6969225870925
"2",0.330367652876662,28.2382676873304
"3",0.348088230728872,28.3784618345308
"4",0.333415410254666,28.0603607040646
"5",0.316668453169495,27.7426402053188
"6",0.24223303976909,27.0042853145558
"7",0.299558403659527,27.825321730655
"8",0.3313354993843,28.2712262401698
"9",0,25.639285470028
