"","obs","bmi"
"1",0.353607163420683,28.6242009913221
"2",0.323433426366871,28.1614417416552
"3",0.329927914293177,28.2366201348494
"4",0.305904845793019,27.8492933493653
"5",0.278158088205287,27.4622320605122
"6",0.24195389592341,27.0475203492977
"7",0.311314150625575,27.9320909517731
"8",0.329405061755625,28.2363754568824
"9",0,25.5801551076697
