"","obs","bmi"
"1",0.355357624341642,28.655074399131
"2",0.327347962001903,28.1895866494235
"3",0.332822058427984,28.3305141205998
"4",0.306635747444624,28.0061066540714
"5",0.280745129405861,27.6818548825403
"6",0.241441583163921,27.0654625423337
"7",0.305552310671373,27.8922352408672
"8",0.330687728889994,28.2286686442821
"9",0,25.5935501300067
