"","obs","bmi"
"1",0.360297208314951,28.7194733996655
"2",0.330159048417604,28.2524393622555
"3",0.3344028028252,28.3992814478675
"4",0.307710140349101,28.0791987488597
"5",0.278886101082541,27.7592267732967
"6",0.249872784423721,27.1048695278217
"7",0.315146992298895,27.9531432516888
"8",0.336436843200896,28.2974606432227
"9",0,25.5958577311871
