"","obs","bmi"
"1",0.367424119823566,28.8067599805517
"2",0.339665173433001,28.3507072791477
"3",0.352769167009532,28.5164080973761
"4",0.338400508623115,28.2262573268917
"5",0.321625080103027,27.9363159997682
"6",0.246377612465256,27.0828517049989
"7",0.310516313885509,27.9091406771746
"8",0.335609859594238,28.2751284358645
"9",0,25.6112376669804
