"","obs","bmi"
"1",0.36300996873572,28.7799709022587
"2",0.332977734652044,28.3265446391801
"3",0.345984752945979,28.4973120173162
"4",0.329813714967548,28.2148373184693
"5",0.315061986453764,27.9325540719363
"6",0.242471377591901,27.0651139534955
"7",0.313798255627106,27.9754646564922
"8",0.331760268317502,28.2690283712106
"9",0,25.622868737949
