"","obs","bmi"
"1",0.352903630729164,28.5726068853617
"2",0.323595609785053,28.1158210427771
"3",0.332482343973449,28.2389337759217
"4",0.313132291932327,27.9055669903654
"5",0.287601694535643,27.5725222660363
"6",0.242508577336404,27.039172213458
"7",0.30317840253615,27.8416097050913
"8",0.333495627911305,28.2812996927896
"9",0,25.5261568355449
