"","obs","bmi"
"1",0.359203050840179,28.7343845487478
"2",0.332003091175618,28.2872191680584
"3",0.343969801973235,28.4320924475279
"4",0.325066836405666,28.1300123739788
"5",0.307011822692438,27.8281533296072
"6",0.244431664339741,27.0717684751295
"7",0.311677789983114,27.9368283067245
"8",0.335952396412101,28.2748194213007
"9",0,25.6462710125674
