"","obs","bmi"
"1",0.356712511109852,28.679555585979
"2",0.330154561482572,28.221103954986
"3",0.340395262607367,28.3491923912306
"4",0.322537751867107,28.0190405620878
"5",0.303849478896963,27.689108264691
"6",0.243334578913434,27.0557195320789
"7",0.300950522825648,27.8602325254605
"8",0.324991643389131,28.1597607414716
"9",0,25.5847837991252
