"","obs","bmi"
"1",0.369023542269419,28.795037222147
"2",0.338846141848479,28.3362795579665
"3",0.346951873344854,28.3602391479274
"4",0.323436491108016,27.9259730078931
"5",0.297042702392265,27.4922757989222
"6",0.244876432010586,27.0378965318442
"7",0.314647460905461,27.9392821557781
"8",0.33447671486813,28.2924002640829
"9",0,25.5826004116596
