"","obs","bmi"
"1",0.356651747253178,28.6501112819332
"2",0.327275999029754,28.197553789103
"3",0.332531983764104,28.2810311599614
"4",0.305991427750706,27.9122097729323
"5",0.280827800459695,27.5436585624981
"6",0.245772704753887,27.0883157501912
"7",0.308837470665886,27.8681479574913
"8",0.336900529022417,28.3535515455273
"9",0,25.5764076374886
