"","obs","bmi"
"1",0.362170733333297,28.7239657220584
"2",0.332395688410471,28.2570234378696
"3",0.328720763543737,28.3836528795676
"4",0.288991903593692,28.0434223627069
"5",0.26034662846593,27.7032723228003
"6",0.239329825064286,27.0330057361919
"7",0.312145355486364,27.9699988432856
"8",0.330893017306212,28.2786080587937
"9",0,25.5574612138133
