"","obs","bmi"
"1",0.361271555452979,28.7262026797783
"2",0.331006208405387,28.2622560879642
"3",0.342742326906292,28.403531540153
"4",0.320991447847638,28.081005635556
"5",0.297796789866269,27.7586290144095
"6",0.242481867960051,27.0417893681651
"7",0.309827426202605,27.9360400083605
"8",0.332257537925628,28.2357173354647
"9",0,25.6028413376172
