"","obs","bmi"
"1",0.359808982618171,28.6835335785464
"2",0.328523234501238,28.2226418682886
"3",0.32830612864844,28.3250647456338
"4",0.293069570026792,27.9666750379951
"5",0.260712929208201,27.608363599121
"6",0.242482442784587,27.0260702576044
"7",0.301351204766044,27.8511292451647
"8",0.335737925779729,28.3062190527883
"9",0,25.5575646007835
