"","obs","bmi"
"1",0.361302097978665,28.7404513465926
"2",0.332986542243436,28.2758958541578
"3",0.34418893513269,28.414415887265
"4",0.32610247173528,28.0886423079864
"5",0.30474113788572,27.763141655751
"6",0.235960904922224,26.9782002613786
"7",0.312557600182309,27.9732949702111
"8",0.332963927239742,28.2606023528904
"9",0,25.5864461557714
