"","obs","bmi"
"1",0.359082868745525,28.6696901471399
"2",0.331508433250612,28.2183081949655
"3",0.338589971195015,28.3587482954212
"4",0.313241552649227,28.0479439677896
"5",0.287132200472227,27.7372823789523
"6",0.246161660761105,27.1402378769645
"7",0.307425927934115,27.8605878583867
"8",0.333773931816841,28.2511629282964
"9",0,25.593480217718
