"","obs","bmi"
"1",0.36025873344969,28.6923089719696
"2",0.331870478476689,28.2282227272383
"3",0.341369609784367,28.3867341800226
"4",0.317919077915671,28.0813119396333
"5",0.298628401633575,27.776046913454
"6",0.242225093370059,27.029129374325
"7",0.30970312284568,27.9640093178607
"8",0.333574075088632,28.2748274754428
"9",0,25.5627123445116
