"","obs","bmi"
"1",0.364216811943317,28.7187001530653
"2",0.335741417831936,28.2533752159872
"3",0.330329595554009,28.2866487263614
"4",0.289076900026449,27.8548334389242
"5",0.254111553150507,27.4232610598178
"6",0.244113345952374,27.0631360558571
"7",0.309550754492664,27.9070605712004
"8",0.340662119841297,28.3035708462709
"9",0,25.5846340325377
