"","obs","bmi"
"1",0.353131136597515,28.6360100607372
"2",0.324252256822548,28.1813360674441
"3",0.325308806527251,28.2744773610126
"4",0.295589553260192,27.9131006062626
"5",0.273106193960382,27.5518833488817
"6",0.245874892738223,27.0167873520648
"7",0.309102431893125,27.91018885782
"8",0.333510401877154,28.2360703969705
"9",0,25.5794172604834
