"","obs","bmi"
"1",0.357273122568202,28.6463379967036
"2",0.327169069506143,28.1827092171242
"3",0.328336215581902,28.2759070216484
"4",0.298568954357836,27.9058084092519
"5",0.273667795130824,27.5360609247363
"6",0.24987202828391,27.1475905858307
"7",0.30451386560553,27.8826528824251
"8",0.337285990188756,28.3486594772024
"9",0,25.5782762284784
