"","obs","bmi"
"1",0.358907450326565,28.7158866000427
"2",0.330089611899638,28.2568897590996
"3",0.347308066320071,28.4390439655502
"4",0.331719736817613,28.1623516304578
"5",0.317642229752284,27.8858148859631
"6",0.240106160680025,27.0783852168232
"7",0.308892834862988,27.94729241816
"8",0.330549835206378,28.2641798313899
"9",0,25.6033249193495
