"","obs","bmi"
"1",0.353691197089389,28.6857927930402
"2",0.326769666477232,28.2284723891803
"3",0.349777088965354,28.4930082251891
"4",0.345187584838959,28.3003409447189
"5",0.341344449337802,28.1077942101141
"6",0.245313484879592,27.0883816344847
"7",0.3122166170784,27.9137706221533
"8",0.32944412245719,28.2136147037839
"9",0,25.6427595503066
