"","obs","bmi"
"1",0.3541860081775,28.6432527196779
"2",0.325731950105363,28.1852042902909
"3",0.340913923593418,28.367361576481
"4",0.327943437788672,28.0916614713964
"5",0.311226876438393,27.8161624620904
"6",0.248261072648,27.0801339122337
"7",0.302570485333138,27.8659633222403
"8",0.338646580023735,28.2476722725649
"9",0,25.5668386942477
