"","obs","bmi"
"1",0.363700252796846,28.682409369147
"2",0.334614269592155,28.2262637800805
"3",0.344784740330367,28.308846557738
"4",0.323483179257939,27.935555603356
"5",0.3033357781084,27.5625492120442
"6",0.242113640126949,27.1126055579482
"7",0.309383101878531,27.9414126560954
"8",0.335128802746184,28.2716446946725
"9",0,25.5673304486506
