"","obs","bmi"
"1",0.362749549385185,28.758315226962
"2",0.33402341956374,28.2917403012412
"3",0.343129309458273,28.4418781945628
"4",0.318260610999344,28.1255935245273
"5",0.293316467474581,27.8094654152925
"6",0.240654960022566,27.037899671143
"7",0.314513440238951,27.9368631834148
"8",0.330142534432274,28.2355740419546
"9",0,25.6291849324427
