"","obs","bmi"
"1",0.362809656885809,28.7497015476186
"2",0.332264539623603,28.2858799351563
"3",0.339107439947281,28.3891386853564
"4",0.311738197497941,28.0288088241588
"5",0.28224887888631,27.6687201463717
"6",0.243028189005859,27.0416328762914
"7",0.308846921027683,27.9286769564367
"8",0.331738272152825,28.2829272532046
"9",0,25.6075857050311
