"","obs","bmi"
"1",0.359129144407796,28.6880476809988
"2",0.32883608581679,28.2300450934364
"3",0.345111011608437,28.432127358421
"4",0.327396976163466,28.1763089468832
"5",0.311008822549678,27.9205958382656
"6",0.245464776462904,27.0608172909794
"7",0.30057550580247,27.8316114090739
"8",0.337221371968109,28.3071356872066
"9",0,25.5893071398323
