"","obs","bmi"
"1",0.360806199176293,28.6795908039166
"2",0.33133546147834,28.2275374528345
"3",0.340855719909182,28.4152109457028
"4",0.323364974173175,28.1509985632183
"5",0.305017377254843,27.8869597574542
"6",0.249931997559153,27.1264415493101
"7",0.313513679847129,27.9705544551269
"8",0.329462520889986,28.2631662920903
"9",0,25.5576256069321
