"","obs","bmi"
"1",0.358785397124315,28.6778336277851
"2",0.330868050593595,28.2200815710137
"3",0.340041368711272,28.3984557650777
"4",0.31622178382544,28.1191661813033
"5",0.293826140187948,27.8399661575243
"6",0.241939694531293,27.0330817495792
"7",0.305603226577173,27.8899294761203
"8",0.332736587841648,28.2865004796631
"9",0,25.5683816396128
