"","obs","bmi"
"1",0.353796910780723,28.6187597061538
"2",0.325480167723918,28.165971723395
"3",0.337122694411059,28.324454063463
"4",0.316419806813037,28.0302911168757
"5",0.294380953560022,27.7362747893553
"6",0.249497112721159,27.1063846686779
"7",0.312594680209047,27.9754785528342
"8",0.332710823331794,28.2804231270443
"9",0,25.5531609202665
