"","obs","bmi"
"1",0.363354384417627,28.6911371635815
"2",0.334308338900382,28.2324774720717
"3",0.344238147680283,28.3194538465574
"4",0.325057206795083,27.9480743252304
"5",0.304918671385222,27.5770132974204
"6",0.238983265959177,27.0317152202396
"7",0.309851993157981,27.9604185720331
"8",0.340363739688277,28.3553694554511
"9",0,25.5541658670259
