"","obs","bmi"
"1",0.360991572994592,28.7043406697495
"2",0.33021233763115,28.2418328098547
"3",0.345234920290404,28.4056499886563
"4",0.327722456453686,28.1072999168602
"5",0.312537301930432,27.8093125876207
"6",0.246884413378966,27.1044076758644
"7",0.3044738651106,27.8538845732198
"8",0.33714196240389,28.2698833259245
"9",0,25.5687924263603
