"","obs","bmi"
"1",0.356611058636689,28.6557077324399
"2",0.329690442694338,28.2091214603262
"3",0.339639686212796,28.2836292721198
"4",0.320054836807165,27.9122753155818
"5",0.301392752715068,27.5417144356948
"6",0.245651303016292,27.0593555110952
"7",0.306688870364141,27.8956766302189
"8",0.338891358151316,28.3026770619161
"9",0,25.5758374300937
