"","obs","bmi"
"1",0.363991634379182,28.6681792721158
"2",0.334684037901338,28.2180082442538
"3",0.34801646970499,28.3620557344512
"4",0.332825570466789,28.0561159274238
"5",0.315062176497567,27.7503682548435
"6",0.246071122023281,27.1047703299056
"7",0.310899107508943,27.9125095406145
"8",0.331538937666326,28.2224419364828
"9",0,25.5563784497592
