"","obs","bmi"
"1",0.364743751276071,28.7411279986729
"2",0.333676961497498,28.2807001400916
"3",0.335310029097228,28.3702316590133
"4",0.30135381427347,27.999700544514
"5",0.270550382322777,27.629557203812
"6",0.245972891674917,27.0815011481268
"7",0.306148277539035,27.8762047004034
"8",0.333366003759875,28.2276462511463
"9",0,25.6106149941944
