"","obs","bmi"
"1",0.357249948165094,28.6641475910442
"2",0.326279926433958,28.2097248275736
"3",0.34679350447892,28.4622128425075
"4",0.337114688445996,28.2604110366177
"5",0.327573512585025,28.0587468505777
"6",0.248876535704003,27.0937300440189
"7",0.306872534224205,27.9202971268839
"8",0.338098185075708,28.3320665118001
"9",0,25.6281835294678
