"","obs","bmi"
"1",0.358873994557543,28.6945079259742
"2",0.331157285412355,28.24424858403
"3",0.346631840833317,28.4502447029042
"4",0.330965959402316,28.2060780489356
"5",0.315616710697818,27.9620106868027
"6",0.238299706220608,27.0380629253641
"7",0.312424306993598,27.9340567489885
"8",0.336050233491643,28.3219950087971
"9",0,25.5865554849953
