"","obs","bmi"
"1",0.366226360004752,28.7543190295548
"2",0.334595364216882,28.3004633213546
"3",0.338189211935632,28.3491380467633
"4",0.305410215162547,27.9441803168934
"5",0.279767981563701,27.5394540931243
"6",0.242671683145924,27.0497406199661
"7",0.308075634335253,27.9028158588561
"8",0.335464875645747,28.2401217011458
"9",0,25.5699974040736
