"","obs","bmi"
"1",0.357270937476489,28.7225400600181
"2",0.328511182816576,28.2655227764755
"3",0.335282768173445,28.3155094493956
"4",0.311716147458077,27.9087814780899
"5",0.287617726692088,27.5023704651374
"6",0.245792680379635,27.0726512428238
"7",0.310270708422543,27.9051760108091
"8",0.333690004358094,28.2839007944935
"9",0,25.6210991923917
