"","obs","bmi"
"1",0.362092903680054,28.7212326219991
"2",0.328432751000843,28.2473329019819
"3",0.337608320947534,28.3564643743398
"4",0.314570617499821,27.991914263269
"5",0.292887376352199,27.627590664734
"6",0.242344709460847,27.0731342825874
"7",0.304675503503621,27.860424787612
"8",0.338495765521843,28.3192719633031
"9",0,25.5843216861564
