"","obs","bmi"
"1",0.357879152428804,28.6796444690234
"2",0.327745634923174,28.2234071449797
"3",0.335312056262784,28.3413073970039
"4",0.308151542151753,28.0031042294316
"5",0.284730912826013,27.6650382026254
"6",0.247798988322003,27.0814530688016
"7",0.309541685174699,27.9504033843431
"8",0.335632364341759,28.2994251268604
"9",0,25.6164910019912
