"","obs","bmi"
"1",0.357728410281065,28.7104762710595
"2",0.32795905213109,28.2480459223673
"3",0.335216778685965,28.3551497562943
"4",0.313574614197831,28.0000743573991
"5",0.290665397867429,27.6452624340779
"6",0.242102814361899,27.0831568648572
"7",0.309859297008603,27.932008023644
"8",0.330849030407707,28.2181016980341
"9",0,25.5919363133809
