"","obs","bmi"
"1",0.36222493133404,28.703419617452
"2",0.332317636635248,28.2385862324242
"3",0.344013130237079,28.3822089066145
"4",0.323988497884865,28.0611578231607
"5",0.300986193604139,27.7402721170879
"6",0.243158476796014,27.1027122987465
"7",0.30961532094078,27.9265878547645
"8",0.331672595100449,28.2663112298689
"9",0,25.5853042134198
