"","obs","bmi"
"1",0.362962072477021,28.735718124851
"2",0.333436289924977,28.2756245980666
"3",0.340042348334524,28.4289421952605
"4",0.314911624570988,28.1223553358598
"5",0.289906183887924,27.8159648155872
"6",0.243223552191524,27.0967549091488
"7",0.311493310994948,27.9350509456934
"8",0.337930179532453,28.3009468034322
"9",0,25.597790900586
