"","obs","bmi"
"1",0.361233909991324,28.7616204661749
"2",0.33239028563785,28.2995310498668
"3",0.332022036462887,28.3683561313218
"4",0.298335548016931,27.9754178494612
"5",0.267763928971097,27.5828220237737
"6",0.244671498007391,27.0783593280393
"7",0.307299567653774,27.9216954833177
"8",0.344750853823216,28.3747756590546
"9",0,25.6007831972919
