"","obs","bmi"
"1",0.362232032407176,28.7461981600942
"2",0.333102074605799,28.2850811407328
"3",0.339916573757391,28.3867674206053
"4",0.312561729171201,28.0275319091947
"5",0.288299365964614,27.6684966699835
"6",0.241977772043151,27.065705916561
"7",0.305859303332201,27.9258147111139
"8",0.328954313189041,28.212430335118
"9",0,25.6223926868243
