"","obs","bmi"
"1",0.36105813620457,28.7180409199463
"2",0.330913543669972,28.2546220974477
"3",0.336396361359521,28.3482748913555
"4",0.311095793405374,27.9787988565773
"5",0.280995916532242,27.6096264743232
"6",0.244294890979078,27.0630953308868
"7",0.306419187332425,27.9132540078768
"8",0.338893990321572,28.322276234368
"9",0,25.6263616134285
