"","obs","bmi"
"1",0.3632687192927,28.7598826830455
"2",0.332549515028284,28.3024102313524
"3",0.344541034920393,28.4650253837964
"4",0.320697972442809,28.1703000464478
"5",0.298511165825691,27.8757108187426
"6",0.241183576488866,26.9816709006233
"7",0.308857799668597,27.9074477793479
"8",0.334606920140969,28.2784526212689
"9",0,25.6086413113943
