"","obs","bmi"
"1",0.362105252865248,28.6902120304266
"2",0.33236657926114,28.2283452229262
"3",0.345047323978656,28.4106750706942
"4",0.325001315831685,28.1313155764029
"5",0.303493224202596,27.8521414398236
"6",0.244602688369228,27.0644573327998
"7",0.305796645751495,27.9072986294217
"8",0.326652231326098,28.244017850025
"9",0,25.5798136489154
