"","obs","bmi"
"1",0.358496587165658,28.6847250196264
"2",0.328991021332512,28.2274091388232
"3",0.351631352163577,28.4918022660091
"4",0.344515249068254,28.2990897189638
"5",0.338952671368089,28.1065965466787
"6",0.240991656876422,27.0522502596766
"7",0.309729689255269,27.8840237510362
"8",0.32676804385682,28.1704759934974
"9",0,25.6041768847515
