"","obs","bmi"
"1",0.352940106361299,28.6434031381334
"2",0.323550329747341,28.1873298325742
"3",0.340444045329683,28.4233288372743
"4",0.327950070120072,28.2034241581691
"5",0.316515173660811,27.9836956964056
"6",0.24781963542361,27.102672031808
"7",0.302323501442681,27.8698970347187
"8",0.339918339605728,28.3493158637256
"9",0,25.6357405069371
