"","obs","bmi"
"1",0.355509532237662,28.6560532942571
"2",0.327593430155315,28.2054821576595
"3",0.34718883433589,28.4208152439935
"4",0.339534873226732,28.1858120587987
"5",0.332304120775595,27.9510548258402
"6",0.244020537936421,27.0100332180568
"7",0.308988185131863,27.9169306900051
"8",0.336285493040849,28.341100718958
"9",0,25.5731458595406
