"","obs","bmi"
"1",0.358694404634212,28.7045385234194
"2",0.328549855018104,28.2509891283273
"3",0.337800069882742,28.4162817232777
"4",0.31354132911575,28.1281340838171
"5",0.289469877440092,27.8400981324419
"6",0.249451533035524,27.109099766027
"7",0.310526111535603,27.9305964900753
"8",0.338646652987444,28.304607867788
"9",0,25.6035528963069
