"","obs","bmi"
"1",0.364575900527683,28.7742349294704
"2",0.334090842657608,28.3100205210232
"3",0.352702241401632,28.5455287859581
"4",0.337973152368499,28.316894344893
"5",0.324150119769682,28.0883333627049
"6",0.245894378992484,27.1160222191006
"7",0.302081232620419,27.8700217305322
"8",0.336755851778938,28.2848219285365
"9",0,25.5952330364431
