"","obs","bmi"
"1",0.363161020675041,28.7554932237018
"2",0.332136279519838,28.294446948621
"3",0.342547085201888,28.4439822821431
"4",0.321415426533286,28.1327092599544
"5",0.299058683230795,27.8216854599977
"6",0.251285901047049,27.1572330925516
"7",0.303961091926686,27.8769332505929
"8",0.330623632571292,28.2550920419596
"9",0,25.6221266613166
