"","obs","bmi"
"1",0.352483963936956,28.6291789675825
"2",0.323136656031633,28.1692469378114
"3",0.343049929580608,28.392663216053
"4",0.334548144492734,28.1562887525819
"5",0.323908423214844,27.9200605470523
"6",0.243620995724449,27.0651418637346
"7",0.308705922551158,27.8749586174637
"8",0.334349132026578,28.3244686963069
"9",0,25.5889047115993
