"","obs","bmi"
"1",0.366279367247574,28.7398385924815
"2",0.333848898042053,28.2821316294536
"3",0.337570926578115,28.3997605934124
"4",0.310049744828131,28.059843845769
"5",0.281160726362179,27.7200925435373
"6",0.245022507343958,27.1218036049211
"7",0.308513868023849,27.9378126394056
"8",0.335391631422045,28.2418499470389
"9",0,25.5338849932098
