"","obs","bmi"
"1",0.359135599416761,28.6612747693095
"2",0.330872449626082,28.2078559820665
"3",0.339853139527683,28.3759071704018
"4",0.316761652905731,28.0906512333963
"5",0.29012769816538,27.8055092434343
"6",0.243615576305391,27.0650716664997
"7",0.303591851361454,27.948820648909
"8",0.330793747618191,28.2787996430626
"9",0,25.5596478780428
