"","obs","bmi"
"1",0.358060710462083,28.7014403702047
"2",0.331128720562223,28.2461525036802
"3",0.334923464737489,28.3257827906184
"4",0.310624740185436,27.9503331920152
"5",0.28544266182754,27.575098715082
"6",0.247469775619598,27.0915507659216
"7",0.30116309438379,27.8270138527092
"8",0.335706178316901,28.2720856992101
"9",0,25.5608129793501
