"","obs","bmi"
"1",0.35915591734517,28.6302219926699
"2",0.328563584351793,28.1732325068088
"3",0.338174695795204,28.2774815728247
"4",0.317583829852549,27.9250114879924
"5",0.296161508677361,27.5728253325724
"6",0.239718921974245,27.0484568542965
"7",0.303870121082958,27.8750492496962
"8",0.339687207067489,28.3580701422546
"9",0,25.5238759376147
