"","obs","bmi"
"1",0.36460124147822,28.6916452124207
"2",0.33362137713117,28.2318872091261
"3",0.344428674151602,28.3456550481832
"4",0.327345195399703,27.9998467491527
"5",0.306369793772302,27.6542265993075
"6",0.24431820652754,27.0343304904105
"7",0.303403261379793,27.8656279327178
"8",0.331744325152698,28.2801488509822
"9",0,25.522804113041
