"","obs","bmi"
"1",0.356894507399472,28.6776719371409
"2",0.328117518818091,28.218039535073
"3",0.342027564334566,28.4344438070947
"4",0.326644113852279,28.1913193947018
"5",0.310294269490646,27.9483013835114
"6",0.247070154201183,27.0909043925248
"7",0.308206523931309,27.90972522101
"8",0.33635872300968,28.3019714088053
"9",0,25.6175979710619
