"","obs","bmi"
"1",0.368091669752731,28.7667370272168
"2",0.337554556412684,28.3042514852292
"3",0.339877543436857,28.3166351009244
"4",0.310244312870272,27.8668888736285
"5",0.281252619880825,27.4175174972457
"6",0.24993826305981,27.1185517557797
"7",0.309190594342612,27.9097694461702
"8",0.342380184884502,28.3505510670334
"9",0,25.5850771894889
