"","obs","bmi"
"1",0.360665646199319,28.697274828473
"2",0.331322679726815,28.2469171229369
"3",0.341688787942668,28.363192396574
"4",0.32025680936709,28.0293137838639
"5",0.299375982990216,27.6956479594875
"6",0.241389160668017,26.9855616535912
"7",0.298581524667615,27.8223640653995
"8",0.335663662976477,28.3014744886848
"9",0,25.5973965328651
