"","obs","bmi"
"1",0.357427073696175,28.6492026010736
"2",0.326802317018237,28.1994659845177
"3",0.341282438285451,28.3119030449037
"4",0.321884724363653,27.9751876197005
"5",0.303820979416482,27.6391038630688
"6",0.239222259146229,27.0374510692664
"7",0.310466797215545,27.904487108145
"8",0.331050621513343,28.2705197327196
"9",0,25.5552409114079
