"","obs","bmi"
"1",0.356727932807275,28.6697616770795
"2",0.324979248539781,28.2075011680147
"3",0.338449145436646,28.3993800085201
"4",0.31692549792921,28.1291571178232
"5",0.298387788012027,27.8590982031073
"6",0.248012970651356,27.0982312493384
"7",0.304785090699444,27.8857945113741
"8",0.337040156706273,28.2817864385977
"9",0,25.6248601987557
