"","obs","bmi"
"1",0.360032450404213,28.6662109080069
"2",0.330124450813607,28.2015514444066
"3",0.33884728235549,28.3378597106621
"4",0.317627323880339,28.0097137297575
"5",0.29214011291109,27.681781040422
"6",0.242736314674406,27.0907624504164
"7",0.310135386347491,27.9329185860647
"8",0.332872164381641,28.2913597391127
"9",0,25.5589904958415
