"","obs","bmi"
"1",0.357954628730872,28.6773225106141
"2",0.327166958635479,28.2182614879973
"3",0.332289201700474,28.4110610845899
"4",0.305773205226199,28.1448476573734
"5",0.279427292412408,27.8786823109746
"6",0.249972191641514,27.1259773211829
"7",0.308837995588132,27.8884818372338
"8",0.336517400285979,28.2846136137499
"9",0,25.5982532639771
