"","obs","bmi"
"1",0.361128931656003,28.6996898721546
"2",0.330701205814125,28.236881000526
"3",0.336439919314367,28.4306855482079
"4",0.311474026728032,28.1617599181898
"5",0.284689438584853,27.8929142403063
"6",0.245099501204939,27.0647114861612
"7",0.307984087347381,27.8864278069646
"8",0.331346530925194,28.2600562077184
"9",0,25.5862261504497
