"","obs","bmi"
"1",0.361913279381985,28.7093520616928
"2",0.331138091595566,28.2495465369737
"3",0.342230189294215,28.4114985297993
"4",0.323227704772887,28.1137839695151
"5",0.302742043081116,27.8162136366161
"6",0.246491268907708,27.1037390775929
"7",0.305295713643892,27.9319811474092
"8",0.333725368306294,28.2658489173061
"9",0,25.5643622559486
