"","obs","bmi"
"1",0.361419972121408,28.6634287958836
"2",0.333316546326487,28.2134052280846
"3",0.349868060763521,28.3569674091044
"4",0.338971421997687,28.0507140853139
"5",0.328070752389697,27.7446770172784
"6",0.243357183377358,27.102735697938
"7",0.302004951814786,27.891637765155
"8",0.332905016506855,28.2910358190685
"9",0,25.5364874923318
