"","obs","bmi"
"1",0.360751521820767,28.6643890336832
"2",0.327670411013462,28.2108322616889
"3",0.350635532329,28.4065119288627
"4",0.339561845849829,28.148771990301
"5",0.32908024161828,27.8911736652412
"6",0.250646761946584,27.1329378320166
"7",0.308725494160321,27.913392827021
"8",0.333125678483125,28.2927217068039
"9",0,25.5648241532693
