"","obs","bmi"
"1",0.356393411172869,28.6973632852032
"2",0.325462842563082,28.2375214233802
"3",0.332550090311031,28.4437940896372
"4",0.312921054065525,28.1903930111546
"5",0.292534641176365,27.9371663226985
"6",0.245956077624343,27.0632938144245
"7",0.305964233220264,27.9083161992462
"8",0.334139637842081,28.2612446822507
"9",0,25.5882409628486
