"","obs","bmi"
"1",0.363197781177291,28.7268566401033
"2",0.33429014610616,28.2729549747983
"3",0.335219758952352,28.2791157305387
"4",0.304293065108449,27.8316541977226
"5",0.272970581718647,27.384486978782
"6",0.240714089686364,27.0429245943117
"7",0.306730123570886,27.9172968858032
"8",0.327657318033077,28.2010277395888
"9",0,25.6076511881742
