"","obs","bmi"
"1",0.361646493128465,28.6880029689406
"2",0.332538547668786,28.2322246754752
"3",0.339703199366814,28.4071961139818
"4",0.320372115780465,28.1266583542707
"5",0.295211155762969,27.8464055595231
"6",0.245497935491369,27.0620273333834
"7",0.309604431997952,27.9114971024569
"8",0.337717015331401,28.2980170470952
"9",0,25.5617074963668
