"","obs","bmi"
"1",0.367424119823566,28.8067599805517
"2",0.338894554093066,28.3441085884157
"3",0.348596561423509,28.44996308698
"4",0.323360796384922,28.093717144625
"5",0.301835226149692,27.7380642203376
"6",0.246377612465256,27.0828517049989
"7",0.310516313885509,27.9091406771746
"8",0.335609859594238,28.2751284358645
"9",0,25.6112376669804
