"","obs","bmi"
"1",0.363762141654026,28.713632287942
"2",0.333731751521628,28.2525001212024
"3",0.350701856197294,28.4504475406351
"4",0.339154167064844,28.1874218423839
"5",0.325222966403589,27.924561377513
"6",0.234854919751224,26.9964118656733
"7",0.303657049537564,27.8344804861162
"8",0.335230640067191,28.3000582138677
"9",0,25.5990173098936
