"","obs","bmi"
"1",0.359965499607901,28.6899669246745
"2",0.330300788145172,28.2324568923846
"3",0.334697228018776,28.391951313449
"4",0.310796287359154,28.0940162876309
"5",0.285455671234962,27.7961631000687
"6",0.241925319998976,27.0632910384771
"7",0.309145522154522,27.9121696623526
"8",0.336681131656732,28.2800124344616
"9",0,25.6081665367557
