"","obs","bmi"
"1",0.358553922327769,28.7043960854567
"2",0.328748716213128,28.2461015113726
"3",0.339368022428565,28.4245209080891
"4",0.317674965739035,28.1448817835966
"5",0.297025321884544,27.8654907990634
"6",0.248061240798894,27.0902998346264
"7",0.308143774603845,27.8631754432922
"8",0.332079333036545,28.2168538016243
"9",0,25.5960989247178
