"","obs","bmi"
"1",0.356771188320553,28.7028124732466
"2",0.329923356861445,28.2448536116085
"3",0.333977881495803,28.3374914500304
"4",0.3055208833052,27.972488495955
"5",0.279540998380325,27.6078203539288
"6",0.247186099884203,27.0980406141368
"7",0.306619200021423,27.8503647930497
"8",0.339304403607626,28.3259271108521
"9",0,25.5994131781456
