"","obs","bmi"
"1",0.35862064162487,28.6564796115956
"2",0.326739226556731,28.1967183567201
"3",0.340521639610427,28.3474662400947
"4",0.321847705405177,28.0386814464008
"5",0.305528311817375,27.7301351247867
"6",0.249020227701999,27.1174982202842
"7",0.311400224169834,27.9099354775739
"8",0.336647919556332,28.2625832874909
"9",0,25.6101630280929
