"","obs","bmi"
"1",0.363250479947089,28.7485092963511
"2",0.333063706708558,28.2883838637319
"3",0.336798770829797,28.3192234704119
"4",0.306319281326074,27.8902136416134
"5",0.282022907607513,27.4614887556374
"6",0.254140321600275,27.1016864348749
"7",0.304744252178312,27.8867055229203
"8",0.338661893918164,28.2987079713403
"9",0,25.6322028410443
