"","obs","bmi"
"1",0.363116862811758,28.681644735143
"2",0.333866120109766,28.2345287104529
"3",0.334038429141754,28.33757574549
"4",0.302911368524858,27.9935990586337
"5",0.272016978325467,27.6497142462296
"6",0.247127910198488,27.0848782087438
"7",0.300560485635911,27.8358383369741
"8",0.33745211641535,28.3403674997879
"9",0,25.5505363209798
