"","obs","bmi"
"1",0.356512069709727,28.6433816600257
"2",0.326562416990704,28.1820917941905
"3",0.336898513722045,28.283400159445
"4",0.319658044726864,27.9236615776221
"5",0.297083723993582,27.564176874901
"6",0.246652575674172,27.0985908947087
"7",0.308798249908637,27.8779169171829
"8",0.333661234175723,28.2551168689611
"9",0,25.5770979299488
