"","obs","bmi"
"1",0.35709723624504,28.6596481054929
"2",0.327804827753859,28.199221984384
"3",0.333526460240065,28.3103615211688
"4",0.307966603544786,27.9612604401549
"5",0.28278377887821,27.6123518693265
"6",0.246781796746105,27.0580786416097
"7",0.304201383271235,27.8772135648362
"8",0.33268283269281,28.2351402031696
"9",0,25.609493298948
