"","obs","bmi"
"1",0.36241259322169,28.719557887456
"2",0.332517023501031,28.254785029996
"3",0.33736350257825,28.3897991844789
"4",0.312384391276696,28.060184417445
"5",0.28909300736335,27.7307175254123
"6",0.241740818252407,27.1015732743236
"7",0.305906911936417,27.8967098487686
"8",0.335811113197346,28.2855043144147
"9",0,25.586762855506
