"","obs","bmi"
"1",0.3500700353288,28.6277399231509
"2",0.324380239429938,28.1814030006434
"3",0.325232238192963,28.2174653876457
"4",0.295030949463972,27.8075142963985
"5",0.270005081885348,27.3979022119262
"6",0.241737431348652,27.0525787132555
"7",0.313782783008616,27.9292718028013
"8",0.336404577128972,28.3062687135896
"9",0,25.5954792550999
