"","obs","bmi"
"1",0.363320285397372,28.7229161506226
"2",0.333181603305102,28.2647677024813
"3",0.344560598417978,28.3690258187344
"4",0.325996810482273,28.0153842093668
"5",0.303159210010331,27.6620018796143
"6",0.246644720177477,27.0747491567282
"7",0.312574747682419,27.9484495631604
"8",0.337186805305936,28.3089148746081
"9",0,25.5620216343535
