"","obs","bmi"
"1",0.365985363637008,28.7343081265373
"2",0.333674358476809,28.2815803032913
"3",0.343946069563747,28.4538389708458
"4",0.323237951159895,28.1735630959127
"5",0.300928966398154,27.8934888277968
"6",0.243417431864523,27.0845060600319
"7",0.315010719581841,27.9458362604616
"8",0.333398999918192,28.2838080156077
"9",0,25.6102287227449
