"","obs","bmi"
"1",0.360200679216081,28.705839627268
"2",0.329675401513433,28.2505370609635
"3",0.34774818722448,28.479878477344
"4",0.336662237956592,28.254035392277
"5",0.324574350195113,28.028315810843
"6",0.247257804627902,27.1252216147037
"7",0.305907287683595,27.8688870420155
"8",0.334141401820708,28.2877519372111
"9",0,25.6218325399291
