"","obs","bmi"
"1",0.357198699731606,28.6617317088479
"2",0.327744153771048,28.2022768627797
"3",0.334676534317254,28.2623408962055
"4",0.308615915567514,27.8631488083685
"5",0.286875262772527,27.4641635401552
"6",0.242975812933263,27.0352944430418
"7",0.307873549088788,27.9236188597685
"8",0.331398793003577,28.2482082066549
"9",0,25.5683454657522
