"","obs","bmi"
"1",0.363744474551778,28.7209730648792
"2",0.333358045847462,28.2628306946257
"3",0.347920799493123,28.4458880355642
"4",0.331518123860378,28.1709499053471
"5",0.316629330575979,27.8961634729253
"6",0.249366166569104,27.0957918743677
"7",0.30955742398463,27.9135636452889
"8",0.335603006852521,28.2884540114987
"9",0,25.608826395953
