"","obs","bmi"
"1",0.354655347244294,28.6128243786236
"2",0.321818558891776,28.1534320527078
"3",0.330752864026031,28.3148071613677
"4",0.306869159922758,28.016938236317
"5",0.286708414485864,27.719222291842
"6",0.248478535903031,27.1163303425928
"7",0.30667946533334,27.9120104171032
"8",0.334568558012442,28.2949163860509
"9",0,25.562552545562
