"","obs","bmi"
"1",0.359498627778726,28.6928721920361
"2",0.329754727803387,28.2274285017272
"3",0.338659283379481,28.3058354196729
"4",0.314920830302876,27.9191858435686
"5",0.289565747994732,27.532947295826
"6",0.242778155566838,27.0933174161336
"7",0.306344049656761,27.8470831524655
"8",0.333042253819767,28.2671951498163
"9",0,25.6424972444078
