"","obs","bmi"
"1",0.359265765478727,28.7152011239088
"2",0.32939440230423,28.2518088429178
"3",0.346125651203623,28.3936083912722
"4",0.332211596788882,28.0723157346478
"5",0.317993643714085,27.751338047171
"6",0.2468761248946,27.1082607243465
"7",0.308809609065612,27.903993025661
"8",0.331925910006466,28.2946533060152
"9",0,25.6265383028754
