"","obs","bmi"
"1",0.362493877658382,28.7377748335078
"2",0.334413181816644,28.2755101840137
"3",0.350128271386514,28.4695290045806
"4",0.337120430935075,28.2014193614591
"5",0.324575796542063,27.9334514999139
"6",0.245565981666076,27.1012875020121
"7",0.31160798309476,27.9090025920023
"8",0.329842071709376,28.241700370745
"9",0,25.6304053356596
