"","obs","bmi"
"1",0.360512772150145,28.7308075769652
"2",0.330828230867928,28.269685270921
"3",0.344616931291804,28.3964481039726
"4",0.327309022266067,28.062591437077
"5",0.310377938679991,27.7292769481617
"6",0.238699916528971,26.9944996941817
"7",0.30974057707674,27.921172717328
"8",0.331162494028917,28.2892698010579
"9",0,25.5701865045948
