"","obs","bmi"
"1",0.363116862811758,28.681644735143
"2",0.332271536950493,28.2244301493998
"3",0.356528711098973,28.4134532501022
"4",0.348667753345729,28.1454672738382
"5",0.340351512410953,27.8776951485248
"6",0.247127910198488,27.0848782087438
"7",0.300560485635911,27.8358383369741
"8",0.33745211641535,28.3403674997879
"9",0,25.5505363209798
