"","obs","bmi"
"1",0.357477662450737,28.6649371608558
"2",0.328458854895613,28.2007280583947
"3",0.346272813736745,28.4333967027595
"4",0.333547378461823,28.2019521138953
"5",0.320976880339426,27.9706060692025
"6",0.248501104039605,27.1140120877834
"7",0.312092659508526,27.9283878720454
"8",0.331269609860951,28.237422744699
"9",0,25.5512673462057
