"","obs","bmi"
"1",0.361506419522661,28.7175956623364
"2",0.33217877023495,28.2594571390589
"3",0.346789709314219,28.4624468930337
"4",0.332704478085178,28.2074641869088
"5",0.318394104885867,27.9526532520973
"6",0.247562732630972,27.093737568073
"7",0.308870386718472,27.9158596109789
"8",0.345003403021694,28.3790206831975
"9",0,25.5579672218308
