"","obs","bmi"
"1",0.362338077700198,28.7457204572627
"2",0.332408351395363,28.2794482629189
"3",0.345159804248867,28.5446255695169
"4",0.326849424966325,28.3435767781097
"5",0.308343177599046,28.1425756280088
"6",0.244548666320949,27.0954743258644
"7",0.30388019618769,27.8562654890036
"8",0.338048783234677,28.3090239585604
"9",0,25.6106440640124
