"","obs","bmi"
"1",0.363387996241554,28.7032391093076
"2",0.334365138400437,28.2437340662283
"3",0.345685960276613,28.3487452355208
"4",0.323360483754858,27.9946549802594
"5",0.300084774106688,27.6409942490871
"6",0.241262737108949,27.062729222808
"7",0.312187350582359,27.9646035273409
"8",0.334646661924182,28.2887716533996
"9",0,25.6020803605061
