"","obs","bmi"
"1",0.366277899823306,28.741208631902
"2",0.332435577995174,28.2791877600463
"3",0.35224813126283,28.5117010076193
"4",0.334438606348354,28.2822568322868
"5",0.319569483265208,28.0528776617776
"6",0.248758167827712,27.1084391920719
"7",0.309970417854234,27.913865588816
"8",0.334646501249524,28.2927170097717
"9",0,25.5980044150717
