"","obs","bmi"
"1",0.369465446409499,28.797954162062
"2",0.336452724193973,28.3368403689984
"3",0.358874485682243,28.5244932432024
"4",0.346685303515371,28.2511965104392
"5",0.334971805614806,27.9780698456543
"6",0.238947763041991,27.0432609778457
"7",0.305403716145945,27.8604763988458
"8",0.335099832533688,28.3186902392182
"9",0,25.6601217449502
