"","obs","bmi"
"1",0.358083772726262,28.6663929050836
"2",0.329583041948721,28.2031992290695
"3",0.346260804175074,28.4112627306637
"4",0.333758319268492,28.1562821320489
"5",0.318122979092619,27.901457142844
"6",0.241861450570378,27.0938323382851
"7",0.304778548608851,27.8661805364855
"8",0.340789153851039,28.3535372710894
"9",0,25.6285838065952
