"","obs","bmi"
"1",0.365042974097417,28.7302072886351
"2",0.337659955583833,28.2682567157542
"3",0.347743010188887,28.4330614089291
"4",0.330358340919821,28.1361098997251
"5",0.308447144937951,27.8393600872183
"6",0.246647362003499,27.1108194092577
"7",0.307353789371437,27.8687968334384
"8",0.32614305258688,28.1235268647605
"9",0,25.5847764806926
