"","obs","bmi"
"1",0.361231994086184,28.712168597111
"2",0.331362467566324,28.2546518480099
"3",0.348347151536155,28.4196818767219
"4",0.331248086053329,28.1275338705759
"5",0.314358827365412,27.8357450289496
"6",0.241191072762507,27.0355750646413
"7",0.306051904426578,27.8756118559196
"8",0.329696641275398,28.2632927566998
"9",0,25.6199002802831
