"","obs","bmi"
"1",0.36024872773763,28.7571832262045
"2",0.330352381644991,28.2996113573484
"3",0.34027048475496,28.4306679571182
"4",0.321042333644568,28.1043446229445
"5",0.299512471541519,27.7782204186236
"6",0.243590434079999,27.095225674288
"7",0.304486061342499,27.8438833343223
"8",0.33333350471178,28.2898046423351
"9",0,25.6605608780464
