"","obs","bmi"
"1",0.361357702187784,28.7141649195023
"2",0.332004550205802,28.2492791545767
"3",0.347320458318453,28.4605020582301
"4",0.334602925937446,28.2070663984458
"5",0.319258629583071,27.953867525842
"6",0.24636417138059,27.0990072397326
"7",0.3046820383147,27.8795488482551
"8",0.332804066967034,28.2862491847699
"9",0,25.5699321446698
