"","obs","bmi"
"1",0.35965331268535,28.6951217087462
"2",0.330242163602092,28.2327954666266
"3",0.340097765188286,28.3748128943722
"4",0.31798754520672,28.0547872503455
"5",0.295895446852794,27.7350593022751
"6",0.250526923035126,27.0918603607315
"7",0.303798655041992,27.9088865316316
"8",0.337037206367132,28.2899733993456
"9",0,25.5447373819646
