"","obs","bmi"
"1",0.35871695973179,28.6787773036847
"2",0.329889365266828,28.2162254625973
"3",0.342236477796317,28.391311577234
"4",0.327913572782313,28.1040031265308
"5",0.311774048418793,27.8168573255717
"6",0.243897914789042,27.0683303301563
"7",0.306433411123305,27.8620920427917
"8",0.335148244167373,28.2935337472545
"9",0,25.580019705575
