"","obs","bmi"
"1",0.360630874221609,28.714871733334
"2",0.332795758485069,28.2460930847667
"3",0.333603433924416,28.3500992593685
"4",0.301220051546481,27.9856435016597
"5",0.278236577051583,27.6215199779736
"6",0.247795441420905,27.1143618646113
"7",0.308274914454773,27.915542774054
"8",0.340368275222719,28.3286031742029
"9",0,25.5847009091715
