"","obs","bmi"
"1",0.362375626714972,28.7958031416826
"2",0.331917128745422,28.3334761975074
"3",0.340717510271333,28.4533857954081
"4",0.317056478252448,28.1112177208794
"5",0.291416566395743,27.7693110255218
"6",0.244467282823627,27.0859171654109
"7",0.306520786432789,27.9247295833566
"8",0.338723742824592,28.3183496299391
"9",0,25.6093095568815
