"","obs","bmi"
"1",0.358211648068918,28.6842185338414
"2",0.330315387368109,28.2283301071267
"3",0.33007773670449,28.3529240721696
"4",0.297032119383322,28.0216950918035
"5",0.266354443219921,27.6905305048263
"6",0.246643391848753,27.1019781395137
"7",0.303449269096379,27.8357371637783
"8",0.342922535134183,28.3628256029338
"9",0,25.5784165466498
