"","obs","bmi"
"1",0.362092903680054,28.7212326219991
"2",0.330398797514544,28.2643699137993
"3",0.343379710721178,28.4904445022965
"4",0.327535655992751,28.2597892727902
"5",0.313602703789074,28.0292717458151
"6",0.242344709460847,27.0731342825874
"7",0.304675503503621,27.860424787612
"8",0.338495765521843,28.3192719633031
"9",0,25.5843216861564
