"","obs","bmi"
"1",0.357928864815706,28.6639001253035
"2",0.328725640518457,28.2085342345218
"3",0.328492715891667,28.3170918518005
"4",0.293631830386952,27.9703706180949
"5",0.263131004227855,27.6237355828031
"6",0.24317157270599,27.0532234821971
"7",0.303312418435821,27.8944114595567
"8",0.334991057371513,28.2536290742888
"9",0,25.5766157068819
