"","obs","bmi"
"1",0.357457887260619,28.6831064085964
"2",0.329394453530973,28.2313827942678
"3",0.341449500036826,28.3438740073893
"4",0.328194258624617,28.005003364347
"5",0.31088370215883,27.6665151582339
"6",0.246364512278252,27.0836156851057
"7",0.308205180016714,27.9072242995098
"8",0.333287188200313,28.2492656459069
"9",0,25.59392591495
