"","obs","bmi"
"1",0.361448349849386,28.731311066105
"2",0.330332459250918,28.2717649709447
"3",0.346192760137971,28.4144965906279
"4",0.326899685922041,28.0979045576588
"5",0.307079880215799,27.7815451563776
"6",0.245015817472351,27.0921092843319
"7",0.305246101959157,27.8409466801556
"8",0.337134475775277,28.3286943319384
"9",0,25.6100145655522
