"","obs","bmi"
"1",0.362856705183761,28.738581680993
"2",0.333210601399789,28.2796898138899
"3",0.340945435957428,28.4356101912595
"4",0.313398645663306,28.1327592462645
"5",0.288126356561311,27.8300289436232
"6",0.248588895188637,27.0891244082349
"7",0.30243213801716,27.8890163625791
"8",0.331954062373966,28.2866688646334
"9",0,25.5993838532081
