"","obs","bmi"
"1",0.356974938576087,28.6714020377503
"2",0.328454826997406,28.2088383741782
"3",0.333480117755929,28.3871750925781
"4",0.307665478419907,28.1031422719191
"5",0.283711926449592,27.8193118020517
"6",0.247047684878356,27.092743733435
"7",0.303691395966701,27.8807148555347
"8",0.339122592840975,28.3762705723505
"9",0,25.6152179892032
