"","obs","bmi"
"1",0.362749634869587,28.7166118865265
"2",0.333984146760367,28.2628037816939
"3",0.346615260846768,28.4779900113646
"4",0.330198664428312,28.2394410121893
"5",0.314076807093486,28.0009662600515
"6",0.245126950720886,27.0297693066308
"7",0.305682059714069,27.8436844550963
"8",0.333256331381866,28.2414750215138
"9",0,25.6307314131534
