"","obs","bmi"
"1",0.361329005003471,28.7840283281957
"2",0.330625929497277,28.3148947000318
"3",0.339116250795743,28.4477563146095
"4",0.313980442615213,28.1116282381195
"5",0.29232307939978,27.7756477994435
"6",0.247157331609753,27.1202503912736
"7",0.309192313478249,27.9188845481825
"8",0.33131638302486,28.2714763246723
"9",0,25.6426775808095
