"","obs","bmi"
"1",0.360681150546638,28.7057421590028
"2",0.333042769329984,28.2456777387202
"3",0.343072079629076,28.4264778562531
"4",0.323970222953774,28.1473720920815
"5",0.306432455549636,27.868429980689
"6",0.247361577547313,27.1010836642942
"7",0.306925023156762,27.9371213343319
"8",0.338636796925,28.2769492412759
"9",0,25.5912152486537
