"","obs","bmi"
"1",0.364454941307509,28.7157038717242
"2",0.333965556192787,28.2570502474161
"3",0.338706021254651,28.4657110378802
"4",0.312707472872589,28.2157718030862
"5",0.288042858310637,27.9658851543683
"6",0.247936192480416,27.094042934836
"7",0.310124022200016,27.9243780890244
"8",0.342269949115039,28.3325831947285
"9",0,25.5176513295975
