"","obs","bmi"
"1",0.360253286354386,28.7899138763454
"2",0.332402664638576,28.3380937900821
"3",0.3406931533366,28.4245775850478
"4",0.320665864893089,28.0594487286703
"5",0.29817278498903,27.6945344602755
"6",0.246051100623189,27.0900108263359
"7",0.305243233529429,27.9268421909393
"8",0.333084850452919,28.2775266890108
"9",0,25.6436354856024
