"","obs","bmi"
"1",0.361591831349955,28.7091072047346
"2",0.331864855574061,28.2561675913962
"3",0.349997103190713,28.4166295142227
"4",0.33864833777844,28.1244003755232
"5",0.324260781814562,27.832431946063
"6",0.243400002502785,27.0796298279065
"7",0.305070669421765,27.8832638241161
"8",0.338384948701444,28.3350945771466
"9",0,25.5951943390815
