"","obs","bmi"
"1",0.358618470625304,28.6934065697251
"2",0.330472492180404,28.2372754120064
"3",0.3442060620504,28.4818401202628
"4",0.328249714982513,28.2703905262074
"5",0.312482862022167,28.0590608459203
"6",0.243531561511943,27.0620031893741
"7",0.315147426315615,27.9567332257758
"8",0.342961418069261,28.3345155943691
"9",0,25.5697919596953
