"","obs","bmi"
"1",0.356027580981424,28.7087570396745
"2",0.32548331721724,28.2530601739717
"3",0.333696580282095,28.3803605744869
"4",0.311605963528363,28.0521712392141
"5",0.288121928166694,27.7241970892472
"6",0.249865290264304,27.1284534329781
"7",0.300516458722749,27.8203224301143
"8",0.338304127088007,28.327475290362
"9",0,25.5814780636902
