"","obs","bmi"
"1",0.364809037635535,28.7617198288567
"2",0.336137281800811,28.3045026908726
"3",0.339966379549923,28.5094948482859
"4",0.312410683048155,28.2573222572505
"5",0.281391577512725,28.0052020371963
"6",0.245729535221775,27.1215696210124
"7",0.310893186636467,27.9307645756
"8",0.331239215016671,28.2722794472757
"9",0,25.5706248915461
