"","obs","bmi"
"1",0.35862786049271,28.7400657286989
"2",0.330218383348773,28.2741386014361
"3",0.337060875570887,28.4577124412239
"4",0.312346824333887,28.1754961952884
"5",0.290717999668515,27.8934210426631
"6",0.246916923862103,27.106106459877
"7",0.306540566522157,27.8741040604024
"8",0.332520596787822,28.2664891032428
"9",0,25.6497106902518
