"","obs","bmi"
"1",0.357922206150483,28.6162643288268
"2",0.326506556611567,28.1604615309208
"3",0.345771840023669,28.3995435164323
"4",0.332531539560571,28.1831259401801
"5",0.32056948921706,27.9670294711016
"6",0.245713914273606,27.0868879660294
"7",0.300430511483487,27.8298218626846
"8",0.329021513984311,28.2468502768739
"9",0,25.5206390964237
