"","obs","bmi"
"1",0.358734435297777,28.6883591915109
"2",0.329690455009944,28.2321414447527
"3",0.339888380709101,28.4210199973404
"4",0.315627371051476,28.1538409785324
"5",0.294087388911223,27.8868280561953
"6",0.249002427102254,27.1431153731324
"7",0.309676987114732,27.9221953569316
"8",0.334813445713644,28.2771416861384
"9",0,25.6037035299692
