"","obs","bmi"
"1",0.358122014697273,28.6958120448279
"2",0.326748819255721,28.2361630110368
"3",0.346168827172112,28.445260226709
"4",0.336237133542435,28.1949375666694
"5",0.32443682769121,27.944854802737
"6",0.245142708921591,27.0878997419937
"7",0.309541199304439,27.887839880019
"8",0.331339627747145,28.2552287745681
"9",0,25.6023461567467
