"","obs","bmi"
"1",0.363730929522015,28.7489145377151
"2",0.335634810189468,28.2996138022693
"3",0.349885705646863,28.558004627788
"4",0.332695769816321,28.3672432374618
"5",0.315007141961828,28.1766362798859
"6",0.244826460409749,27.0674448617913
"7",0.306088212692037,27.8809757752183
"8",0.335194392054993,28.2738050777947
"9",0,25.6169489798693
