"","obs","bmi"
"1",0.361520011534257,28.7033835899525
"2",0.333121398946425,28.2485426924291
"3",0.339301121144799,28.3704862192825
"4",0.31174248281021,28.0377189834715
"5",0.284752447828733,27.7050848423653
"6",0.244183464952549,27.0430229290683
"7",0.313068042860041,27.9182964244672
"8",0.331239800565599,28.2379885779423
"9",0,25.5949276460895
