"","obs","bmi"
"1",0.357918348562656,28.6955403177411
"2",0.329406148309,28.2476225841026
"3",0.340609537582263,28.3992355373722
"4",0.32329509928471,28.1030698971363
"5",0.304903993894154,27.8070487169579
"6",0.242935675035562,27.0744695119155
"7",0.305220556649638,27.9166345721332
"8",0.340960416365859,28.3180258831114
"9",0,25.6122104003246
