"","obs","bmi"
"1",0.367462779673741,28.8049665570935
"2",0.339577309206273,28.3525596230546
"3",0.344955827057638,28.4774230530771
"4",0.319225992606893,28.150023835928
"5",0.293651031370705,27.8227728359792
"6",0.244658123658446,27.0595260422382
"7",0.314014864775252,27.9373347181778
"8",0.339014859758607,28.3377916567039
"9",0,25.6453917194944
