"","obs","bmi"
"1",0.356356447031371,28.6748232375112
"2",0.328468538485824,28.2183503283999
"3",0.336646322149927,28.2826633253605
"4",0.315376003076967,27.8910824093219
"5",0.292672805469684,27.5001300307579
"6",0.245580448779246,27.0480425733347
"7",0.309869856671977,27.9313012272895
"8",0.331632546659367,28.2475325767331
"9",0,25.6001257246681
