"","obs","bmi"
"1",0.363884136084286,28.7620219212585
"2",0.333711056924731,28.3104401665023
"3",0.334634807676055,28.4347292683334
"4",0.302760278544703,28.1075363547325
"5",0.26934515629015,27.7804439531361
"6",0.246551583436527,27.1119220955359
"7",0.309700229768964,27.9246117108594
"8",0.332193803430013,28.2354426832501
"9",0,25.6044913694523
