"","obs","bmi"
"1",0.368556529680201,28.7904101077359
"2",0.339524538973683,28.3311360381508
"3",0.361129707184052,28.5454090680204
"4",0.354647479737168,28.300662071805
"5",0.349166531469144,28.0561816394081
"6",0.245581292767169,27.095384596347
"7",0.300248368530094,27.8329054406757
"8",0.336074580658583,28.3001613858786
"9",0,25.6189298510542
