"","obs","bmi"
"1",0.363000642104987,28.6999386376148
"2",0.332389936761166,28.2403736916795
"3",0.352843632664249,28.4483508815511
"4",0.342573392439684,28.1970482285105
"5",0.330337234466459,27.9460452080145
"6",0.247712387228426,27.123107304065
"7",0.309448467150914,27.9666007318244
"8",0.335370477074829,28.2570372996003
"9",0,25.5576453847373
