"","obs","bmi"
"1",0.358617729556728,28.7087660403015
"2",0.329149190256316,28.2439788339312
"3",0.323118545431481,28.3517677304553
"4",0.286219599525348,27.9948637901712
"5",0.254584763240262,27.6380516835825
"6",0.24151921266178,27.0387136766387
"7",0.31049685591373,27.9279378349033
"8",0.333839707230228,28.2829135161529
"9",0,25.5982857117679
