"","obs","bmi"
"1",0.362032813484192,28.7086662159358
"2",0.331952529660293,28.2538532852271
"3",0.347261058173881,28.4376938717882
"4",0.333169824921922,28.1668454554929
"5",0.319065239090094,27.8961244168784
"6",0.243751378104867,27.1060332140383
"7",0.30802108941,27.8823451989428
"8",0.338486325871434,28.2830693315066
"9",0,25.6082069598272
