"","obs","bmi"
"1",0.360360489435382,28.7339879851651
"2",0.331761910334459,28.2663660087717
"3",0.337837106374506,28.4044633107344
"4",0.310010474041437,28.0751827716488
"5",0.286138320721955,27.7461562585498
"6",0.245355870164185,27.0945572572805
"7",0.310142534352718,27.9053121417625
"8",0.329868282524726,28.2409287097565
"9",0,25.5769882863011
