"","obs","bmi"
"1",0.357332409166168,28.6804101717026
"2",0.328007765158155,28.2266066960285
"3",0.33584861979706,28.2637100307932
"4",0.308162178842213,27.8475953325449
"5",0.281862249530929,27.4321110377131
"6",0.241627485073733,27.0362938028874
"7",0.305538830070928,27.887815193814
"8",0.337450366720859,28.3373866175025
"9",0,25.6038717973854
