"","obs","bmi"
"1",0.359904393251829,28.7071838877999
"2",0.32944666426696,28.2503558672259
"3",0.340474022948265,28.4155677899492
"4",0.322759813365404,28.1241614693556
"5",0.302134581257618,27.8329743438036
"6",0.239570782569978,27.0602273450908
"7",0.310734846907966,27.8886813303694
"8",0.329956159839993,28.2130772657937
"9",0,25.5824742445878
