"","obs","bmi"
"1",0.356273424871663,28.6728490080112
"2",0.330232512948,28.2234923026321
"3",0.33572143945043,28.4415128303521
"4",0.314735665866689,28.2102243787362
"5",0.290091868019242,27.9789836018847
"6",0.241623558734202,27.0006354519983
"7",0.303852337726153,27.8502488511823
"8",0.338357300803011,28.3714466208806
"9",0,25.5736802149967
