"","obs","bmi"
"1",0.362077405434706,28.7308364799115
"2",0.333289374677113,28.2753541131051
"3",0.357019921140505,28.5306084937631
"4",0.350411867833236,28.3305671516874
"5",0.343838244861402,28.1307207015384
"6",0.239546266707986,27.0208743609445
"7",0.307764732442487,27.9277785757302
"8",0.327858021351609,28.2571021231466
"9",0,25.615796645748
