"","obs","bmi"
"1",0.363472054564622,28.7455288606368
"2",0.334149121745231,28.2837797869581
"3",0.33424566646307,28.3711440340648
"4",0.305751012000196,27.9968779945752
"5",0.278710857308745,27.6227321307611
"6",0.252696312779445,27.1340963252739
"7",0.307928986118979,27.9023940906723
"8",0.335288989941106,28.3166528058634
"9",0,25.6069440739449
