"","obs","bmi"
"1",0.362171124930812,28.7346746588572
"2",0.333155665380897,28.2732668226793
"3",0.34218103645914,28.460037026507
"4",0.319025928227833,28.185472929757
"5",0.298458519569544,27.9109819793102
"6",0.241155968613104,27.0077182509475
"7",0.311125352114713,27.9146176375106
"8",0.333552802020599,28.3038400202503
"9",0,25.6173571781075
