"","obs","bmi"
"1",0.358907533716008,28.7466980537421
"2",0.33058056738802,28.2900670884964
"3",0.33749766289007,28.4511099045581
"4",0.313066584263189,28.155658648455
"5",0.289285244327079,27.8603495912056
"6",0.247007670333888,27.0696493066388
"7",0.304864789351123,27.8484941020922
"8",0.33744991675579,28.3068230142255
"9",0,25.6516879707663
