"","obs","bmi"
"1",0.36420145828979,28.7360017124228
"2",0.334814157683711,28.2866207984145
"3",0.34066649632194,28.4119841167824
"4",0.316038237939454,28.0881132558437
"5",0.284186597613291,27.7643922891791
"6",0.24669943719455,27.0737868619953
"7",0.300789417585017,27.8508674613599
"8",0.336213254830409,28.3340940450226
"9",0,25.6243054778155
