"","obs","bmi"
"1",0.356895023926981,28.6460292906963
"2",0.329032991772421,28.1892597090132
"3",0.346040889667016,28.4196191756335
"4",0.333814403664259,28.193403493138
"5",0.322152597794089,27.9673904577755
"6",0.24990593711806,27.1255829845114
"7",0.310900450931415,27.9318647085975
"8",0.33320986366106,28.2788282425885
"9",0,25.5748082643412
