"","obs","bmi"
"1",0.358755285944676,28.6928954854969
"2",0.329973196619458,28.2229615437205
"3",0.345044913630626,28.3959160357016
"4",0.327216116224677,28.0993134217616
"5",0.310499166699922,27.8031114516502
"6",0.237784431659449,27.0321416989035
"7",0.305389653884964,27.9104231365484
"8",0.330096471064812,28.2334859353807
"9",0,25.5537538247337
