"","obs","bmi"
"1",0.356951559039697,28.6966359317324
"2",0.328247324518037,28.2286294544528
"3",0.330457361190641,28.32898027874
"4",0.297040546694839,27.9615508115116
"5",0.266992180459622,27.5943546917165
"6",0.242226853061577,27.0564415919559
"7",0.313039309656281,27.9383412463425
"8",0.333792186558937,28.2643323032554
"9",0,25.5963569326058
