"","obs","bmi"
"1",0.362950211667133,28.7160197131065
"2",0.334762052247447,28.2566376680037
"3",0.354554622935439,28.5474739577885
"4",0.347612838639337,28.3790466612567
"5",0.338188926908865,28.2107414930377
"6",0.241527835298367,27.0463608272527
"7",0.31325498904581,27.9553461470662
"8",0.334382360161958,28.3550108270402
"9",0,25.5423543581085
