"","obs","bmi"
"1",0.356492469145721,28.669264637967
"2",0.329463755004228,28.2102096351496
"3",0.338508465110034,28.3021070420358
"4",0.318534646358861,27.9352985290749
"5",0.297364914224695,27.568857826692
"6",0.245159087032212,27.040275365043
"7",0.312089243104507,27.9441811962134
"8",0.331711053596024,28.2608074175696
"9",0,25.5686641617156
