"","obs","bmi"
"1",0.352483963936956,28.6291789675825
"2",0.32308401687307,28.1656139150483
"3",0.337670613812563,28.2966415242341
"4",0.31817230287073,27.9644864849669
"5",0.299961645238128,27.6327387717273
"6",0.243620995724449,27.0651418637346
"7",0.308705922551158,27.8749586174637
"8",0.334349132026578,28.3244686963069
"9",0,25.5889047115993
