"","obs","bmi"
"1",0.362371493279414,28.7211521254774
"2",0.332677607059172,28.2565682941286
"3",0.337508080258351,28.389615097881
"4",0.310471800475212,28.0584764101046
"5",0.290298075768578,27.7277640697913
"6",0.245725315544548,27.0735424995257
"7",0.307307690203317,27.8756972259269
"8",0.327531533350216,28.2326884664654
"9",0,25.5820478581989
