"","obs","bmi"
"1",0.36594882033078,28.7850796315941
"2",0.333062613867861,28.3247985859084
"3",0.348785143901085,28.5781250367953
"4",0.331169368345152,28.371220609152
"5",0.311245852953499,28.1643654197278
"6",0.247397199299343,27.0878803776679
"7",0.305604279288951,27.8873519342752
"8",0.332632383133753,28.2633166662181
"9",0,25.6210897461058
