"","obs","bmi"
"1",0.359715885754855,28.7012496993021
"2",0.331623254184478,28.246873661164
"3",0.337188971574112,28.3337703648514
"4",0.309299859017492,27.9665805847423
"5",0.285120495185934,27.5996954008569
"6",0.243153136514779,27.0576397107029
"7",0.307301523818972,27.8935721129914
"8",0.336143775528366,28.317656540998
"9",0,25.577959835472
