"","obs","bmi"
"1",0.365509893547128,28.6955196607902
"2",0.335891860330499,28.2485552407948
"3",0.351156639675551,28.4832599396189
"4",0.338589852411012,28.2710861035892
"5",0.323418146380677,28.0590003767191
"6",0.239659581360584,27.0122753652367
"7",0.30334902769158,27.8567789222979
"8",0.336583809597971,28.3231993880241
"9",0,25.5447602524548
