"","obs","bmi"
"1",0.362543007558167,28.7238889125254
"2",0.330321378696914,28.2597803718912
"3",0.3382032041683,28.4171224179308
"4",0.310255047223861,28.1105074007573
"5",0.285171838375537,27.8040480608183
"6",0.242034704464371,27.0410970930136
"7",0.310502084150074,27.9265802486873
"8",0.331256163223056,28.2680055841371
"9",0,25.6143742749427
