"","obs","bmi"
"1",0.36585235830689,28.778899772313
"2",0.33565500326195,28.3236913260362
"3",0.340759729817435,28.4248172680483
"4",0.315484576269911,28.0708788060253
"5",0.287693873419113,27.717087160246
"6",0.240182322906937,26.9830646837839
"7",0.310732496685673,27.9051811930574
"8",0.337471876352463,28.3105284385495
"9",0,25.6337735652213
