"","obs","bmi"
"1",0.357954603418335,28.7205703248391
"2",0.330015157183307,28.2577165069874
"3",0.345266520717399,28.4518092523117
"4",0.327652365044744,28.1833350401096
"5",0.311802555532785,27.9151638656049
"6",0.241968498099569,27.0886928177428
"7",0.315178924208272,27.9927447135993
"8",0.334071817723243,28.3284125821378
"9",0,25.6288460258192
