"","obs","bmi"
"1",0.357927856941821,28.7019905209814
"2",0.326448277759809,28.2538895357147
"3",0.338195249335635,28.4249032724464
"4",0.316781754694035,28.1479985398085
"5",0.299271535998215,27.8712834990133
"6",0.240440878233776,27.0303674888066
"7",0.304296510976987,27.8369051298755
"8",0.33461364217086,28.2810380892181
"9",0,25.6154481673163
