"","obs","bmi"
"1",0.358154953109851,28.733206243166
"2",0.32852618935536,28.2667076380458
"3",0.319827486488349,28.365178521762
"4",0.285663206201453,27.997527029496
"5",0.257884352891303,27.6302726972953
"6",0.244541732048283,27.0571212956478
"7",0.306150706451863,27.8975565496493
"8",0.338672859654504,28.3258501691177
"9",0,25.6499262862552
