"","obs","bmi"
"1",0.363567642316039,28.7535793896674
"2",0.332662928308774,28.2958109380126
"3",0.346215526082354,28.4438090481981
"4",0.329413000660681,28.1342497573039
"5",0.310918241300352,27.8249099670706
"6",0.246730233424168,27.1049337373247
"7",0.304945759154581,27.8927881116492
"8",0.327981560712883,28.2099974354611
"9",0,25.6261341698531
