"","obs","bmi"
"1",0.365690328994356,28.7382983537853
"2",0.335430322601217,28.2767993052158
"3",0.3517022291272,28.4923434617028
"4",0.336526262018692,28.2465249516294
"5",0.320130908253665,28.000847400793
"6",0.242777190218887,27.0397647188327
"7",0.312312506650369,27.9532868518019
"8",0.331799086043453,28.2631953362815
"9",0,25.5981124494743
