"","obs","bmi"
"1",0.357377937407521,28.6993108883157
"2",0.327014801547244,28.2365057335409
"3",0.336083400884903,28.4146239426141
"4",0.312395223461581,28.1300807834032
"5",0.290334347104798,27.8456858858259
"6",0.244801552593207,27.0828526855221
"7",0.307161071891782,27.8845640209722
"8",0.333536244611865,28.2205477263743
"9",0,25.6299593186873
