"","obs","bmi"
"1",0.371324922552082,28.7472464986928
"2",0.341269450757097,28.2832174194247
"3",0.355955599722917,28.4682380914258
"4",0.337333487475187,28.1895120015447
"5",0.316690641873358,27.911083281198
"6",0.240077522973424,27.0080571188355
"7",0.310359776481216,27.9029204702904
"8",0.326307290446563,28.2372452433291
"9",0,25.5413439720544
