"","obs","bmi"
"1",0.354401245103439,28.6772981174476
"2",0.325626733633252,28.2268911954336
"3",0.331617142455538,28.3346330826696
"4",0.304733390232186,27.9923179127107
"5",0.279553255722547,27.6503746738479
"6",0.24343587097051,27.0373266318073
"7",0.312882675118874,27.9342149386257
"8",0.33023746385592,28.2597438792158
"9",0,25.6387537408384
