"","obs","bmi"
"1",0.36651300184368,28.7672888086522
"2",0.336726952363155,28.3133559181198
"3",0.343249987142997,28.4770230964126
"4",0.318857402485924,28.1869016418752
"5",0.296166282334535,27.8969292312413
"6",0.243772953763333,27.0836395989126
"7",0.309564390927933,27.885197756089
"8",0.332156421645794,28.3121861517166
"9",0,25.6013884822058
