"","obs","bmi"
"1",0.35914821181091,28.7335034891922
"2",0.331749663409846,28.2729531226362
"3",0.347374013782916,28.472244706641
"4",0.335655917458642,28.2110959169366
"5",0.32295602581847,27.9500611285926
"6",0.240651307060973,27.0214564835332
"7",0.311174171997359,27.9492978245377
"8",0.328340037795988,28.2311978339335
"9",0,25.5795400304484
