"","obs","bmi"
"1",0.362605689739615,28.7498742583468
"2",0.332172030658099,28.2875304583758
"3",0.340705570677761,28.4214301851591
"4",0.316659281615858,28.0932121286565
"5",0.294881634674549,27.7652289499665
"6",0.252234631850373,27.1639430820287
"7",0.31113705677467,27.9631260791119
"8",0.33152138070511,28.2521384737383
"9",0,25.5626326274379
