"","obs","bmi"
"1",0.359591573342241,28.6834353167752
"2",0.329642215502821,28.2198023671485
"3",0.341730379064918,28.3003376457609
"4",0.322008386887745,27.9176543165084
"5",0.302369836093969,27.5354103587317
"6",0.249776076392252,27.1195405020166
"7",0.316431113524259,27.967591677943
"8",0.339013347435402,28.2990499710908
"9",0,25.603345569249
