"","obs","bmi"
"1",0.361075860158788,28.7047405055074
"2",0.332454874317052,28.2456842290879
"3",0.341964233629844,28.3793698716334
"4",0.319147308539962,28.0542662128329
"5",0.295188319678296,27.7294420960097
"6",0.242950927821295,27.0735355563399
"7",0.312515452525662,27.9264893347331
"8",0.335378890221697,28.3060238159117
"9",0,25.5722450910897
