"","obs","bmi"
"1",0.361777106468427,28.7160978676004
"2",0.332511032865982,28.2489319621742
"3",0.35376800311599,28.4828088597129
"4",0.344469535613471,28.2497023410495
"5",0.336113535718406,28.016785654134
"6",0.248912323823399,27.1323504486953
"7",0.30588054201051,27.8874481396275
"8",0.339954949637389,28.3350956331931
"9",0,25.5448694109663
