"","obs","bmi"
"1",0.359421588440497,28.7053810895063
"2",0.330991551087108,28.2506550107009
"3",0.341611561650237,28.376063576593
"4",0.322265901523876,28.0470071982495
"5",0.307124178532187,27.7182235233487
"6",0.246117288877523,27.0870339269392
"7",0.311246355020091,27.8741251853309
"8",0.334964932845931,28.2679302430002
"9",0,25.6043145359729
