"","obs","bmi"
"1",0.362730557439654,28.6876641609227
"2",0.332899743820932,28.2265814544167
"3",0.340713932319058,28.3392348028906
"4",0.317422328735151,27.9909750395558
"5",0.291768976433391,27.6428894448009
"6",0.247547770396428,27.0810804727759
"7",0.309317003169719,27.8804968741976
"8",0.334769632468835,28.2739446144246
"9",0,25.5828416535937
