"","obs","bmi"
"1",0.359231838889309,28.6771934198974
"2",0.32927974991959,28.2267083305457
"3",0.342822090808251,28.3504964363772
"4",0.327131823950691,28.0242272398536
"5",0.311035241978876,27.698415400489
"6",0.244276464872628,27.0903464287053
"7",0.304128141767983,27.8473980532356
"8",0.333211990800786,28.2656358103012
"9",0,25.5694479107246
