"","obs","bmi"
"1",0.361118276448081,28.7254878822073
"2",0.331386156108643,28.264149537248
"3",0.333706038252811,28.2869012726465
"4",0.300600322578743,27.8486383048515
"5",0.268856823782507,27.4107150076777
"6",0.24967295060405,27.1308556492412
"7",0.314226333442282,27.9822567964299
"8",0.338988688486986,28.2731147852074
"9",0,25.63195076916
