"","obs","bmi"
"1",0.364604070319036,28.6960596663896
"2",0.335020475193577,28.2407674479259
"3",0.34787372719541,28.4555808148988
"4",0.33289015232124,28.2151815085051
"5",0.317539523420938,27.9748635322122
"6",0.247824490440561,27.0857050874502
"7",0.302443600074565,27.875025903871
"8",0.339262510122991,28.3089121428886
"9",0,25.574850574041
