"","obs","bmi"
"1",0.356394023010093,28.6544544831519
"2",0.328672650449938,28.195379249095
"3",0.335555154678508,28.3180955981071
"4",0.312639835034183,27.9819027434281
"5",0.289626637175658,27.6458807156251
"6",0.251462703508007,27.1398713865709
"7",0.307886271877105,27.9327409246251
"8",0.32993511314439,28.256008681666
"9",0,25.57356820155
