"","obs","bmi"
"1",0.36012507410031,28.7347883173598
"2",0.330736891116677,28.2721917923661
"3",0.328029451749508,28.303948619584
"4",0.29162187173334,27.8732929190775
"5",0.259970225082686,27.4428262139102
"6",0.246115850029802,27.0750877979501
"7",0.311644316982633,27.9381974509831
"8",0.332379141518996,28.2756383309971
"9",0,25.6410991963843
