"","obs","bmi"
"1",0.362790128589057,28.7099039713545
"2",0.332765737639454,28.2467957853573
"3",0.350981753908681,28.4828697800787
"4",0.335932967195271,28.2559156839917
"5",0.325402456628314,28.0290440370021
"6",0.241597993359429,27.0465271029217
"7",0.305389756639747,27.9014608980796
"8",0.331318354882473,28.2719893449496
"9",0,25.6328013019075
