"","obs","bmi"
"1",0.352805798072966,28.6265004270248
"2",0.322940688740218,28.170160477068
"3",0.329459964747924,28.3132131639204
"4",0.30731856840966,28.0002404590117
"5",0.280111053790198,27.6876013931
"6",0.239396007987727,27.0780859000754
"7",0.311760986413724,27.9178194034542
"8",0.342627345946405,28.3348059460518
"9",0,25.5781436323477
