"","obs","bmi"
"1",0.365420178864595,28.7050103732537
"2",0.335832354431185,28.242483251605
"3",0.348767077773529,28.4349372278901
"4",0.333419373204307,28.1650122334632
"5",0.313954991390663,27.8952405823972
"6",0.24813703081269,27.105706545108
"7",0.307539983047169,27.8982323712825
"8",0.332843765694722,28.3002880514066
"9",0,25.5863109501893
