"","obs","bmi"
"1",0.357112946555484,28.6529918621855
"2",0.329748594127468,28.1973432205223
"3",0.34096846193797,28.3010727267004
"4",0.323227541371546,27.9497106956121
"5",0.307100296774857,27.598946204881
"6",0.24352369353597,27.0871976486566
"7",0.309703755672845,27.9376007341421
"8",0.338131688862637,28.3464183254568
"9",0,25.5809863156223
