"","obs","bmi"
"1",0.359470318249518,28.7033330786894
"2",0.328967632100357,28.2491735496238
"3",0.335216241539092,28.4377513516087
"4",0.310855110690988,28.1722225768135
"5",0.287373923638241,27.9067461631698
"6",0.24357137335422,27.0297592027493
"7",0.308273313978629,27.9651340539973
"8",0.340277662007749,28.3279558113049
"9",0,25.5404809895307
