"","obs","bmi"
"1",0.357189454055292,28.6875055381605
"2",0.328399373467325,28.2374334009291
"3",0.33586287021807,28.3325455290322
"4",0.312860408018083,27.9779244779155
"5",0.285573387406613,27.6236608009279
"6",0.251264955078647,27.0838403259736
"7",0.303085541950366,27.8382575410442
"8",0.332332037388209,28.2741571866298
"9",0,25.5709245165048
