"","obs","bmi"
"1",0.352888537308118,28.6120772699914
"2",0.322620898740265,28.1554147529314
"3",0.332557241244143,28.3802941559188
"4",0.315206064742674,28.1485997835791
"5",0.293394832253578,27.9169959993799
"6",0.246928925497856,27.1070784785658
"7",0.307181562214354,27.8928528972349
"8",0.336506000232241,28.2780381480462
"9",0,25.5421818922878
