"","obs","bmi"
"1",0.359933167629697,28.6610166666316
"2",0.33048367571246,28.1977055596748
"3",0.340555947926893,28.3371099931267
"4",0.322981671934415,28.0133392931815
"5",0.305021049819837,27.6897083501395
"6",0.244385049606986,27.0666195372886
"7",0.307647883095099,27.9093632514173
"8",0.332562355284637,28.2629512784756
"9",0,25.5857691335098
