"","obs","bmi"
"1",0.356224716536116,28.6342413983117
"2",0.325837166190057,28.1796983100945
"3",0.338262144746837,28.3272485957935
"4",0.319101355066987,28.0204362876517
"5",0.300112541888495,27.7138096642557
"6",0.245036054998692,27.0762718829518
"7",0.303379761571181,27.868232751181
"8",0.337694401667202,28.3201859784808
"9",0,25.5891894785574
