"","obs","bmi"
"1",0.364720738180197,28.7750369972498
"2",0.333396842347434,28.3216996662189
"3",0.350339223727842,28.5427385869711
"4",0.337103992177942,28.3105352179146
"5",0.324541230980709,28.0784296847693
"6",0.247997043263711,27.098500921797
"7",0.307967560974869,27.9167062431374
"8",0.335776052512148,28.2842033688113
"9",0,25.6302016605405
