"","obs","bmi"
"1",0.352589280137029,28.6425580747812
"2",0.323956985144469,28.1820862908451
"3",0.324728295612455,28.2993357160252
"4",0.295461510453153,27.956411802694
"5",0.266484931097867,27.6138007109023
"6",0.242329634899003,27.0253177233319
"7",0.307414369182464,27.880746792592
"8",0.339186318302036,28.3055839723735
"9",0,25.5733301238816
