"","obs","bmi"
"1",0.364547943343558,28.7270356758715
"2",0.332593425981666,28.2721268782592
"3",0.33934832666069,28.4107511419386
"4",0.313742464064875,28.0947412448357
"5",0.290434274652863,27.7790204796991
"6",0.247770284459029,27.0861233965843
"7",0.305983478072202,27.911785867035
"8",0.335044688267307,28.2734576441541
"9",0,25.6012398928765
