"","obs","bmi"
"1",0.364449932328892,28.7141854515027
"2",0.334227542512768,28.2521997665708
"3",0.346429076826676,28.3945869019733
"4",0.330065668425862,28.0752519090586
"5",0.31106294939746,27.7561929524228
"6",0.244907702211297,27.0660665534339
"7",0.31188657619975,27.9551797206043
"8",0.340383260143675,28.3430912954079
"9",0,25.5734195184606
