"","obs","bmi"
"1",0.35648881167457,28.6943532403018
"2",0.326932744979114,28.2348476423176
"3",0.336505705193267,28.4207220127299
"4",0.314856375875702,28.1471787620299
"5",0.288523275500931,27.8737245252415
"6",0.244503040647949,27.092946835918
"7",0.306110118841346,27.8869196969652
"8",0.33230428136594,28.2733951665154
"9",0,25.6620878837027
