"","obs","bmi"
"1",0.364158994961846,28.6974790331612
"2",0.333058210456429,28.2379329054078
"3",0.345020175315255,28.401960484766
"4",0.325078251622258,28.1065857436475
"5",0.304118649292684,27.8113588329201
"6",0.249338675922141,27.1066564547091
"7",0.31164301142262,27.942975447619
"8",0.332697560254538,28.2928471212531
"9",0,25.5402360761
