"","obs","bmi"
"1",0.36559801421936,28.7367849967244
"2",0.33678695992052,28.2805242319057
"3",0.349263428167366,28.4387544066487
"4",0.329344717320063,28.1409679270489
"5",0.309001241890579,27.8434361870214
"6",0.241625185514999,27.0449226373307
"7",0.307167922978475,27.8833713246254
"8",0.336377817537604,28.2852812503159
"9",0,25.5937868360452
