"","obs","bmi"
"1",0.361543830519193,28.7495572781155
"2",0.331435371712875,28.2888656696937
"3",0.345172292133926,28.426806650401
"4",0.327672281356908,28.10424546022
"5",0.308852967028244,27.781882047521
"6",0.242713923012078,27.0352049726249
"7",0.308909407868921,27.8839101766253
"8",0.332011365122912,28.2365118678067
"9",0,25.6018574324082
