"","obs","bmi"
"1",0.361448349849386,28.731311066105
"2",0.331444661049045,28.2745967410369
"3",0.345178011046821,28.5034427558144
"4",0.330055418246933,28.2758152200852
"5",0.315697553210372,28.0484408189558
"6",0.245015817472351,27.0921092843319
"7",0.305246101959157,27.8409466801556
"8",0.337134475775277,28.3286943319384
"9",0,25.6100145655522
