"","obs","bmi"
"1",0.360086162944705,28.6898876651242
"2",0.330776566496084,28.2347759062332
"3",0.338239090234619,28.3076627293365
"4",0.3139087773859,27.925721249784
"5",0.288769645518829,27.5440763653339
"6",0.247171691079241,27.1175310099184
"7",0.307771822533176,27.8750388520824
"8",0.333452062766672,28.257308546834
"9",0,25.6209345991643
