"","obs","bmi"
"1",0.362147771705445,28.7234670370501
"2",0.33224474791356,28.2693768503285
"3",0.342541201687341,28.3260577505048
"4",0.321299709906678,27.9290743039402
"5",0.30050575391423,27.5325426533004
"6",0.24866859154181,27.1030149643273
"7",0.302772813343665,27.8552967003459
"8",0.334657905917355,28.2566216675007
"9",0,25.5892182934701
