"","obs","bmi"
"1",0.364203488189931,28.7800936484549
"2",0.335789880173511,28.3168371600237
"3",0.34840535909458,28.4979790368981
"4",0.331372308486903,28.2160540191398
"5",0.308583089151154,27.9343265281609
"6",0.2391988718744,27.0518361436142
"7",0.296952497905826,27.8338025599928
"8",0.33209222172723,28.2565988955568
"9",0,25.6566111662668
