"","obs","bmi"
"1",0.358822289972904,28.706399587968
"2",0.329440345285522,28.2465478628462
"3",0.343103221972257,28.3922329185851
"4",0.324743716030645,28.0786556420749
"5",0.308060565400883,27.7657235538382
"6",0.241004346325896,27.0154874285981
"7",0.309710831556197,27.9132172099965
"8",0.334495033659211,28.2974664340521
"9",0,25.6027072007659
