"","obs","bmi"
"1",0.356273424871663,28.6728490080112
"2",0.329120858566375,28.224404956023
"3",0.330037522184575,28.3464580339308
"4",0.301423520020597,28.0201727702752
"5",0.274780189885644,27.6939941834384
"6",0.241623558734202,27.0006354519983
"7",0.303852337726153,27.8502488511823
"8",0.338357300803011,28.3714466208806
"9",0,25.5736802149967
