"","obs","bmi"
"1",0.361481887065849,28.7024868409126
"2",0.333326416761263,28.2553968790903
"3",0.348888810891132,28.4079260813593
"4",0.337579695231136,28.1138728482721
"5",0.321936732641784,27.82036689581
"6",0.241295170717636,27.0605151697989
"7",0.308946623995703,27.8882127666376
"8",0.331458039207806,28.2727868171247
"9",0,25.568852784809
