"","obs","bmi"
"1",0.363797706548587,28.7551411877927
"2",0.335015953327824,28.29076708877
"3",0.341192704342527,28.4493403155838
"4",0.314830000773061,28.1436821430845
"5",0.28746879935239,27.8381710808289
"6",0.247908465142922,27.0876365409846
"7",0.306955548714476,27.9185712371181
"8",0.33906403447924,28.3188740345813
"9",0,25.5917687057945
