"","obs","bmi"
"1",0.368319323329007,28.7919806924746
"2",0.338002425689884,28.3403639663386
"3",0.355121936333681,28.5298494872768
"4",0.340537426855184,28.2678519632211
"5",0.327458242641942,28.0059921559704
"6",0.241324723311931,27.0565867293359
"7",0.30943522557882,27.8908510344906
"8",0.33564286194974,28.2322132936123
"9",0,25.6042065187258
