"","obs","bmi"
"1",0.36041821245362,28.6781297731087
"2",0.328890380700489,28.2129240332105
"3",0.336762892839712,28.3939267218551
"4",0.313618171258942,28.1099099699236
"5",0.289683490961324,27.8260863171516
"6",0.248362421797749,27.1092506169168
"7",0.308598324359177,27.8669254138305
"8",0.332941662778886,28.2795750844208
"9",0,25.5486513090905
