"","obs","bmi"
"1",0.35960926193116,28.6749512615819
"2",0.330998137295673,28.2128508838952
"3",0.342756983007257,28.4301621433096
"4",0.322218766097751,28.1854658142036
"5",0.30271575329998,27.9408641619615
"6",0.240671758067406,27.0285688845476
"7",0.308039593228858,27.9224792594516
"8",0.326142613222346,28.2616519596465
"9",0,25.5573392668351
