"","obs","bmi"
"1",0.357912077909364,28.6858257156154
"2",0.327970901552186,28.2267018759676
"3",0.329688894471071,28.307664924014
"4",0.294636943448944,27.9298131192162
"5",0.263247219346582,27.5522851005087
"6",0.242486550232361,27.0624296687556
"7",0.304182438337107,27.8790793145851
"8",0.335004939006061,28.3014834295635
"9",0,25.6225011518478
