"","obs","bmi"
"1",0.358478740988689,28.6814441488493
"2",0.328431107023796,28.2285919774323
"3",0.345261399446818,28.4866175919049
"4",0.331172845832882,28.2919221449014
"5",0.317901872737234,28.0973621827956
"6",0.244927265780026,27.0872007334754
"7",0.311355773841926,27.9860626230048
"8",0.333441014060308,28.314658473368
"9",0,25.5993105804446
