"","obs","bmi"
"1",0.357618132638769,28.6835127855
"2",0.328934798657951,28.2325288621072
"3",0.335519262942254,28.3491843605338
"4",0.313183043965598,28.0150685760166
"5",0.291174686367438,27.6811740271449
"6",0.247251133253236,27.0906657233346
"7",0.306099371796617,27.845164119332
"8",0.338599090770443,28.3297246733528
"9",0,25.5493774812198
