"","obs","bmi"
"1",0.355263710675903,28.6370238436326
"2",0.323550241305362,28.1779906456358
"3",0.331964205787684,28.2893185806724
"4",0.306331570686883,27.9417505927558
"5",0.281842122092422,27.5943237324447
"6",0.23962774017061,27.0648628094735
"7",0.309730206363846,27.9280173443639
"8",0.332446721577687,28.2727693619258
"9",0,25.5929555666036
