"","obs","bmi"
"1",0.36156499451138,28.661317015306
"2",0.332805517032258,28.2095665924769
"3",0.338818297417569,28.2702276868686
"4",0.315576627124449,27.8794192099514
"5",0.289819563045291,27.488906379988
"6",0.239761619898246,27.0573120892627
"7",0.302230403188916,27.8887462367343
"8",0.336330164280115,28.3046039081077
"9",0,25.5633378625361
