"","obs","bmi"
"1",0.356793968528652,28.6438787099259
"2",0.326980005597059,28.1901046671379
"3",0.344582733843338,28.376152239723
"4",0.329804537567413,28.1085432570155
"5",0.313895220373366,27.8410553014969
"6",0.241429437946764,27.0651820046331
"7",0.298457015932281,27.8305332243729
"8",0.334840397716673,28.2915931920868
"9",0,25.6018825327798
