"","obs","bmi"
"1",0.363744474551778,28.7209730648792
"2",0.333657940721278,28.2634944142035
"3",0.35073980890433,28.4594261354911
"4",0.333827987385695,28.1981090444149
"5",0.320593247777065,27.9370320841525
"6",0.249366166569104,27.0957918743677
"7",0.30955742398463,27.9135636452889
"8",0.335603006852521,28.2884540114987
"9",0,25.608826395953
