"","obs","bmi"
"1",0.356653801264216,28.6739169070283
"2",0.32653571511285,28.2080582731744
"3",0.33884577888862,28.3535169700418
"4",0.321300035461875,28.0333099391482
"5",0.303190241217272,27.7133030648788
"6",0.241261933905227,27.0662423961614
"7",0.306092833150385,27.8953238474745
"8",0.332697178233967,28.2646612235156
"9",0,25.5798622869582
