"","obs","bmi"
"1",0.357252193877317,28.7284332028951
"2",0.328994827951055,28.2710559732122
"3",0.341204021195322,28.5379346763647
"4",0.324448549900942,28.3474577840181
"5",0.307165136162841,28.1570020025103
"6",0.242303967259647,27.0391605631085
"7",0.311310175722366,27.9601641668778
"8",0.331187699789931,28.2607004583112
"9",0,25.5948322845011
