"","obs","bmi"
"1",0.355176318115056,28.7226593920719
"2",0.330558471220582,28.2661561046335
"3",0.332223012788189,28.37318928736
"4",0.308604127653875,28.0238534867693
"5",0.282565575975233,27.6746582427395
"6",0.240594364426378,27.0277097516838
"7",0.312092779764453,27.9590194982435
"8",0.335560933896093,28.25072824928
"9",0,25.64433029457
