"","obs","bmi"
"1",0.36022592050525,28.6692871922189
"2",0.330738223050672,28.2183462231222
"3",0.341100291337021,28.3862432219563
"4",0.321476245720879,28.1033052034047
"5",0.298873303256039,27.8204750595637
"6",0.242672202009829,27.0564622995812
"7",0.314052781713434,27.9744573346006
"8",0.334494137162674,28.2675208899027
"9",0,25.5627782885104
