"","obs","bmi"
"1",0.364361253217498,28.7597230101345
"2",0.333263446041441,28.3049223137624
"3",0.34284488804093,28.4444586288076
"4",0.319589519125154,28.129310790513
"5",0.297229513473827,27.814281749514
"6",0.240909471782134,27.0204293244022
"7",0.31097195910738,27.910313181369
"8",0.339185352900336,28.3652531206418
"9",0,25.6132343166263
