"","obs","bmi"
"1",0.35685966767272,28.6767032302669
"2",0.328168725046001,28.2273241017097
"3",0.339209605406347,28.3593729785996
"4",0.320663709528441,28.0422219332533
"5",0.299211370120857,27.7252572736844
"6",0.245056959548778,27.0733334249748
"7",0.305725113810824,27.873172746555
"8",0.336900550330286,28.29259397057
"9",0,25.5994588031249
