"","obs","bmi"
"1",0.364777038311153,28.7646127901143
"2",0.333525713457929,28.3033796897457
"3",0.350120153062027,28.5263316415963
"4",0.336939811008377,28.2883348323489
"5",0.320560415519245,28.0506383017472
"6",0.243029704869088,27.0737801686799
"7",0.310359234691644,27.9156403803506
"8",0.338070642865917,28.3043020741817
"9",0,25.6082574729781
