"","obs","bmi"
"1",0.36466636442276,28.7273900355052
"2",0.335188442013295,28.2686086090731
"3",0.33584618989528,28.3713143816213
"4",0.300445066454203,28.0153708532743
"5",0.26983391587352,27.6595605163207
"6",0.243908005054768,27.0654669177414
"7",0.3114275121497,27.9640250905606
"8",0.330404719349673,28.2493561556974
"9",0,25.5844787672142
