"","obs","bmi"
"1",0.36041821245362,28.6781297731087
"2",0.328594543967595,28.2178640522689
"3",0.335850219655525,28.3859701063193
"4",0.313215326153344,28.0939232866914
"5",0.28532035792787,27.8019914483742
"6",0.248362421797749,27.1092506169168
"7",0.308598324359177,27.8669254138305
"8",0.332941662778886,28.2795750844208
"9",0,25.5486513090905
