"","obs","bmi"
"1",0.360311246467195,28.7012597515836
"2",0.331064459564141,28.2462260352192
"3",0.343046788876398,28.4569500483851
"4",0.327986839664196,28.212733834645
"5",0.3107901262789,27.9686149038619
"6",0.244032895433933,27.0374034304291
"7",0.301787692821149,27.8720963014123
"8",0.335388429441003,28.2878468529402
"9",0,25.5806509873191
