"","obs","bmi"
"1",0.360723594225117,28.7195743951821
"2",0.331139964206303,28.2551026825562
"3",0.342955911916836,28.4285764190059
"4",0.322568878843733,28.1377805649039
"5",0.302763394988676,27.8471955087693
"6",0.242404295095629,27.0254432029752
"7",0.307627313188511,27.9310255024716
"8",0.332324381814986,28.2771245872063
"9",0,25.5704338571442
