"","obs","bmi"
"1",0.362990952377295,28.7100278968841
"2",0.334831266326591,28.245775494282
"3",0.349654811257187,28.3801051945401
"4",0.3353340737037,28.0504008263247
"5",0.316296757937315,27.7209247879772
"6",0.241750237091278,27.0406084368586
"7",0.312413749241252,27.9420294390578
"8",0.334133620158921,28.2920871082256
"9",0,25.5922858951395
