"","obs","bmi"
"1",0.356677659210419,28.6128021841477
"2",0.326618745416688,28.1571528048916
"3",0.346676622492608,28.3326068080198
"4",0.335326209134583,28.0526322943092
"5",0.325215413507499,27.7728879647812
"6",0.245690194056538,27.0681249312582
"7",0.310465684649793,27.9416031513558
"8",0.331174554208314,28.251783403359
"9",0,25.5274922947296
