"","obs","bmi"
"1",0.360002708997207,28.7371460933288
"2",0.329138893496792,28.278929988338
"3",0.344429155536613,28.4888186945545
"4",0.326953219601096,28.2405759171186
"5",0.308031633550057,27.9924201303239
"6",0.239672508944343,27.048808894077
"7",0.306628514114505,27.9115305676138
"8",0.338531472978504,28.3095766810314
"9",0,25.6058809832863
