"","obs","bmi"
"1",0.362962072477021,28.735718124851
"2",0.333436289924977,28.2729347378437
"3",0.345475863453612,28.3645640941457
"4",0.327691493187159,27.993772879387
"5",0.307318469393466,27.623365800146
"6",0.243223552191524,27.0967549091488
"7",0.311493310994948,27.9350509456934
"8",0.337930179532453,28.3009468034322
"9",0,25.597790900586
