"","obs","bmi"
"1",0.359134289314643,28.6822858615961
"2",0.331153798023032,28.2257867290191
"3",0.350460847649984,28.4554035398264
"4",0.339289400226635,28.2287391134164
"5",0.326825964799642,28.002302427709
"6",0.237573223612335,27.029458211435
"7",0.313158216537694,27.9307644174799
"8",0.331058182720831,28.2257214565996
"9",0,25.5805834346815
