"","obs","bmi"
"1",0.359296190195981,28.7325857391923
"2",0.329331180419691,28.2762505514092
"3",0.335752041344319,28.3465192052329
"4",0.311617995090022,27.9608260033415
"5",0.288361239959153,27.5755275647179
"6",0.245602253395995,27.0954669257816
"7",0.307437027319251,27.9116331507727
"8",0.330477945571757,28.2629506253085
"9",0,25.610493184045
