"","obs","bmi"
"1",0.355725687725572,28.6671032305408
"2",0.325308084869601,28.1998609935837
"3",0.341437738717574,28.4733291005728
"4",0.330572123022123,28.2796732797248
"5",0.316004313092699,28.0861403799825
"6",0.246055741795378,27.1113546453589
"7",0.30656553192923,27.9031374260616
"8",0.330354608722236,28.281017602701
"9",0,25.6152533531832
