"","obs","bmi"
"1",0.36284594104092,28.7172720230615
"2",0.331637260086919,28.2544667728
"3",0.344348232094541,28.4620075667148
"4",0.325083366848084,28.2068996938723
"5",0.306345993027739,27.951953985551
"6",0.242005468361007,27.0110596006323
"7",0.307898306171521,27.89563556774
"8",0.333051296003082,28.231282540778
"9",0,25.5701957851781
