"","obs","bmi"
"1",0.363667320944028,28.7219705682357
"2",0.333486061763238,28.2623063269942
"3",0.337764110661108,28.4457391101223
"4",0.308692040443104,28.1695406956809
"5",0.280735731316898,27.8933732526196
"6",0.247389108246056,27.0730941357377
"7",0.301614162573194,27.8914722001217
"8",0.334160200627595,28.2622485305045
"9",0,25.5725542839322
