"","obs","bmi"
"1",0.364160184776127,28.7341716399555
"2",0.335101363356349,28.2741953645667
"3",0.329607179902347,28.2720121309709
"4",0.28794446130197,27.8101737979698
"5",0.254521052294825,27.3486709660887
"6",0.247921165938203,27.1224078680313
"7",0.30680972832513,27.9534616593997
"8",0.335729411468378,28.2555597710161
"9",0,25.5825216255452
