"","obs","bmi"
"1",0.356407533149146,28.6632194873934
"2",0.324972854814065,28.2057232324671
"3",0.333854009895558,28.3175334559698
"4",0.309811537411395,27.9721804958744
"5",0.286276898234087,27.627179516684
"6",0.240015378538303,27.0596401317992
"7",0.310699014228302,27.9325230347983
"8",0.33419850550751,28.3292997735549
"9",0,25.607912459118
