"","obs","bmi"
"1",0.363731480056891,28.7261009361864
"2",0.332254634407216,28.2653099648884
"3",0.352286202372301,28.5106545143044
"4",0.337192747831267,28.2952964225135
"5",0.325865725939205,28.0800287700036
"6",0.239590362213004,27.017594770688
"7",0.303861506377086,27.911698263845
"8",0.330636105238057,28.2494510238023
"9",0,25.5932501390253
