"","obs","bmi"
"1",0.358759351340234,28.6845858004988
"2",0.326351195251419,28.2174552080581
"3",0.334606814475527,28.4076323651911
"4",0.311637054277727,28.1307595609633
"5",0.288600112404958,27.8539690591837
"6",0.243761668295413,27.0620785206098
"7",0.308327543410925,27.9066468108554
"8",0.337392051017143,28.2989709629994
"9",0,25.5878253623275
