"","obs","bmi"
"1",0.359636459130437,28.710385943356
"2",0.331705594114171,28.2524712759783
"3",0.340865441800968,28.3857763756052
"4",0.320459386485537,28.0613821020683
"5",0.30193456687481,27.7372112589368
"6",0.243924080998108,27.0564141565612
"7",0.304998506499304,27.835865726999
"8",0.329536448782855,28.2027359021963
"9",0,25.5989788155844
