"","obs","bmi"
"1",0.3632687192927,28.7598826830455
"2",0.333371604117838,28.3033248250334
"3",0.348350894140164,28.4612304455739
"4",0.33155947369262,28.1627518741945
"5",0.31506320168522,27.8644529737108
"6",0.241183576488866,26.9816709006233
"7",0.308857799668597,27.9074477793479
"8",0.334606920140969,28.2784526212689
"9",0,25.6086413113943
