"","obs","bmi"
"1",0.363230685505771,28.7068907436042
"2",0.331299820425513,28.2493765084924
"3",0.339398252614939,28.4050878657858
"4",0.313761577669501,28.1035725297913
"5",0.290635794174953,27.8023615448205
"6",0.248727362816265,27.1222143448604
"7",0.305012262092635,27.8797206707391
"8",0.337850821842327,28.3503891147299
"9",0,25.5648427558254
