"","obs","bmi"
"1",0.361924505534099,28.7332136656162
"2",0.331594680264551,28.2644261901002
"3",0.343578605089454,28.4027538077034
"4",0.32121005213965,28.072478383717
"5",0.300569620562359,27.742393736568
"6",0.247975019249844,27.1225002160349
"7",0.303888830473212,27.924284071352
"8",0.334362348220707,28.2962888584808
"9",0,25.5849124710204
