"","obs","bmi"
"1",0.359231838889309,28.6771934198974
"2",0.329166824118727,28.219309857484
"3",0.350018661429469,28.4219074205784
"4",0.338999078729462,28.1668274137729
"5",0.329055975841328,27.9119618359936
"6",0.244276464872628,27.0903464287053
"7",0.304128141767983,27.8473980532356
"8",0.333211990800786,28.2656358103012
"9",0,25.5694479107246
