"","obs","bmi"
"1",0.363062378516372,28.6821190013775
"2",0.332525969529138,28.2240430710317
"3",0.344579705968844,28.3369323842446
"4",0.327439304221994,27.9921758372799
"5",0.310511317208579,27.6478764685841
"6",0.248739689385603,27.1220645502403
"7",0.305757610587345,27.8927547934305
"8",0.332638209784356,28.2460618568219
"9",0,25.5779214266332
