"","obs","bmi"
"1",0.363440757825494,28.7664549749716
"2",0.332391647728246,28.3092463868891
"3",0.341835216226246,28.4824111170938
"4",0.321865648936372,28.1984784704875
"5",0.300123424522786,27.9146596342351
"6",0.244602806936616,27.07352618788
"7",0.303191332246409,27.8606952584374
"8",0.336029251019147,28.3174064299947
"9",0,25.6238662021308
