"","obs","bmi"
"1",0.361343836905772,28.7003023204054
"2",0.332075079308762,28.2400364490597
"3",0.33498290135202,28.3488353560844
"4",0.304518756306906,27.9976739834146
"5",0.278902070930458,27.6468338589438
"6",0.248542619938217,27.0980941850667
"7",0.311002259922986,27.9607315484957
"8",0.332579280613808,28.2827585452742
"9",0,25.5665564739125
