"","obs","bmi"
"1",0.359186049905654,28.6896860198051
"2",0.330246377827878,28.2440752855286
"3",0.340123725843575,28.4145237249537
"4",0.317399583680435,28.139661630179
"5",0.295542995313533,27.8651174250515
"6",0.24588861317341,27.0914670427964
"7",0.304699973648556,27.9018264929823
"8",0.333778369923125,28.2981332622335
"9",0,25.609565932457
