"","obs","bmi"
"1",0.362125435343274,28.7188211746437
"2",0.333353547158883,28.2564931359212
"3",0.34771409722039,28.5378613406863
"4",0.32815998162627,28.3569575775021
"5",0.309718705131872,28.1761111120422
"6",0.244480622256475,27.0241716144971
"7",0.312545355210067,27.9274772296465
"8",0.340444634192094,28.3342171216591
"9",0,25.5812409460838
