"","obs","bmi"
"1",0.358319079422364,28.7154920822591
"2",0.330929007387945,28.2627566948746
"3",0.339720474333687,28.3957707146071
"4",0.318575687702937,28.0763353728022
"5",0.296426834453089,27.7572015885883
"6",0.236921609109092,26.9917552334828
"7",0.302679989678761,27.9117995905392
"8",0.333098298500809,28.2735731555919
"9",0,25.5973828912865
