"","obs","bmi"
"1",0.353785409346464,28.6424675837641
"2",0.325819442580795,28.1825336645105
"3",0.338647786246102,28.3773795903287
"4",0.318473935844984,28.1124469163547
"5",0.301135056800685,27.8476751042503
"6",0.243492164573366,27.050912932773
"7",0.309382917594247,27.9086496563949
"8",0.334966236007154,28.2811907452865
"9",0,25.5912171861791
