"","obs","bmi"
"1",0.36055338384118,28.6430727711477
"2",0.329260453503934,28.1880116166186
"3",0.34004733153398,28.354766380115
"4",0.320132617875853,28.0667616416728
"5",0.299166287413116,27.7790752253059
"6",0.243981083065289,27.0941075208211
"7",0.305917376622205,27.8961908745316
"8",0.336606467580798,28.2648471861539
"9",0,25.5631515315202
