"","obs","bmi"
"1",0.360141107882091,28.7111268487385
"2",0.32925808754914,28.2529392956657
"3",0.352662946792355,28.468604584069
"4",0.343881147511485,28.2262234965864
"5",0.334279757970635,27.9839885864768
"6",0.242797858114664,27.071145209569
"7",0.304894294674353,27.8421476211041
"8",0.337914435947515,28.3243999369695
"9",0,25.5955824129982
