"","obs","bmi"
"1",0.36796212631015,28.7601790218191
"2",0.34049445850402,28.3008581335964
"3",0.350435449222651,28.4387407437275
"4",0.328166351191111,28.1176577874528
"5",0.304356984910678,27.7969529246754
"6",0.244812838396525,27.1078016289254
"7",0.307760576441032,27.9032652485049
"8",0.333665803091486,28.2576811902038
"9",0,25.5859012598072
