"","obs","bmi"
"1",0.36669882017282,28.764759943659
"2",0.338729192617925,28.3115675130507
"3",0.345747647079458,28.4545052251904
"4",0.322945760064793,28.1443573793338
"5",0.299964721648697,27.8343185367251
"6",0.244753943460859,27.0968201860334
"7",0.305141668119443,27.8977057637254
"8",0.328702382066106,28.2273842639987
"9",0,25.5599858372227
