"","obs","bmi"
"1",0.360847645274107,28.678222210169
"2",0.330381548085205,28.2202463803075
"3",0.337146007655934,28.324612958262
"4",0.306396081949249,27.9711556684714
"5",0.279745004201718,27.6178543404709
"6",0.250672012671132,27.1121646764434
"7",0.307531795277333,27.86393832035
"8",0.328869314680802,28.2208121028461
"9",0,25.6240882529906
