"","obs","bmi"
"1",0.358382189194471,28.7034669835491
"2",0.329860054628818,28.2472239825408
"3",0.349961418105794,28.4186765383105
"4",0.340436375755222,28.134288915638
"5",0.332242224902403,27.850331388125
"6",0.241515786845011,27.0410402446664
"7",0.315752371550036,27.9364525468002
"8",0.329625344028204,28.2195382130272
"9",0,25.6146327599506
