"","obs","bmi"
"1",0.363914176926726,28.7005320236382
"2",0.333655471806134,28.2414317521334
"3",0.348181878783977,28.4348377880239
"4",0.330073623941215,28.1693426685909
"5",0.31015674333505,27.904055666245
"6",0.248707475954513,27.119360673589
"7",0.307847072481019,27.9264718308489
"8",0.339215608774331,28.3536436131263
"9",0,25.5836069352099
