"","obs","bmi"
"1",0.364291398846092,28.7477828479068
"2",0.332547254268661,28.2908558525215
"3",0.344844756059913,28.494338250625
"4",0.324184923107583,28.2409808075466
"5",0.301702448902186,27.9877127749538
"6",0.243997075740813,27.073371849988
"7",0.313062384054389,27.9542480857152
"8",0.331995835488204,28.2672485469993
"9",0,25.6182391797753
