"","obs","bmi"
"1",0.354779642081625,28.6571960999139
"2",0.32479121522503,28.1955265557253
"3",0.338679579184959,28.2887955224496
"4",0.321268947100249,27.9207109203675
"5",0.302917278742963,27.5529576776024
"6",0.238869350424007,26.9910441539886
"7",0.317236008493858,28.0066298244302
"8",0.329766686883353,28.2505990407155
"9",0,25.5673907730612
