"","obs","bmi"
"1",0.36084302509075,28.7039357205239
"2",0.331598280681629,28.2447108142256
"3",0.336147402884965,28.3426776628452
"4",0.310605015806942,27.9816093194803
"5",0.282751539039516,27.6207366584348
"6",0.239451830613862,27.07585695159
"7",0.307792572301741,27.9254551840397
"8",0.331070394070538,28.2731997386218
"9",0,25.5735096871336
