"","obs","bmi"
"1",0.365521237183894,28.7155327190685
"2",0.333524578847929,28.2519853647098
"3",0.349717939432809,28.5207282686552
"4",0.333057116254594,28.3259619397061
"5",0.316988465232297,28.1312340059054
"6",0.241637740573698,27.0508740673089
"7",0.309171578415967,27.9207030470063
"8",0.329528060567594,28.2222635527295
"9",0,25.5824221947005
