"","obs","bmi"
"1",0.361579098056096,28.7413974535727
"2",0.332658273177626,28.2823272262268
"3",0.337633452147485,28.4446371589522
"4",0.313872412705933,28.1480729559756
"5",0.288509670591927,27.8517145382471
"6",0.240863859437305,27.0206586396595
"7",0.313037249108466,27.9431427224533
"8",0.335091066862593,28.3044743328325
"9",0,25.6085929216004
