"","obs","bmi"
"1",0.365290373024647,28.7440513771254
"2",0.334979459515141,28.2857334188411
"3",0.346182729326802,28.3966254325932
"4",0.32019641119505,28.0493946804114
"5",0.298847878716665,27.7023661881239
"6",0.246077005931531,27.0584889952442
"7",0.303402077646714,27.8518888228556
"8",0.335446409882408,28.2695307180526
"9",0,25.5501494257838
