"","obs","bmi"
"1",0.359735975260643,28.634654244422
"2",0.328961562065122,28.1698534219704
"3",0.336176316180586,28.3661914632801
"4",0.312855754197035,28.0979328937705
"5",0.285911092761886,27.8298878017129
"6",0.236098853782566,27.0228122895197
"7",0.31167841749833,27.9667229104737
"8",0.334495776404287,28.1976780025757
"9",0,25.5040164280622
