"","obs","bmi"
"1",0.358196643647907,28.7073986079419
"2",0.33127113067919,28.2565442955218
"3",0.347924196259805,28.4815311920547
"4",0.339750924253195,28.255805242006
"5",0.326565570230168,28.0302279908251
"6",0.242039554049118,27.0719741049285
"7",0.307113578555672,27.9117630356016
"8",0.330686434557216,28.2669908744012
"9",0,25.6206508403272
