"","obs","bmi"
"1",0.366272441740512,28.742825669458
"2",0.335929328082371,28.2953627820598
"3",0.352027068923166,28.4775424821571
"4",0.338882672260046,28.2124002928173
"5",0.32757413591771,27.947403888067
"6",0.247347014872698,27.1005565199602
"7",0.306414927596818,27.9087894046541
"8",0.34125772541948,28.2978605675564
"9",0,25.5778466997176
