"","obs","bmi"
"1",0.366641416627406,28.7095163497926
"2",0.336546013598884,28.2493671977582
"3",0.337439461036534,28.2492095629139
"4",0.30507148406476,27.7896463652625
"5",0.273556935453024,27.3308945981509
"6",0.241361208126969,27.0377070507375
"7",0.310685110196868,27.9151482001004
"8",0.330219554022858,28.225563409682
"9",0,25.5064769207614
