"","obs","bmi"
"1",0.356328624417682,28.6469229985077
"2",0.325710888788312,28.1826324213042
"3",0.331260253805887,28.3959139317038
"4",0.307272313530693,28.1449691254978
"5",0.281598538265515,27.8940901994955
"6",0.245234201739598,27.1061184588492
"7",0.299094537132271,27.7786508186175
"8",0.327025041945041,28.1474662892412
"9",0,25.5878780233869
