"","obs","bmi"
"1",0.358491556391809,28.6975838341358
"2",0.330080085507886,28.2389078053791
"3",0.339381372700284,28.3750717238296
"4",0.321621957117873,28.0526775986367
"5",0.301890758703135,27.7304057445239
"6",0.243117061879697,27.0807549061049
"7",0.311920671279441,27.8861005220675
"8",0.325944652551661,28.2011462967041
"9",0,25.5914057819409
