"","obs","bmi"
"1",0.359377307220245,28.6441862638074
"2",0.328938100871939,28.189164513154
"3",0.343391257036408,28.3195964938004
"4",0.325505924647295,27.9952131128773
"5",0.308875788176374,27.6710437027404
"6",0.239829349470612,27.0559573345941
"7",0.309463189341159,27.9163474101587
"8",0.336457069408244,28.2711680522322
"9",0,25.5531018864299
