"","obs","bmi"
"1",0.355274138846217,28.6258811106406
"2",0.324993319714936,28.1663946650414
"3",0.342043076927848,28.2720295791745
"4",0.329180883447773,27.9185000047682
"5",0.31449449931513,27.5653097723344
"6",0.242470060198517,27.0251088592134
"7",0.304232954268301,27.8768557304408
"8",0.337897281542775,28.2838482005215
"9",0,25.5976779043537
