"","obs","bmi"
"1",0.356851680900592,28.6879162082966
"2",0.324853716893351,28.229506703759
"3",0.329083169210967,28.3835829391309
"4",0.296394527577409,28.0793318803601
"5",0.270047994841466,27.7751630971261
"6",0.248749325116125,27.1157833832556
"7",0.314664062851592,27.9563297240543
"8",0.331379795171458,28.2518897536365
"9",0,25.6036947170127
