"","obs","bmi"
"1",0.363872230012555,28.7263157542867
"2",0.335036864603494,28.2824821826324
"3",0.353763570515595,28.4101422639299
"4",0.340275916171721,28.0942264207167
"5",0.329873679995849,27.7785800459507
"6",0.240248966954564,27.0009717592321
"7",0.307067800505767,27.9329992620527
"8",0.336687988465667,28.2600966205974
"9",0,25.6258758816919
