"","obs","bmi"
"1",0.362431013611261,28.7104358777474
"2",0.330271571045966,28.2552304171567
"3",0.338112897539405,28.3933656153687
"4",0.314123828277645,28.0764941703737
"5",0.288145583252179,27.7598283710087
"6",0.246306179828093,27.0821986558806
"7",0.306878988633687,27.9228509602166
"8",0.338437817420426,28.3222459390891
"9",0,25.5833574111618
