"","obs","bmi"
"1",0.355532479170856,28.6448988641954
"2",0.326549279174767,28.1852478997838
"3",0.342956403343603,28.3396989173002
"4",0.330663883467632,28.0349295531053
"5",0.319278089341501,27.7306195686188
"6",0.243850446179798,27.0531929767139
"7",0.310755498434438,27.9418351517852
"8",0.340053770414606,28.4060954113107
"9",0,25.5365414687665
