"","obs","bmi"
"1",0.358158435703327,28.7006493610669
"2",0.327878755180874,28.2350666328027
"3",0.338945718459878,28.4097799594601
"4",0.322315530582718,28.1191170472823
"5",0.299619119436271,27.8286691370177
"6",0.242761118454526,27.065953997994
"7",0.30596038660301,27.9083074148207
"8",0.337120365356485,28.3261973599699
"9",0,25.5848969018845
