"","obs","bmi"
"1",0.365106581168543,28.7666193537139
"2",0.335278106649738,28.310367637497
"3",0.340850181100685,28.3907928665919
"4",0.313532419782798,28.015179606173
"5",0.290111478805582,27.6397875316125
"6",0.247388490262682,27.067137486057
"7",0.308065729168811,27.9388668148081
"8",0.334841608311025,28.3241143425934
"9",0,25.617204281513
