"","obs","bmi"
"1",0.352166105165384,28.5881968158694
"2",0.32141530691355,28.1314521617968
"3",0.340242777778476,28.2938520084603
"4",0.326930208805658,27.9997024955682
"5",0.31203418068306,27.7057557601072
"6",0.241864726574185,27.0583900637214
"7",0.302800880140397,27.8690260269928
"8",0.335702452092072,28.3206385275167
"9",0,25.5553068263582
