"","obs","bmi"
"1",0.362715840244213,28.7400807862272
"2",0.334640057112794,28.2872736105317
"3",0.340971985643596,28.3836207208905
"4",0.317931643636902,28.0274005717097
"5",0.294631535056014,27.671430766789
"6",0.239085245584674,26.9879207070032
"7",0.307350408077715,27.9019182327753
"8",0.334241569443385,28.2473897648001
"9",0,25.5892698368295
