"","obs","bmi"
"1",0.359895983102006,28.7570237947286
"2",0.332401042061642,28.2960404002206
"3",0.341367434902781,28.4126537107103
"4",0.318599804655595,28.0684756315311
"5",0.29594886370664,27.7244969053384
"6",0.254637557668744,27.1836344967813
"7",0.307674000580787,27.8910366085282
"8",0.339197656282095,28.3036443797902
"9",0,25.5936773087895
