"","obs","bmi"
"1",0.360730936204179,28.7250560826826
"2",0.331124402804128,28.2588031279433
"3",0.338574601651312,28.4395104826441
"4",0.313556855232091,28.1541206280105
"5",0.290381982157675,27.8688908846996
"6",0.245300517680922,27.0478580583688
"7",0.3136188037949,27.9591053599308
"8",0.333435619162165,28.2352000426782
"9",0,25.5721024406646
