"","obs","bmi"
"1",0.355331410172543,28.6324337081186
"2",0.325200957535273,28.1707142092476
"3",0.327636216652234,28.2312290334502
"4",0.295836991934342,27.8302780939027
"5",0.267565862542186,27.4295893533861
"6",0.248607604563484,27.1003596631043
"7",0.304256864988233,27.8317563843855
"8",0.335274859604916,28.2459747027729
"9",0,25.5619766512052
