"","obs","bmi"
"1",0.36537549621376,28.7877714630542
"2",0.338502675320062,28.329456016353
"3",0.348572517017063,28.5368345494812
"4",0.332405647469512,28.2860250351031
"5",0.310831687070989,28.035346700109
"6",0.246339400998178,27.0875124543868
"7",0.301831608786768,27.8391551573404
"8",0.330121414165256,28.2266694142449
"9",0,25.580439320058
