"","obs","bmi"
"1",0.357916840778375,28.7113951440502
"2",0.327259902414181,28.2503264321598
"3",0.340100585506262,28.4154304052969
"4",0.320416846381875,28.1196481737513
"5",0.304845715763752,27.8240551226876
"6",0.246880496690862,27.084080851501
"7",0.29995356863048,27.7877108942655
"8",0.335639465738447,28.229702851305
"9",0,25.576949400573
