"","obs","bmi"
"1",0.361484575695614,28.7017758272813
"2",0.330124117995771,28.2445755201862
"3",0.3199034472879,28.2808982657538
"4",0.278568888805678,27.8603991187161
"5",0.24734963843065,27.4402987689233
"6",0.246240357753682,27.0893260409929
"7",0.306219838797787,27.911203722989
"8",0.333894666850054,28.2759322124871
"9",0,25.5991246618301
