"","obs","bmi"
"1",0.360991572994592,28.7043406697495
"2",0.330822033860413,28.2407361833949
"3",0.334052949111174,28.3494771941501
"4",0.303015369503838,27.994747263324
"5",0.274640533299304,27.6401528707117
"6",0.246884413378966,27.1044076758644
"7",0.3044738651106,27.8538845732198
"8",0.33714196240389,28.2698833259245
"9",0,25.5687924263603
