"","obs","bmi"
"1",0.359180751944061,28.6991495121538
"2",0.331479577980165,28.2485136160091
"3",0.335163159793287,28.3828194526847
"4",0.307407469706834,28.066636543562
"5",0.277545519790921,27.7506044999629
"6",0.246513754967181,27.0752371228229
"7",0.303184724668242,27.8652614225592
"8",0.331352609420994,28.2372806187337
"9",0,25.6357159530041
