"","obs","bmi"
"1",0.352408826384276,28.6588774623786
"2",0.323495335318715,28.2072857827073
"3",0.33095077204534,28.3009866698087
"4",0.308940167877065,27.9435006838554
"5",0.28671778659189,27.5864465661432
"6",0.248101040289493,27.089011670279
"7",0.304161612747916,27.9308020017239
"8",0.338776530315732,28.3546598503788
"9",0,25.6243873639004
