"","obs","bmi"
"1",0.357399008293565,28.7399731758449
"2",0.329115349115644,28.2717770854995
"3",0.342524714575906,28.4757816618473
"4",0.329756600450586,28.211751032914
"5",0.316140579188503,27.9478872808186
"6",0.241803286269708,27.0635143865729
"7",0.308816081768143,27.8992876828238
"8",0.333733830662591,28.2914957765705
"9",0,25.6190487935739
