"","obs","bmi"
"1",0.359151799484816,28.6702167417294
"2",0.329171407118578,28.2103985211931
"3",0.356353961026167,28.4445707898639
"4",0.350929286067875,28.2191012538075
"5",0.346707646386016,27.9938150632429
"6",0.244971417931288,27.0676521868317
"7",0.30885834350382,27.9393316402015
"8",0.335860289939723,28.2369516579628
"9",0,25.6182625920785
