"","obs","bmi"
"1",0.361390417011103,28.7032460098108
"2",0.332390422700347,28.2543355643695
"3",0.34997924870638,28.449410824895
"4",0.339023780040444,28.1957904924983
"5",0.323342240651021,27.9423928910601
"6",0.242383627975521,27.0627084016729
"7",0.311126871117963,27.9063638316383
"8",0.332279797442109,28.2747851581824
"9",0,25.608292923999
