"","obs","bmi"
"1",0.360843136388147,28.7078620856503
"2",0.332680178444357,28.2454843186943
"3",0.333544547841884,28.2870892947776
"4",0.302153478189865,27.8666075718797
"5",0.272258170101021,27.4464299731808
"6",0.241300337747412,27.0070356307086
"7",0.30036492742733,27.8450025052759
"8",0.339698668180294,28.3560470557295
"9",0,25.6077845892871
