"","obs","bmi"
"1",0.363413569306015,28.7576229591291
"2",0.3341663502123,28.3035695293422
"3",0.342980522291338,28.4367786452056
"4",0.322736565965496,28.1161192382848
"5",0.299693215204939,27.7956513402925
"6",0.245405056416985,27.0912627069725
"7",0.310598033652127,27.9121344014456
"8",0.337940884011067,28.3549970008074
"9",0,25.6060382535814
