"","obs","bmi"
"1",0.360740149454419,28.7104423766744
"2",0.331410097338423,28.2551451431057
"3",0.348361456003166,28.451126833288
"4",0.332158207917179,28.1919335313705
"5",0.316333002421997,27.9328666914502
"6",0.238939319807968,27.0083518071327
"7",0.308444242162509,27.9300581896768
"8",0.339378260279015,28.3296153337312
"9",0,25.5766595742607
