"","obs","bmi"
"1",0.354210992114419,28.6527646916451
"2",0.324933322279858,28.1946541398164
"3",0.332827756172404,28.3440734448232
"4",0.30990222830196,28.0355312437361
"5",0.289775133595946,27.7271403759443
"6",0.243197529806044,27.0831217246387
"7",0.306908645014784,27.9150936226136
"8",0.341117794865661,28.338664953939
"9",0,25.6169898744212
