"","obs","bmi"
"1",0.352235466402831,28.6559617338636
"2",0.322915135966842,28.1967954222558
"3",0.337111810590498,28.3535018287301
"4",0.319881039533663,28.0513017630946
"5",0.303344266186704,27.7493739306652
"6",0.246239773850272,27.0681446716763
"7",0.305506314111737,27.8753085537893
"8",0.334812895565232,28.3117580714694
"9",0,25.5952095923193
