"","obs","bmi"
"1",0.362347047604125,28.7203595538801
"2",0.332008354285713,28.2541578213252
"3",0.337333583711863,28.4071371099198
"4",0.309066388818854,28.094223554769
"5",0.281468106431425,27.7816378560857
"6",0.244348954940804,27.0754659796876
"7",0.30724003152182,27.8956035557838
"8",0.333016173073465,28.253398569977
"9",0,25.5962646598395
