"","obs","bmi"
"1",0.362827072737953,28.7485326005859
"2",0.332430291407738,28.2891916748064
"3",0.347852914774274,28.4990716083417
"4",0.332051909974301,28.2496892248708
"5",0.315364172580678,28.0003874561185
"6",0.238482553033571,27.0316448986459
"7",0.310533855252564,27.8852378490091
"8",0.337453175748995,28.3023427588979
"9",0,25.6261548814008
