"","obs","bmi"
"1",0.36380343639597,28.7237243936667
"2",0.333349692277901,28.2592791000022
"3",0.34222770454565,28.3642306585251
"4",0.320864013128088,28.004990683035
"5",0.296884100184246,27.6460161160414
"6",0.246391387098845,27.1117321698542
"7",0.306154469152254,27.885172538707
"8",0.33546772273738,28.273978990509
"9",0,25.6201177065769
