"","obs","bmi"
"1",0.357736923821927,28.6757153793027
"2",0.328757987070857,28.21849070885
"3",0.338168626441498,28.4000904125433
"4",0.317410610041518,28.1245767720557
"5",0.296885681643509,27.8491779267858
"6",0.240945387303881,27.0612986037584
"7",0.310329477228452,27.9519415934861
"8",0.336729117029428,28.2771009086877
"9",0,25.5994072371473
