"","obs","bmi"
"1",0.357274830656163,28.6567936807271
"2",0.328433983622436,28.2032859855324
"3",0.341648151493818,28.3460322847175
"4",0.325018352289241,28.0355595181748
"5",0.307430538717376,27.7253908301975
"6",0.239357179308298,27.0162553067142
"7",0.306673995090868,27.8551950934638
"8",0.331373948535659,28.2144518185698
"9",0,25.587089709876
