"","obs","bmi"
"1",0.362347047604125,28.7203595538801
"2",0.331974681519449,28.2609992165076
"3",0.344710796785571,28.4341541508231
"4",0.326819522674647,28.1480572585539
"5",0.304990952955891,27.8620715894754
"6",0.244348954940804,27.0754659796876
"7",0.30724003152182,27.8956035557838
"8",0.333016173073465,28.253398569977
"9",0,25.5962646598395
