"","obs","bmi"
"1",0.363823203541502,28.7727725084824
"2",0.333975750522402,28.3095745213848
"3",0.344608703077955,28.4105018948913
"4",0.320591236019746,28.0484604444848
"5",0.299015324073977,27.6866575910463
"6",0.247809509510268,27.08839534138
"7",0.309939705622919,27.9231180605027
"8",0.329404786533961,28.2755609424776
"9",0,25.6387721414423
