"","obs","bmi"
"1",0.360059289735991,28.6923848720224
"2",0.331268438708892,28.2401817625651
"3",0.338986761485549,28.3969708545222
"4",0.317263554522986,28.1017877139543
"5",0.293038148490507,27.8068457725124
"6",0.240756188644633,27.0595830328948
"7",0.308012581098843,27.8909166685816
"8",0.333753444603479,28.2942877865144
"9",0,25.5675268197875
