"","obs","bmi"
"1",0.364814673652817,28.7109883918701
"2",0.334195195281732,28.2554660336615
"3",0.342214430386291,28.3798854341292
"4",0.320715023134142,28.0489342303242
"5",0.299045475036382,27.7181389725676
"6",0.244535853116165,27.0817052370665
"7",0.310204987925295,27.8563205577108
"8",0.337233029002503,28.282353122373
"9",0,25.5918489296131
