"","obs","bmi"
"1",0.355425815715361,28.6569737594346
"2",0.325627271785762,28.2075771289744
"3",0.331650307823431,28.2938195732818
"4",0.310469294796739,27.9312126265959
"5",0.287826413953201,27.5691979802179
"6",0.242867721040305,27.0496145691151
"7",0.314720080639458,27.9708459005916
"8",0.339572745770526,28.3371360909959
"9",0,25.558192105053
