"","obs","bmi"
"1",0.364750960781777,28.7258428834972
"2",0.335035597635485,28.2633622156594
"3",0.345344259083783,28.2974348201586
"4",0.326706782411979,27.8694630945574
"5",0.30694203431573,27.4419555006515
"6",0.247728720071657,27.0875355236095
"7",0.312814476556966,27.9537679464119
"8",0.332407465605311,28.2325372527985
"9",0,25.5974482083406
