"","obs","bmi"
"1",0.360043209091139,28.6862629488561
"2",0.331605992241531,28.2335333135536
"3",0.337724455454742,28.3568420236331
"4",0.31506091225324,28.0276454675532
"5",0.29539494192879,27.6986831160291
"6",0.246043779147222,27.0916671598172
"7",0.307738407869708,27.9134799814872
"8",0.337536487490532,28.2920111299241
"9",0,25.6387995796939
