"","obs","bmi"
"1",0.355913073986327,28.6820819863632
"2",0.328037715288053,28.2216239901423
"3",0.343014265006398,28.4145189540473
"4",0.329368438719759,28.1472001218006
"5",0.318226802377512,27.8801366508933
"6",0.240370181671841,27.0065831756533
"7",0.303501667696105,27.8591193463957
"8",0.342200751697591,28.3635694500438
"9",0,25.5783929377141
