"","obs","bmi"
"1",0.356651969622403,28.6318710536044
"2",0.327269667364612,28.1751669287811
"3",0.342542859530504,28.3332257601636
"4",0.327957937798776,28.0347720372439
"5",0.311231879678577,27.7365163543667
"6",0.251994471578753,27.1625258733281
"7",0.308433178146048,27.9104413618474
"8",0.333321715698082,28.2779360000224
"9",0,25.5310536037308
