"","obs","bmi"
"1",0.356053614093808,28.6238218909248
"2",0.326753616034013,28.159209295066
"3",0.332817415899007,28.3377853796919
"4",0.305056609234256,28.0518499847441
"5",0.274725150235155,27.7660187718371
"6",0.246370280380003,27.0814556558223
"7",0.31220439007318,27.9242241397786
"8",0.335698439179501,28.3209494089608
"9",0,25.5596844104757
