"","obs","bmi"
"1",0.35969345972684,28.7247849553726
"2",0.328078129611328,28.2651821756885
"3",0.339316970414863,28.4660048180556
"4",0.31606964564423,28.207356694712
"5",0.29777702877246,27.9488439162376
"6",0.242807072260383,27.0584722194402
"7",0.310389904377835,27.8956419698084
"8",0.335984716559619,28.287460433537
"9",0,25.6037826729006
