"","obs","bmi"
"1",0.360059139804883,28.7295083091549
"2",0.329638123801718,28.266698974562
"3",0.340719632400986,28.4997299181362
"4",0.323925704473276,28.2700518809036
"5",0.302989008789196,28.0404781639817
"6",0.240918683262071,27.0399501415081
"7",0.303283418428737,27.8456628699305
"8",0.332233817425273,28.2337723219132
"9",0,25.629139229342
