"","obs","bmi"
"1",0.361343836905772,28.7003023204054
"2",0.332882551836058,28.2405121386176
"3",0.336563594711789,28.3496926844907
"4",0.306929637652491,27.9992631933972
"5",0.279818108012096,27.6490185958547
"6",0.248542619938217,27.0980941850667
"7",0.311002259922986,27.9607315484957
"8",0.332579280613808,28.2827585452742
"9",0,25.5665564739125
