"","obs","bmi"
"1",0.360414726167723,28.6808615390339
"2",0.331724064959199,28.2314021393152
"3",0.336155250838302,28.4025804954613
"4",0.30625231336692,28.1243679533507
"5",0.277320613192803,27.8462230808829
"6",0.243937735804136,27.0945363010742
"7",0.307135568442582,27.9497167425016
"8",0.33658818151112,28.3096165074416
"9",0,25.5656582730919
