"","obs","bmi"
"1",0.361038833430681,28.6759818500565
"2",0.329359325748567,28.2176695035206
"3",0.343124749228747,28.4665433860498
"4",0.324967536849268,28.2571584142798
"5",0.305933717844793,28.0478268845643
"6",0.241620782936993,27.0491938534071
"7",0.311019284921877,27.9283966761648
"8",0.334821886542502,28.2703521928714
"9",0,25.5500013010175
