"","obs","bmi"
"1",0.361035583113595,28.703519774687
"2",0.332095195063,28.2495870192366
"3",0.343772294112692,28.3662281087449
"4",0.325428127511301,28.029190383908
"5",0.30353904589196,27.69241690606
"6",0.238818274818544,27.0007517939947
"7",0.308160364314451,27.9047410493258
"8",0.337810542944292,28.3140409230777
"9",0,25.5589925246273
