"","obs","bmi"
"1",0.36074291312067,28.6659055207623
"2",0.330774213255164,28.2033221705659
"3",0.34166217283564,28.3807445509074
"4",0.320875444183059,28.0956947283478
"5",0.298882931937749,27.8107585564082
"6",0.239519598599908,27.0115616359001
"7",0.306491279968793,27.914039322465
"8",0.340106500321876,28.3465865637646
"9",0,25.5572751695863
