"","obs","bmi"
"1",0.355331410172543,28.6324337081186
"2",0.325321783423938,28.1761804334353
"3",0.342164104586542,28.3269602815086
"4",0.328280392966227,28.0216982125923
"5",0.312259724826517,27.7166571134454
"6",0.248607604563484,27.1003596631043
"7",0.304256864988233,27.8317563843855
"8",0.335274859604916,28.2459747027729
"9",0,25.5619766512052
