"","obs","bmi"
"1",0.358221377861738,28.6666500592371
"2",0.328481354298756,28.2057091136584
"3",0.338734576307548,28.3675894562092
"4",0.320550242755711,28.0686918397263
"5",0.299748717724372,27.7699622477254
"6",0.242214440258369,27.0258599122039
"7",0.306470011535346,27.9029174344883
"8",0.334773775833261,28.3205963912919
"9",0,25.5846821374238
