"","obs","bmi"
"1",0.36391629323946,28.7580365309918
"2",0.335031896991904,28.2988402180159
"3",0.351861801520692,28.531158825852
"4",0.33747456971144,28.3043735545693
"5",0.322901052965307,28.0776824681834
"6",0.247452507657205,27.1308580880174
"7",0.308916154072158,27.9072008953196
"8",0.335486720722014,28.3150087309723
"9",0,25.5796584594686
