"","obs","bmi"
"1",0.35352145485582,28.6516476480642
"2",0.326271259651412,28.2035590827212
"3",0.344837948184083,28.3721133887547
"4",0.332852742413993,28.0927628465544
"5",0.321999387622841,27.8136042205089
"6",0.243553929985837,27.0383386945092
"7",0.306205394072565,27.8607463248786
"8",0.335174005732776,28.2500657498915
"9",0,25.6062689305819
