"","obs","bmi"
"1",0.358158435703327,28.7006493610669
"2",0.329470054304225,28.2469927739451
"3",0.334086023833055,28.2458866786441
"4",0.304016013431423,27.7919684902934
"5",0.278794354629742,27.3389766481368
"6",0.242761118454526,27.065953997994
"7",0.30596038660301,27.9083074148207
"8",0.337120365356485,28.3261973599699
"9",0,25.5848969018845
