"","obs","bmi"
"1",0.35669361816352,28.7161818323404
"2",0.328154321630427,28.2556406572385
"3",0.336808756059625,28.3662279554884
"4",0.314573973191964,28.0167303092918
"5",0.292993927923719,27.6677227183115
"6",0.239353849897059,27.0177195128001
"7",0.31402373667074,27.9329246054753
"8",0.335230815008208,28.275694283351
"9",0,25.5763740395244
