"","obs","bmi"
"1",0.361152275383065,28.7408035369348
"2",0.330433846171908,28.2773162511519
"3",0.335177859057743,28.3265113641144
"4",0.310733510657994,27.9124826353986
"5",0.28549582311665,27.4987283443746
"6",0.245528936040394,27.0773396407471
"7",0.31113650146942,27.9136436333056
"8",0.329386916312105,28.2505974296529
"9",0,25.6304696478945
