"","obs","bmi"
"1",0.362455601404247,28.7437942142977
"2",0.331457713469234,28.2806902376235
"3",0.354505950969192,28.5512648004468
"4",0.347486905818524,28.3588292407177
"5",0.340485830271625,28.1664901257618
"6",0.244494328297463,27.0713018251053
"7",0.310348215098736,27.91660270577
"8",0.331301888546634,28.2660624647403
"9",0,25.5808309771174
