"","obs","bmi"
"1",0.357728410281065,28.7104762710595
"2",0.328092527108066,28.2481474973145
"3",0.341643401248463,28.4395473338561
"4",0.325181092011982,28.1687295513293
"5",0.309901301854255,27.8980257355389
"6",0.242102814361899,27.0831568648572
"7",0.309859297008603,27.932008023644
"8",0.330849030407707,28.2181016980341
"9",0,25.5919363133809
