"","obs","bmi"
"1",0.355913073986327,28.6820819863632
"2",0.327384187776687,28.2194856135695
"3",0.331336455703855,28.402198748655
"4",0.304145233139984,28.1223582207253
"5",0.273161633477578,27.8425591817418
"6",0.240370181671841,27.0065831756533
"7",0.303501667696105,27.8591193463957
"8",0.342200751697591,28.3635694500438
"9",0,25.5783929377141
