"","obs","bmi"
"1",0.359951973952499,28.7127940731335
"2",0.328270616101951,28.2509115669013
"3",0.334882693678904,28.3825406899629
"4",0.311211365685717,28.0524043770203
"5",0.286005908252685,27.7223872530979
"6",0.244454749359245,27.0562991324806
"7",0.307800550491759,27.887870422917
"8",0.338592444923673,28.2776255036711
"9",0,25.5609537747681
