"","obs","bmi"
"1",0.361178852741911,28.6963733961106
"2",0.331048777717753,28.2494461264827
"3",0.347024497475104,28.4080144737666
"4",0.333234169387402,28.1199417078481
"5",0.319122081854856,27.8321710055084
"6",0.241639664274807,27.0522530743742
"7",0.301472830864401,27.8491182229785
"8",0.333718719967514,28.2905517163556
"9",0,25.5717071644382
