"","obs","bmi"
"1",0.358646416851139,28.6570502631225
"2",0.331549371536231,28.2006816474308
"3",0.34836761017195,28.3455322479143
"4",0.337972875947728,28.0343670353607
"5",0.326309914116459,27.7235742907635
"6",0.249654834009222,27.1449387903248
"7",0.315703408834211,27.9849326771057
"8",0.338795499290129,28.3360928929261
"9",0,25.5928688184349
