"","obs","bmi"
"1",0.367487901971894,28.7587083361914
"2",0.335148292960999,28.3004754006625
"3",0.3444190225377,28.4484029534026
"4",0.321045535057515,28.1382374408467
"5",0.297627056041091,27.8282174120643
"6",0.246212065412148,27.0381075995184
"7",0.311100457472894,27.9575204532284
"8",0.333995911259395,28.2721675245025
"9",0,25.5769766489965
