"","obs","bmi"
"1",0.360306747332189,28.7185564127562
"2",0.330091366928061,28.2626261688857
"3",0.335215981120325,28.3797665759353
"4",0.307675735135148,28.0412205299027
"5",0.280055965292449,27.7029291490001
"6",0.241439655015153,27.0760326375752
"7",0.308930469886044,27.9065186031101
"8",0.334501885613521,28.2926189622119
"9",0,25.5892529244818
