"","obs","bmi"
"1",0.361396288579797,28.6745064333804
"2",0.332170962275261,28.2102526400565
"3",0.342228929032866,28.41137499534
"4",0.322310475253944,28.1483749373253
"5",0.302252279877094,27.8855096669315
"6",0.242373035178774,27.06263798033
"7",0.311580340222913,27.8948767614915
"8",0.329454475810488,28.2488217454941
"9",0,25.5678880120087
