"","obs","bmi"
"1",0.360021353333976,28.6920437256807
"2",0.331512092266984,28.2304438529165
"3",0.344821091913414,28.4209180933359
"4",0.328276565746717,28.1499788615466
"5",0.311814600013977,27.8792336158509
"6",0.252468043008297,27.1372311090454
"7",0.312403936727816,27.9354335698336
"8",0.334430932059625,28.2464292264545
"9",0,25.5901381450291
