"","obs","bmi"
"1",0.362016793859036,28.7231532136289
"2",0.33193957748157,28.2662957235799
"3",0.338241070692811,28.3852235736503
"4",0.309468564201564,28.0474901568952
"5",0.283271251037108,27.7099598760169
"6",0.240192901590624,27.042856328266
"7",0.308051819353309,27.8945211543052
"8",0.329778845114727,28.2496599936709
"9",0,25.6184506977208
