"","obs","bmi"
"1",0.360913475878082,28.7405145952565
"2",0.332008428617648,28.2830330032993
"3",0.358784606429285,28.5146072587058
"4",0.355424543784296,28.2890000291953
"5",0.351575091177389,28.0637080557451
"6",0.239680197355034,27.0311221623237
"7",0.306909381809192,27.9277353645861
"8",0.338717082507419,28.3224125756683
"9",0,25.635550165665
