"","obs","bmi"
"1",0.36656279910538,28.7605246715707
"2",0.336407923311063,28.300137561559
"3",0.345694959976467,28.5412501475102
"4",0.325191186862772,28.3220140372779
"5",0.304162448126271,28.1028167677445
"6",0.24882715409951,27.1209495700633
"7",0.31206986694911,27.938297956746
"8",0.334251280631614,28.2567575610787
"9",0,25.6166046673293
