"","obs","bmi"
"1",0.36585235830689,28.778899772313
"2",0.334883660736106,28.3160039625809
"3",0.351858061800318,28.4979910366091
"4",0.335411142066255,28.2174394976524
"5",0.319554925565758,27.9372687856362
"6",0.240182322906937,26.9830646837839
"7",0.310732496685673,27.9051811930574
"8",0.337471876352463,28.3105284385495
"9",0,25.6337735652213
