"","obs","bmi"
"1",0.362087659535833,28.7484944799243
"2",0.332967582943975,28.2896183064762
"3",0.337813672285937,28.3975501045985
"4",0.308713741712331,28.0468622223705
"5",0.283309182630026,27.6964425317583
"6",0.245013330660972,27.0504889199249
"7",0.312923549787288,27.9247388125386
"8",0.333190494803652,28.2286669280494
"9",0,25.6002438522909
