"","obs","bmi"
"1",0.360610800058693,28.7288343820347
"2",0.330135857489363,28.2621433225662
"3",0.331323386736723,28.4547377556006
"4",0.302230592916297,28.1806794520407
"5",0.275972349273162,27.9066576982721
"6",0.247595664734104,27.1099501231266
"7",0.30783247326795,27.9121833346949
"8",0.332199422595762,28.2965063289284
"9",0,25.5953179770479
