"","obs","bmi"
"1",0.360703699801475,28.6721451720812
"2",0.329830386955337,28.2165461336201
"3",0.338505256468298,28.3380912177999
"4",0.314188913592746,28.0042040165157
"5",0.29100387931102,27.6704888195347
"6",0.237892295377857,27.0636648947647
"7",0.303638697146953,27.8605416687339
"8",0.3320675502934,28.2602589516363
"9",0,25.5753816581892
