"","obs","bmi"
"1",0.363100807845836,28.745535112519
"2",0.331282062377942,28.2968638204898
"3",0.336211542315253,28.4520401894756
"4",0.309823059091325,28.1586623685653
"5",0.281417828251553,27.8654066068465
"6",0.241817858819255,27.066548544267
"7",0.312946188840288,27.8946601299385
"8",0.333163831906134,28.2791620040935
"9",0,25.6075132825633
