"","obs","bmi"
"1",0.360909260061673,28.6863642763419
"2",0.330435161138282,28.2312650290709
"3",0.336649289787093,28.3863593293412
"4",0.308287547392819,28.0864500484961
"5",0.27827222358169,27.7866376097539
"6",0.248891150823746,27.1112541896274
"7",0.30212842668616,27.882327155297
"8",0.331008101675047,28.1957794586929
"9",0,25.6181239584936
