"","obs","bmi"
"1",0.356648098995502,28.6895874235733
"2",0.328471295812894,28.2426739251278
"3",0.336435912293191,28.3183678469412
"4",0.317176297376263,27.9474005774288
"5",0.296131306630965,27.57669645047
"6",0.254137637263978,27.1874012071339
"7",0.309763992959996,27.9035903436712
"8",0.331856362801512,28.2165796661667
"9",0,25.5700862466759
