"","obs","bmi"
"1",0.364252923820567,28.7508901914094
"2",0.336714657039909,28.289273653421
"3",0.340856290345206,28.4234293551028
"4",0.312196393368796,28.0960884853424
"5",0.28256095655695,27.7688695000475
"6",0.242829355069704,27.0983166502531
"7",0.306911902733496,27.8944727979581
"8",0.340339093674253,28.2881378770662
"9",0,25.6290377567472
