"","obs","bmi"
"1",0.356158760719169,28.6513829205695
"2",0.330014351327426,28.1997698066632
"3",0.335518127016874,28.3402009033288
"4",0.302923430814375,28.0291482295547
"5",0.277402851731662,27.7182273585161
"6",0.247453843786205,27.0858069454659
"7",0.311599169250792,27.8897057424583
"8",0.331902607106701,28.2872741632508
"9",0,25.5674032446467
