"","obs","bmi"
"1",0.361173063036386,28.7030028181114
"2",0.332693888525262,28.2469791324726
"3",0.336917707128854,28.334545975218
"4",0.314876377646985,27.9665900955196
"5",0.288186761926116,27.599169569282
"6",0.237639780053752,27.0173873070461
"7",0.313134296652031,27.9170683339764
"8",0.340488389985176,28.3051941593605
"9",0,25.5493210410236
