"","obs","bmi"
"1",0.361492576579166,28.7609382968491
"2",0.334968411664987,28.3005478912846
"3",0.351423480209791,28.5123093381319
"4",0.338899255221263,28.26380127633
"5",0.325691550238372,28.0154184198436
"6",0.245323914016624,27.0732754866029
"7",0.309394610664432,27.9501638740955
"8",0.335326179050408,28.2566040996273
"9",0,25.6263293045554
