"","obs","bmi"
"1",0.355343413003053,28.6607104818042
"2",0.325689943980026,28.1970475116111
"3",0.320177194323075,28.3108121833796
"4",0.286650677041114,27.960974190608
"5",0.257606124732826,27.6111901379787
"6",0.248568764688859,27.0663379433853
"7",0.308475489770767,27.9225381286153
"8",0.330142452128812,28.2879888185428
"9",0,25.6241623792182
