"","obs","bmi"
"1",0.359478037589577,28.6638213723131
"2",0.330090934384795,28.2005790051997
"3",0.351317891276991,28.4360404594188
"4",0.342022956383283,28.2083837671229
"5",0.332527720451812,27.9808551579303
"6",0.243431324577992,27.0077649111906
"7",0.303546131668087,27.8253656042933
"8",0.335885887404046,28.3420203704148
"9",0,25.580855221266
