"","obs","bmi"
"1",0.364877899010187,28.7568657275374
"2",0.335533693431555,28.291798875778
"3",0.350237786749733,28.5087105598471
"4",0.336245522453738,28.2606689626053
"5",0.320412067450874,28.0127447560225
"6",0.246195146500716,27.0654491779064
"7",0.307828407476242,27.8782771960053
"8",0.336418265889054,28.2697066893836
"9",0,25.6417260316722
