"","obs","bmi"
"1",0.36022592050525,28.6692871922189
"2",0.330679450898363,28.2139416282609
"3",0.350630970862334,28.3791140636662
"4",0.340033319890472,28.089131153834
"5",0.327426562584605,27.7993462784913
"6",0.242672202009829,27.0564622995812
"7",0.314052781713434,27.9744573346006
"8",0.334494137162674,28.2675208899027
"9",0,25.5627782885104
