"","obs","bmi"
"1",0.359325044084186,28.7121754997005
"2",0.329939461125426,28.2554139325558
"3",0.349190219098426,28.4888720815849
"4",0.340249845014772,28.2657440181449
"5",0.329045200756859,28.0427980652621
"6",0.244233381504947,27.0349526798531
"7",0.306571192674486,27.8798390743753
"8",0.333518789434286,28.279749930584
"9",0,25.6194808914354
