"","obs","bmi"
"1",0.36325920982717,28.7539194465744
"2",0.333814969146604,28.2961789324992
"3",0.345770162486857,28.4385926896308
"4",0.327740511378512,28.123506147822
"5",0.308829660037317,27.8086708542366
"6",0.24337525449548,27.0603963490491
"7",0.313306382216957,27.9875980257037
"8",0.334958303512526,28.3052828084415
"9",0,25.6663184955325
