"","obs","bmi"
"1",0.359640104276551,28.6523401528795
"2",0.33067475311358,28.203613574991
"3",0.328539465484257,28.2754213131472
"4",0.290140981033893,27.8986348966541
"5",0.257904358424833,27.5219816145389
"6",0.24414135710245,27.0624339614085
"7",0.305146679470081,27.9194039316827
"8",0.339947207479,28.36164628258
"9",0,25.5021330561456
