"","obs","bmi"
"1",0.35650029878492,28.6951483583507
"2",0.325317871071766,28.2397884875335
"3",0.339203442668807,28.3948722272472
"4",0.322725786168059,28.0948516560312
"5",0.306370700278044,27.7950982311614
"6",0.245960537810872,27.0696000895903
"7",0.307949468962572,27.8652963066993
"8",0.332524433138937,28.2871863100689
"9",0,25.6337294290074
