"","obs","bmi"
"1",0.355183999510887,28.6429748235724
"2",0.324735401591608,28.1788993409573
"3",0.328184148378575,28.3925591405034
"4",0.30038411931899,28.1422315101724
"5",0.276344101497585,27.8919928721749
"6",0.246173010220178,27.1012718699304
"7",0.306048165927102,27.8746457962789
"8",0.336888760145167,28.2808639176763
"9",0,25.6056416112337
