"","obs","bmi"
"1",0.354040234222273,28.6082207277536
"2",0.322419597742458,28.1503071755141
"3",0.328418715211038,28.2878702260665
"4",0.301145559655251,27.9676553300284
"5",0.276347055122948,27.6475786390464
"6",0.247395093511587,27.1035433060787
"7",0.312097962548348,27.9368315527652
"8",0.33594480456213,28.3465430825571
"9",0,25.5439897477788
