"","obs","bmi"
"1",0.352316987738319,28.6478963941846
"2",0.3208871936231,28.1817258132157
"3",0.336568780852466,28.3867232638604
"4",0.318326726253815,28.1256500293334
"5",0.302730899000309,27.8646789511936
"6",0.247165262482284,27.1270027942145
"7",0.304728947703583,27.8918150873625
"8",0.332115569557538,28.2405747251896
"9",0,25.6421126396995
