"","obs","bmi"
"1",0.363633787561756,28.7251606796758
"2",0.33465286764619,28.2688837753057
"3",0.343439269453087,28.3935467599931
"4",0.322928954350337,28.0623067867387
"5",0.301387547385263,27.7314632941856
"6",0.240237844251401,27.0758332422435
"7",0.307328289727235,27.8933344236541
"8",0.334772700210324,28.3147147464148
"9",0,25.5647907210531
