"","obs","bmi"
"1",0.364809037635535,28.7617198288567
"2",0.336150989979593,28.3014732422618
"3",0.343006661817662,28.4432273512194
"4",0.321120601314918,28.1248522427849
"5",0.297812470885241,27.8065979065765
"6",0.245729535221775,27.1215696210124
"7",0.310893186636467,27.9307645756
"8",0.331239215016671,28.2722794472757
"9",0,25.5706248915461
