"","obs","bmi"
"1",0.365006220801888,28.7963897951823
"2",0.33707794235507,28.3397619559269
"3",0.343815435846461,28.4970203750085
"4",0.317475647376858,28.1977875899504
"5",0.293449164353531,27.8986943931654
"6",0.243095535125695,27.0857392767404
"7",0.306274714097404,27.9194200354715
"8",0.335879712778077,28.3293919724676
"9",0,25.655666265962
