"","obs","bmi"
"1",0.358212726513299,28.7095649887981
"2",0.328701225824888,28.2553081429135
"3",0.347497341969692,28.4798673069926
"4",0.335403167845565,28.2503642674794
"5",0.325156881704861,28.0210649126685
"6",0.247696061912326,27.1002839170214
"7",0.311459145320834,27.905786691112
"8",0.326981669658007,28.2069962273701
"9",0,25.5789539882752
