"","obs","bmi"
"1",0.362334316326554,28.7344620764355
"2",0.334366256668968,28.2767071160449
"3",0.350891157824144,28.5174161123636
"4",0.338327757991433,28.3004325738732
"5",0.323041622388119,28.083512780267
"6",0.245240721225565,27.092994152657
"7",0.309850148893138,27.9355727094287
"8",0.337386593152587,28.3302296436479
"9",0,25.6495344505031
