"","obs","bmi"
"1",0.356898898711559,28.6594823602437
"2",0.328444760878177,28.202405350283
"3",0.33335249763957,28.2901322467398
"4",0.304373471666731,27.9209745733962
"5",0.277440149934566,27.5520152322912
"6",0.243898212366919,27.069028002908
"7",0.311593923909111,27.9457044371676
"8",0.333002410487606,28.2998732298396
"9",0,25.5892282030316
