"","obs","bmi"
"1",0.364359232328056,28.7408888577418
"2",0.333389536551789,28.2849197832249
"3",0.336748741417987,28.3907101305779
"4",0.307130215992845,28.0406623947625
"5",0.276277231885013,27.6907482551867
"6",0.247437369083003,27.0930352952093
"7",0.298140107453458,27.8538371410423
"8",0.335860905831741,28.3265448375363
"9",0,25.6081835799015
