"","obs","bmi"
"1",0.367151532050259,28.7624441508287
"2",0.336890187169092,28.3092801594252
"3",0.340776886296812,28.3950872276577
"4",0.313143434739141,28.027935686967
"5",0.286867892483279,27.6609943546195
"6",0.249330928081219,27.0941609695451
"7",0.307051711880126,27.8986354694604
"8",0.336921744380799,28.3589861142387
"9",0,25.6180642186023
