"","obs","bmi"
"1",0.35669361816352,28.7161818323404
"2",0.327945865040022,28.2580634928546
"3",0.341662269300935,28.4200833123876
"4",0.325709077762632,28.1241812636639
"5",0.3107247931116,27.8284831295713
"6",0.239353849897059,27.0177195128001
"7",0.31402373667074,27.9329246054753
"8",0.335230815008208,28.275694283351
"9",0,25.5763740395244
