"","obs","bmi"
"1",0.363070049668053,28.676180552429
"2",0.333540996093723,28.2199256855867
"3",0.344143913318152,28.3129611395337
"4",0.322199324773478,27.9499377113877
"5",0.301098537247713,27.5871182445531
"6",0.244719366233471,27.0953649246237
"7",0.304950286467597,27.8635364098175
"8",0.332931066569638,28.2387081970703
"9",0,25.5564817447905
