"","obs","bmi"
"1",0.356356447031371,28.6748232375112
"2",0.327836702657501,28.2172504591819
"3",0.340979470080895,28.3725688640513
"4",0.325895473127739,28.0705007876432
"5",0.310315073891289,27.7686261085821
"6",0.245580448779246,27.0480425733347
"7",0.309869856671977,27.9313012272895
"8",0.331632546659367,28.2475325767331
"9",0,25.6001257246681
