"","obs","bmi"
"1",0.36539170724884,28.7203717460284
"2",0.33650267270223,28.2669376935521
"3",0.345538346958225,28.3724697000138
"4",0.326478086914053,28.0248485740814
"5",0.306806182131945,27.677524423405
"6",0.244855546098239,27.0956180157765
"7",0.311342784080585,27.8976709319425
"8",0.341438886293363,28.3310270991171
"9",0,25.5800908590917
