"","obs","bmi"
"1",0.361852429460828,28.6876677743806
"2",0.331009457463946,28.2304202910465
"3",0.351233542180011,28.4533792659658
"4",0.339453176543776,28.2194869666586
"5",0.328802236682,27.9860175727147
"6",0.239606118540394,27.0363854653173
"7",0.310882636192343,27.9491939698066
"8",0.33169231362945,28.3264943833071
"9",0,25.5860384942543
