"","obs","bmi"
"1",0.357173555796483,28.6441150564238
"2",0.326129567443663,28.1778567171821
"3",0.33038652567503,28.2724451183028
"4",0.299527268948371,27.9009398839219
"5",0.272120924553079,27.5296050861726
"6",0.24949283539072,27.0790107430374
"7",0.308923911710681,27.8979078924729
"8",0.334309271164312,28.2959793984527
"9",0,25.5800597796106
