"","obs","bmi"
"1",0.353691197089389,28.6857927930402
"2",0.327506514242985,28.2293060009155
"3",0.333829836936735,28.2833100611231
"4",0.308799445459374,27.8811943096993
"5",0.286386398373108,27.4794658308613
"6",0.245313484879592,27.0883816344847
"7",0.3122166170784,27.9137706221533
"8",0.32944412245719,28.2136147037839
"9",0,25.6427595503066
