"","obs","bmi"
"1",0.363604766709875,28.7388562932255
"2",0.332920429039493,28.2824913271261
"3",0.339076963928663,28.4175493567008
"4",0.316977001060981,28.0964761011086
"5",0.29371080232609,27.775646883891
"6",0.244549143545513,27.0418208523352
"7",0.312480609381514,27.9213746430765
"8",0.336221480008375,28.3171477987262
"9",0,25.6142506542022
