"","obs","bmi"
"1",0.360086162944705,28.6898876651242
"2",0.331395479584718,28.2360342542882
"3",0.339040675308083,28.4447094137209
"4",0.318710444592784,28.1996147321217
"5",0.295778501228688,27.9546061651679
"6",0.247171691079241,27.1175310099184
"7",0.307771822533176,27.8750388520824
"8",0.333452062766672,28.257308546834
"9",0,25.6209345991643
