"","obs","bmi"
"1",0.36033618391538,28.7301122267985
"2",0.330330963718133,28.27211768563
"3",0.332293953639165,28.3022625407249
"4",0.299614143526376,27.8749525890442
"5",0.273028273833813,27.4482245591515
"6",0.24435972095679,27.0611893501873
"7",0.308050006110991,27.9153261199924
"8",0.331891532245783,28.2823454377984
"9",0,25.6055538651162
