"","obs","bmi"
"1",0.36842192204682,28.8211239083827
"2",0.33843984494225,28.3547653313176
"3",0.352330296002562,28.5273425225099
"4",0.332611958566294,28.2337339973155
"5",0.316012040732512,27.9403042208655
"6",0.24333094506702,27.0851793991163
"7",0.308114805023455,27.8943734900833
"8",0.336119559451811,28.2941327729906
"9",0,25.6324271793763
