"","obs","bmi"
"1",0.362277999346925,28.7147206007105
"2",0.333059361751791,28.2587308242663
"3",0.35372795681742,28.4058262738632
"4",0.342217156190087,28.0972617634262
"5",0.329258057048843,27.7890447110723
"6",0.246151641327687,27.1016232928999
"7",0.309884826117915,27.9366236482316
"8",0.338541258255901,28.2912396777248
"9",0,25.5679058779801
