"","obs","bmi"
"1",0.365854770208212,28.7676879581087
"2",0.334752533966872,28.308790645068
"3",0.342064216596825,28.4902675187885
"4",0.314675373679945,28.2128936143843
"5",0.29090180289169,27.9355660287128
"6",0.246732056709712,27.073013601983
"7",0.310008391176273,27.9468074413128
"8",0.330062300885352,28.215165855182
"9",0,25.6341559918145
