"","obs","bmi"
"1",0.358972228383336,28.7146177289332
"2",0.329726333973553,28.2602423656283
"3",0.341393850627726,28.3633105032253
"4",0.325562516837086,28.0123047118463
"5",0.302672354250049,27.661615778187
"6",0.242489847467825,27.0850526554691
"7",0.307883237163636,27.9319549923278
"8",0.333891464938401,28.2615868165623
"9",0,25.5812449923897
