"","obs","bmi"
"1",0.359840016615952,28.6885444570688
"2",0.330874242465008,28.2291923116247
"3",0.337131681873667,28.2899937537264
"4",0.312816717955383,27.8916759935936
"5",0.287964117473448,27.493601302134
"6",0.240370629243817,27.0458458927339
"7",0.303911568919044,27.8766658167835
"8",0.331389361952487,28.2349547455808
"9",0,25.5463030030108
