"","obs","bmi"
"1",0.367139014301748,28.7922670292119
"2",0.336976260984139,28.3287841544958
"3",0.340905338138621,28.4481746620202
"4",0.311740313030798,28.1042104429218
"5",0.283104910460741,27.7603753579264
"6",0.250194119050151,27.1541883061995
"7",0.31221463715713,27.9418986292644
"8",0.330491646631439,28.2474922264219
"9",0,25.6252556486553
