"","obs","bmi"
"1",0.359429290600631,28.6964217096915
"2",0.329752539035305,28.2411322028973
"3",0.325035921823235,28.3098496045231
"4",0.289787373103079,27.9234496560443
"5",0.257996079173944,27.5372243454148
"6",0.24373574977462,27.0910214861296
"7",0.307380240413817,27.8896852921203
"8",0.331629049948948,28.2886515723995
"9",0,25.5673229020265
