"","obs","bmi"
"1",0.358583370856363,28.7228235595122
"2",0.329377799937434,28.2613162789545
"3",0.332293028435651,28.3306806088759
"4",0.302927353686003,27.9387406508355
"5",0.277643862936033,27.547014661128
"6",0.242345493121058,27.0403630360465
"7",0.311287174821351,27.9264677414945
"8",0.330315173716506,28.1823077475975
"9",0,25.6033728048843
