"","obs","bmi"
"1",0.358419048970675,28.6712432084127
"2",0.329234681051141,28.2093939010043
"3",0.346184201317176,28.3611724198056
"4",0.331479866090752,28.051459229599
"5",0.321150218433804,27.7421250775139
"6",0.24986879511491,27.1665934231255
"7",0.306765107031327,27.9034938520968
"8",0.335076317672202,28.2770386952099
"9",0,25.5540895172938
