"","obs","bmi"
"1",0.359180751944061,28.6991495121538
"2",0.331150079204335,28.2437766559293
"3",0.341250513431697,28.4741431777124
"4",0.320195346247636,28.2491828941928
"5",0.297082326705108,28.0242684604199
"6",0.246513754967181,27.0752371228229
"7",0.303184724668242,27.8652614225592
"8",0.331352609420994,28.2372806187337
"9",0,25.6357159530041
