"","obs","bmi"
"1",0.362213374616275,28.6760547435657
"2",0.330767791777155,28.2198802793625
"3",0.333239776653304,28.3152132035319
"4",0.301168673955848,27.9545073269132
"5",0.269233763846225,27.5939399241985
"6",0.247458192254852,27.1179063007589
"7",0.30265191529658,27.8266281266406
"8",0.333296414152985,28.3060006839784
"9",0,25.5851730579884
