"","obs","bmi"
"1",0.362313393493801,28.7038185005317
"2",0.330947991784063,28.24766906895
"3",0.353929754031673,28.4851741062305
"4",0.345131259797124,28.2667147148479
"5",0.337731187173401,28.048448225024
"6",0.23606871753349,27.0192068311258
"7",0.31091324232601,27.8740384615001
"8",0.329220596453372,28.1992195752889
"9",0,25.5966319041305
