"","obs","bmi"
"1",0.363452744119075,28.7170878239626
"2",0.333638574429377,28.2632441481759
"3",0.349177396334904,28.4778563615744
"4",0.334263822799461,28.2387963950833
"5",0.317037205628893,27.9999148484428
"6",0.251430792676536,27.145580909922
"7",0.310493178661242,27.9129957982006
"8",0.332930299105373,28.2070664431869
"9",0,25.5703965739065
