"","obs","bmi"
"1",0.35992884387254,28.6994204833731
"2",0.330702183486575,28.238335231493
"3",0.335536529643327,28.4123241928645
"4",0.309652152120223,28.1253029410646
"5",0.284527214477414,27.8383579009031
"6",0.23861123872392,27.0032258939
"7",0.308451748021282,27.9258434267004
"8",0.330875978092789,28.215533149807
"9",0,25.6399087232154
