"","obs","bmi"
"1",0.355259436952298,28.6494535985734
"2",0.328340649066938,28.1901740347519
"3",0.332702641074439,28.3031650485418
"4",0.305772721781222,27.9571242639873
"5",0.282575528326131,27.6113421440338
"6",0.245365693710137,27.0751218530173
"7",0.308314612030063,27.8891190940608
"8",0.338742667960395,28.3475313519207
"9",0,25.5881555337042
