"","obs","bmi"
"1",0.357585063589747,28.687915193566
"2",0.327802693358591,28.2306655441799
"3",0.331105496230629,28.409044626061
"4",0.298600556277873,28.1302758849095
"5",0.269850539979838,27.8516101472493
"6",0.248547941054448,27.1021851079884
"7",0.307759399881465,27.9003957945936
"8",0.329300542442981,28.2211044082949
"9",0,25.6128116224951
