"","obs","bmi"
"1",0.364828710763428,28.7802586635854
"2",0.336299469091716,28.3247680073701
"3",0.354150138295633,28.5208556728658
"4",0.34273745050337,28.2616066363271
"5",0.326935309635345,28.0025168182052
"6",0.248959735134241,27.07972164708
"7",0.311544726881763,27.8823757064874
"8",0.328493762673454,28.2211888460625
"9",0,25.625156193147
