"","obs","bmi"
"1",0.360505298879592,28.7449787522539
"2",0.329852744526129,28.2827022843065
"3",0.335544216644985,28.4474489524711
"4",0.30914894917297,28.1499918010046
"5",0.285775252199734,27.8526071951138
"6",0.239667880831572,27.0570006668221
"7",0.308211402560997,27.9133598653396
"8",0.337959508882815,28.3149264707676
"9",0,25.6013103233047
