"","obs","bmi"
"1",0.360449422523583,28.6936909039406
"2",0.330647786679788,28.243968790759
"3",0.342456750268028,28.4530286231791
"4",0.324113827443612,28.2124813183062
"5",0.303427692158203,27.9720516539558
"6",0.246727675164483,27.0889700527785
"7",0.309005251166039,27.9047088760138
"8",0.335310841055187,28.2959591635829
"9",0,25.5758643805621
