"","obs","bmi"
"1",0.364843709310821,28.7815239225508
"2",0.335790839871503,28.3210449927123
"3",0.339054910975553,28.4494004100293
"4",0.311357433477477,28.1173840441166
"5",0.284873884479901,27.7854770641386
"6",0.244167059232028,27.0602483832725
"7",0.301924511210122,27.8689838679995
"8",0.3390021551788,28.2963040074973
"9",0,25.6413661437736
