"","obs","bmi"
"1",0.360842987185464,28.7057052259189
"2",0.328424316947234,28.2484448760819
"3",0.344985882735335,28.3972803601618
"4",0.331913542356848,28.0892898796235
"5",0.315974669866149,27.7817636925436
"6",0.245002972512358,27.0877762158951
"7",0.305057134593784,27.8995894168797
"8",0.334596646843914,28.3034531641032
"9",0,25.5808958910003
