"","obs","bmi"
"1",0.359693944413991,28.6756752702419
"2",0.329441310970447,28.2092334035624
"3",0.348334866662836,28.4015171203931
"4",0.33488907940831,28.127574582917
"5",0.324640445817354,27.8538563379833
"6",0.248710397706195,27.1336688022031
"7",0.312074097950844,27.9538123895668
"8",0.333275444970398,28.2692267043832
"9",0,25.5752165100727
