"","obs","bmi"
"1",0.358788878763103,28.658405497058
"2",0.32969155982762,28.200042863468
"3",0.340349197185475,28.2110754665078
"4",0.319767459942405,27.7644154508829
"5",0.300739711208229,27.318480096982
"6",0.2432941268058,27.078145363498
"7",0.301695637779653,27.7928301692118
"8",0.332974298374487,28.2789696754364
"9",0,25.5623822755626
