"","obs","bmi"
"1",0.3648350849431,28.7397745293954
"2",0.331328063225433,28.284708180763
"3",0.34296648301022,28.4040716490264
"4",0.320332870588609,28.0686778643037
"5",0.301061947097064,27.733610063961
"6",0.249358805816827,27.1063524182977
"7",0.304334142045246,27.8471514518314
"8",0.334625552635627,28.2815945151413
"9",0,25.5964218333595
