"","obs","bmi"
"1",0.364205475396204,28.7274562241234
"2",0.330613653776275,28.2677270496809
"3",0.343044830949547,28.3960781405921
"4",0.318731759747824,28.0648872513408
"5",0.298167978223999,27.7338892798247
"6",0.24380882389431,27.0497269798539
"7",0.308116698660496,27.8893657473295
"8",0.334839411252449,28.2970587287421
"9",0,25.5946462903663
