"","obs","bmi"
"1",0.361870998197021,28.6668880578707
"2",0.333829052433798,28.2126761163632
"3",0.351402627876664,28.4048639804163
"4",0.339477003999229,28.1431664667509
"5",0.330773760468108,27.8818158581939
"6",0.242329374640635,27.071659894247
"7",0.306792726097633,27.8666033058361
"8",0.336883964635687,28.3338058238622
"9",0,25.550997719727
