"","obs","bmi"
"1",0.359386313923046,28.7279123946805
"2",0.33106335511566,28.2710503540228
"3",0.351040335787395,28.4780281604844
"4",0.341377825831258,28.2283034658136
"5",0.3313075336167,27.978744222758
"6",0.246682696339066,27.1309563371562
"7",0.303741002578326,27.819055115077
"8",0.335931948148236,28.3129681414327
"9",0,25.6031900449017
