"","obs","bmi"
"1",0.359151799484816,28.6702167417294
"2",0.328345123609316,28.203779031458
"3",0.337500359372339,28.2915606319463
"4",0.311420913109484,27.9132400163765
"5",0.284699307780874,27.535272360842
"6",0.244971417931288,27.0676521868317
"7",0.30885834350382,27.9393316402015
"8",0.335860289939723,28.2369516579628
"9",0,25.6182625920785
