"","obs","bmi"
"1",0.354640038365909,28.61846837236
"2",0.323120128824302,28.1526399655501
"3",0.334417884775235,28.2519457196146
"4",0.312221912064633,27.8857652107002
"5",0.28975048351984,27.51994427178
"6",0.245492723457618,27.0926421068708
"7",0.310273066878059,27.9289613478479
"8",0.335863452096984,28.2574259958323
"9",0,25.5504498347461
