"","obs","bmi"
"1",0.360221952204395,28.6934751726797
"2",0.330243505791917,28.2337192315048
"3",0.341402909998714,28.3540535804378
"4",0.325251847595313,28.014924505418
"5",0.301771186174165,27.676104189859
"6",0.24639418143043,27.0972760873768
"7",0.305437011877508,27.8789391701514
"8",0.332475001569677,28.2762716993203
"9",0,25.6024475892606
