"","obs","bmi"
"1",0.36287834217462,28.7059779592872
"2",0.334229532423889,28.2534394855093
"3",0.343389282847202,28.3912048480872
"4",0.321924690198346,28.0766066670108
"5",0.299769088298153,27.7621879817032
"6",0.241510831174469,27.0676842490589
"7",0.310988541950005,27.9494305861541
"8",0.329940229486654,28.2863887780554
"9",0,25.5537330070576
