"","obs","bmi"
"1",0.359118700096744,28.7000329842525
"2",0.331548186614778,28.2445375023324
"3",0.354732866773157,28.4984634438582
"4",0.351883304089922,28.2970276877921
"5",0.347779636020134,28.095730829436
"6",0.2443674421067,27.0561054322217
"7",0.309278436527717,27.9586167575076
"8",0.336747076415885,28.290422290605
"9",0,25.5819192091972
