"","obs","bmi"
"1",0.360968426188567,28.712997698766
"2",0.330212330452114,28.2609957097658
"3",0.333859355104001,28.3790769143744
"4",0.305512290504854,28.0452842643501
"5",0.275664745429545,27.7116222900039
"6",0.244248092496764,27.0956755339488
"7",0.306787975423634,27.8929089968307
"8",0.341339263102795,28.3300899081672
"9",0,25.5919104812322
