"","obs","bmi"
"1",0.36669882017282,28.764759943659
"2",0.337273884409662,28.3021122100115
"3",0.338635466118693,28.4252069867445
"4",0.310494495700784,28.0857503254109
"5",0.283861055635932,27.7463897756474
"6",0.244753943460859,27.0968201860334
"7",0.305141668119443,27.8977057637254
"8",0.328702382066106,28.2273842639987
"9",0,25.5599858372227
