"","obs","bmi"
"1",0.367210773190749,28.7804901654225
"2",0.339266700886489,28.320365703538
"3",0.350352069951669,28.4411573060306
"4",0.331016812794322,28.102085909681
"5",0.311161515022271,27.7632883585228
"6",0.249995475669113,27.1101768255112
"7",0.307285343406247,27.887612124209
"8",0.329970595054154,28.2676069378848
"9",0,25.6252115702367
