"","obs","bmi"
"1",0.361512501915193,28.6834976154014
"2",0.331505378466166,28.2190142728492
"3",0.344375397410716,28.4265027069262
"4",0.325228587787356,28.1698102948007
"5",0.304207120419815,27.9134395127362
"6",0.246062198525767,27.0856690592233
"7",0.304364979718901,27.9182862982882
"8",0.331346682566066,28.2386945556776
"9",0,25.5744534820014
