"","obs","bmi"
"1",0.357056792373441,28.6538644381704
"2",0.329054280230504,28.1935755253479
"3",0.34784663167571,28.3567302748842
"4",0.338501027778412,28.0600112925075
"5",0.324902338289061,27.7637340595533
"6",0.240830805279774,27.024937793905
"7",0.3077204734003,27.878282529372
"8",0.333588523646902,28.2512571933398
"9",0,25.5651591356574
