"","obs","bmi"
"1",0.362827072737953,28.7485326005859
"2",0.332684396271789,28.3002165191976
"3",0.336344047733883,28.4169950195851
"4",0.31151463916517,28.0857222406659
"5",0.283124373248905,27.7547279179733
"6",0.238482553033571,27.0316448986459
"7",0.310533855252564,27.8852378490091
"8",0.337453175748995,28.3023427588979
"9",0,25.6261548814008
