"","obs","bmi"
"1",0.357658770328661,28.6707046027945
"2",0.329200138911336,28.2159632130271
"3",0.341924521921596,28.3443694054567
"4",0.324041358521171,28.0182648892961
"5",0.303626108849902,27.692400886552
"6",0.242229629669265,27.0373285974614
"7",0.308639442329168,27.8951006811228
"8",0.332720155078959,28.2519137624643
"9",0,25.5671679348535
