"","obs","bmi"
"1",0.361714082342056,28.6887296937579
"2",0.332354108977793,28.2318487886572
"3",0.34743521929332,28.4234824162123
"4",0.334339877235738,28.1584822333291
"5",0.318376754648184,27.893740954652
"6",0.248956797373221,27.0507773405694
"7",0.309523062789198,27.9287218695789
"8",0.333380428165316,28.2564828151276
"9",0,25.5470481214039
