"","obs","bmi"
"1",0.364777038311153,28.7646127901143
"2",0.333573215460056,28.307717796595
"3",0.333359365948325,28.3600288345134
"4",0.297345661121774,27.9556896778512
"5",0.26853957864282,27.5516036389176
"6",0.243029704869088,27.0737801686799
"7",0.310359234691644,27.9156403803506
"8",0.338070642865917,28.3043020741817
"9",0,25.6082574729781
