"","obs","bmi"
"1",0.359660165645866,28.7313902562975
"2",0.329215793316364,28.2756439473646
"3",0.348678923717428,28.3878834467427
"4",0.334355639164764,28.0448457453461
"5",0.320638046471938,27.7023087199537
"6",0.242810535028985,27.0919965742827
"7",0.303781548359239,27.834564961622
"8",0.329912906596623,28.2667210227489
"9",0,25.5620879582308
