"","obs","bmi"
"1",0.358749582794221,28.7072414736902
"2",0.329057161582198,28.2456082646418
"3",0.32851085762884,28.326284438628
"4",0.297485510057594,27.9456087134551
"5",0.269240901881607,27.5652251020633
"6",0.247652189244799,27.0576306769249
"7",0.31071268610046,27.9591957834541
"8",0.335419051423182,28.2954798504949
"9",0,25.5763957724862
