"","obs","bmi"
"1",0.362918746197059,28.7528200556495
"2",0.333717566187785,28.2955179359464
"3",0.335826533362015,28.4003546848397
"4",0.308591805898453,28.0480378687467
"5",0.283202687527803,27.6958728232077
"6",0.245642784253941,27.0665998720787
"7",0.308455750620254,27.8796734562191
"8",0.33632233261124,28.3075343426349
"9",0,25.598901073734
