"","obs","bmi"
"1",0.35631861036137,28.699569229245
"2",0.327830609726891,28.2370756141523
"3",0.337092124412516,28.2893029467132
"4",0.31294455352042,27.8796213494969
"5",0.295505816306787,27.4705698256139
"6",0.241464561312222,27.0639043672532
"7",0.306042922378421,27.8976310613774
"8",0.331911559540389,28.2369550770994
"9",0,25.6014391313797
