"","obs","bmi"
"1",0.356258399518473,28.6334323074896
"2",0.326987273302875,28.167757766096
"3",0.339197195883741,28.3626432775647
"4",0.319253362993019,28.0919564968979
"5",0.298273757029998,27.8213746451198
"6",0.243067443636256,27.0859744963659
"7",0.311685676115698,27.9470624027078
"8",0.336221741428183,28.305120880226
"9",0,25.6045823855619
