"","obs","bmi"
"1",0.36366767604073,28.7526638589543
"2",0.335265608040991,28.2879285210318
"3",0.340453054596984,28.3848000188638
"4",0.316372275839103,28.0172100481913
"5",0.293044073507308,27.6499064927582
"6",0.246998115382874,27.0853308717608
"7",0.311863665100275,27.9624272024392
"8",0.333185436729664,28.2738422998032
"9",0,25.5704939296267
