"","obs","bmi"
"1",0.363298085732211,28.7114944334734
"2",0.333674624533757,28.2501430982046
"3",0.346762499163786,28.3746283015885
"4",0.328864499098805,28.0380307531956
"5",0.312948003532536,27.7017146714059
"6",0.239149317961006,27.0461052248774
"7",0.305255864881383,27.8507835083331
"8",0.333319339247879,28.2939746996038
"9",0,25.5442891864224
