"","obs","bmi"
"1",0.360807278214795,28.6741709937285
"2",0.331711347030416,28.2211985182632
"3",0.332830442589609,28.2837279885095
"4",0.305384190306253,27.8935988883073
"5",0.27594737308302,27.5037990498194
"6",0.248864045830677,27.1039975613855
"7",0.298499673851908,27.8560009220973
"8",0.330228957785539,28.1971946794557
"9",0,25.5583248010038
