"","obs","bmi"
"1",0.361481887065849,28.7024868409126
"2",0.331149733664326,28.237299642657
"3",0.34234704624506,28.3691107486901
"4",0.321771870230189,28.0359733301771
"5",0.300983600238878,27.7030842646458
"6",0.241295170717636,27.0605151697989
"7",0.308946623995703,27.8882127666376
"8",0.331458039207806,28.2727868171247
"9",0,25.568852784809
