"","obs","bmi"
"1",0.363434641295993,28.7384508122403
"2",0.33576403976142,28.2829231838492
"3",0.352113037043034,28.4259854144008
"4",0.340892535173074,28.113778974392
"5",0.331018307199097,27.8018498759713
"6",0.249791579027445,27.1093216103019
"7",0.305857226326378,27.9073310295676
"8",0.339035254871767,28.3162884368127
"9",0,25.5756962972138
