"","obs","bmi"
"1",0.353440138884726,28.6574222450447
"2",0.321503964121992,28.2006022924086
"3",0.328165035459666,28.3104710208951
"4",0.306135609117517,27.9637758437314
"5",0.282131386537286,27.6173487876249
"6",0.246810222189957,27.0674817455667
"7",0.30809031949786,27.8769098311464
"8",0.331431116072892,28.2216386834302
"9",0,25.6299998030808
