"","obs","bmi"
"1",0.364058006819244,28.7261157449305
"2",0.332812581180854,28.2663830470884
"3",0.345601373908348,28.4296808144904
"4",0.326531337813383,28.1334329492915
"5",0.309985672342513,27.8373795719702
"6",0.244612115160774,27.1099458220506
"7",0.3054320404325,27.8710761843405
"8",0.335523732693205,28.2957578963138
"9",0,25.5568796023878
