"","obs","bmi"
"1",0.357438970765155,28.6542544088567
"2",0.326318031525123,28.1858042435663
"3",0.340397658398658,28.3455820676203
"4",0.32306772725005,28.037092818005
"5",0.304120323078335,27.7287947065908
"6",0.244037455076384,27.0230494518319
"7",0.316935191976928,27.983174378608
"8",0.335491334502111,28.3317631167742
"9",0,25.6029376275951
