"","obs","bmi"
"1",0.356186802444792,28.6588237859489
"2",0.328255923223013,28.2008633954274
"3",0.337241866932782,28.3622474507243
"4",0.316311678284514,28.0657991650388
"5",0.290645719597938,27.7694823605521
"6",0.244450104285057,27.103422816239
"7",0.309288301207302,27.915791038226
"8",0.334091857624047,28.2655601082191
"9",0,25.6004308302924
