"","obs","bmi"
"1",0.363270603262184,28.7465129968035
"2",0.333307596877131,28.2800765279766
"3",0.340290842233065,28.4819174671558
"4",0.316924447667587,28.2174366188616
"5",0.291473337645443,27.9530720352695
"6",0.241844340507806,27.0497184786958
"7",0.308911039796398,27.9135151845452
"8",0.336002033978748,28.3362898038509
"9",0,25.658053253817
