"","obs","bmi"
"1",0.358282598730196,28.7276968164837
"2",0.328446129482844,28.2688837783566
"3",0.33720050103938,28.4246478284464
"4",0.318996004455466,28.1217669495459
"5",0.298106469879076,27.8190593321636
"6",0.247136608047116,27.1327529066318
"7",0.310116499454462,27.9169181443088
"8",0.330670165774418,28.2236649076003
"9",0,25.6387357483163
