"","obs","bmi"
"1",0.356117420395169,28.6332279042512
"2",0.32920211847997,28.1727008071614
"3",0.330971455717499,28.2241516493908
"4",0.303287160511113,27.8153851815336
"5",0.272684501120208,27.4069437300227
"6",0.244581052544081,27.0494493501525
"7",0.312897006897905,27.9247918908619
"8",0.329803646094651,28.249000976136
"9",0,25.5692474077789
