"","obs","bmi"
"1",0.357827058869172,28.7107337967981
"2",0.330495127056286,28.2619385040396
"3",0.345318164572852,28.5048675413424
"4",0.331165006172641,28.2990652319346
"5",0.313894576997009,28.093328252349
"6",0.244422342482,27.0604529296982
"7",0.310605187767865,27.9609910800689
"8",0.333384341404127,28.3018379818959
"9",0,25.6108464461572
