"","obs","bmi"
"1",0.360470088982564,28.6909826578426
"2",0.330948973397309,28.2433976162493
"3",0.347326590894903,28.4666901157129
"4",0.334403896075385,28.2425336108288
"5",0.323178757675331,28.0185182404474
"6",0.24593852142525,27.0460654055592
"7",0.306113135688644,27.8833037340266
"8",0.332564656191032,28.243226914217
"9",0,25.6121171431091
