"","obs","bmi"
"1",0.355259436952298,28.6494535985734
"2",0.328071416743179,28.192415853458
"3",0.335987310593916,28.3806407147775
"4",0.316520817422671,28.1119784097642
"5",0.294531564876671,27.8434715029712
"6",0.245365693710137,27.0751218530173
"7",0.308314612030063,27.8891190940608
"8",0.338742667960395,28.3475313519207
"9",0,25.5881555337042
