"","obs","bmi"
"1",0.358266961182695,28.7163754807981
"2",0.328761667426763,28.2487654695901
"3",0.347537550751528,28.5367563820803
"4",0.334991380545065,28.3571795431711
"5",0.323049477722857,28.1776455317715
"6",0.248662239154378,27.0981310993761
"7",0.309766091187367,27.9024204480126
"8",0.33155353360762,28.3140331546293
"9",0,25.6074636521738
