"","obs","bmi"
"1",0.355573066936849,28.6887228008142
"2",0.327008028964346,28.2361335102026
"3",0.33820092961996,28.3670804397473
"4",0.320525257060676,28.0456295461276
"5",0.302064414058608,27.7243755102582
"6",0.248301086877279,27.1075279018639
"7",0.301344303916135,27.8517576016996
"8",0.336308284485933,28.3282664619624
"9",0,25.6048406124099
