"","obs","bmi"
"1",0.358152316284251,28.674787493329
"2",0.328373370263337,28.2156923250577
"3",0.339976598601188,28.3612250427034
"4",0.320268400819656,28.0478767756248
"5",0.304206986899295,27.7347509889184
"6",0.245471335016982,27.0836887513811
"7",0.307857226598494,27.9019444071852
"8",0.326832490987325,28.2071690108035
"9",0,25.61536939035
