"","obs","bmi"
"1",0.358785397124315,28.6778336277851
"2",0.33246283041657,28.2236736990965
"3",0.338935790411785,28.3408713358181
"4",0.317411515690684,28.0040649242205
"5",0.291984691994855,27.6674225398406
"6",0.241939694531293,27.0330817495792
"7",0.305603226577173,27.8899294761203
"8",0.332736587841648,28.2865004796631
"9",0,25.5683816396128
