"","obs","bmi"
"1",0.35785388159044,28.7080590784384
"2",0.327877192868498,28.2578091463426
"3",0.337608314943897,28.4042078321553
"4",0.315414648128522,28.1004995330004
"5",0.29419312682203,27.7969374707042
"6",0.248290665873705,27.0544332739972
"7",0.309111580906911,27.9054487352059
"8",0.327367025705294,28.1988386257113
"9",0,25.6413341957709
