"","obs","bmi"
"1",0.364867536527244,28.7781026062809
"2",0.333927702979818,28.3246157150886
"3",0.337364690999393,28.434796541899
"4",0.308935887671017,28.0916893030531
"5",0.281249925298127,27.7487875888117
"6",0.246400038893669,27.0943608759802
"7",0.308329929796907,27.8771418678037
"8",0.333053799466432,28.2644683127671
"9",0,25.6086956044099
