"","obs","bmi"
"1",0.35915591734517,28.6302219926699
"2",0.328235884429507,28.1677101120554
"3",0.343486384765132,28.3060951995655
"4",0.327032601461091,27.9823849203678
"5",0.311885902992406,27.6591168260273
"6",0.239718921974245,27.0484568542965
"7",0.303870121082958,27.8750492496962
"8",0.339687207067489,28.3580701422546
"9",0,25.5238759376147
