"","obs","bmi"
"1",0.351986156023985,28.5895291783114
"2",0.322714631990074,28.1296952611218
"3",0.334810864114701,28.293442388495
"4",0.315820243770607,27.9975936671986
"5",0.296149094857,27.7019925111922
"6",0.241989144690952,27.0381733058868
"7",0.308917023125011,27.9306074641695
"8",0.337668281827914,28.3232951992259
"9",0,25.526902819039
