"","obs","bmi"
"1",0.35807866463751,28.6369972078085
"2",0.328804150070565,28.1835161057274
"3",0.340706386599348,28.3376214445947
"4",0.321903874624251,28.038528071574
"5",0.304499210531387,27.739730527631
"6",0.241596070396,27.0448342853957
"7",0.304375423013067,27.8667847228155
"8",0.330664262442733,28.2475117260016
"9",0,25.5572476272496
