"","obs","bmi"
"1",0.361021387666155,28.705507965209
"2",0.331668495371227,28.2402680093973
"3",0.339949271477458,28.3474429282367
"4",0.316454898661283,27.9896220549569
"5",0.29280512262722,27.632055777407
"6",0.247104518673693,27.0544987843042
"7",0.313468417291149,27.9280534880908
"8",0.334124311464567,28.2876742975611
"9",0,25.6162387027958
