"","obs","bmi"
"1",0.354918172540343,28.6728567621006
"2",0.325298010118186,28.2126996014444
"3",0.329690017679781,28.3411288243427
"4",0.300442037046529,28.0095910292043
"5",0.272304698725114,27.6782496307063
"6",0.247075811814459,27.1269056533191
"7",0.308876771388033,27.922795565988
"8",0.338343028383477,28.3207818837074
"9",0,25.6190973915285
