"","obs","bmi"
"1",0.35958694648837,28.7029976188849
"2",0.328437531260661,28.233728291365
"3",0.336951501771557,28.3260563258222
"4",0.312477601267313,27.9494066284895
"5",0.285658084423665,27.5730623154599
"6",0.242018470842946,27.0520226517222
"7",0.308233988549792,27.9724043595171
"8",0.333538276933286,28.2387488916489
"9",0,25.6235376531643
