"","obs","bmi"
"1",0.35751516094252,28.6707016950197
"2",0.32772593609711,28.2015932678024
"3",0.343729061979417,28.4103825533847
"4",0.327384686673974,28.1501871656859
"5",0.309013597528367,27.8901191632616
"6",0.241907240743576,27.0279640795788
"7",0.310943562657131,27.9277324592875
"8",0.341429019421978,28.3128259907376
"9",0,25.5891982647981
