"","obs","bmi"
"1",0.353332672469534,28.6455326497757
"2",0.325492781495751,28.1784951930204
"3",0.340088098061534,28.2878300280368
"4",0.326367566192979,27.9304885452841
"5",0.311015224880313,27.5735272335693
"6",0.242132832173365,27.0725776478012
"7",0.313041929818755,27.9388821589935
"8",0.332408466824965,28.2764717271926
"9",0,25.5755863922066
