"","obs","bmi"
"1",0.360505298879592,28.7449787522539
"2",0.32925299032602,28.2876194944303
"3",0.339112370608898,28.374921774037
"4",0.31767666289332,28.0052149234592
"5",0.295695095504682,27.6358771578711
"6",0.239667880831572,27.0570006668221
"7",0.308211402560997,27.9133598653396
"8",0.337959508882815,28.3149264707676
"9",0,25.6013103233047
