"","obs","bmi"
"1",0.359339993646603,28.7080375639476
"2",0.329393875082983,28.2561909087018
"3",0.339784876208543,28.3852787215504
"4",0.320097862800406,28.062652898247
"5",0.299992508855449,27.7401638855873
"6",0.244721556776014,27.0736364908934
"7",0.305247982925769,27.8734205540359
"8",0.332686455364227,28.2910063934656
"9",0,25.5883395233016
