"","obs","bmi"
"1",0.363636853147784,28.7557752133935
"2",0.331534947253641,28.2934196520322
"3",0.331323098595116,28.4286032045617
"4",0.296003006485171,28.1014710356967
"5",0.264475491814852,27.7743751831864
"6",0.245048978113298,27.0551164633701
"7",0.303802660454135,27.8805025219608
"8",0.3289812792514,28.1974848751095
"9",0,25.6163889551225
