"","obs","bmi"
"1",0.354434096379789,28.6824639360513
"2",0.326551921215794,28.2276432760382
"3",0.338575609467578,28.4091342315785
"4",0.322305851584105,28.1359395294304
"5",0.308833906285655,27.8628839852114
"6",0.247969806224578,27.0324173095535
"7",0.309845307155918,27.9156800969314
"8",0.336123901147699,28.3146107402268
"9",0,25.6462785564574
