"","obs","bmi"
"1",0.354641419652248,28.6453989103233
"2",0.325407221700644,28.1874408883424
"3",0.345467523806784,28.3978655014434
"4",0.334466625423078,28.15050318082
"5",0.321803698578114,27.9033180006204
"6",0.246528616231912,27.083345244634
"7",0.308779541169844,27.9372075247584
"8",0.332761643081915,28.2380882541073
"9",0,25.5725220385557
