"","obs","bmi"
"1",0.358057420802995,28.6847616824004
"2",0.32743275225698,28.2224628353872
"3",0.335737999792535,28.3455401995234
"4",0.312531476270283,28.0065123336184
"5",0.285877374452154,27.66768529538
"6",0.236382289364093,27.0369030424669
"7",0.308113021446584,27.8950202396026
"8",0.330915640479674,28.2231208818158
"9",0,25.591984820991
