"","obs","bmi"
"1",0.35868640132892,28.6815661871805
"2",0.330450588827856,28.2194229635257
"3",0.335755631977488,28.3828422446473
"4",0.307665180634464,28.0841753236706
"5",0.282344259054871,27.7855643755402
"6",0.250403148369474,27.1142701210435
"7",0.3098744915444,27.9047087322566
"8",0.33696190837604,28.3618632877093
"9",0,25.6021766388231
