"","obs","bmi"
"1",0.363873830123245,28.7773672675541
"2",0.334598020171052,28.320237328396
"3",0.336299097629523,28.4628825256744
"4",0.306403464826541,28.1484602831125
"5",0.279932490059324,27.834097244862
"6",0.245684365316559,27.0648849248439
"7",0.309654166151943,27.8649318186942
"8",0.337980207758244,28.2868796980241
"9",0,25.6334630357743
