"","obs","bmi"
"1",0.354237276322761,28.6599390666242
"2",0.325862857526592,28.1987662314028
"3",0.339899712746464,28.3549029629551
"4",0.318452418605759,28.0500782661278
"5",0.301175843168575,27.7454731334724
"6",0.247536245856558,27.0922181742252
"7",0.31121697922356,27.9469719225953
"8",0.33800069129351,28.3345659361087
"9",0,25.5811189727223
