"","obs","bmi"
"1",0.367765489362415,28.7769562079243
"2",0.335586088717267,28.3155030007097
"3",0.354275849470812,28.4966049538819
"4",0.340197480236658,28.2164274397333
"5",0.325029599925488,27.9364310916085
"6",0.243281048667332,27.0802806748606
"7",0.308741474022108,27.8940290243926
"8",0.332478716536831,28.2601634577097
"9",0,25.5958141388929
