"","obs","bmi"
"1",0.359210775807545,28.6502593731024
"2",0.325695537978822,28.1903123843537
"3",0.335733899917026,28.342910052324
"4",0.312205888896137,28.0356879747163
"5",0.286681336580967,27.7285961737934
"6",0.24847028708235,27.0827235614146
"7",0.309119263110181,27.9330792497243
"8",0.339219362100873,28.3809251716154
"9",0,25.6176865906653
