"","obs","bmi"
"1",0.364670165587508,28.6753828010988
"2",0.333024075271996,28.2215628065792
"3",0.346879974639727,28.4553071402549
"4",0.331709431496736,28.2353157814866
"5",0.314392457989783,28.0154098028606
"6",0.244712562629021,27.0840179838637
"7",0.308446957436742,27.8898931022469
"8",0.334432084288511,28.286653565599
"9",0,25.5934651337029
