"","obs","bmi"
"1",0.364841009019715,28.7232355461682
"2",0.334959733016899,28.2682066791286
"3",0.352405318288589,28.4417512022314
"4",0.340211392327627,28.1604222547161
"5",0.32483855610627,27.879254134098
"6",0.245951340005864,27.0789486929273
"7",0.307962463385241,27.8633269299562
"8",0.334598642938434,28.2801161545283
"9",0,25.580560501023
