"","obs","bmi"
"1",0.362032813484192,28.7086662159358
"2",0.331117784649071,28.2445600220884
"3",0.34847914938883,28.4328677486173
"4",0.335676941477881,28.1572203973617
"5",0.32219234282769,27.8817328543745
"6",0.243751378104867,27.1060332140383
"7",0.30802108941,27.8823451989428
"8",0.338486325871434,28.2830693315066
"9",0,25.6082069598272
