"","obs","bmi"
"1",0.360551998934008,28.7033073367452
"2",0.331479129054924,28.2433691964821
"3",0.346308059104419,28.4326649628883
"4",0.331096900517781,28.1621528676814
"5",0.315399156339078,27.8917754683536
"6",0.243824980318716,27.0569229925159
"7",0.309387834362333,27.8832458578931
"8",0.332410427249597,28.2801321697899
"9",0,25.6199969797437
