"","obs","bmi"
"1",0.365823893355323,28.7498591678938
"2",0.336392613047891,28.287801071572
"3",0.352138343095401,28.4625341363925
"4",0.339267795269479,28.1754298482388
"5",0.327342539180415,27.8885556974848
"6",0.247110481875309,27.082394686157
"7",0.309890191485893,27.9212303584516
"8",0.33348092585395,28.2703200471387
"9",0,25.5704218844394
