"","obs","bmi"
"1",0.356677659210419,28.6128021841477
"2",0.327627911826996,28.161299807882
"3",0.335903671928089,28.3456921868858
"4",0.31684241337071,28.0786689662896
"5",0.294332651895112,27.811733763856
"6",0.245690194056538,27.0681249312582
"7",0.310465684649793,27.9416031513558
"8",0.331174554208314,28.251783403359
"9",0,25.5274922947296
