"","obs","bmi"
"1",0.355884978374849,28.6619263210938
"2",0.326822631899058,28.2062314935448
"3",0.332034547499388,28.3182535916663
"4",0.307961229190076,27.9747403751902
"5",0.280041099376364,27.6313920891652
"6",0.24001163235698,27.0630866789144
"7",0.308941244925246,27.9096987062722
"8",0.338523197334222,28.3480982297253
"9",0,25.5757341030553
