"","obs","bmi"
"1",0.362922542675781,28.7170660879085
"2",0.333857625524735,28.2629139906935
"3",0.341795795535208,28.4022930134689
"4",0.315415850589302,28.087701896381
"5",0.291137252322688,27.7733006910289
"6",0.242133298259443,27.0455573723391
"7",0.305796078310812,27.8940541847944
"8",0.337026407354211,28.3180092203833
"9",0,25.5834468021842
