"","obs","bmi"
"1",0.355361480663489,28.6201130582688
"2",0.325998374115655,28.1557434412619
"3",0.34328162186364,28.3620122348134
"4",0.327612987131838,28.1040535370279
"5",0.312595192850573,27.8462429840979
"6",0.242511959753461,27.0546900538307
"7",0.310275250041327,27.8962921122323
"8",0.33458249911977,28.2487928770171
"9",0,25.563621212874
