"","obs","bmi"
"1",0.367001223947245,28.738304474412
"2",0.336489268357485,28.2906069554838
"3",0.341615163547787,28.4086238311404
"4",0.312754905379323,28.079248915591
"5",0.283376520003695,27.750195422495
"6",0.251312534553437,27.0920654355115
"7",0.314109037259512,27.9394913416395
"8",0.334318923202711,28.3040232608688
"9",0,25.5656801311121
