"","obs","bmi"
"1",0.364312800953193,28.7371510835508
"2",0.334654084943436,28.2752341785191
"3",0.337093966537495,28.3435258654733
"4",0.307907360322078,27.9502082725669
"5",0.279343892332274,27.5572135691912
"6",0.238184243751369,27.050265836681
"7",0.310146750762576,27.9032609995146
"8",0.337358755067736,28.3170841393969
"9",0,25.5816500262599
