"","obs","bmi"
"1",0.354371523399049,28.6149289049393
"2",0.323897280162951,28.1588645993532
"3",0.336233932475161,28.2760465960396
"4",0.319853267773357,27.937504746364
"5",0.299901329139401,27.5993218237337
"6",0.249314730766117,27.1582741545865
"7",0.304881401748919,27.8596388082711
"8",0.335628236849255,28.2865854904344
"9",0,25.5294392680994
