"","obs","bmi"
"1",0.355332761913062,28.6712261275653
"2",0.328481118407863,28.216773290812
"3",0.347281640677345,28.3948035595166
"4",0.340036137610524,28.1185990655779
"5",0.331462459481918,27.8426224039098
"6",0.242101819551884,27.0391140834166
"7",0.30216724093333,27.8599847723936
"8",0.340924712800078,28.3367436295804
"9",0,25.578402777098
