"","obs","bmi"
"1",0.358127309784008,28.7166411632032
"2",0.329787336127818,28.2563921467134
"3",0.339697248958937,28.3866241318007
"4",0.316186337176125,28.0569191263513
"5",0.290181737284957,27.7275432707064
"6",0.247839499396866,27.0610050240547
"7",0.308513730153456,27.9026230909653
"8",0.329047428395101,28.2531241314937
"9",0,25.6706939166491
