"","obs","bmi"
"1",0.353129834552733,28.6269606179003
"2",0.326643037695473,28.1810372564197
"3",0.332075156566927,28.3383722169904
"4",0.309898424259141,28.0498728665616
"5",0.286364323470783,27.7614639268244
"6",0.247639938814314,27.1213986447302
"7",0.312555509284665,27.9393853014132
"8",0.333594387105587,28.2478397385065
"9",0,25.5558897190847
