"","obs","bmi"
"1",0.368476760592626,28.7279087396005
"2",0.335258249583496,28.2699944927446
"3",0.34663459896917,28.4471854911048
"4",0.321564928370542,28.1666672919126
"5",0.296444778000911,27.886362911222
"6",0.243591165703143,27.1140500404665
"7",0.310581555632131,27.9307310211025
"8",0.335011699809911,28.3340601049369
"9",0,25.5729088419178
