"","obs","bmi"
"1",0.365503174776452,28.7361192330919
"2",0.335545664658783,28.2700495875819
"3",0.347020872953221,28.3872967173952
"4",0.322524688315369,28.0386941517836
"5",0.296725186466517,27.6903200929492
"6",0.244220413798377,27.1100752201616
"7",0.30811819295217,27.9147603337414
"8",0.333969084120392,28.3301381219794
"9",0,25.5920307095687
