"","obs","bmi"
"1",0.361568261702033,28.7282566708057
"2",0.330561916778736,28.274344800911
"3",0.339133600187149,28.4180939691695
"4",0.314006131215334,28.1082305274834
"5",0.293328603379427,27.7986825989348
"6",0.247083556774015,27.0942725468052
"7",0.309016088418473,27.9172697213614
"8",0.334208135839352,28.3003616284569
"9",0,25.5624419203155
