"","obs","bmi"
"1",0.363423017100441,28.7176119040246
"2",0.334279697458911,28.2537453913302
"3",0.340527411395066,28.3494896710788
"4",0.312993038463459,27.9815788922929
"5",0.286780297471982,27.6138879456411
"6",0.245500667124149,27.0653186457798
"7",0.311096404324326,27.8774022421597
"8",0.335645884856801,28.2841097192234
"9",0,25.5819414621905
