"","obs","bmi"
"1",0.35969345972684,28.7247849553726
"2",0.327507376217085,28.2574896599081
"3",0.351167278183316,28.4562400397231
"4",0.343451748397181,28.1878969985574
"5",0.332520077927913,27.9197637647373
"6",0.242807072260383,27.0584722194402
"7",0.310389904377835,27.8956419698084
"8",0.335984716559619,28.287460433537
"9",0,25.6037826729006
