"","obs","bmi"
"1",0.364719661675276,28.7445417370249
"2",0.334041580929663,28.2823744825166
"3",0.349546427913248,28.4893564459958
"4",0.330728665488902,28.2342661919223
"5",0.310388018658973,27.9792733187376
"6",0.244637481262308,27.0901761968241
"7",0.305850794446758,27.9043483888683
"8",0.335623811323208,28.2870883997572
"9",0,25.6019740247214
