"","obs","bmi"
"1",0.357962836630608,28.6789077404371
"2",0.329930987823346,28.2293283543963
"3",0.343725736728782,28.464590022435
"4",0.329329964875569,28.2503341781597
"5",0.312479315808489,28.0361414530557
"6",0.244544832871113,27.0862701800358
"7",0.309625968639522,27.9464870739665
"8",0.329826197405798,28.2102321245288
"9",0,25.5641505248042
