"","obs","bmi"
"1",0.358337691948112,28.6632331837894
"2",0.327173492181068,28.2055119585125
"3",0.340708456613051,28.3333319289486
"4",0.322764309722811,28.0037858530676
"5",0.304477321656847,27.6746149091867
"6",0.244805985527456,27.0918862722103
"7",0.307276159266117,27.9052233918975
"8",0.334376101172208,28.3099317353158
"9",0,25.5672404925641
