"","obs","bmi"
"1",0.352940106361299,28.6434031381334
"2",0.32243455748339,28.186487066662
"3",0.336204165505774,28.3927224102116
"4",0.318249734341839,28.1421203913606
"5",0.30418844924498,27.891598407096
"6",0.24781963542361,27.102672031808
"7",0.302323501442681,27.8698970347187
"8",0.339918339605728,28.3493158637256
"9",0,25.6357405069371
