"","obs","bmi"
"1",0.360784699134839,28.7284367339724
"2",0.33083486153699,28.2673190651661
"3",0.346909268266182,28.394219394532
"4",0.332581538087527,28.0604297387993
"5",0.316860761565824,27.7270954577034
"6",0.238898419724622,27.0092193071361
"7",0.314018639797679,27.9418961554324
"8",0.335775976061151,28.2625530081862
"9",0,25.6061793594882
