"","obs","bmi"
"1",0.361622403055683,28.6799593673836
"2",0.330695234697686,28.2154392058014
"3",0.34570495285853,28.4500374160676
"4",0.331557817473288,28.2202319423835
"5",0.318554654772446,27.9905467248751
"6",0.239546171339188,27.0184047067642
"7",0.30367515755518,27.8838956566487
"8",0.336380671950058,28.3415339761628
"9",0,25.527649228428
