"","obs","bmi"
"1",0.360428673959176,28.6999425139652
"2",0.332204177868398,28.2433209138029
"3",0.340651797385366,28.4058609236691
"4",0.319609399420651,28.1119373200449
"5",0.298551642550767,27.8181754068142
"6",0.244806258182132,27.046338687288
"7",0.305975700715394,27.8618557385664
"8",0.323472248252716,28.2014463271307
"9",0,25.5508363273064
