"","obs","bmi"
"1",0.362312843753288,28.7379189530132
"2",0.332378054052516,28.2764521046665
"3",0.345125076379297,28.4618838211568
"4",0.328450517638865,28.1859906960607
"5",0.311811087784256,27.9102440313091
"6",0.249888171526506,27.1206038624814
"7",0.310397798645825,27.9271447046961
"8",0.332650061192425,28.2688702357814
"9",0,25.6539211932255
