"","obs","bmi"
"1",0.357478801785161,28.6794452769118
"2",0.327930156324031,28.2205151784121
"3",0.337904570427393,28.3481969644264
"4",0.315033955663821,28.0172071078058
"5",0.293559557858552,27.686487624085
"6",0.2440040908044,27.102252006488
"7",0.310289028141765,27.9312055316531
"8",0.340248525477598,28.3378212829054
"9",0,25.5987604253347
