"","obs","bmi"
"1",0.359749145378908,28.6748347493879
"2",0.331060176008019,28.2170820207747
"3",0.340098904758912,28.359403768257
"4",0.321489237630437,28.0441627775495
"5",0.301810141519008,27.7291182852101
"6",0.242360260627264,27.0341613225057
"7",0.305477957923531,27.8847745288825
"8",0.330736167869104,28.2219733665682
"9",0,25.5253950030336
