"","obs","bmi"
"1",0.358819508244924,28.6828501429886
"2",0.326790488304361,28.2167343204402
"3",0.342075208957696,28.360938183288
"4",0.323487974091616,28.0393994272391
"5",0.304955906140649,27.7182552837735
"6",0.24094280353766,27.058009305357
"7",0.311406801066837,27.9418449940067
"8",0.329704704180494,28.2541210750907
"9",0,25.6057274296512
