"","obs","bmi"
"1",0.360650652779672,28.7038230803045
"2",0.331800499401906,28.2457523434139
"3",0.358750474159058,28.4791596254616
"4",0.355758487052071,28.254916277252
"5",0.354008027597482,28.0311228831624
"6",0.247712191896073,27.1118025554968
"7",0.304673962861495,27.8647219349502
"8",0.335777264719353,28.2685569503894
"9",0,25.5820087225923
