"","obs","bmi"
"1",0.356994822343622,28.6234085554957
"2",0.327156319483441,28.1695161784669
"3",0.340111711345689,28.3558196186136
"4",0.324715171264622,28.0883573382995
"5",0.308963422756803,27.8210257929168
"6",0.2433482622483,27.0980650863768
"7",0.305782634711846,27.8969207258411
"8",0.334967770895779,28.2698689733513
"9",0,25.5489038583416
