"","obs","bmi"
"1",0.364877899010187,28.7568657275374
"2",0.335237215549278,28.2879645967133
"3",0.342748130620931,28.428839598077
"4",0.317364532657051,28.1010029779999
"5",0.29011127300414,27.7733624173468
"6",0.246195146500716,27.0654491779064
"7",0.307828407476242,27.8782771960053
"8",0.336418265889054,28.2697066893836
"9",0,25.6417260316722
