"","obs","bmi"
"1",0.3648350849431,28.7397745293954
"2",0.331386344427651,28.2900310496051
"3",0.347893344013288,28.4916849735757
"4",0.332685052615115,28.2437871685088
"5",0.31265821618404,27.9960887909852
"6",0.249358805816827,27.1063524182977
"7",0.304334142045246,27.8471514518314
"8",0.334625552635627,28.2815945151413
"9",0,25.5964218333595
