"","obs","bmi"
"1",0.356811632256147,28.6871233336375
"2",0.327696858606796,28.2204189408752
"3",0.338504743965215,28.3386352042846
"4",0.318021720782812,27.9904333423486
"5",0.298872967533723,27.6425323463749
"6",0.244648262816933,27.0856470653929
"7",0.309450020897824,27.8714158316289
"8",0.336994690176185,28.2695943701799
"9",0,25.5940900276768
