"","obs","bmi"
"1",0.359471881523618,28.6929691407132
"2",0.328556592628691,28.2285270949833
"3",0.331698064937112,28.3984904847855
"4",0.299842683257729,28.1040990376674
"5",0.270326827328839,27.809792561106
"6",0.238436795657054,27.0258382990237
"7",0.305882948231199,27.9375695866847
"8",0.330540650323687,28.2707160990768
"9",0,25.5903762311507
