"","obs","bmi"
"1",0.355186006548782,28.6542229191123
"2",0.326312549185632,28.1918935825229
"3",0.343650939955639,28.363716116711
"4",0.332465219411159,28.0735820772935
"5",0.321889490537961,27.7838442492685
"6",0.242370558296293,27.060007825972
"7",0.312996187927755,27.9635310357254
"8",0.340238353756216,28.3591000134172
"9",0,25.5418730749142
