"","obs","bmi"
"1",0.357400123565434,28.7021296010567
"2",0.328260872216896,28.2501416821294
"3",0.329614763166867,28.2960977975738
"4",0.303495937582448,27.890348723065
"5",0.272963383760287,27.4848944520373
"6",0.248470258304864,27.1132120714218
"7",0.303665250688496,27.8672796332319
"8",0.34086730508888,28.3309081143013
"9",0,25.5969643402762
