"","obs","bmi"
"1",0.358467849049533,28.6723468422386
"2",0.327906565358678,28.2227930877216
"3",0.33238166181815,28.3156498475273
"4",0.302595453931036,27.9591422758562
"5",0.275828459734016,27.6028296831628
"6",0.242199652601951,27.0434289097855
"7",0.306881941661855,27.8799564770029
"8",0.33396726278943,28.2636221509593
"9",0,25.5644414776604
