"","obs","bmi"
"1",0.359058881061497,28.7350921896698
"2",0.331618887451842,28.2724410804881
"3",0.346985861697731,28.4436434754282
"4",0.336506633983137,28.1524007115868
"5",0.325711684498884,27.8613719682536
"6",0.240035270312422,26.9935486018115
"7",0.310345044449141,27.9537553091965
"8",0.333958268794749,28.2885812918612
"9",0,25.6649803181024
