"","obs","bmi"
"1",0.364478756895249,28.7242611650614
"2",0.335323718295217,28.2612206987766
"3",0.347315440766129,28.4376466791793
"4",0.329669715957742,28.1512083183145
"5",0.310211463272289,27.8649523541085
"6",0.241286092176696,27.0098060563046
"7",0.311756630631425,27.9654655299214
"8",0.3439612482546,28.3670860797104
"9",0,25.5681304813182
