"","obs","bmi"
"1",0.356731535512517,28.629777120933
"2",0.326408933385407,28.1683613895413
"3",0.33696036749751,28.353680656939
"4",0.31490578009828,28.0777172558698
"5",0.296408039887025,27.8018904648173
"6",0.241972528247519,27.0440954587575
"7",0.306889731647715,27.9678669540328
"8",0.333996390033326,28.2733301676273
"9",0,25.5350478691783
