"","obs","bmi"
"1",0.362293420971608,28.7492497598623
"2",0.334008268047985,28.2890212390799
"3",0.35389451081657,28.5463596441466
"4",0.346528698679037,28.3435333516794
"5",0.337034981991916,28.1407725870192
"6",0.248110662746907,27.1372944215046
"7",0.306954463687665,27.9026577634871
"8",0.334443585454996,28.2454572249669
"9",0,25.5935580530336
