"","obs","bmi"
"1",0.365606569768897,28.7600728185202
"2",0.335969560464898,28.3013162066249
"3",0.348040035696708,28.4848009442691
"4",0.328335928980842,28.2096597812975
"5",0.308531558106274,27.9346533376779
"6",0.244032215622049,27.0473826957418
"7",0.307987122698067,27.9016149214739
"8",0.33265925416666,28.237236469058
"9",0,25.6044786962177
