"","obs","bmi"
"1",0.36656519665695,28.7132355236363
"2",0.336837517614237,28.2501640338187
"3",0.34317500212147,28.2962260793722
"4",0.314530451120958,27.8796226294663
"5",0.289370584034116,27.4634505447879
"6",0.238928846014534,26.9944863406756
"7",0.304910477638686,27.8664571282056
"8",0.337031062559066,28.361470866226
"9",0,25.5639494618463
