"","obs","bmi"
"1",0.369622634598368,28.7863591813134
"2",0.338520857894691,28.3317756723928
"3",0.349351060787937,28.4940249590727
"4",0.330479212969621,28.20181093086
"5",0.305288488282825,27.9097224017254
"6",0.241659597487085,27.077258774646
"7",0.304380986589786,27.8772692385962
"8",0.333337168591139,28.2724647964775
"9",0,25.6166021167281
