"","obs","bmi"
"1",0.363230685505771,28.7068907436042
"2",0.331314167485766,28.2505366711869
"3",0.349834147832769,28.4370313503969
"4",0.336092645884338,28.1673100285137
"5",0.322988485025192,27.8977321664379
"6",0.248727362816265,27.1222143448604
"7",0.305012262092635,27.8797206707391
"8",0.337850821842327,28.3503891147299
"9",0,25.5648427558254
