"","obs","bmi"
"1",0.35204959911613,28.6232573519825
"2",0.322758183477588,28.1602488888797
"3",0.329799446496175,28.3004580047108
"4",0.305311554474265,27.9778031621263
"5",0.279326676111063,27.6552962298107
"6",0.243058446704227,27.0683249107584
"7",0.309920718276393,27.9295455699336
"8",0.332713518625737,28.2806431949156
"9",0,25.5715969208516
