"","obs","bmi"
"1",0.364247393535981,28.6842192239701
"2",0.331529059219425,28.2178327020214
"3",0.349482249498445,28.4462706432475
"4",0.332111600946928,28.2085249050495
"5",0.320056445565114,27.9709914514357
"6",0.245634828946102,27.1233972375995
"7",0.304516727338353,27.8752034157645
"8",0.332965576692436,28.2511176275262
"9",0,25.5265566786444
