"","obs","bmi"
"1",0.360784046524164,28.7207916974583
"2",0.331923228945538,28.2627080347428
"3",0.350747226269503,28.4596462247673
"4",0.341012912093839,28.1987523534682
"5",0.329423490781844,27.9381213848407
"6",0.244857014670602,27.0512253050124
"7",0.309719460142635,27.9412481937281
"8",0.337068457857996,28.2756900499902
"9",0,25.5863271251362
