"","obs","bmi"
"1",0.363512820031433,28.6960237692742
"2",0.334158065705316,28.237655217696
"3",0.341522360230985,28.3598190097154
"4",0.31799538236659,28.0238014812265
"5",0.29732887705867,27.6879773068963
"6",0.242586275764159,27.0870466865727
"7",0.307411608286861,27.9125669561845
"8",0.337432368885559,28.3422255599196
"9",0,25.557036792212
