"","obs","bmi"
"1",0.360420917421892,28.7566755808183
"2",0.329423283457712,28.29612510814
"3",0.333734114175225,28.3991941824929
"4",0.305882229249788,28.0419580167507
"5",0.2744237768087,27.684977532316
"6",0.246866129826985,27.1288103522974
"7",0.304645908231471,27.8476907731174
"8",0.338165557295676,28.2885511379443
"9",0,25.6202967329311
