"","obs","bmi"
"1",0.361384895101221,28.6859790614317
"2",0.331684511075123,28.2301339414656
"3",0.342814073853018,28.3754746577186
"4",0.321224912747429,28.0651316970954
"5",0.30231801518001,27.7549571795642
"6",0.245512274715488,27.0521330877027
"7",0.306492456372744,27.9149949481445
"8",0.338943129910841,28.3337661540214
"9",0,25.5749590174227
