"","obs","bmi"
"1",0.357585063589747,28.687915193566
"2",0.327620568201039,28.2323481781675
"3",0.339248049980745,28.3996083050911
"4",0.320234838622673,28.1115086866778
"5",0.29679429761648,27.8236258827005
"6",0.248547941054448,27.1021851079884
"7",0.307759399881465,27.9003957945936
"8",0.329300542442981,28.2211044082949
"9",0,25.6128116224951
