"","obs","bmi"
"1",0.357728410281065,28.7104762710595
"2",0.327466489921433,28.255970125777
"3",0.3475971956699,28.4074197272777
"4",0.337378460364028,28.1048138875089
"5",0.326140280270603,27.8026907839495
"6",0.242102814361899,27.0831568648572
"7",0.309859297008603,27.932008023644
"8",0.330849030407707,28.2181016980341
"9",0,25.5919363133809
