"","obs","bmi"
"1",0.357655819679226,28.6677242610257
"2",0.328461995025018,28.2108430567538
"3",0.347875952896461,28.4468520039831
"4",0.336792718958186,28.2261130605401
"5",0.325302374739198,28.0055122307021
"6",0.240846608849133,27.0525303663185
"7",0.311770780685588,27.9096759708167
"8",0.329170582006056,28.2118968547732
"9",0,25.5666405673463
