"","obs","bmi"
"1",0.356811632256147,28.6871233336375
"2",0.327928604856242,28.2254139397158
"3",0.322317699096197,28.2831807224754
"4",0.283840887563864,27.8794362654411
"5",0.246020274621942,27.4758935429661
"6",0.244648262816933,27.0856470653929
"7",0.309450020897824,27.8714158316289
"8",0.336994690176185,28.2695943701799
"9",0,25.5940900276768
