"","obs","bmi"
"1",0.363744278175389,28.7416711341628
"2",0.335586009918184,28.2783058890743
"3",0.350346003251255,28.4430649898338
"4",0.334092578497139,28.1447682188583
"5",0.317989331862887,27.8467989720773
"6",0.246310851645103,27.0738665128079
"7",0.311845378703529,27.9193096056219
"8",0.331109244630744,28.2080534888042
"9",0,25.557416953447
