"","obs","bmi"
"1",0.358822468940267,28.6941174597009
"2",0.330377015790981,28.2352207619342
"3",0.342491931660889,28.3285470391388
"4",0.324736488932299,27.9633398943263
"5",0.304351442014529,27.5985157089742
"6",0.242791654299789,27.0627455040041
"7",0.307295484048419,27.8652709940917
"8",0.34230785062928,28.3361899338062
"9",0,25.6123558180327
