"","obs","bmi"
"1",0.355980797296147,28.6725463243845
"2",0.328921775220488,28.2234595608158
"3",0.334161885358955,28.362992368535
"4",0.310139155916692,28.0536069012642
"5",0.288920794314415,27.7443955377898
"6",0.245029804824016,27.0327930654917
"7",0.309976684877621,27.8751530372185
"8",0.332326241359188,28.2923964725756
"9",0,25.6531475730878
