"","obs","bmi"
"1",0.361938732362729,28.6932063283195
"2",0.333592619491055,28.2254985003141
"3",0.34209212722704,28.387927626974
"4",0.316217824329017,28.0828768663611
"5",0.290351271463543,27.7780641959432
"6",0.239326226572425,27.0052207181995
"7",0.306026214122709,27.883665783899
"8",0.337029031732757,28.2931729225029
"9",0,25.545813147539
