"","obs","bmi"
"1",0.364107509019238,28.7442113667814
"2",0.337351946070043,28.2883378868003
"3",0.340518040687685,28.3790884250236
"4",0.308394440414907,28.0142078018744
"5",0.279721563234232,27.6495792191306
"6",0.239669097038906,27.0775498721647
"7",0.30774539458397,27.9190766736371
"8",0.33472685720127,28.284129391506
"9",0,25.5996572119443
