"","obs","bmi"
"1",0.35921284259621,28.6947573041372
"2",0.325940658928671,28.2318070164914
"3",0.33778419473708,28.4103895728331
"4",0.317994172090628,28.126162061974
"5",0.294166189562737,27.8420801452612
"6",0.238764122996598,27.0244161940232
"7",0.310634946357205,27.9589682639832
"8",0.331665235029602,28.2472845210096
"9",0,25.6208380870919
