"","obs","bmi"
"1",0.362108351778035,28.7011050830058
"2",0.334809478686176,28.2338028657287
"3",0.347220541699494,28.4376151139441
"4",0.329246496950348,28.1742500990302
"5",0.311438162431981,27.9110138031821
"6",0.242863633362963,27.0682076182887
"7",0.310466146380471,27.9052188732978
"8",0.33119801194714,28.2653156312955
"9",0,25.5642661737906
