"","obs","bmi"
"1",0.359373753657473,28.6907829066987
"2",0.328541516872823,28.2444336005805
"3",0.334368164759298,28.3031465382443
"4",0.304105823220885,27.9156945140743
"5",0.27358323925782,27.528432470394
"6",0.247938703148979,27.1347976721275
"7",0.308962626203807,27.9240896888359
"8",0.336839401307977,28.323420882515
"9",0,25.6040934812777
