"","obs","bmi"
"1",0.365503174776452,28.7361192330919
"2",0.335719103461908,28.2696175586091
"3",0.33260636456942,28.3979589237112
"4",0.293924010022128,28.0598613126427
"5",0.260753837403996,27.721822953368
"6",0.244220413798377,27.1100752201616
"7",0.30811819295217,27.9147603337414
"8",0.333969084120392,28.3301381219794
"9",0,25.5920307095687
