"","obs","bmi"
"1",0.361688866832012,28.7257491762103
"2",0.331279347912995,28.2611190274766
"3",0.345210665605062,28.3895587264637
"4",0.327053429956579,28.0537105333505
"5",0.305045679619154,27.7182250716431
"6",0.248147187228964,27.0856707314507
"7",0.310181797548808,27.9797795815743
"8",0.338915969218287,28.2916578791592
"9",0,25.5959926352193
