"","obs","bmi"
"1",0.360431657215978,28.7405971782209
"2",0.332415931805226,28.2825556485892
"3",0.331972167451361,28.3920226291087
"4",0.298942451529915,28.0435874561982
"5",0.270259681120073,27.6952925416767
"6",0.248471999362796,27.1088349096656
"7",0.311389878663352,27.9343916698738
"8",0.335659636811963,28.3135098008315
"9",0,25.6262915666571
