"","obs","bmi"
"1",0.352515159779973,28.6137531272582
"2",0.325952782386284,28.159005968772
"3",0.329365207482861,28.2758450636815
"4",0.301894461415643,27.9381245363194
"5",0.277198020802352,27.6005982434566
"6",0.245967845359784,27.1150789449865
"7",0.31055957795122,27.9154844069667
"8",0.334897418896598,28.3005678891335
"9",0,25.5850711253377
