"","obs","bmi"
"1",0.353300234858699,28.6734952921514
"2",0.325019176683714,28.2191868088021
"3",0.341178420810516,28.4007336295462
"4",0.327477818821708,28.1283585224595
"5",0.314906606044426,27.8563941171881
"6",0.242025048162497,27.0631638979681
"7",0.304161459636408,27.8445055850081
"8",0.332691259745218,28.2327772534937
"9",0,25.5998136325977
