"","obs","bmi"
"1",0.368645064771253,28.7790531394028
"2",0.336525337907891,28.3194821284219
"3",0.34038634405024,28.4275528273464
"4",0.312007847459653,28.0763013398482
"5",0.284642438088567,27.725308889423
"6",0.252226581956043,27.1255021232898
"7",0.306078856318412,27.9043107823741
"8",0.335892389451606,28.3240144966579
"9",0,25.6106763156715
