"","obs","bmi"
"1",0.36041821245362,28.6781297731087
"2",0.32890565303172,28.2203168649176
"3",0.336891006287387,28.3282240135423
"4",0.312354113568362,27.978482876868
"5",0.287527113788716,27.6289096847363
"6",0.248362421797749,27.1092506169168
"7",0.308598324359177,27.8669254138305
"8",0.332941662778886,28.2795750844208
"9",0,25.5486513090905
