"","obs","bmi"
"1",0.364479554820336,28.7278129032778
"2",0.334767339942344,28.2721463815052
"3",0.337306544278455,28.3802834929182
"4",0.306679767727629,28.0328758558991
"5",0.276172033534345,27.6855899725584
"6",0.243627384805508,27.037164499179
"7",0.305229018042979,27.8704478369528
"8",0.332758688968167,28.2928414740618
"9",0,25.5847603482274
