"","obs","bmi"
"1",0.35928153891696,28.672336759022
"2",0.332189111245442,28.2112094972316
"3",0.338793477750606,28.3435377454799
"4",0.313770694638617,28.0150997255522
"5",0.287925737392096,27.687045552419
"6",0.243349504628525,27.0895172446177
"7",0.306355423194938,27.8457738200846
"8",0.33887345052316,28.3373699131452
"9",0,25.6195003495311
