"","obs","bmi"
"1",0.359905179837481,28.7219547158011
"2",0.331542076490791,28.2662246473159
"3",0.335114466697464,28.340349797646
"4",0.305867489260011,27.9589530144828
"5",0.277333535430005,27.5777726145893
"6",0.24478699199151,27.0932674957452
"7",0.314718751834121,27.9826841970644
"8",0.334163168396538,28.2801065746876
"9",0,25.5980994454999
