"","obs","bmi"
"1",0.364472384034033,28.767093152647
"2",0.336416357618507,28.3095911131355
"3",0.337792974515905,28.4051595286402
"4",0.306394139971432,28.0433596895635
"5",0.276629865117663,27.6816957338738
"6",0.242577675111722,27.0607501602113
"7",0.306947145438517,27.9151668040917
"8",0.338683107586696,28.3497146771967
"9",0,25.5910391302193
