"","obs","bmi"
"1",0.359802901789345,28.7327871368222
"2",0.331324983191445,28.2703190523118
"3",0.340050110125304,28.4040165015706
"4",0.315413041365662,28.0753908357392
"5",0.289722560513435,27.746915065601
"6",0.245495708393357,27.0983587585457
"7",0.311255795235443,27.9757611230932
"8",0.336081007438623,28.2608456799171
"9",0,25.6050128853292
