"","obs","bmi"
"1",0.358777920875395,28.6927542784055
"2",0.328650715970869,28.2254256572214
"3",0.335617720989032,28.3541642201468
"4",0.314692525826043,28.0159235159671
"5",0.292673347985495,27.6780535553333
"6",0.243410835131267,27.0789548709603
"7",0.306637099213839,27.8700469043685
"8",0.337582540398712,28.3052485572618
"9",0,25.5938753480991
