"","obs","bmi"
"1",0.362724001041393,28.7728274501409
"2",0.334214241589891,28.315477551896
"3",0.334994628677935,28.4437601516744
"4",0.303760643434794,28.1148045457628
"5",0.275857720841903,27.7859620640197
"6",0.246193563970601,27.099468160086
"7",0.314467318727127,27.9942247370675
"8",0.328350965670613,28.236028487561
"9",0,25.5582367519534
