"","obs","bmi"
"1",0.362444660885743,28.7446919723973
"2",0.333209913163563,28.2912443380222
"3",0.345930252181448,28.4694333013294
"4",0.329216609201934,28.1943745684636
"5",0.311261978599094,27.919524664439
"6",0.248581535832712,27.1148090800148
"7",0.307048151215883,27.8705743280569
"8",0.334509774579386,28.3146460943172
"9",0,25.5895955643803
