"","obs","bmi"
"1",0.363070049668053,28.676180552429
"2",0.333393052259409,28.2212217697046
"3",0.359302001457815,28.5035792812442
"4",0.353914502005612,28.3310760887118
"5",0.347586040475073,28.1586739297111
"6",0.244719366233471,27.0953649246237
"7",0.304950286467597,27.8635364098175
"8",0.332931066569638,28.2387081970703
"9",0,25.5564817447905
