"","obs","bmi"
"1",0.355043630549717,28.6582514179006
"2",0.324717813955731,28.1959246661112
"3",0.334823589421514,28.3265487032677
"4",0.314563243821284,27.9951193643694
"5",0.295641545051687,27.6639759445266
"6",0.241180648595403,27.074615830061
"7",0.306637461702951,27.8862031982191
"8",0.329776850382088,28.2327317435337
"9",0,25.5587606565779
