"","obs","bmi"
"1",0.35934631194296,28.6880769228658
"2",0.326077263504688,28.2341802559087
"3",0.349116277577724,28.4278842788386
"4",0.336499905297031,28.1678144586463
"5",0.326142151762343,27.9078722881237
"6",0.245049662068166,27.0550625393817
"7",0.305827553126008,27.8873716047473
"8",0.334800018026679,28.2683193381863
"9",0,25.5727902851354
