"","obs","bmi"
"1",0.359916135250249,28.722829915941
"2",0.332426451117549,28.2800791299465
"3",0.34693842276495,28.4542020646033
"4",0.334242860539894,28.1857422462706
"5",0.319125598780489,27.9174569854382
"6",0.245160890463764,27.0933336443866
"7",0.307221930246507,27.8802713552992
"8",0.337509187352399,28.2780243017037
"9",0,25.6235732500023
