"","obs","bmi"
"1",0.364750960781777,28.7258428834972
"2",0.335474993854675,28.271965160507
"3",0.338408169560485,28.3573288637819
"4",0.306635081624811,27.9891024536838
"5",0.279579716170658,27.6211789476728
"6",0.247728720071657,27.0875355236095
"7",0.312814476556966,27.9537679464119
"8",0.332407465605311,28.2325372527985
"9",0,25.5974482083406
