"","obs","bmi"
"1",0.357013523192764,28.6389368022184
"2",0.328755863998777,28.1853403386063
"3",0.331172262193227,28.2654024815321
"4",0.300338748926114,27.8920443091575
"5",0.273118466331301,27.5188691352271
"6",0.248462347651429,27.0997871099908
"7",0.305922170460874,27.8695666973639
"8",0.328828388518357,28.2307875773512
"9",0,25.5852105427877
