"","obs","bmi"
"1",0.357658770328661,28.6707046027945
"2",0.328590522216948,28.2102105482407
"3",0.337719308773372,28.3297342256886
"4",0.315660602660184,27.9890111375426
"5",0.291970853739139,27.6485467718689
"6",0.242229629669265,27.0373285974614
"7",0.308639442329168,27.8951006811228
"8",0.332720155078959,28.2519137624643
"9",0,25.5671679348535
