"","obs","bmi"
"1",0.362276794354343,28.7215930153826
"2",0.332882450624435,28.2580397628226
"3",0.341467067068168,28.4614667951472
"4",0.321753401702815,28.2014211854953
"5",0.297388945830652,27.9414574644254
"6",0.246147683916102,27.0924458358242
"7",0.306236634710349,27.9207789519568
"8",0.33395834738712,28.2581982910336
"9",0,25.5792358763593
