"","obs","bmi"
"1",0.371324922552082,28.7472464986928
"2",0.341788971435565,28.2844676475958
"3",0.352487600251816,28.4501377527695
"4",0.329913893470802,28.1531504761195
"5",0.308427891232863,27.8562892316051
"6",0.240077522973424,27.0080571188355
"7",0.310359776481216,27.9029204702904
"8",0.326307290446563,28.2372452433291
"9",0,25.5413439720544
