"","obs","bmi"
"1",0.35958694648837,28.7029976188849
"2",0.328895240872094,28.238977509134
"3",0.339728384197121,28.3738708684705
"4",0.317157854383419,28.044974471843
"5",0.293530014973352,27.7163180148973
"6",0.242018470842946,27.0520226517222
"7",0.308233988549792,27.9724043595171
"8",0.333538276933286,28.2387488916489
"9",0,25.6235376531643
