"","obs","bmi"
"1",0.363863410286125,28.6974537083618
"2",0.332899495676684,28.2360096540594
"3",0.344568697956232,28.4273012666565
"4",0.326547160206845,28.1572297743916
"5",0.30807985237246,27.8872420200883
"6",0.241343300202008,27.0502408788526
"7",0.309867017161625,27.9516589783627
"8",0.331547164560995,28.2737328840994
"9",0,25.5561146141375
