"","obs","bmi"
"1",0.361607678912106,28.7137570575656
"2",0.332354852621603,28.2570960660127
"3",0.343096731296837,28.4400415207888
"4",0.325913406473043,28.16651873701
"5",0.308252752906772,27.8931968539571
"6",0.242448678257168,27.0930133457575
"7",0.306259295779055,27.8807912131747
"8",0.3341120326828,28.2773161106817
"9",0,25.5885783096102
