"","obs","bmi"
"1",0.358072005870397,28.7428294210543
"2",0.328565834487444,28.2742780027687
"3",0.335439432690697,28.4255185101789
"4",0.309989111138217,28.108315653172
"5",0.286314602446826,27.7912225600772
"6",0.242201251187521,27.0369443221142
"7",0.303437486843848,27.8547170106692
"8",0.338203078729081,28.3312117413518
"9",0,25.6108521300685
