"","obs","bmi"
"1",0.361282079689192,28.6979462359142
"2",0.33026504795103,28.2414287591488
"3",0.341071032321336,28.4054923362031
"4",0.319669406917681,28.1131606010353
"5",0.297816808570615,27.8209539992455
"6",0.243473182553949,27.0646751863984
"7",0.307624268584854,27.9096795789538
"8",0.331397295544224,28.2592279208288
"9",0,25.5693074898996
