"","obs","bmi"
"1",0.352903630729164,28.5726068853617
"2",0.323722189858458,28.1198939141521
"3",0.333058527777113,28.2535149926537
"4",0.309132373950569,27.9346070622446
"5",0.2863551987827,27.6158897770105
"6",0.242508577336404,27.039172213458
"7",0.30317840253615,27.8416097050913
"8",0.333495627911305,28.2812996927896
"9",0,25.5261568355449
