"","obs","bmi"
"1",0.359169104786398,28.7103906711531
"2",0.329318713235434,28.2485117768463
"3",0.33540322601626,28.429112837813
"4",0.31116893231943,28.1479005028629
"5",0.287556178330323,27.866755194512
"6",0.247021635544566,27.0726026962187
"7",0.305151666299558,27.9043433044467
"8",0.32966194731715,28.2349091704843
"9",0,25.6262250246351
