"","obs","bmi"
"1",0.352036999710365,28.595441904268
"2",0.320531564129879,28.1318665442773
"3",0.323738954935902,28.2291161857005
"4",0.289410703644049,27.8629527464728
"5",0.263671920600301,27.496954512984
"6",0.24724317650757,27.0923549937627
"7",0.305331255615831,27.8560533947379
"8",0.340318796371721,28.3524226429916
"9",0,25.5853022930409
