"","obs","bmi"
"1",0.364774190981278,28.7472657446934
"2",0.334895901985791,28.284839401892
"3",0.344593260062881,28.4481598901253
"4",0.321486797612815,28.1491995402942
"5",0.300180873460106,27.8503901010667
"6",0.245044744271545,27.0587617976894
"7",0.306771402430865,27.9080505784024
"8",0.330342428243547,28.2615730682695
"9",0,25.5465793475904
