"","obs","bmi"
"1",0.356053614093808,28.6238218909248
"2",0.326612405048004,28.1638513383865
"3",0.334794120881989,28.2656704664815
"4",0.310944392421371,27.9078185666129
"5",0.286906753575613,27.5502809222984
"6",0.246370280380003,27.0814556558223
"7",0.31220439007318,27.9242241397786
"8",0.335698439179501,28.3209494089608
"9",0,25.5596844104757
