"","obs","bmi"
"1",0.35652498044867,28.707458616846
"2",0.327733023793139,28.2446963837223
"3",0.342071088136116,28.4010234096912
"4",0.328477377396065,28.0948053825687
"5",0.315282261146912,27.7888139585005
"6",0.238957382636813,27.0379232953424
"7",0.309531457992006,27.95929079878
"8",0.327446536025464,28.2151039458877
"9",0,25.5923225391836
