"","obs","bmi"
"1",0.359118220287542,28.7011953287547
"2",0.32917385813584,28.2434216649694
"3",0.342313166055923,28.3828527065438
"4",0.323551016124022,28.0648146549744
"5",0.303892281585181,27.7470971892583
"6",0.244491542356778,27.0458226558457
"7",0.30836796543298,27.940679833372
"8",0.338682677995231,28.3152500603427
"9",0,25.5727647192273
