"","obs","bmi"
"1",0.357950023672328,28.6977436078634
"2",0.329032725354119,28.2445109512564
"3",0.324371913536746,28.3523184297248
"4",0.285150055959177,28.0070823928005
"5",0.254563673636092,27.6620415575064
"6",0.245426134618831,27.0663022165025
"7",0.303431573365889,27.8337528092587
"8",0.329933997138803,28.2644197421848
"9",0,25.6222923191489
