"","obs","bmi"
"1",0.357651568298335,28.658929938342
"2",0.327539907870151,28.1914963892463
"3",0.336153095666763,28.379390856536
"4",0.312420022783054,28.0999859238708
"5",0.290932001668594,27.8207190786811
"6",0.245372151904809,27.1029590841513
"7",0.304716594663619,27.8996826218795
"8",0.332836480916729,28.2393210010125
"9",0,25.5700188173763
