"","obs","bmi"
"1",0.35709723624504,28.6596481054929
"2",0.327980472401206,28.2080482049284
"3",0.348393149305953,28.4496168601207
"4",0.33766259547489,28.2397760798782
"5",0.327357134469804,28.0301334536754
"6",0.246781796746105,27.0580786416097
"7",0.304201383271235,27.8772135648362
"8",0.33268283269281,28.2351402031696
"9",0,25.609493298948
