"","obs","bmi"
"1",0.358780252701428,28.6608124902183
"2",0.327191485580062,28.1964554528355
"3",0.341568700621411,28.342903671967
"4",0.322338838468606,28.0252162912425
"5",0.303618799784419,27.7077608192014
"6",0.246784862325253,27.130031526817
"7",0.306311747439895,27.8799218476449
"8",0.334396358458895,28.2879583602565
"9",0,25.546368868294
