"","obs","bmi"
"1",0.36167908312149,28.7661783670757
"2",0.332399577450888,28.2984672958927
"3",0.352582274560548,28.5529199648666
"4",0.344704768126088,28.3397642140063
"5",0.33747014323121,28.1267139010149
"6",0.243803305704899,27.0371390297861
"7",0.308166782826969,27.943631013075
"8",0.335272428806867,28.28463238785
"9",0,25.6310057789177
