"","obs","bmi"
"1",0.362195230162758,28.746669215526
"2",0.331487947872072,28.2816740769693
"3",0.345365346647045,28.4399694751199
"4",0.324981603105228,28.1334720162124
"5",0.308664159330888,27.8271850374501
"6",0.250957541593084,27.1142824437666
"7",0.305419372629236,27.8767433872379
"8",0.330531454528586,28.2319427301984
"9",0,25.6435323081133
