"","obs","bmi"
"1",0.362740371968912,28.7361284116182
"2",0.3305952374736,28.2732476332115
"3",0.337690520701603,28.3956488678124
"4",0.310370801650576,28.0556377100879
"5",0.285232427500173,27.7161312402522
"6",0.244348302755945,27.0927652121948
"7",0.306164996007533,27.8785819054944
"8",0.332378471888749,28.2309334660227
"9",0,25.5855016677827
