"","obs","bmi"
"1",0.368491056357017,28.8584944122344
"2",0.33855156005273,28.3964796362772
"3",0.349350859516552,28.5238213510693
"4",0.329361352045634,28.1893567125727
"5",0.306889673915965,27.8551089329735
"6",0.242906339991363,27.0735794088345
"7",0.301940112750408,27.8498196103639
"8",0.335018420567614,28.2702504318908
"9",0,25.6149339126874
