"","obs","bmi"
"1",0.359180751944061,28.6991495121538
"2",0.330156352220079,28.2373604429528
"3",0.343327831847455,28.3875159050184
"4",0.326316040848014,28.076073422164
"5",0.306698521309571,27.7648294153856
"6",0.246513754967181,27.0752371228229
"7",0.303184724668242,27.8652614225592
"8",0.331352609420994,28.2372806187337
"9",0,25.6357159530041
