"","obs","bmi"
"1",0.36074291312067,28.6659055207623
"2",0.331531455793685,28.2034861332707
"3",0.3453388240799,28.3361390299415
"4",0.325964237219902,28.0065631372081
"5",0.308646987718994,27.6771863833301
"6",0.239519598599908,27.0115616359001
"7",0.306491279968793,27.914039322465
"8",0.340106500321876,28.3465865637646
"9",0,25.5572751695863
