"","obs","bmi"
"1",0.359082868745525,28.6696901471399
"2",0.32984930844989,28.2072333007081
"3",0.335378983009753,28.3505505586457
"4",0.311372827812806,28.031571642911
"5",0.287958017777679,27.7127580070963
"6",0.246161660761105,27.1402378769645
"7",0.307425927934115,27.8605878583867
"8",0.333773931816841,28.2511629282964
"9",0,25.593480217718
