"","obs","bmi"
"1",0.357104069998774,28.6513977938032
"2",0.326493912394885,28.1935032133192
"3",0.336271194256716,28.3771145145133
"4",0.313710230091672,28.1029056286445
"5",0.291610564537096,27.8287724907999
"6",0.252089159951191,27.132350966067
"7",0.310494078851573,27.9061940329453
"8",0.330608473276042,28.2514707589526
"9",0,25.5941850665931
