"","obs","bmi"
"1",0.361959552184912,28.7162200821359
"2",0.333928306995039,28.2559169033032
"3",0.350412892195761,28.4959400636518
"4",0.333013737000657,28.2757466471686
"5",0.317547357886142,28.0556421583137
"6",0.246300234928835,27.1343639958855
"7",0.308667788430686,27.9064299610416
"8",0.334812225482116,28.2854191209967
"9",0,25.6083053383888
