"","obs","bmi"
"1",0.358221377861738,28.6666500592371
"2",0.330020429089271,28.2115003906371
"3",0.343480548966522,28.3920851582436
"4",0.328870866624982,28.1176301514741
"5",0.313215616776101,27.8432879236509
"6",0.242214440258369,27.0258599122039
"7",0.306470011535346,27.9029174344883
"8",0.334773775833261,28.3205963912919
"9",0,25.5846821374238
