"","obs","bmi"
"1",0.362933523908368,28.7229240025011
"2",0.334421255057235,28.2624916533907
"3",0.339589658717327,28.3848226748559
"4",0.31465641444883,28.0469994043329
"5",0.287580454374945,27.7094674198992
"6",0.243145199680105,27.0748785054259
"7",0.309354356222356,27.9609228004014
"8",0.335468822118301,28.2576391422414
"9",0,25.5681379516842
