"","obs","bmi"
"1",0.361629490904218,28.6900146106484
"2",0.331852327052836,28.2340724566375
"3",0.343416556572114,28.4162187575854
"4",0.325935298088031,28.1425693129206
"5",0.308748843011742,27.8690711533969
"6",0.240172893526536,27.0248591565395
"7",0.30180090474762,27.8649178176518
"8",0.333873802468727,28.2915850828085
"9",0,25.5807597441834
