"","obs","bmi"
"1",0.361484575695614,28.7017758272813
"2",0.329803011490089,28.2538310701775
"3",0.339248271137359,28.3338213412371
"4",0.317194506426311,27.9661612590017
"5",0.294513361210708,27.598811824247
"6",0.246240357753682,27.0893260409929
"7",0.306219838797787,27.911203722989
"8",0.333894666850054,28.2759322124871
"9",0,25.5991246618301
