"","obs","bmi"
"1",0.362034003285301,28.7364686408734
"2",0.331391313202304,28.2706656766079
"3",0.34590338092296,28.4611338244319
"4",0.328905732874946,28.1859092240101
"5",0.310550169527466,27.9107976284434
"6",0.244943032405496,27.0879173080088
"7",0.308391481573753,27.8608075927473
"8",0.333726231460551,28.2597957441972
"9",0,25.5870780202216
