"","obs","bmi"
"1",0.358653130787214,28.6655071757543
"2",0.326953336373066,28.2084473013278
"3",0.326195106477021,28.2716160988173
"4",0.293657635952126,27.8778804839606
"5",0.265376473542108,27.4843032081075
"6",0.238701136252037,27.0162608577252
"7",0.310836670203723,27.9855874144256
"8",0.330384902864484,28.2651163066216
"9",0,25.5588238098696
