"","obs","bmi"
"1",0.356556284791367,28.6599925586241
"2",0.327718067013566,28.1977170325901
"3",0.339516701993271,28.3604313090535
"4",0.323058017742331,28.0609953768007
"5",0.30492915544915,27.7616889832685
"6",0.245896512606301,27.0825213451755
"7",0.305320750076561,27.8636784304064
"8",0.335087131507621,28.3320203426612
"9",0,25.577498308172
