"","obs","bmi"
"1",0.3541860081775,28.6432527196779
"2",0.325029675593591,28.1784468086515
"3",0.330263062900686,28.3428870900207
"4",0.305658665277171,28.0427235369263
"5",0.282317183116694,27.7427695394048
"6",0.248261072648,27.0801339122337
"7",0.302570485333138,27.8659633222403
"8",0.338646580023735,28.2476722725649
"9",0,25.5668386942477
