"","obs","bmi"
"1",0.362734597909029,28.7352474397376
"2",0.333735463668648,28.2785425531183
"3",0.352457108686376,28.5157998568613
"4",0.337822690274698,28.2965188364022
"5",0.32220378926256,28.0774104248395
"6",0.250223340105825,27.1171053269053
"7",0.308655176625753,27.8913994384071
"8",0.34229287967629,28.3631296898388
"9",0,25.6177084676916
