"","obs","bmi"
"1",0.358076817848907,28.6958890939034
"2",0.331012577206794,28.2289035304928
"3",0.340212917308462,28.3981554413187
"4",0.32136001293573,28.1006217287942
"5",0.300420745629817,27.8032953436368
"6",0.240288130715507,27.0421306764245
"7",0.308957378344337,27.8949969937842
"8",0.335799707433131,28.2768451562621
"9",0,25.6092982368172
