"","obs","bmi"
"1",0.362746449114823,28.7440095741628
"2",0.331851770929018,28.2928376833942
"3",0.33549231101328,28.3531308575607
"4",0.299012319439015,27.962466689748
"5",0.270147139163572,27.5720232376715
"6",0.244353419991991,27.0211529856103
"7",0.311981440224232,27.9134301465193
"8",0.332204754506488,28.3166904599676
"9",0,25.5897342591879
