"","obs","bmi"
"1",0.365159185242313,28.7357884758076
"2",0.33500852264262,28.2826471874605
"3",0.347414138212769,28.4239317742073
"4",0.328088725722425,28.1123418169874
"5",0.310744998762042,27.801032148503
"6",0.243415382382765,27.0973147428663
"7",0.314671405700062,27.9266684238137
"8",0.334805387478737,28.2637022370557
"9",0,25.6399342974141
