"","obs","bmi"
"1",0.365478410440441,28.7218782469347
"2",0.335725549358589,28.2712892161436
"3",0.339316818257164,28.2781308197626
"4",0.309306714985445,27.834807096797
"5",0.280204600423436,27.3919326046504
"6",0.238569119674284,27.029883171349
"7",0.308489104910986,27.8963630125306
"8",0.3339250506433,28.293681180347
"9",0,25.6048095827453
