"","obs","bmi"
"1",0.359882277828667,28.6788896819378
"2",0.330122311740454,28.2156134136413
"3",0.336563850425952,28.2865591358418
"4",0.312164947995962,27.8944480028998
"5",0.286331295007948,27.5025647284776
"6",0.245144526330695,27.0620075507405
"7",0.30824822780519,27.9352565530598
"8",0.335199654249639,28.2836078613149
"9",0,25.6189215255242
