"","obs","bmi"
"1",0.366597322697737,28.8009372239168
"2",0.336978276014694,28.3380497946868
"3",0.35180501788975,28.5750449732465
"4",0.337453366260906,28.3492206442081
"5",0.322073893207345,28.1234651689202
"6",0.249447029767092,27.1016752823558
"7",0.308160246696814,27.8380040043754
"8",0.333353538405406,28.2466020417096
"9",0,25.5880392562052
