"","obs","bmi"
"1",0.359725326145911,28.7193357286117
"2",0.33085634569009,28.2557476123146
"3",0.349390766732931,28.424734772622
"4",0.340910313434516,28.1306965964251
"5",0.327543050748035,27.8372689184267
"6",0.24433833846462,27.0138876452001
"7",0.305447107636586,27.8726657389479
"8",0.33217751794857,28.2424886050417
"9",0,25.6130807385226
