"","obs","bmi"
"1",0.355675275244895,28.6435913513867
"2",0.326678328405555,28.1906507442398
"3",0.346014230042709,28.4356186007499
"4",0.333072285653837,28.2277308386225
"5",0.322123846512176,28.0199303901938
"6",0.243750672495256,27.0565663803257
"7",0.312341677352507,27.9827147380252
"8",0.336870909118937,28.3031331250539
"9",0,25.6471951816028
