"","obs","bmi"
"1",0.359471881523618,28.6929691407132
"2",0.329328370028259,28.2424188750935
"3",0.33896521046906,28.3319672491258
"4",0.316409452793455,27.9712018321742
"5",0.296128290612978,27.6106819553028
"6",0.238436795657054,27.0258382990237
"7",0.305882948231199,27.9375695866847
"8",0.330540650323687,28.2707160990768
"9",0,25.5903762311507
