"","obs","bmi"
"1",0.362622664757943,28.7786534297847
"2",0.335199153590545,28.3220638437977
"3",0.350262333241517,28.4950068280196
"4",0.334810758549566,28.211594393638
"5",0.319303440857703,27.9284257537622
"6",0.246216241751903,27.0792131153148
"7",0.305760105126573,27.8958510402558
"8",0.338594872600635,28.3341752159956
"9",0,25.6659494503589
