"","obs","bmi"
"1",0.354001650824211,28.6112061221926
"2",0.324807789606352,28.1522771697502
"3",0.320716776676955,28.249303621341
"4",0.283123423651913,27.887560717378
"5",0.249643821638643,27.5259794297788
"6",0.251359323132889,27.108105946149
"7",0.304463500613528,27.8849127941714
"8",0.332628288836496,28.2419915455292
"9",0,25.5817267423994
