"","obs","bmi"
"1",0.359209878741548,28.7050300193727
"2",0.329264582438714,28.2370275337562
"3",0.351015591871011,28.4595932952927
"4",0.34163395401197,28.2143628385084
"5",0.333793965220273,27.9693500853168
"6",0.24923059468389,27.1141325745328
"7",0.309896443023514,27.9234716683324
"8",0.33184531183958,28.264442311212
"9",0,25.586389564136
