"","obs","bmi"
"1",0.363604766709875,28.7388562932255
"2",0.332642925531297,28.2819083001309
"3",0.337643123010701,28.3814574513019
"4",0.315870452001344,28.0242579582598
"5",0.291780803146798,27.6672680409181
"6",0.244549143545513,27.0418208523352
"7",0.312480609381514,27.9213746430765
"8",0.336221480008375,28.3171477987262
"9",0,25.6142506542022
