"","obs","bmi"
"1",0.359277958107145,28.7375514650229
"2",0.330419336561218,28.2734357726069
"3",0.339793557396192,28.3717627611953
"4",0.318012090054805,28.0061913457031
"5",0.295290469693683,27.6408451715572
"6",0.246422578144915,27.035685988982
"7",0.30444344670505,27.8771459722811
"8",0.332182695334283,28.2839904285982
"9",0,25.6242418160383
