"","obs","bmi"
"1",0.364547943343558,28.7270356758715
"2",0.333772904424242,28.2725115354943
"3",0.354834928433968,28.4738313895642
"4",0.345590201053338,28.2207612539945
"5",0.332839660856964,27.9678295022275
"6",0.247770284459029,27.0861233965843
"7",0.305983478072202,27.911785867035
"8",0.335044688267307,28.2734576441541
"9",0,25.6012398928765
