"","obs","bmi"
"1",0.35582229154917,28.6959311159254
"2",0.325262954396065,28.2316786359875
"3",0.334449210205271,28.429909815167
"4",0.310252905545337,28.1640499526015
"5",0.286128562720692,27.8983576226123
"6",0.24529636012242,27.0508445706134
"7",0.309560689344327,27.8474180059588
"8",0.331917772043112,28.2989574749489
"9",0,25.6283272099034
