"","obs","bmi"
"1",0.362684760896764,28.7403033392506
"2",0.331127701237858,28.2753619077044
"3",0.348588670394738,28.4858687958668
"4",0.333057114313938,28.2316383971719
"5",0.317989426564207,27.9776205977824
"6",0.248438120654532,27.0884449428819
"7",0.305017027236989,27.9043224730693
"8",0.331806446376604,28.2978781359783
"9",0,25.6147249636143
