"","obs","bmi"
"1",0.356307531031948,28.6612419947309
"2",0.328116585363963,28.2028372726917
"3",0.339411466228815,28.3822633148089
"4",0.320564228897269,28.1033959413258
"5",0.303081040484053,27.8246426527913
"6",0.241389053310667,27.0359102872993
"7",0.313000340887769,27.9465618522034
"8",0.334170997670569,28.2956742138154
"9",0,25.5487773862554
