"","obs","bmi"
"1",0.35807310423722,28.6927404652143
"2",0.330005798598397,28.2300768546676
"3",0.338479785516471,28.3763726494848
"4",0.317791036267354,28.0601439687328
"5",0.294151016718396,27.7440582878499
"6",0.248319014070458,27.1402243590918
"7",0.312690033049647,27.9590699118921
"8",0.336615856747207,28.2896006016737
"9",0,25.58388164848
