"","obs","bmi"
"1",0.363529893679666,28.7182068331047
"2",0.3325584277382,28.2529504507016
"3",0.345563592335465,28.3599401579634
"4",0.32596419860302,28.002018468972
"5",0.304522976957643,27.6444598208086
"6",0.241924860917192,27.0280242604728
"7",0.308161716229519,27.889266814951
"8",0.332747993108283,28.3061260678983
"9",0,25.5767128857581
