"","obs","bmi"
"1",0.357937822726382,28.7165152478965
"2",0.329763081176759,28.2617859601915
"3",0.338899521176098,28.4578736540407
"4",0.319156317359889,28.1992986525731
"5",0.298407935106191,27.9407904036891
"6",0.241598258881217,27.0281093892787
"7",0.305512531572774,27.8576119938727
"8",0.334517557562336,28.2562073594651
"9",0,25.5765141461904
