"","obs","bmi"
"1",0.35669361816352,28.7161818323404
"2",0.327798458131317,28.2646801347321
"3",0.339901868826489,28.39031352988
"4",0.324433658163115,28.0646669883649
"5",0.305709619439939,27.7392513402634
"6",0.239353849897059,27.0177195128001
"7",0.31402373667074,27.9329246054753
"8",0.335230815008208,28.275694283351
"9",0,25.5763740395244
