"","obs","bmi"
"1",0.364479554820336,28.7278129032778
"2",0.334806458702218,28.2732070622735
"3",0.345067654462259,28.3889342845615
"4",0.323233167353621,28.0502435201753
"5",0.299594097869798,27.7117513818585
"6",0.243627384805508,27.037164499179
"7",0.305229018042979,27.8704478369528
"8",0.332758688968167,28.2928414740618
"9",0,25.5847603482274
