"","obs","bmi"
"1",0.357585055522876,28.6931147793395
"2",0.328862295344029,28.2396399396208
"3",0.342191074857186,28.3639675766339
"4",0.328072167064632,28.0350430523638
"5",0.311773105383681,27.7063514161482
"6",0.240256660132241,27.0675199531201
"7",0.304884464639244,27.8745786627305
"8",0.335252763701643,28.3030952375974
"9",0,25.5841146025688
