"","obs","bmi"
"1",0.362845282796682,28.6951008096331
"2",0.334224242776831,28.2469367537444
"3",0.34149332628959,28.3896927823257
"4",0.320466728613262,28.0846814940507
"5",0.294559605045922,27.7800938801499
"6",0.243643361859929,27.0493455410848
"7",0.308160768269799,27.8936555706621
"8",0.330038763441837,28.2594404575092
"9",0,25.5614443962631
