"","obs","bmi"
"1",0.364867536527244,28.7781026062809
"2",0.333761589463087,28.3188380436792
"3",0.343159231797887,28.4225222351531
"4",0.318726031797914,28.0671651231166
"5",0.295830711421793,27.7120381034242
"6",0.246400038893669,27.0943608759802
"7",0.308329929796907,27.8771418678037
"8",0.333053799466432,28.2644683127671
"9",0,25.6086956044099
