"","obs","bmi"
"1",0.356894480244025,28.6911817514444
"2",0.327862715437139,28.2298976232709
"3",0.333228119183269,28.3577117305052
"4",0.307454871588357,28.0244791529817
"5",0.282064426660515,27.6914942756206
"6",0.247250498504667,27.0902175167563
"7",0.311870727641258,27.9310635239228
"8",0.334327748419336,28.220592836422
"9",0,25.5829041835091
