"","obs","bmi"
"1",0.359297986533771,28.7141739888993
"2",0.328044720602608,28.2622604733658
"3",0.34487701368843,28.5162289097982
"4",0.327068942912609,28.3183692545505
"5",0.312020293410569,28.1205974936765
"6",0.247609598011962,27.1050896554743
"7",0.305495164576916,27.9096994373945
"8",0.329119661996118,28.250730178066
"9",0,25.6365103146138
