"","obs","bmi"
"1",0.362254627659313,28.7537006651837
"2",0.332963159227565,28.3002749517104
"3",0.339944670198519,28.4064276870711
"4",0.314483986494659,28.0593262844715
"5",0.285195085507199,27.7124007830177
"6",0.242069608667956,27.0772833878997
"7",0.304377633105834,27.868474517248
"8",0.338280717081473,28.3196345809082
"9",0,25.6138455145618
