"","obs","bmi"
"1",0.36418919784872,28.7492652258324
"2",0.334373431050816,28.2879396198516
"3",0.339511947857455,28.4070873778827
"4",0.317275050439696,28.0651409949842
"5",0.29243167273601,27.7234369990991
"6",0.244097877848125,27.1129506383333
"7",0.311213668204681,27.9229004629838
"8",0.331780642118679,28.2463136171971
"9",0,25.6157803865386
