"","obs","bmi"
"1",0.363326792904081,28.6971277469659
"2",0.332269279553832,28.242369147718
"3",0.330948164564344,28.2905262512916
"4",0.297322038280882,27.8842200804877
"5",0.265238100584185,27.4782220961648
"6",0.24071042983982,27.0359818863391
"7",0.308874151336585,27.923279180561
"8",0.336659841615427,28.2536862831185
"9",0,25.5272235801364
