"","obs","bmi"
"1",0.359498627778726,28.6928721920361
"2",0.330136077893776,28.242032288009
"3",0.339932064537299,28.4241809547946
"4",0.320699068828287,28.1557330778497
"5",0.295833427281454,27.8875424258523
"6",0.242778155566838,27.0933174161336
"7",0.306344049656761,27.8470831524655
"8",0.333042253819767,28.2671951498163
"9",0,25.6424972444078
