"","obs","bmi"
"1",0.36537549621376,28.7877714630542
"2",0.338120255569658,28.3291451091233
"3",0.350069948725216,28.5088511556133
"4",0.332925571936469,28.2301554895212
"5",0.31597436993357,27.9516946778574
"6",0.246339400998178,27.0875124543868
"7",0.301831608786768,27.8391551573404
"8",0.330121414165256,28.2266694142449
"9",0,25.580439320058
