"","obs","bmi"
"1",0.363294313506138,28.7500702360017
"2",0.334748236574142,28.2932637476839
"3",0.339068626040314,28.3977961586041
"4",0.312616254844349,28.0457124076153
"5",0.286771841528546,27.693824557123
"6",0.241369023261052,27.0548601491728
"7",0.311597079678325,27.9349860144228
"8",0.33197351884497,28.2431078112407
"9",0,25.5728469177495
