"","obs","bmi"
"1",0.354925961889368,28.6774838326934
"2",0.324467418460815,28.2185201717931
"3",0.344667963308617,28.3925403171637
"4",0.334765843018643,28.1080379724416
"5",0.324753857636538,27.8240057271407
"6",0.247897301427818,27.1322580059313
"7",0.308062038425935,27.9230312740867
"8",0.328349216944624,28.178270634966
"9",0,25.6066530045308
