"","obs","bmi"
"1",0.358501446236484,28.6833865273604
"2",0.329982636646714,28.224798920765
"3",0.334068529740771,28.2740286394838
"4",0.304961995162124,27.8653405656328
"5",0.278053673834357,27.4573813647867
"6",0.247485066334853,27.1198896760323
"7",0.30850064625486,27.9607076737666
"8",0.340847853298396,28.3459698374794
"9",0,25.5403260195284
