"","obs","bmi"
"1",0.361094179493848,28.7231441333315
"2",0.329350213784175,28.2632154346971
"3",0.342918934755174,28.4189502064723
"4",0.323838105385518,28.1149271708353
"5",0.306183561010436,27.8110807656072
"6",0.247281412382859,27.0577220178858
"7",0.307208561941088,27.8688136121152
"8",0.33975833618297,28.316752224582
"9",0,25.5998284088988
