"","obs","bmi"
"1",0.36234091988827,28.7016543147569
"2",0.32946835895343,28.2495311834444
"3",0.350754136611295,28.4670075482816
"4",0.338436654183272,28.2325614686412
"5",0.32658000401217,27.998325930582
"6",0.242916089778128,27.0993536588459
"7",0.308364229336486,27.9136105130972
"8",0.335621668821444,28.3374650733289
"9",0,25.6071423336176
