"","obs","bmi"
"1",0.358282598730196,28.7276968164837
"2",0.329149711645827,28.2690607490313
"3",0.338304083956211,28.4342559027583
"4",0.317988941373403,28.1409490617805
"5",0.295534464931048,27.8477816488311
"6",0.247136608047116,27.1327529066318
"7",0.310116499454462,27.9169181443088
"8",0.330670165774418,28.2236649076003
"9",0,25.6387357483163
