"","obs","bmi"
"1",0.358781981380252,28.7146260797334
"2",0.331104396856778,28.2592609465831
"3",0.338969033173301,28.398619800405
"4",0.316511330782897,28.0827119040811
"5",0.292372894051382,27.7669039877521
"6",0.246361539577031,27.07914502428
"7",0.308268787015833,27.8833884464882
"8",0.329221088461598,28.2163448732014
"9",0,25.6560096907881
