"","obs","bmi"
"1",0.360704378365111,28.7435872602473
"2",0.331538689342516,28.2824174864527
"3",0.342224266050634,28.4161541472301
"4",0.31888890248468,28.0888551476828
"5",0.29848292352405,27.7616934949967
"6",0.245405192784047,27.0801170493274
"7",0.31004569422076,27.9239342141979
"8",0.330600368807009,28.2195360537591
"9",0,25.6568582284391
