"","obs","bmi"
"1",0.361907725870955,28.7322336682117
"2",0.334263730109972,28.2651351639411
"3",0.344826549679269,28.4177920553272
"4",0.324976885329596,28.1034742602893
"5",0.303908856926326,27.7892829905563
"6",0.24646441012573,27.1119427425785
"7",0.302956564185228,27.8527070802698
"8",0.333779564655255,28.2767577060324
"9",0,25.5464500964252
