"","obs","bmi"
"1",0.359694472215021,28.7244384928339
"2",0.33106926385389,28.2619485760967
"3",0.341478056866702,28.4343781696936
"4",0.32371890250946,28.1445177356795
"5",0.300740465687161,27.8548655971767
"6",0.242760563247189,27.0759261575746
"7",0.303722991870681,27.8490319072107
"8",0.340714756959309,28.376221325971
"9",0,25.5612187137892
