"","obs","bmi"
"1",0.366633672219458,28.7908146161075
"2",0.336541469663248,28.326019163256
"3",0.348443499722446,28.5049566139699
"4",0.327341296398621,28.2192303560248
"5",0.306306950157676,27.9336395993248
"6",0.240589869211497,27.0563194141218
"7",0.306615208157861,27.9068728622158
"8",0.335707885880175,28.2582914016456
"9",0,25.6456384787547
