"","obs","bmi"
"1",0.364539530410462,28.712791847109
"2",0.334053044687724,28.2526140380775
"3",0.338212934110603,28.439882586416
"4",0.312072414011702,28.1670317101564
"5",0.284662973820975,27.8942391904357
"6",0.240962756377688,27.0629589514635
"7",0.304092084814445,27.8612773489093
"8",0.337044377348872,28.2925264433028
"9",0,25.5722361748132
