"","obs","bmi"
"1",0.358780545997085,28.6477587489156
"2",0.328937825748701,28.1895102115724
"3",0.341335406284677,28.3448710984289
"4",0.320029531233018,28.0422391218282
"5",0.300242191923727,27.7398744850792
"6",0.236371503390895,26.9949099166941
"7",0.308397910487806,27.9192399227327
"8",0.33533495999586,28.2918936642884
"9",0,25.5491282229199
