"","obs","bmi"
"1",0.363563240849951,28.7060499234983
"2",0.333841133700469,28.2508823887039
"3",0.338055766338395,28.3745057891024
"4",0.308630791281977,28.0430380539333
"5",0.279036575169628,27.7116466335697
"6",0.245821806399513,27.0744506569003
"7",0.312900837992577,27.9386229255063
"8",0.331027501360927,28.2699623724283
"9",0,25.621681645947
