"","obs","bmi"
"1",0.357478801785161,28.6794452769118
"2",0.327767410738836,28.2255740738067
"3",0.340437040870544,28.3532878490963
"4",0.323461675154413,28.0275769257689
"5",0.300099124102674,27.7023441739149
"6",0.2440040908044,27.102252006488
"7",0.310289028141765,27.9312055316531
"8",0.340248525477598,28.3378212829054
"9",0,25.5987604253347
