"","obs","bmi"
"1",0.358770338622487,28.7081838455106
"2",0.328398003456691,28.2419681631372
"3",0.337106813105924,28.2797446840156
"4",0.315070293393189,27.8518833865447
"5",0.293908413970369,27.4246429630073
"6",0.245272959803811,27.0336597001924
"7",0.309270753446189,27.9133277408138
"8",0.331335750636566,28.2780698651907
"9",0,25.5807040510502
