"","obs","bmi"
"1",0.365849380787764,28.7289336006389
"2",0.334091865737195,28.2713062802118
"3",0.348718573510556,28.4792135163241
"4",0.333316120413959,28.2296117258942
"5",0.313715616480799,27.9801314937077
"6",0.240035218217055,27.046441405572
"7",0.311297282397091,27.9059518918974
"8",0.332676789154369,28.2783677525666
"9",0,25.5458501186419
