"","obs","bmi"
"1",0.361907725870955,28.7322336682117
"2",0.33409353715643,28.2730495323167
"3",0.335534106755065,28.3500744321263
"4",0.305654225729395,27.9682119128405
"5",0.27846217659619,27.5866543370563
"6",0.24646441012573,27.1119427425785
"7",0.302956564185228,27.8527070802698
"8",0.333779564655255,28.2767577060324
"9",0,25.5464500964252
