"","obs","bmi"
"1",0.36537640311904,28.7521464077345
"2",0.336091309175561,28.2968803440048
"3",0.345856418699224,28.4864890596592
"4",0.326898132131662,28.2209217324506
"5",0.309141419451485,27.9554466990792
"6",0.250114552830673,27.1206205644647
"7",0.31056717767396,27.941590814247
"8",0.334555084048995,28.293128460204
"9",0,25.565958172954
