"","obs","bmi"
"1",0.363189545278875,28.7473402251203
"2",0.334228274404283,28.2960120685528
"3",0.34967357578276,28.4216091880545
"4",0.332928799006372,28.0963933705243
"5",0.316279586587867,27.7717339767278
"6",0.242477914115224,27.0763687728801
"7",0.30570790543976,27.9079867552538
"8",0.330283188966532,28.2504917032163
"9",0,25.633593157641
