"","obs","bmi"
"1",0.35958694648837,28.7029976188849
"2",0.330421481181832,28.2497909753838
"3",0.336994000980422,28.4050793353801
"4",0.311923300994116,28.1073124359204
"5",0.290230551829863,27.8097002748126
"6",0.242018470842946,27.0520226517222
"7",0.308233988549792,27.9724043595171
"8",0.333538276933286,28.2387488916489
"9",0,25.6235376531643
