"","obs","bmi"
"1",0.363700252796846,28.682409369147
"2",0.334001150237201,28.2222711455916
"3",0.356879619928558,28.4870587759506
"4",0.348210912848619,28.2918648686931
"5",0.34123063901483,28.0968334306561
"6",0.242113640126949,27.1126055579482
"7",0.309383101878531,27.9414126560954
"8",0.335128802746184,28.2716446946725
"9",0,25.5673304486506
