"","obs","bmi"
"1",0.363028950619315,28.7437674529443
"2",0.333990301374186,28.2884433847761
"3",0.351592551478727,28.4202240993938
"4",0.340274857933139,28.0970531005214
"5",0.326115690171076,27.7742778046242
"6",0.244436337716847,27.0705835157497
"7",0.305254397390869,27.8385811766674
"8",0.339016836193481,28.3438788673666
"9",0,25.5995720991142
