"","obs","bmi"
"1",0.356611058636689,28.6557077324399
"2",0.326957569018707,28.1962104324865
"3",0.343900211174709,28.38667197565
"4",0.32629508387191,28.1177741119288
"5",0.311581581010245,27.849017996219
"6",0.245651303016292,27.0593555110952
"7",0.306688870364141,27.8956766302189
"8",0.338891358151316,28.3026770619161
"9",0,25.5758374300937
