"","obs","bmi"
"1",0.359965499607901,28.6899669246745
"2",0.329568267215446,28.2361953098831
"3",0.35095536415947,28.4334363232563
"4",0.343452482197982,28.1770530704831
"5",0.336549278364052,27.9208219103238
"6",0.241925319998976,27.0632910384771
"7",0.309145522154522,27.9121696623526
"8",0.336681131656732,28.2800124344616
"9",0,25.6081665367557
