"","obs","bmi"
"1",0.356530391469575,28.6558074535358
"2",0.326234258935216,28.1955145563134
"3",0.345495038018193,28.4249157003669
"4",0.332988451401806,28.1941560433168
"5",0.322891772705876,27.9635326360046
"6",0.24277245007646,27.0399183787032
"7",0.303995635287224,27.9275859796079
"8",0.339680844356357,28.3676735566022
"9",0,25.5723805243672
