"","obs","bmi"
"1",0.358653130787214,28.6655071757543
"2",0.328591981607523,28.21345653113
"3",0.331980870048118,28.3941967605612
"4",0.306774689590203,28.1229861416067
"5",0.281856456206578,27.8518774718661
"6",0.238701136252037,27.0162608577252
"7",0.310836670203723,27.9855874144256
"8",0.330384902864484,28.2651163066216
"9",0,25.5588238098696
