"","obs","bmi"
"1",0.362529163193441,28.7417515437601
"2",0.332315383446825,28.2775115355819
"3",0.344854619128887,28.4284446097908
"4",0.326267258549273,28.1153263917272
"5",0.309676710388853,27.8024043539657
"6",0.244704981483241,27.0614299790762
"7",0.302779104398819,27.8561228597345
"8",0.326248824643738,28.170354282739
"9",0,25.6115951942194
