"","obs","bmi"
"1",0.363773616692939,28.7521950818201
"2",0.334401096355613,28.2959688049828
"3",0.340591134811407,28.4610981449411
"4",0.313993097171734,28.1701260126535
"5",0.288748853396048,27.8792823806494
"6",0.243771135582235,27.0733877823128
"7",0.30949500778817,27.9317686392924
"8",0.329214150612006,28.2639134026749
"9",0,25.6175373025605
