"","obs","bmi"
"1",0.3596222154481,28.6852392355786
"2",0.329059273595805,28.2299435815629
"3",0.328034675365424,28.3470830077622
"4",0.298290102556964,28.0091367635554
"5",0.265158498447073,27.6714087585219
"6",0.245893260037144,27.0953738713778
"7",0.304737607938919,27.8742796269758
"8",0.325762297106229,28.1727591213104
"9",0,25.5735844039065
