"","obs","bmi"
"1",0.362457084917997,28.6720165613834
"2",0.332021924393074,28.2108191607179
"3",0.34834108076865,28.4026121082509
"4",0.335662051086905,28.1334883896318
"5",0.318683004933812,27.864660930242
"6",0.245845612947879,27.0671098865825
"7",0.301992573233795,27.8566047664167
"8",0.333207044502711,28.2949977567633
"9",0,25.5787649506683
