"","obs","bmi"
"1",0.361551704069,28.6971657268482
"2",0.332445175574222,28.2392164165232
"3",0.345819856223082,28.3990428898559
"4",0.327040213521646,28.1011080767309
"5",0.308582312103828,27.8033682575653
"6",0.242375349132581,27.0582054451787
"7",0.312290955234927,27.9597901496228
"8",0.338234542616697,28.3445562160596
"9",0,25.6058091359895
