"","obs","bmi"
"1",0.362299480638023,28.7273413656153
"2",0.333076487675847,28.2644341833293
"3",0.330982028507077,28.3781299084172
"4",0.296956455747607,28.0290368951838
"5",0.269600247928043,27.6800599980057
"6",0.241179108705502,27.0385059273358
"7",0.307018913149604,27.8772630285137
"8",0.32985025542245,28.2303631531031
"9",0,25.5815517210667
