"","obs","bmi"
"1",0.359239472949282,28.6832389071251
"2",0.328638208974852,28.2240555304529
"3",0.3337337618512,28.3555508570041
"4",0.304600850095222,28.0279907531957
"5",0.276226258290383,27.7005608043308
"6",0.243426747717723,27.1014332440746
"7",0.310011572237712,27.9345553222002
"8",0.337906497842849,28.3154240308834
"9",0,25.6136161846804
