"","obs","bmi"
"1",0.354173073966015,28.7126897190807
"2",0.325340217936711,28.2486621903834
"3",0.343987773117446,28.426131228183
"4",0.33228158151547,28.1397542284807
"5",0.320501629842386,27.8535661440198
"6",0.246558035585792,27.0697030255029
"7",0.310686596273196,27.9358688229966
"8",0.329264425253883,28.2395105547845
"9",0,25.6199855120994
