"","obs","bmi"
"1",0.36422542389389,28.7383451586592
"2",0.335961210245171,28.2868666268952
"3",0.347574304446992,28.4570936510099
"4",0.326826936478647,28.1759728513972
"5",0.306720364308425,27.8949863278901
"6",0.244541144427305,27.0584443343835
"7",0.305582751397847,27.9020374528476
"8",0.329261961264106,28.2183754551771
"9",0,25.5858023354224
