"","obs","bmi"
"1",0.363595738550823,28.7331973372053
"2",0.333969089505009,28.2759126621429
"3",0.342385971022146,28.4355690352248
"4",0.316738937703124,28.1382342172116
"5",0.292333166915325,27.8412092358373
"6",0.249422860068353,27.1158030970522
"7",0.310439585583144,27.8968164906159
"8",0.329231484677299,28.2084389873553
"9",0,25.5835768709542
