"","obs","bmi"
"1",0.358553922327769,28.7043960854567
"2",0.330069218999523,28.2414745685361
"3",0.343224647830259,28.4309373288716
"4",0.326967902808595,28.1577007041714
"5",0.310905919648709,27.8846964757511
"6",0.248061240798894,27.0902998346264
"7",0.308143774603845,27.8631754432922
"8",0.332079333036545,28.2168538016243
"9",0,25.5960989247178
