"","obs","bmi"
"1",0.358709454119243,28.6851463054317
"2",0.330754055134623,28.2253592027734
"3",0.338465168047241,28.4069315217498
"4",0.315930860512194,28.1289211394285
"5",0.295631250821433,27.8511240751696
"6",0.241831963895046,27.0669475392001
"7",0.312658406718614,27.9245237052423
"8",0.33854549519355,28.2980742485893
"9",0,25.6195777034176
