"","obs","bmi"
"1",0.364107509019238,28.7442113667814
"2",0.336906348482658,28.2844729779806
"3",0.343692703435548,28.3986470107413
"4",0.321928098729736,28.0533029662149
"5",0.297237660470474,27.7081883404462
"6",0.239669097038906,27.0775498721647
"7",0.30774539458397,27.9190766736371
"8",0.33472685720127,28.284129391506
"9",0,25.5996572119443
