"","obs","bmi"
"1",0.363024831067197,28.7757274071775
"2",0.335538699213289,28.3116688845689
"3",0.352865089829113,28.4706920498083
"4",0.344264899494827,28.1659892987758
"5",0.334274755213828,27.8616380145144
"6",0.247028089530985,27.078341458806
"7",0.310065170275003,27.9317134435661
"8",0.342214074445042,28.4262812080192
"9",0,25.639725905792
