"","obs","bmi"
"1",0.359586596318283,28.6840221187068
"2",0.329396227370654,28.224687980224
"3",0.336470962171224,28.4385645483775
"4",0.314353677722306,28.1931670263816
"5",0.29167547152188,27.9478306620659
"6",0.247670885831135,27.101730124443
"7",0.296655551393798,27.8521839630112
"8",0.33615033493014,28.2951404015138
"9",0,25.6034324876071
