"","obs","bmi"
"1",0.358808044537855,28.6809907331678
"2",0.32761651392304,28.2209802995753
"3",0.33656088343526,28.3823567201214
"4",0.312158065828885,28.0838501111882
"5",0.284846992363379,27.7854761330647
"6",0.242791465942136,27.0567104250779
"7",0.305508040905988,27.8786742445874
"8",0.335063955437208,28.3196265393841
"9",0,25.6046303672062
