"","obs","bmi"
"1",0.36638091849433,28.7711998554021
"2",0.338293188360878,28.3194437108897
"3",0.343131098201862,28.4507100336711
"4",0.314604599868761,28.1303730689926
"5",0.290926065253865,27.8101933426628
"6",0.248569767085377,27.0701266556686
"7",0.308092174592532,27.9306844308529
"8",0.332330829412774,28.2547951388952
"9",0,25.6076589391279
