"","obs","bmi"
"1",0.361126831113254,28.6824896801569
"2",0.331254318819109,28.2201554217066
"3",0.345119977484969,28.3374638168244
"4",0.32700395508551,27.9927545161357
"5",0.309562648866056,27.6483785188039
"6",0.239344961579138,27.0398522855472
"7",0.311177082888181,27.9116088886225
"8",0.339058555285157,28.2797056106015
"9",0,25.6405293413688
