"","obs","bmi"
"1",0.363662320747158,28.75504129826
"2",0.335372266100357,28.2886494109425
"3",0.345778433923425,28.4143268013344
"4",0.324720235036591,28.0738150772219
"5",0.30035394061379,27.7335139427144
"6",0.244178446589721,27.0424897783909
"7",0.309840372952659,27.9005424751816
"8",0.332400781834951,28.2753516643995
"9",0,25.6126262868936
