"","obs","bmi"
"1",0.361162171765433,28.6820993193212
"2",0.331961644558582,28.224632906431
"3",0.34923382341565,28.4999109657644
"4",0.337539452028776,28.3177733505638
"5",0.326562149646802,28.1356873327338
"6",0.25138447247635,27.1712768603156
"7",0.305974147813879,27.8587869744238
"8",0.335128852456067,28.2583255176966
"9",0,25.5935676921449
