"","obs","bmi"
"1",0.361060253522752,28.6779119999229
"2",0.332990059425006,28.2214963942489
"3",0.32864983064461,28.371405302234
"4",0.288918804951122,28.0649713611152
"5",0.254682115813385,27.7586092100901
"6",0.240518589435127,27.0505671458289
"7",0.305126625818923,27.9150451358826
"8",0.338262180829066,28.3110729459468
"9",0,25.5747146392183
