"","obs","bmi"
"1",0.364361253217498,28.7597230101345
"2",0.333339172324208,28.3046617151234
"3",0.343804336432624,28.3818744472904
"4",0.322299399586994,28.0042898963235
"5",0.29995853538438,27.6269824574221
"6",0.240909471782134,27.0204293244022
"7",0.31097195910738,27.910313181369
"8",0.339185352900336,28.3652531206418
"9",0,25.6132343166263
