"","obs","bmi"
"1",0.358168500218719,28.6875279423197
"2",0.328969271595931,28.2318806259216
"3",0.341452814333049,28.3986723822923
"4",0.319582641223984,28.1100805460366
"5",0.300260942019324,27.8217656198537
"6",0.245484142939279,27.1008861953982
"7",0.3159748669791,27.9800979222707
"8",0.333219554628114,28.293539772032
"9",0,25.6120159115825
