"","obs","bmi"
"1",0.36101210667042,28.6777512195541
"2",0.331236121733992,28.2269700274591
"3",0.334578327833138,28.3421604185388
"4",0.30395957981889,28.0067519360107
"5",0.276069247228086,27.6715316846454
"6",0.247588376517798,27.0439888196394
"7",0.310129781632802,27.929282932236
"8",0.33174246973048,28.254918823018
"9",0,25.5214642433484
