"","obs","bmi"
"1",0.364539530410462,28.712791847109
"2",0.334183468253502,28.2571264124385
"3",0.352060555596781,28.4924373644789
"4",0.335667452843349,28.2721741315252
"5",0.321762824605952,28.0520052954888
"6",0.240962756377688,27.0629589514635
"7",0.304092084814445,27.8612773489093
"8",0.337044377348872,28.2925264433028
"9",0,25.5722361748132
