"","obs","bmi"
"1",0.361361352481335,28.7789939791079
"2",0.335174279778543,28.3309901563075
"3",0.34302642474403,28.4056658724984
"4",0.326244594832761,28.0326554484913
"5",0.304152141530223,27.6599783590165
"6",0.247850085592144,27.0395291052666
"7",0.310527108784092,27.8932933806814
"8",0.342109050075643,28.3598635533046
"9",0,25.6823734053781
