"","obs","bmi"
"1",0.362451545651818,28.7222692594143
"2",0.334176992923632,28.2567041322008
"3",0.349802706050543,28.4175449278668
"4",0.336340407328642,28.113162879649
"5",0.321444701910075,27.8091435404847
"6",0.239520562272331,26.9916747554975
"7",0.303744876356472,27.857028296295
"8",0.339588004889671,28.3237294168213
"9",0,25.5802211769349
