"","obs","bmi"
"1",0.360253286354386,28.7899138763454
"2",0.331795700012256,28.3290101949406
"3",0.346683357400202,28.4261628575523
"4",0.331758375750403,28.0627830895437
"5",0.315038802167755,27.6997947632811
"6",0.246051100623189,27.0900108263359
"7",0.305243233529429,27.9268421909393
"8",0.333084850452919,28.2775266890108
"9",0,25.6436354856024
