"","obs","bmi"
"1",0.366299766438619,28.7552729149571
"2",0.335954458270868,28.2950386450944
"3",0.354459357166261,28.4975084305328
"4",0.34298023317148,28.2399000116318
"5",0.330848584271723,27.9824525609156
"6",0.245452309543257,27.0940096729692
"7",0.302503590207288,27.8666257122944
"8",0.335973553436723,28.303995637605
"9",0,25.5564429764132
