"","obs","bmi"
"1",0.357415304182843,28.7119569348698
"2",0.326384452570812,28.254319373991
"3",0.341586720256325,28.4570879824333
"4",0.326511334205702,28.2024156658821
"5",0.310115984677841,27.9479487443901
"6",0.239227805204952,27.0524134246779
"7",0.312247762171545,27.9250658170386
"8",0.331502528765859,28.2878689100081
"9",0,25.614964503675
