"","obs","bmi"
"1",0.366277899823306,28.741208631902
"2",0.332823985172714,28.2840106544644
"3",0.336717595190093,28.3892544333287
"4",0.306566864526882,28.0374333808512
"5",0.273313145296271,27.6857478581562
"6",0.248758167827712,27.1084391920719
"7",0.309970417854234,27.913865588816
"8",0.334646501249524,28.2927170097717
"9",0,25.5980044150717
