"","obs","bmi"
"1",0.368926620653432,28.7690710977167
"2",0.339999446892218,28.3138506244344
"3",0.335874282097638,28.3329722030315
"4",0.296645223069101,27.8970970703216
"5",0.262931617763694,27.4614518793853
"6",0.242936489325404,27.0524576522798
"7",0.308883188744863,27.8605141664112
"8",0.331072478855014,28.2144201304091
"9",0,25.5537005454397
