"","obs","bmi"
"1",0.366775915520855,28.7170031098904
"2",0.336663049387806,28.2602017908907
"3",0.336304820371352,28.3809252901535
"4",0.302829898246355,28.0450729638818
"5",0.271231644401027,27.709455692731
"6",0.249667655387852,27.113649206808
"7",0.303925771125844,27.8851020088522
"8",0.333769294856684,28.3305674845429
"9",0,25.5601472235386
