"","obs","bmi"
"1",0.360657780167227,28.7018557444877
"2",0.32873408254852,28.2370275949551
"3",0.33574753704181,28.4107206119561
"4",0.308386766042037,28.119766536713
"5",0.284185335923497,27.8290000977873
"6",0.242252933929563,27.0308461826993
"7",0.31493103868172,27.9435329852273
"8",0.330698431032135,28.2275138718617
"9",0,25.6402325894409
