"","obs","bmi"
"1",0.37407999458638,28.7647939827434
"2",0.342052707026526,28.305173517928
"3",0.355073452824284,28.5015743449527
"4",0.336225176343344,28.2384799077048
"5",0.317212897633525,27.9755145710152
"6",0.242303226805336,27.0397318949949
"7",0.307537712409876,27.960756946654
"8",0.33316977071884,28.2692311745479
"9",0,25.5316078977623
