"","obs","bmi"
"1",0.356307531031948,28.6612419947309
"2",0.328081906841984,28.2023096855113
"3",0.334659395614637,28.3537791746109
"4",0.308226320687183,28.0464969252957
"5",0.282237121089684,27.7394010633204
"6",0.241389053310667,27.0359102872993
"7",0.313000340887769,27.9465618522034
"8",0.334170997670569,28.2956742138154
"9",0,25.5487773862554
