"","obs","bmi"
"1",0.358674009692583,28.7078899035913
"2",0.32706376007472,28.2446341572766
"3",0.341902429434929,28.3922085456592
"4",0.327090470430695,28.0767321101555
"5",0.30982741989242,27.7614700366195
"6",0.244260039836163,27.0708909160503
"7",0.306590115681934,27.8998154207632
"8",0.335969399059687,28.3158627436334
"9",0,25.6361708042495
