"","obs","bmi"
"1",0.361120683841966,28.7034706853659
"2",0.331416314275894,28.2459729470397
"3",0.333697324415504,28.3495832744529
"4",0.301009992162751,27.9958117351535
"5",0.271906546197143,27.6421569774941
"6",0.245969035390364,27.0711657008836
"7",0.310455429251006,27.9183158592228
"8",0.332286732494174,28.2016940799956
"9",0,25.5573536941619
