"","obs","bmi"
"1",0.356616993542723,28.6569704536009
"2",0.327183356417725,28.196515608976
"3",0.333992145706968,28.3405807037233
"4",0.309308571615614,28.0244825824737
"5",0.28616876469261,27.7086919575805
"6",0.248003990341402,27.1071261801141
"7",0.304207959653559,27.8703038683137
"8",0.335306367052611,28.2770127100098
"9",0,25.5634968575562
