"","obs","bmi"
"1",0.362290749020676,28.7062133622855
"2",0.331149460608581,28.2439181262066
"3",0.345993313945858,28.3769313069462
"4",0.331916762772908,28.0478784572077
"5",0.31269113198814,27.7190657708168
"6",0.248963039214857,27.1011462558311
"7",0.308578565953367,27.9114351684328
"8",0.333793554793629,28.2725025633785
"9",0,25.5661376954913
