"","obs","bmi"
"1",0.356036065178938,28.6576684419312
"2",0.326792270243123,28.1939236691107
"3",0.334843377404567,28.2908175551639
"4",0.31334743386897,27.9242460434997
"5",0.290547590294857,27.5579672412693
"6",0.241293609848278,27.0227442651503
"7",0.312138602599723,27.9168414816414
"8",0.335435627553457,28.318865749506
"9",0,25.5511309834421
