"","obs","bmi"
"1",0.356155285883043,28.6609098781042
"2",0.326949500609911,28.2005367257507
"3",0.336032235622156,28.3060094559543
"4",0.31490293814486,27.9513050090686
"5",0.291056225811963,27.596808291954
"6",0.244616670343401,27.0853600114342
"7",0.300717445738955,27.8766620232879
"8",0.328511721429761,28.2201329085283
"9",0,25.609688428556
