"","obs","bmi"
"1",0.359815107168456,28.6907517944943
"2",0.331147320791714,28.2311113870767
"3",0.34817207506461,28.4096594948023
"4",0.334043372957743,28.1287218988082
"5",0.322448937958991,27.8479436196845
"6",0.245136322757224,27.0706340886736
"7",0.314129952695723,27.9730589152492
"8",0.33446803270062,28.2516993794417
"9",0,25.5867360642575
