"","obs","bmi"
"1",0.360476371530673,28.72764791188
"2",0.328858580139856,28.2654546975601
"3",0.335553517205246,28.2839693406534
"4",0.311448033480504,27.8408549470655
"5",0.283854424712913,27.3983463924622
"6",0.247681116602024,27.0670367929925
"7",0.301215456555267,27.8805132954856
"8",0.341663950944456,28.3516592088435
"9",0,25.6748441732663
