"","obs","bmi"
"1",0.362796192035283,28.7076512765294
"2",0.332399815412698,28.2470092826594
"3",0.338385880725832,28.3756841735035
"4",0.311180559893001,28.0438956749661
"5",0.282970984128431,27.7122922179165
"6",0.244210458500174,27.1115895672325
"7",0.305924835242344,27.919874389055
"8",0.339035268160984,28.3105552042339
"9",0,25.5738449006339
