"","obs","bmi"
"1",0.362858497072124,28.7091553420749
"2",0.333805505711791,28.2522669282288
"3",0.341334851087707,28.3823531632247
"4",0.31693672754622,28.0557651463959
"5",0.295165540086899,27.7294001434584
"6",0.241151612254711,27.0499441084547
"7",0.299547579211944,27.8445627917491
"8",0.327523860878729,28.2397389778523
"9",0,25.5788865566512
