"","obs","bmi"
"1",0.359983707526313,28.6845156606544
"2",0.32927835175856,28.2217481799138
"3",0.337287352100023,28.3892769422676
"4",0.309619536419438,28.0941778311193
"5",0.287392788711021,27.7992211505626
"6",0.248830959700724,27.0989735646206
"7",0.311790698654571,27.9067499562494
"8",0.328813862849049,28.2494884171457
"9",0,25.5855260465758
