"","obs","bmi"
"1",0.362382814629361,28.6956403958735
"2",0.332463787127766,28.2352135030983
"3",0.346683549366024,28.3955874515112
"4",0.329129819621809,28.0957667722706
"5",0.311992151025501,27.7961889334327
"6",0.245661072503344,27.0562807340863
"7",0.314692794344876,27.9764119697136
"8",0.335183987779749,28.3594782273761
"9",0,25.558454009882
