"","obs","bmi"
"1",0.356512069709727,28.6433816600257
"2",0.326999020884803,28.1865239229218
"3",0.333475560640532,28.3415966054199
"4",0.309065380015404,28.0399223923179
"5",0.285836556824973,27.738360906221
"6",0.246652575674172,27.0985908947087
"7",0.308798249908637,27.8779169171829
"8",0.333661234175723,28.2551168689611
"9",0,25.5770979299488
