"","obs","bmi"
"1",0.358309350589379,28.6919645983262
"2",0.327003733626302,28.2237929497211
"3",0.351884326567708,28.5022796784071
"4",0.343388061854795,28.3127038126681
"5",0.335855057577555,28.1232414048305
"6",0.247251370833522,27.101769786002
"7",0.303080605519103,27.9129630417564
"8",0.333899582295956,28.2685935583455
"9",0,25.5870765132297
