"","obs","bmi"
"1",0.355355551259167,28.6385476824742
"2",0.325484246966074,28.1829620679559
"3",0.336042380923949,28.2561818878733
"4",0.313743077228943,27.8741675241304
"5",0.294972367607957,27.4925236910742
"6",0.245789375320012,27.1129556729509
"7",0.309077499155276,27.9156325001128
"8",0.337963742483933,28.3340568363789
"9",0,25.5947256156836
