"","obs","bmi"
"1",0.363206082325199,28.7137037315048
"2",0.332992158626973,28.2519695328249
"3",0.351579741055553,28.4340435833653
"4",0.339671414035265,28.1546639580239
"5",0.325890935252535,27.8755793956079
"6",0.25084975117687,27.1465987120377
"7",0.309863514687216,27.8636804723147
"8",0.333328565431726,28.290410838
"9",0,25.5799335039165
