"","obs","bmi"
"1",0.357400123565434,28.7021296010567
"2",0.327634112276082,28.2432864908348
"3",0.337345229752863,28.3907323533283
"4",0.311401698822134,28.0794661694887
"5",0.291755421315736,27.768332950055
"6",0.248470258304864,27.1132120714218
"7",0.303665250688496,27.8672796332319
"8",0.34086730508888,28.3309081143013
"9",0,25.5969643402762
