"","obs","bmi"
"1",0.36300996873572,28.7799709022587
"2",0.331385791482932,28.3185513384848
"3",0.344243809292392,28.4935468396045
"4",0.324932407061761,28.2072549902397
"5",0.302204877233167,27.9210988089896
"6",0.242471377591901,27.0651139534955
"7",0.313798255627106,27.9754646564922
"8",0.331760268317502,28.2690283712106
"9",0,25.622868737949
