"","obs","bmi"
"1",0.357469196935907,28.6969727316462
"2",0.328441347288319,28.2333893066572
"3",0.347765133805891,28.4066824526183
"4",0.339753218826839,28.1166114020888
"5",0.331324908317203,27.8267685376237
"6",0.243241752500772,27.057326692099
"7",0.309412413221439,27.8943642253571
"8",0.329278411305039,28.223016533561
"9",0,25.6394856967631
