"","obs","bmi"
"1",0.362347047604125,28.7203595538801
"2",0.332034944932246,28.2609458733254
"3",0.349690321316217,28.4696902868758
"4",0.335840577940128,28.2193780572175
"5",0.319768544874426,27.9694461855892
"6",0.244348954940804,27.0754659796876
"7",0.30724003152182,27.8956035557838
"8",0.333016173073465,28.253398569977
"9",0,25.5962646598395
