"","obs","bmi"
"1",0.36156499451138,28.661317015306
"2",0.332038715234993,28.2033116001005
"3",0.346077763886699,28.3919842576292
"4",0.329930420282701,28.1228943365822
"5",0.314018253592991,27.8540589709689
"6",0.239761619898246,27.0573120892627
"7",0.302230403188916,27.8887462367343
"8",0.336330164280115,28.3046039081077
"9",0,25.5633378625361
