"","obs","bmi"
"1",0.363590062916367,28.7338861959343
"2",0.332199546255282,28.2748332356205
"3",0.3438213002354,28.4380599947911
"4",0.330044551937421,28.1424466043652
"5",0.308022187202008,27.8470551755645
"6",0.244115384535065,27.092092475988
"7",0.301251112946046,27.8228624109916
"8",0.336155895291994,28.283253869002
"9",0,25.6615817178435
