"","obs","bmi"
"1",0.36580481579786,28.7393929105928
"2",0.33632141775019,28.2820631313622
"3",0.360605230823226,28.4620503688113
"4",0.354394745948141,28.1849728096842
"5",0.349010039260414,27.9081722394369
"6",0.248048750748268,27.1110549492124
"7",0.307684072543791,27.9133330065429
"8",0.330239464425026,28.2438495686997
"9",0,25.628999569366
