"","obs","bmi"
"1",0.361043417086199,28.7056675971422
"2",0.331851248629366,28.2433289400064
"3",0.3544753542872,28.4938974863553
"4",0.346366822583349,28.282219423792
"5",0.337646379132565,28.0706366887214
"6",0.242459020474731,27.0709926948776
"7",0.30928830853301,27.9237570300282
"8",0.328717164456696,28.2314712486996
"9",0,25.6127060893608
