"","obs","bmi"
"1",0.364357724698387,28.7436798613108
"2",0.333115722561849,28.2861232580984
"3",0.339907657155949,28.3814050253516
"4",0.314094915534327,28.0194934820364
"5",0.28913722595655,27.6579661462552
"6",0.241544350266836,27.0877403774169
"7",0.307363080179997,27.9158576322832
"8",0.336252435177704,28.3282339947501
"9",0,25.5853497113797
