"","obs","bmi"
"1",0.362549965118682,28.7106179411247
"2",0.332804473253358,28.2506987278411
"3",0.335085830059118,28.3694020712764
"4",0.303819612042804,28.0283152446772
"5",0.275647941355944,27.687359692578
"6",0.246579153381983,27.0774319156795
"7",0.31090451596558,27.9572108644461
"8",0.336922777245621,28.3309817513657
"9",0,25.6135509494954
