"","obs","bmi"
"1",0.35979776006117,28.7233752934909
"2",0.328743157222948,28.2584890614879
"3",0.34753122787855,28.4562276319871
"4",0.33458342983476,28.1892188907989
"5",0.323138400452576,27.9223538236359
"6",0.243073626482441,27.0592530628617
"7",0.310072536123043,27.8932298124555
"8",0.335885454555251,28.2947006177475
"9",0,25.5822165568013
