"","obs","bmi"
"1",0.361777106468427,28.7160978676004
"2",0.332211605121683,28.2601022560144
"3",0.333374824839754,28.2769784301733
"4",0.302959803856659,27.8383565876242
"5",0.274575268139062,27.4002666708184
"6",0.248912323823399,27.1323504486953
"7",0.30588054201051,27.8874481396275
"8",0.339954949637389,28.3350956331931
"9",0,25.5448694109663
