"","obs","bmi"
"1",0.356320851619316,28.6594285857287
"2",0.328160468519241,28.2009055435487
"3",0.338410991747834,28.3119002657127
"4",0.321764485741186,27.9646436976442
"5",0.299993163171772,27.6176727299204
"6",0.247275422555658,27.1239233095474
"7",0.302252545688517,27.8442593195415
"8",0.341689477160337,28.3351417991511
"9",0,25.6104139389485
