"","obs","bmi"
"1",0.362170733333297,28.7239657220584
"2",0.332324297286613,28.267475903393
"3",0.34014214385669,28.4662596929791
"4",0.315058865375617,28.2086255174102
"5",0.290056157915033,27.9510637108676
"6",0.239329825064286,27.0330057361919
"7",0.312145355486364,27.9699988432856
"8",0.330893017306212,28.2786080587937
"9",0,25.5574612138133
