"","obs","bmi"
"1",0.364774190981278,28.7472657446934
"2",0.334971095760549,28.2875408361331
"3",0.352443421197135,28.5381065664291
"4",0.338974887885925,28.3290347764071
"5",0.324176692289783,28.1200525587321
"6",0.245044744271545,27.0587617976894
"7",0.306771402430865,27.9080505784024
"8",0.330342428243547,28.2615730682695
"9",0,25.5465793475904
