"","obs","bmi"
"1",0.362018547719032,28.7051620015665
"2",0.331883235916189,28.245712895039
"3",0.343185865100118,28.4089159008376
"4",0.321256663397816,28.1128046774426
"5",0.296320351025406,27.8168320165994
"6",0.243697387196577,27.0632606433173
"7",0.307703894184304,27.8981150291086
"8",0.333575391502779,28.2653808547372
"9",0,25.6196441858778
