"","obs","bmi"
"1",0.362407290487205,28.7274897898811
"2",0.331745675241669,28.2656528050106
"3",0.348701215547918,28.4286284406315
"4",0.335448764077181,28.1299775092168
"5",0.322406474103898,27.8315459125699
"6",0.243424796315616,27.0528759947353
"7",0.303757805931979,27.9122828017297
"8",0.335863621615288,28.2567134402097
"9",0,25.5795805041471
