"","obs","bmi"
"1",0.358582452077822,28.6603473816511
"2",0.327018345666139,28.2020833823018
"3",0.350530465755597,28.4411958684757
"4",0.340490804650209,28.2221400241902
"5",0.331567039311424,28.0031829338212
"6",0.242276597727627,27.031792601888
"7",0.301532192690615,27.8290596660967
"8",0.335317488986122,28.3082184988821
"9",0,25.5644538975819
