"","obs","bmi"
"1",0.359478037589577,28.6638213723131
"2",0.330502754582187,28.1999182593332
"3",0.332373242276157,28.3026889378417
"4",0.301374372195055,27.941753401601
"5",0.274393249421908,27.5810212270448
"6",0.243431324577992,27.0077649111906
"7",0.303546131668087,27.8253656042933
"8",0.335885887404046,28.3420203704148
"9",0,25.580855221266
