"","obs","bmi"
"1",0.357919230806116,28.6442037383864
"2",0.32815576981362,28.1778208114762
"3",0.328995833543315,28.3215000013761
"4",0.296795635424341,27.9989263096522
"5",0.270558648669375,27.6764837656845
"6",0.243784453166383,27.0615194587003
"7",0.304792270647193,27.8980457595542
"8",0.33564823170969,28.3174703641528
"9",0,25.5427820400139
