"","obs","bmi"
"1",0.364834062451445,28.760935108508
"2",0.333575162263451,28.3084638845924
"3",0.346089005605242,28.5081440545899
"4",0.329631380736801,28.2554608910471
"5",0.3104982785271,28.0028882995399
"6",0.24533155114577,27.0969234573034
"7",0.308420052554269,27.8775097666111
"8",0.33600971591381,28.3101820715091
"9",0,25.6018190552704
