"","obs","bmi"
"1",0.357357235342579,28.6253622238258
"2",0.328221384124734,28.1655595988588
"3",0.336183373872707,28.3239770442156
"4",0.312286427407577,28.0227477967389
"5",0.285297706522513,27.7216794127201
"6",0.246382922144379,27.0766810403434
"7",0.312731785234022,27.9785520171812
"8",0.335725427713641,28.3119460563172
"9",0,25.5693161019695
