"","obs","bmi"
"1",0.362145833338825,28.6945857511331
"2",0.332939909682417,28.2333743600976
"3",0.340266565275547,28.3286084124243
"4",0.316878922175307,27.962944240497
"5",0.293156526555729,27.5976100301876
"6",0.241960877746865,27.0418322306075
"7",0.306099155197562,27.8839084786832
"8",0.332712853408509,28.2838356250256
"9",0,25.54679850133
