"","obs","bmi"
"1",0.359895983102006,28.7570237947286
"2",0.332846314375784,28.2973770378438
"3",0.34273699046619,28.4136097030936
"4",0.323865758697446,28.0704088443487
"5",0.299656726563498,27.7274294862526
"6",0.254637557668744,27.1836344967813
"7",0.307674000580787,27.8910366085282
"8",0.339197656282095,28.3036443797902
"9",0,25.5936773087895
