"","obs","bmi"
"1",0.357839491377144,28.6736500136017
"2",0.330003193352106,28.2185108407355
"3",0.328554048137745,28.2577893660333
"4",0.291794422713359,27.8420935111612
"5",0.259739425632026,27.4265673748557
"6",0.244197185788324,27.1190163735837
"7",0.312230303370319,27.9388205273652
"8",0.33695235834711,28.289888987233
"9",0,25.5789031897271
