"","obs","bmi"
"1",0.362899487464467,28.8034362408896
"2",0.33234270593621,28.335948245471
"3",0.358073743144038,28.556503338298
"4",0.352051039482301,28.3097921021605
"5",0.345880254499346,28.0633131030495
"6",0.248358858486836,27.1293934993091
"7",0.30616306338313,27.9312821256384
"8",0.338839565494323,28.3202680346245
"9",0,25.6786964972097
