"","obs","bmi"
"1",0.356468139314141,28.6740123210937
"2",0.325140974906747,28.2194590794383
"3",0.336633670071533,28.4296308187474
"4",0.320142565721684,28.1853160522721
"5",0.298505647595091,27.9410693965566
"6",0.241423661201168,27.0836557404399
"7",0.307233075396939,27.9164682372923
"8",0.329537458522173,28.2376341549585
"9",0,25.6250125774431
