"","obs","bmi"
"1",0.365874067593852,28.7883141740293
"2",0.333884939076699,28.3241931102866
"3",0.353974916674215,28.5059554889955
"4",0.343302939110876,28.2239342160548
"5",0.331411490495599,27.9422694485211
"6",0.245885429145396,27.0763557846049
"7",0.301232397739268,27.874357127592
"8",0.342951439841753,28.3708928699704
"9",0,25.6079284569129
