"","obs","bmi"
"1",0.359636459130437,28.710385943356
"2",0.331316796344449,28.2573884774811
"3",0.345195745815274,28.391967342239
"4",0.331174814573147,28.0737729375011
"5",0.311411881749894,27.7558126786308
"6",0.243924080998108,27.0564141565612
"7",0.304998506499304,27.835865726999
"8",0.329536448782855,28.2027359021963
"9",0,25.5989788155844
