"","obs","bmi"
"1",0.355899385850715,28.6814293063452
"2",0.324216035246788,28.2165621811185
"3",0.335660260211506,28.2676813650065
"4",0.315828036145477,27.8541911936124
"5",0.29590307477746,27.4409713096256
"6",0.244891246905499,27.0721233120033
"7",0.309786080908608,27.9167802396054
"8",0.332834570805102,28.3012510768895
"9",0,25.6236686353407
