"","obs","bmi"
"1",0.361153038836916,28.7284348265147
"2",0.333320094020065,28.2758316681929
"3",0.340600725752755,28.3859436931111
"4",0.314641059861354,28.0436562234255
"5",0.290695101345882,27.7015793339251
"6",0.24901511117815,27.1097276280046
"7",0.305212317554712,27.8735847325873
"8",0.33616485679607,28.2987379512275
"9",0,25.6012697834026
