"","obs","bmi"
"1",0.362740371968912,28.7361284116182
"2",0.331254617558732,28.27256393179
"3",0.349817291604508,28.4306868332563
"4",0.33624068855872,28.12558717381
"5",0.323320394808295,27.8208488480699
"6",0.244348302755945,27.0927652121948
"7",0.306164996007533,27.8785819054944
"8",0.332378471888749,28.2309334660227
"9",0,25.5855016677827
