"","obs","bmi"
"1",0.368695522312554,28.7805495518299
"2",0.337323851058945,28.3127475498841
"3",0.364003294411723,28.5823710347468
"4",0.358583392935983,28.3844152338875
"5",0.352710665605757,28.1866923630389
"6",0.239667040336252,27.0391763400683
"7",0.30815081631349,27.8862541525609
"8",0.334466326216717,28.2997534520678
"9",0,25.5776541959194
