"","obs","bmi"
"1",0.354327030896478,28.6599696759241
"2",0.323983779733921,28.2019824981108
"3",0.338438349784623,28.3899838435813
"4",0.321695520318911,28.1201272880318
"5",0.302179389563551,27.8504037241437
"6",0.246200279375895,27.0820720888498
"7",0.31234157851175,27.9405236334782
"8",0.332163309059682,28.2812657274573
"9",0,25.5961981073152
