"","obs","bmi"
"1",0.361161610337404,28.7315619534695
"2",0.331737676343382,28.26874209805
"3",0.337442554662332,28.4669747091634
"4",0.311659841050493,28.2024777960502
"5",0.288230131325627,27.9380722478945
"6",0.243798430788175,27.0586721534872
"7",0.3057193286565,27.8778425338019
"8",0.333261668410699,28.2730821834374
"9",0,25.655791655274
