"","obs","bmi"
"1",0.366329239329292,28.743753073143
"2",0.338242889006591,28.2806831158745
"3",0.361017076642617,28.5086177987335
"4",0.355498911397672,28.2736459455326
"5",0.350471134178737,28.0388435572015
"6",0.243823536963719,27.083925194742
"7",0.305685526849215,27.8937405276704
"8",0.332004841843213,28.2123600704956
"9",0,25.5707710892998
