"","obs","bmi"
"1",0.355540652081188,28.6271005884479
"2",0.324030152082843,28.1644141226444
"3",0.340922787331979,28.3269268875053
"4",0.326857928079686,28.026972760721
"5",0.311124883771009,27.7272472564977
"6",0.238720474217719,27.0394341093571
"7",0.301139965567873,27.8559437155717
"8",0.327654005886874,28.223634846014
"9",0,25.5820875304125
