"","obs","bmi"
"1",0.357954603418335,28.7205703248391
"2",0.330131320834999,28.2575563955438
"3",0.341019231728111,28.3841761776193
"4",0.325105486072797,28.0481236727182
"5",0.30385946588147,27.7124332516736
"6",0.241968498099569,27.0886928177428
"7",0.315178924208272,27.9927447135993
"8",0.334071817723243,28.3284125821378
"9",0,25.6288460258192
