"","obs","bmi"
"1",0.361356726086642,28.7070177049379
"2",0.330175843525827,28.2487924108946
"3",0.335827388555276,28.3546535184384
"4",0.30688077203695,28.0025078466009
"5",0.283629985904258,27.6505893154245
"6",0.248176533846685,27.0755617107179
"7",0.312693847170396,27.9768731037817
"8",0.334662051836201,28.308473027022
"9",0,25.5795656928029
