"","obs","bmi"
"1",0.360426952180371,28.6848102977436
"2",0.331462838272683,28.2307461778941
"3",0.347977832935335,28.4355182147843
"4",0.33516795483642,28.1864027698944
"5",0.319603452578129,27.937470493145
"6",0.244111650973406,27.0956540575337
"7",0.31439154546037,27.9777539725907
"8",0.336671000260906,28.3018762575224
"9",0,25.5638294428727
