"","obs","bmi"
"1",0.356378357629478,28.6806504226739
"2",0.326852080771035,28.2253514066409
"3",0.33162626004448,28.2914200985238
"4",0.304314860231571,27.9024039224493
"5",0.282598220743407,27.5136095566208
"6",0.242953495861759,27.0877275541643
"7",0.303688893171762,27.8532751916808
"8",0.335643399921268,28.317456449401
"9",0,25.6138165141361
