"","obs","bmi"
"1",0.365290373024647,28.7440513771254
"2",0.334531071241691,28.2862448199266
"3",0.361205711049501,28.5662390231403
"4",0.355960289648717,28.3886970798979
"5",0.347967840278973,28.211441059715
"6",0.246077005931531,27.0584889952442
"7",0.303402077646714,27.8518888228556
"8",0.335446409882408,28.2695307180526
"9",0,25.5501494257838
