"","obs","bmi"
"1",0.362496572951712,28.7384139762084
"2",0.331057635980985,28.2716641196954
"3",0.341862808534412,28.4448517812634
"4",0.322218825766173,28.1514124083031
"5",0.30157998482775,27.8581002759393
"6",0.246393981041827,27.1052156536483
"7",0.305270192071049,27.8647844766635
"8",0.343512967198668,28.3238475905985
"9",0,25.6118074456668
