"","obs","bmi"
"1",0.358646416851139,28.6570502631225
"2",0.331058046573158,28.198022413929
"3",0.341937983869392,28.3036953757464
"4",0.320188846652903,27.9505521383146
"5",0.299003011457162,27.5976276694697
"6",0.249654834009222,27.1449387903248
"7",0.315703408834211,27.9849326771057
"8",0.338795499290129,28.3360928929261
"9",0,25.5928688184349
