"","obs","bmi"
"1",0.355761962793471,28.6693261076703
"2",0.327774596774309,28.218246247974
"3",0.337846328308527,28.2588591540458
"4",0.318648312316811,27.848724004493
"5",0.295507882218641,27.438939168485
"6",0.241878520176671,27.0490904966695
"7",0.3115871671909,27.9291275658954
"8",0.337336375993127,28.3100599206461
"9",0,25.6008941373784
