"","obs","bmi"
"1",0.360438206212208,28.7237059544454
"2",0.329481136657619,28.2679582711215
"3",0.337314689423911,28.3667280456661
"4",0.314450005132881,28.0100610173285
"5",0.290696047973134,27.6537212114065
"6",0.24680490163171,27.0531855890796
"7",0.303619941516885,27.8559553325325
"8",0.333181074371265,28.2568909141748
"9",0,25.6198648990042
