"","obs","bmi"
"1",0.362489243903486,28.6627291195769
"2",0.330478779399243,28.2014740971021
"3",0.337723087251112,28.2157148989399
"4",0.314967517777607,27.7691827291457
"5",0.292248375658135,27.3231622590346
"6",0.24451116283921,27.0354457179675
"7",0.299401867533963,27.8292215893873
"8",0.330695541809309,28.2433034465158
"9",0,25.5243297133814
