"","obs","bmi"
"1",0.360003342301868,28.7516419076157
"2",0.333764190708213,28.2974799870419
"3",0.346443376831517,28.4932607918135
"4",0.334147857035757,28.2350068102561
"5",0.322606600833532,27.9768859184526
"6",0.244642902112424,27.0835766634533
"7",0.311269355873846,27.9134064473545
"8",0.336516246724898,28.2771423225981
"9",0,25.6629841845436
