"","obs","bmi"
"1",0.355331410172543,28.6324337081186
"2",0.326060991264021,28.182186835993
"3",0.334226218770029,28.3587698855746
"4",0.306735182255485,28.0851686929169
"5",0.281264582292826,27.8116291626308
"6",0.248607604563484,27.1003596631043
"7",0.304256864988233,27.8317563843855
"8",0.335274859604916,28.2459747027729
"9",0,25.5619766512052
