"","obs","bmi"
"1",0.364593310127905,28.7661385406294
"2",0.335263915986227,28.3019024483771
"3",0.351763266182158,28.4931450756771
"4",0.337204084728805,28.2203816170027
"5",0.321790601489244,27.9478583274766
"6",0.247380208522378,27.0846790275695
"7",0.308302071561292,27.9357150903099
"8",0.331642279309387,28.3110669751515
"9",0,25.6109613234958
