"","obs","bmi"
"1",0.3596222154481,28.6852392355786
"2",0.328535482250609,28.2206249579167
"3",0.345116267081961,28.2924813028496
"4",0.330393657439805,27.900326080996
"5",0.313432550910377,27.5088202625703
"6",0.245893260037144,27.0953738713778
"7",0.304737607938919,27.8742796269758
"8",0.325762297106229,28.1727591213104
"9",0,25.5735844039065
