"","obs","bmi"
"1",0.36084115815982,28.7300179646959
"2",0.331681020414434,28.2656547438599
"3",0.340054795710297,28.4288097601184
"4",0.318120529039236,28.1277154204205
"5",0.296408487886134,27.8267371315275
"6",0.245187813143527,27.0561887979102
"7",0.307727037596902,27.9101956342422
"8",0.337379935382628,28.3232937303187
"9",0,25.5386169683381
