"","obs","bmi"
"1",0.354641100678029,28.6848704305518
"2",0.325001069597545,28.222808033733
"3",0.34109879575181,28.401578418176
"4",0.326280985797261,28.1185719441563
"5",0.308615939908375,27.8358664627902
"6",0.246944721294816,27.0539503623156
"7",0.30263842772384,27.8321556917555
"8",0.329719337442171,28.2890743301617
"9",0,25.6017658123755
