"","obs","bmi"
"1",0.360681150546638,28.7057421590028
"2",0.333709874288913,28.2499863339482
"3",0.341935290570844,28.3151026748425
"4",0.323730016898406,27.9248601896353
"5",0.303067887896385,27.5350374367473
"6",0.247361577547313,27.1010836642942
"7",0.306925023156762,27.9371213343319
"8",0.338636796925,28.2769492412759
"9",0,25.5912152486537
