"","obs","bmi"
"1",0.359265765478727,28.7152011239088
"2",0.33005152370377,28.2677166805674
"3",0.328968316538179,28.3385559101085
"4",0.294383968978492,27.9620037757147
"5",0.262507593249293,27.5855454113483
"6",0.2468761248946,27.1082607243465
"7",0.308809609065612,27.903993025661
"8",0.331925910006466,28.2946533060152
"9",0,25.6265383028754
