"","obs","bmi"
"1",0.361194946591635,28.6918785490189
"2",0.3291056227163,28.229225681165
"3",0.347912559901661,28.4443757747285
"4",0.333222869127477,28.1969616505407
"5",0.320080489215674,27.9496382267505
"6",0.241330831249503,27.043143691049
"7",0.304838831430288,27.8846726368309
"8",0.335056166299758,28.3190089397058
"9",0,25.6117338593346
