"","obs","bmi"
"1",0.364719661675276,28.7445417370249
"2",0.335432809605994,28.2834690524061
"3",0.337759282924493,28.3998442568453
"4",0.305680831125789,28.0553948609881
"5",0.277513602456138,27.711204246927
"6",0.244637481262308,27.0901761968241
"7",0.305850794446758,27.9043483888683
"8",0.335623811323208,28.2870883997572
"9",0,25.6019740247214
