"","obs","bmi"
"1",0.363512820031433,28.6960237692742
"2",0.333878905885785,28.2320407576898
"3",0.345655142467095,28.3829504912186
"4",0.323300149073867,28.0700878361561
"5",0.303487027799532,27.757443606101
"6",0.242586275764159,27.0870466865727
"7",0.307411608286861,27.9125669561845
"8",0.337432368885559,28.3422255599196
"9",0,25.557036792212
