"","obs","bmi"
"1",0.362719264733651,28.7108121542446
"2",0.333153163103664,28.2456556027505
"3",0.349158581126421,28.4089206839946
"4",0.337038027143245,28.1072545836112
"5",0.324518368439944,27.8058232661277
"6",0.244104962053722,27.043344157464
"7",0.304431449420695,27.8558881105095
"8",0.339761343391577,28.3362167468146
"9",0,25.5752489554591
