"","obs","bmi"
"1",0.360368301339068,28.6689147336604
"2",0.332840886934355,28.2056648113684
"3",0.338142249323611,28.3542444223178
"4",0.314366814897794,28.039704137956
"5",0.286376754556568,27.7252967536033
"6",0.244040319216837,27.0839700261745
"7",0.306683215283579,27.8953043723082
"8",0.338129242288464,28.3089632331581
"9",0,25.590941275308
