"","obs","bmi"
"1",0.36433690440472,28.7209023944036
"2",0.335333005704472,28.2653598263065
"3",0.340462285343955,28.3915185087714
"4",0.318435461304973,28.062243257706
"5",0.29159629456178,27.7330792438465
"6",0.245142284412587,27.0921216301012
"7",0.301980278244867,27.8443033428635
"8",0.341000147720201,28.3575275972434
"9",0,25.5400833833204
