"","obs","bmi"
"1",0.353443115099252,28.6360454959453
"2",0.324835013076748,28.1734135130117
"3",0.338581021549202,28.4364225480942
"4",0.320028731557169,28.2369232790728
"5",0.304267365681372,28.0375528056464
"6",0.245764618428287,27.0706107907842
"7",0.306829998170937,27.861868255814
"8",0.33376944696953,28.2909559309731
"9",0,25.5869098971702
