"","obs","bmi"
"1",0.358356557312791,28.7065908414643
"2",0.328856464402399,28.2475148796271
"3",0.336099827818586,28.2903119746812
"4",0.309929779306323,27.874523972356
"5",0.284446483020845,27.4592609905802
"6",0.24266845311137,27.0496844348033
"7",0.309884948235573,27.9150126550146
"8",0.333556981268087,28.3227935519462
"9",0,25.576922465606
