"","obs","bmi"
"1",0.355109379559932,28.6937616457795
"2",0.327165757463529,28.2393411302763
"3",0.339656035218355,28.3983289033684
"4",0.32250130362555,28.1032521154835
"5",0.305473847944831,27.8085542296308
"6",0.24035286779985,27.0273078923561
"7",0.307477801270552,27.8911065763097
"8",0.335295798365377,28.2903902391839
"9",0,25.62924430647
