"","obs","bmi"
"1",0.36233960818489,28.7034958434971
"2",0.33354278846177,28.2490175117658
"3",0.351235070453603,28.3909799594644
"4",0.338888760493627,28.0787759401503
"5",0.327865090011331,27.7669017759333
"6",0.243404697117459,27.1010216502632
"7",0.310293613047605,27.9235226338339
"8",0.337680650294525,28.294204098651
"9",0,25.5631213351028
