"","obs","bmi"
"1",0.364743751276071,28.7411279986729
"2",0.334813463977123,28.281164306624
"3",0.349041212955896,28.4105548187581
"4",0.329178794105683,28.0802058661606
"5",0.311572184825644,27.7500904067032
"6",0.245972891674917,27.0815011481268
"7",0.306148277539035,27.8762047004034
"8",0.333366003759875,28.2276462511463
"9",0,25.6106149941944
