"","obs","bmi"
"1",0.358406827810138,28.6866734282996
"2",0.328761701577073,28.2249702336169
"3",0.340944197353211,28.4324624543855
"4",0.323031459417696,28.1783327411818
"5",0.305318380490356,27.9242866087734
"6",0.240210119816118,27.0481040189921
"7",0.309655204708732,27.908832436236
"8",0.339500447964121,28.3625869657662
"9",0,25.5868671009363
