"","obs","bmi"
"1",0.366633672219458,28.7908146161075
"2",0.336851670561378,28.333734930985
"3",0.343600697452372,28.4291861882844
"4",0.31549051546692,28.0677417958742
"5",0.289553347659169,27.706487369633
"6",0.240589869211497,27.0563194141218
"7",0.306615208157861,27.9068728622158
"8",0.335707885880175,28.2582914016456
"9",0,25.6456384787547
