"","obs","bmi"
"1",0.360256415704014,28.643442765235
"2",0.330132561835057,28.1892651903923
"3",0.341009105149227,28.3549143340473
"4",0.323276874801548,28.0665158953166
"5",0.303754149853768,27.7782508061978
"6",0.248027788996651,27.0642423952397
"7",0.302389620428828,27.8523102240099
"8",0.337315696582914,28.2851406681618
"9",0,25.5671777801585
