"","obs","bmi"
"1",0.363610992716827,28.7519038587151
"2",0.335233028293591,28.2923340354448
"3",0.353175415980925,28.5625478119594
"4",0.342960693929177,28.3733120275687
"5",0.334967122427191,28.1842000484804
"6",0.243254180630045,27.0603882323539
"7",0.302660226148885,27.888270420177
"8",0.334719921659353,28.2654121498917
"9",0,25.6276307076609
