"","obs","bmi"
"1",0.361854708769602,28.7162086571686
"2",0.33274551231415,28.25421296541
"3",0.333865780165439,28.3771291182875
"4",0.303167307341968,28.038162964375
"5",0.275199419463707,27.6993106261288
"6",0.242521149219366,27.0170191335933
"7",0.313535579454731,27.9132364479229
"8",0.33370132661615,28.256484950586
"9",0,25.6389060249108
