"","obs","bmi"
"1",0.364210063249418,28.7283921364257
"2",0.336473529655041,28.2768926363386
"3",0.342118073024952,28.4183845421251
"4",0.318599084079106,28.1085418337235
"5",0.296216845304965,27.7988695768407
"6",0.244383964976441,27.0477510163753
"7",0.304166371946941,27.879439981666
"8",0.336141915493326,28.344204332903
"9",0,25.5402673622805
