"","obs","bmi"
"1",0.359758202733809,28.666747018177
"2",0.330893170993487,28.2051712599301
"3",0.334697229877851,28.3262866650351
"4",0.307679745566272,27.9860478533606
"5",0.279354325682153,27.6460397695561
"6",0.247089894023985,27.0722716445733
"7",0.309090439191419,27.919931070879
"8",0.335781161982039,28.2780416808218
"9",0,25.5873934056739
