"","obs","bmi"
"1",0.361302270068089,28.7736642378297
"2",0.332547133705011,28.3141787473775
"3",0.331795617827752,28.3865483183086
"4",0.301137534234442,27.9995781205668
"5",0.270814558241919,27.6127563530734
"6",0.239919962941095,26.9909812401802
"7",0.304371578752071,27.8797494656344
"8",0.330103962706407,28.2610159852405
"9",0,25.6804664332902
