"","obs","bmi"
"1",0.360315463026159,28.7182598063639
"2",0.330017183124578,28.2502047153431
"3",0.342821428479262,28.4020130492323
"4",0.323356327642443,28.0859559689714
"5",0.304470062743083,27.7700952575893
"6",0.248026968134141,27.115948775034
"7",0.309001130839688,27.8860920676197
"8",0.337359971729188,28.3117963831253
"9",0,25.632756631601
