"","obs","bmi"
"1",0.357832508465598,28.7094974075669
"2",0.330705593768028,28.2564720796895
"3",0.329245586433311,28.3520879469418
"4",0.294469912048004,27.9948365670102
"5",0.264445358347764,27.6377462495818
"6",0.247757130116968,27.108795516799
"7",0.304360466345814,27.8650933423625
"8",0.335625344677956,28.2763843567756
"9",0,25.6399954909866
