"","obs","bmi"
"1",0.359358691574639,28.7046779105561
"2",0.328549930627733,28.2441451712165
"3",0.351393994638231,28.4337016009014
"4",0.343223171467425,28.1632310842265
"5",0.334720641363223,27.8933034724341
"6",0.241069270792304,27.0640194753366
"7",0.305751117127669,27.8795100219714
"8",0.335700412492707,28.2605137827083
"9",0,25.5955367487194
