"","obs","bmi"
"1",0.360668238342036,28.7039114646306
"2",0.333184717319865,28.25253059656
"3",0.344234807798377,28.4179417889144
"4",0.32480332876844,28.1321874807376
"5",0.303468587291849,27.846657557992
"6",0.24406612022968,27.047605959041
"7",0.309859175440465,27.9302485695229
"8",0.33470662941734,28.3202459862715
"9",0,25.6096876442276
