"","obs","bmi"
"1",0.362764484370617,28.7245260664952
"2",0.331839540579333,28.2657634957744
"3",0.339255122062387,28.4027505624754
"4",0.315320057340971,28.0811165596891
"5",0.291772458931261,27.7596285693928
"6",0.249550848374038,27.0928145757437
"7",0.308922961063841,27.9151475716899
"8",0.335348626891484,28.2941679713912
"9",0,25.5885734778196
