"","obs","bmi"
"1",0.355043630549717,28.6582514179006
"2",0.326042968339602,28.2050335996686
"3",0.335526572562337,28.3403588467032
"4",0.317011174829597,28.0227474146692
"5",0.298786495472153,27.7054323500665
"6",0.241180648595403,27.074615830061
"7",0.306637461702951,27.8862031982191
"8",0.329776850382088,28.2327317435337
"9",0,25.5587606565779
