"","obs","bmi"
"1",0.365503174776452,28.7361192330919
"2",0.336323833647403,28.2807182513694
"3",0.353695447831641,28.5118462043684
"4",0.342298692803711,28.2876788681577
"5",0.326358338207727,28.0636211055499
"6",0.244220413798377,27.1100752201616
"7",0.30811819295217,27.9147603337414
"8",0.333969084120392,28.3301381219794
"9",0,25.5920307095687
