"","obs","bmi"
"1",0.354203064542626,28.6750941251794
"2",0.324541434839843,28.2142607306402
"3",0.331527939324202,28.2793134030225
"4",0.306528969410987,27.8837746518329
"5",0.28431773515414,27.4884872774099
"6",0.241777704621892,27.088143279224
"7",0.306331524397345,27.9078692161645
"8",0.3370552238571,28.3115503844258
"9",0,25.6275278348162
