"","obs","bmi"
"1",0.361663347092821,28.7421720747364
"2",0.330983395813518,28.284601339744
"3",0.344615575949515,28.4339867581484
"4",0.32624026158128,28.1259801515741
"5",0.307089089125999,27.8181586886765
"6",0.245772363493249,27.1246836347135
"7",0.30591984652239,27.8922922817742
"8",0.3399048834807,28.2977621987028
"9",0,25.5922358640127
