"","obs","bmi"
"1",0.35864769509091,28.6618055555351
"2",0.326739792283669,28.2031069074857
"3",0.339756425547357,28.4380460247826
"4",0.31909243027309,28.2143610513194
"5",0.301018264685337,27.9907518637939
"6",0.249790531655279,27.1084655110828
"7",0.307301397365025,27.9077328649733
"8",0.333227297278233,28.2810699492304
"9",0,25.570955561219
