"","obs","bmi"
"1",0.361532632896808,28.7401634927691
"2",0.332173402194908,28.2828380391014
"3",0.340965787744694,28.4210852829353
"4",0.319051918299522,28.1021844028258
"5",0.296525327174002,27.7834663928067
"6",0.248241489589222,27.0630092811457
"7",0.310319031861692,27.9741115214981
"8",0.33906860466752,28.335240668344
"9",0,25.6295506795793
