"","obs","bmi"
"1",0.355616838931015,28.6642606486647
"2",0.326476619941418,28.2036162003068
"3",0.336982457737243,28.4040217537255
"4",0.316667884367006,28.1438511894281
"5",0.293310523978362,27.8837507601447
"6",0.247180238288618,27.0824633158262
"7",0.303191491399033,27.8631660538144
"8",0.330281972117292,28.2293444621001
"9",0,25.5623533618167
