"","obs","bmi"
"1",0.363887538538874,28.7322073689816
"2",0.32992307832832,28.2649535391847
"3",0.340055999491278,28.4439406060105
"4",0.315607958082334,28.1558138771755
"5",0.297858739155014,27.867830501653
"6",0.244553854327286,27.0276992476411
"7",0.30988810168305,27.8898008882504
"8",0.332209918478471,28.2499429054362
"9",0,25.6218304913856
