"","obs","bmi"
"1",0.369156209833088,28.7433214791931
"2",0.337922976175327,28.2867717293064
"3",0.348533324269734,28.4503145458725
"4",0.326748224810606,28.1575846569454
"5",0.305690784518806,27.8651468586135
"6",0.244419095032196,27.0829142489511
"7",0.304712381618383,27.8807072368035
"8",0.335329497314616,28.2633671068899
"9",0,25.541481217323
