"","obs","bmi"
"1",0.355257409694336,28.672142887101
"2",0.324795858091823,28.2050509348636
"3",0.333002561254269,28.3751314643418
"4",0.308562523921558,28.0782341188138
"5",0.283569420574243,27.7814533634099
"6",0.248261394468796,27.1545974830465
"7",0.309657404117697,27.8803296361508
"8",0.33927484704633,28.3194787550936
"9",0,25.5884636361708
