"","obs","bmi"
"1",0.364955369881863,28.7455217623132
"2",0.336009936861178,28.2875401442221
"3",0.339236740798753,28.4603822883837
"4",0.305199843873881,28.1753317361966
"5",0.277943600294179,27.8903707616759
"6",0.245177516686128,27.0473289944995
"7",0.309258050119749,27.9219663489159
"8",0.332382987145422,28.3091991144057
"9",0,25.5999655399963
