"","obs","bmi"
"1",0.353031552427698,28.6536161755538
"2",0.322502833951082,28.196937952764
"3",0.326287452532708,28.3315076049289
"4",0.300561069227725,28.009757768807
"5",0.274628432031921,27.6883910783714
"6",0.247410305982777,27.0867252324701
"7",0.306404409244536,27.917525280855
"8",0.334188975620309,28.3027792927187
"9",0,25.5958707273573
