"","obs","bmi"
"1",0.362858497072124,28.7091553420749
"2",0.333435457214341,28.2469338599721
"3",0.343512251977854,28.3263148862821
"4",0.323301070005775,27.9438631690504
"5",0.300609777092703,27.561823098774
"6",0.241151612254711,27.0499441084547
"7",0.299547579211944,27.8445627917491
"8",0.327523860878729,28.2397389778523
"9",0,25.5788865566512
