"","obs","bmi"
"1",0.356817606033982,28.6974168533515
"2",0.32720282434563,28.2456114105999
"3",0.334813776114849,28.3567990632519
"4",0.310638606188635,28.016352829382
"5",0.282234808016302,27.6760832348467
"6",0.246754948708164,27.0656946277753
"7",0.310950904247453,27.947920159798
"8",0.333151075549552,28.251011858896
"9",0,25.6072068184409
