"","obs","bmi"
"1",0.357965612368383,28.7111070878126
"2",0.332378166906864,28.2524953049138
"3",0.352602414857286,28.5130314064236
"4",0.348107701800044,28.315066022658
"5",0.343095493623342,28.1172137108216
"6",0.241909612994838,27.0775272440622
"7",0.312867135624937,27.9141187164284
"8",0.33478835685574,28.2639821616768
"9",0,25.5938044759551
