"","obs","bmi"
"1",0.360059434558054,28.6851598647632
"2",0.332031779559958,28.2263855850699
"3",0.343139937242537,28.2934717054458
"4",0.324413010590256,27.9022414438973
"5",0.305171972941154,27.5114991629089
"6",0.238799603496432,27.0273886378101
"7",0.298709360513263,27.7875378183661
"8",0.334516070263578,28.2880757124394
"9",0,25.5855042021377
