"","obs","bmi"
"1",0.354605138110752,28.6111441816271
"2",0.323451387643954,28.1474555594879
"3",0.327470147103165,28.2439451194045
"4",0.298016137036481,27.8769707195426
"5",0.27161748584253,27.5102286301962
"6",0.244393582129263,26.9979551741427
"7",0.305946018509386,27.9065614484446
"8",0.330846052942979,28.2542231722888
"9",0,25.5300810720662
