"","obs","bmi"
"1",0.369465446409499,28.797954162062
"2",0.336641044960316,28.3417852505245
"3",0.348893135113186,28.5162777138997
"4",0.324983906256745,28.2347329035086
"5",0.300440430853661,27.9533238410571
"6",0.238947763041991,27.0432609778457
"7",0.305403716145945,27.8604763988458
"8",0.335099832533688,28.3186902392182
"9",0,25.6601217449502
