"","obs","bmi"
"1",0.350590266732536,28.6534993420476
"2",0.322353196317551,28.197522721164
"3",0.330816539200397,28.3338696923563
"4",0.310546372092925,28.014508678732
"5",0.290337859111083,27.6954290047381
"6",0.244982240908709,27.0544755970903
"7",0.306588424907508,27.8258309113726
"8",0.331202765546329,28.2552833279093
"9",0,25.6016857135798
