"","obs","bmi"
"1",0.360363379276103,28.7237453342579
"2",0.331713656930464,28.2630254256179
"3",0.339057053122198,28.3727558960582
"4",0.314810018729447,28.0220913001099
"5",0.29108152945736,27.6717682565277
"6",0.244137740491237,27.0599121660743
"7",0.309404133687591,27.9571203373493
"8",0.331209457315101,28.2658667962371
"9",0,25.5992485107025
