"","obs","bmi"
"1",0.360583577262928,28.7333009649319
"2",0.331281118398407,28.2739780274166
"3",0.343239537257587,28.3688796862372
"4",0.324962430431645,28.0049322289397
"5",0.307141977100318,27.641492896933
"6",0.242063936473114,27.0464555647384
"7",0.310670937489987,27.9518409646277
"8",0.333023926240978,28.2631163221013
"9",0,25.6578052727382
