"","obs","bmi"
"1",0.361173063036386,28.7030028181114
"2",0.331099519161538,28.2453671653499
"3",0.350815436109031,28.494796238471
"4",0.341168469674138,28.2866837293744
"5",0.33310837954459,28.0786676381568
"6",0.237639780053752,27.0173873070461
"7",0.313134296652031,27.9170683339764
"8",0.340488389985176,28.3051941593605
"9",0,25.5493210410236
