"","obs","bmi"
"1",0.359759412708994,28.7219364509078
"2",0.327523322358556,28.2610714841402
"3",0.340487047226581,28.4191853358691
"4",0.322429893616251,28.1165617297006
"5",0.302585271540236,27.8140676989916
"6",0.24084907815126,27.0468972387898
"7",0.305210830539993,27.885990467144
"8",0.336107066686561,28.2991351828035
"9",0,25.6025424029337
