"","obs","bmi"
"1",0.362634614113852,28.7204494116549
"2",0.330410464793107,28.2561613996947
"3",0.340460174829428,28.3852853920534
"4",0.31738676497666,28.0504225661876
"5",0.293616436179741,27.7158754712769
"6",0.246460956991948,27.0914653362537
"7",0.303702925842298,27.8632549052753
"8",0.339761480420783,28.3153561434056
"9",0,25.6370339487846
