"","obs","bmi"
"1",0.35742606487878,28.6581396462115
"2",0.328915445456969,28.1995209086631
"3",0.344636183658718,28.3822543060849
"4",0.32949017754668,28.1065873805166
"5",0.317601487145927,27.8311483473101
"6",0.239355533970606,27.0096035660765
"7",0.307890741780706,27.8896917597843
"8",0.3314462403678,28.2450139325416
"9",0,25.5687787293295
