"","obs","bmi"
"1",0.356055265194234,28.6518100463852
"2",0.32907560505432,28.1976522393776
"3",0.349033521626983,28.4235961164661
"4",0.341754468028197,28.195522375898
"5",0.332150456355481,27.9675932621623
"6",0.243988109917578,27.0857919811474
"7",0.308247193119795,27.9188206286023
"8",0.33426899744718,28.2723992199929
"9",0,25.5912175546158
