"","obs","bmi"
"1",0.357928864815706,28.6639001253035
"2",0.329122084085439,28.2059664452878
"3",0.345682891181639,28.3820132793839
"4",0.330243980164939,28.1004281007809
"5",0.308678579639376,27.8191604668007
"6",0.24317157270599,27.0532234821971
"7",0.303312418435821,27.8944114595567
"8",0.334991057371513,28.2536290742888
"9",0,25.5766157068819
