"","obs","bmi"
"1",0.366299766438619,28.7552729149571
"2",0.335062489048765,28.2970731707638
"3",0.344491928948554,28.3803685347668
"4",0.320686783318348,28.0057403642861
"5",0.29960667818389,27.6314019217124
"6",0.245452309543257,27.0940096729692
"7",0.302503590207288,27.8666257122944
"8",0.335973553436723,28.303995637605
"9",0,25.5564429764132
