"","obs","bmi"
"1",0.358788878763103,28.658405497058
"2",0.329666835237799,28.1993930073114
"3",0.343916732202565,28.4097665271074
"4",0.331313635767529,28.161231391819
"5",0.314716465904655,27.9128038734505
"6",0.2432941268058,27.078145363498
"7",0.301695637779653,27.7928301692118
"8",0.332974298374487,28.2789696754364
"9",0,25.5623822755626
