"","obs","bmi"
"1",0.359876669527616,28.682044142083
"2",0.332860491749899,28.2347737072113
"3",0.334565525530871,28.2425274893523
"4",0.304183108756881,27.8034984017927
"5",0.271236040797027,27.3649906739996
"6",0.237949617932982,27.0536176236595
"7",0.303780504401289,27.8641399468934
"8",0.333398410871219,28.2556889653463
"9",0,25.5608207736017
