"","obs","bmi"
"1",0.358991894178977,28.7203166109558
"2",0.328984143116279,28.2606551200681
"3",0.341018625937073,28.3110388079006
"4",0.320422299376283,27.9022089226847
"5",0.29968656790992,27.4938554854799
"6",0.244942407108314,27.0827916973178
"7",0.30476805221058,27.8218305713412
"8",0.334780917420229,28.3210907905742
"9",0,25.6375290513735
