"","obs","bmi"
"1",0.355694989174676,28.6644890754739
"2",0.325694196240268,28.2079731231565
"3",0.337154904883227,28.3802133403909
"4",0.316489648116701,28.0960484068905
"5",0.298326296880929,27.8119963517909
"6",0.246137678479742,27.096481164913
"7",0.307870219185341,27.8873971621725
"8",0.337918047244118,28.3439645242361
"9",0,25.5785034210459
