"","obs","bmi"
"1",0.361089957688059,28.7012981533819
"2",0.330448630949181,28.2391380320153
"3",0.334714232055855,28.3224435254511
"4",0.307959927402113,27.9438015578419
"5",0.278497224651626,27.5653801740037
"6",0.239171113708167,27.0554172813915
"7",0.312047751027549,27.9530566913033
"8",0.339446171852386,28.3856592436171
"9",0,25.6430197446806
