"","obs","bmi"
"1",0.364158994961846,28.6974790331612
"2",0.334350706243302,28.2429619599964
"3",0.345660031709457,28.3848886463618
"4",0.323951588264214,28.0724965038179
"5",0.305410905288847,27.7603108217676
"6",0.249338675922141,27.1066564547091
"7",0.31164301142262,27.942975447619
"8",0.332697560254538,28.2928471212531
"9",0,25.5402360761
