"","obs","bmi"
"1",0.361348344344869,28.6899915379249
"2",0.330413351263737,28.2217806378609
"3",0.341079059041276,28.3603165115367
"4",0.320120595623844,28.0308182314224
"5",0.30062837499205,27.7015025866493
"6",0.243647691542143,27.0348401994199
"7",0.308229932442036,27.9017073193313
"8",0.339542309183745,28.3604160001478
"9",0,25.6202653106626
