"","obs","bmi"
"1",0.359122502691827,28.7060930159645
"2",0.326310085196184,28.2546664562292
"3",0.328937795615145,28.3422711100769
"4",0.298761479398653,27.9787952042118
"5",0.270018638700539,27.6156843419146
"6",0.245629615577111,27.0228461437395
"7",0.314288825683915,27.902839643853
"8",0.335511705430609,28.2571794761002
"9",0,25.626189035496
