"","obs","bmi"
"1",0.364672360024757,28.7549169014481
"2",0.33544931248512,28.3063150698455
"3",0.346379462070251,28.3893833467274
"4",0.321731165966821,28.0240186643748
"5",0.297935827504861,27.6588276774542
"6",0.24346381409493,27.0494319051255
"7",0.311028515357502,27.9381675325149
"8",0.336740080927952,28.2978010731257
"9",0,25.6137350384785
