"","obs","bmi"
"1",0.357985492707641,28.7197047145885
"2",0.328704522462841,28.2636345540327
"3",0.34186588661118,28.4268090376786
"4",0.326537590531073,28.1341093090185
"5",0.307328115222156,27.8416131435667
"6",0.252925471492258,27.1252015656367
"7",0.308091509721282,27.9389809754229
"8",0.33437215847413,28.2971256027914
"9",0,25.6294742921389
