"","obs","bmi"
"1",0.359114809253864,28.7118595893474
"2",0.332280631814577,28.2558245178791
"3",0.334492733247544,28.3326613456614
"4",0.304811236095312,27.9536726750812
"5",0.278803302327375,27.5749001090699
"6",0.241998395372311,27.0185089518036
"7",0.304330171093972,27.9098889612106
"8",0.335709657085329,28.3204324589376
"9",0,25.5805678321788
