"","obs","bmi"
"1",0.359392495266818,28.6919973113473
"2",0.328996673672399,28.2285825424318
"3",0.350117723480107,28.4313678885727
"4",0.339626149151435,28.1710822610194
"5",0.331261895166317,27.9111622404607
"6",0.250272623696969,27.1273101788457
"7",0.307608788666799,27.8987453225442
"8",0.333923866643052,28.2903414531729
"9",0,25.5823376188672
