"","obs","bmi"
"1",0.368695522312554,28.7805495518299
"2",0.337735570409962,28.3135216882678
"3",0.339474415551691,28.4937265287753
"4",0.313425580063717,28.2070044569087
"5",0.28390408804519,27.9203850045753
"6",0.239667040336252,27.0391763400683
"7",0.30815081631349,27.8862541525609
"8",0.334466326216717,28.2997534520678
"9",0,25.5776541959194
