"","obs","bmi"
"1",0.365863887489983,28.7676781331349
"2",0.337250134492297,28.3170255464216
"3",0.353913581138894,28.5973493470171
"4",0.341570814759117,28.4271477434935
"5",0.331669296426872,28.2570781067073
"6",0.245551793813433,27.0731220370814
"7",0.310381615438399,27.9478283661222
"8",0.335873677500309,28.2606439127137
"9",0,25.5882887306926
