"","obs","bmi"
"1",0.36325920982717,28.7539194465744
"2",0.334019668214223,28.2983211765332
"3",0.346945788036808,28.3472158062326
"4",0.328999058858655,27.9408840810074
"5",0.311709348874596,27.5349466727667
"6",0.24337525449548,27.0603963490491
"7",0.313306382216957,27.9875980257037
"8",0.334958303512526,28.3052828084415
"9",0,25.6663184955325
