"","obs","bmi"
"1",0.362298907797184,28.6961533193657
"2",0.332101352308255,28.2339201168891
"3",0.350304456343762,28.4508891939787
"4",0.338754951554458,28.2057804978751
"5",0.324237056553816,27.9608338892434
"6",0.24739823141559,27.0794923973913
"7",0.312581777186991,27.9662839032749
"8",0.342696316413408,28.3755985757702
"9",0,25.5691331130315
