"","obs","bmi"
"1",0.355342184230656,28.6739542514948
"2",0.328898785561757,28.2175523765833
"3",0.344628633102318,28.4325813762611
"4",0.331570192638962,28.1913659680079
"5",0.317528956136304,27.9503126410287
"6",0.244870428754556,27.1033386236195
"7",0.304320987446201,27.8231051351391
"8",0.334884867930588,28.3107074921845
"9",0,25.5772763919117
