"","obs","bmi"
"1",0.365250695308131,28.7391345008759
"2",0.335868547855844,28.2730351146752
"3",0.344803624150221,28.4538851383584
"4",0.324252605664849,28.1688253668258
"5",0.301631494720714,27.8839619962105
"6",0.244463586931971,27.0882271342553
"7",0.312120188497408,27.9720902993739
"8",0.335381996484897,28.2828914780956
"9",0,25.5664237974416
