"","obs","bmi"
"1",0.359370024189676,28.6797249384246
"2",0.332685625527751,28.2246783446852
"3",0.344603323446778,28.3631014033387
"4",0.327419480098187,28.0467074884177
"5",0.309571632838066,27.7305526370664
"6",0.239425586475273,27.0240287463884
"7",0.310366799980238,27.8890766631272
"8",0.335755220018222,28.2529651336916
"9",0,25.539825685227
