"","obs","bmi"
"1",0.357468422457878,28.7028809651671
"2",0.328810248727347,28.2533511905388
"3",0.332296734909146,28.3735674136695
"4",0.306007195528208,28.0443958715111
"5",0.280145219287166,27.7153698171438
"6",0.239779663437094,27.0468559288079
"7",0.301690767447397,27.8873867982684
"8",0.33470733544347,28.303181323915
"9",0,25.5724373365969
