"","obs","bmi"
"1",0.357955378877697,28.6740186717273
"2",0.330036886545787,28.2194541453221
"3",0.33973555029516,28.3393249481714
"4",0.319049648911251,28.005009730644
"5",0.29668794452944,27.671096768553
"6",0.24271433975886,27.0915488089887
"7",0.303601926333774,27.8842168695184
"8",0.332591196557436,28.2135408626383
"9",0,25.5653824996761
