"","obs","bmi"
"1",0.357537056846518,28.6583404333363
"2",0.326224535043732,28.1983076595839
"3",0.33911425742367,28.3354940287569
"4",0.322710416478648,28.012985563638
"5",0.30259317649356,27.6908344400785
"6",0.24477062203707,27.062585413722
"7",0.307237066585716,27.902265508405
"8",0.33817324224484,28.359935208279
"9",0,25.5787446992961
