"","obs","bmi"
"1",0.354779642081625,28.6571960999139
"2",0.325245427713266,28.1973131661903
"3",0.336105457449392,28.3367952736748
"4",0.315974073025969,28.0166459099732
"5",0.295269001168946,27.6967581908416
"6",0.238869350424007,26.9910441539886
"7",0.317236008493858,28.0066298244302
"8",0.329766686883353,28.2505990407155
"9",0,25.5673907730612
