"","obs","bmi"
"1",0.35537441873987,28.6517184795563
"2",0.325964118537185,28.191198624138
"3",0.325102873447083,28.2738609386204
"4",0.292614180080944,27.8964261040407
"5",0.263685169611524,27.5194421951236
"6",0.241356496517791,27.1128086237067
"7",0.307748161460174,27.8844693923578
"8",0.337413300478196,28.273889141491
"9",0,25.5732569892851
