"","obs","bmi"
"1",0.361419972121408,28.6634287958836
"2",0.333258265124269,28.2090076778108
"3",0.344803186327873,28.2908458479483
"4",0.325989914320568,27.9185703394706
"5",0.304540780220065,27.5466179950297
"6",0.243357183377358,27.102735697938
"7",0.302004951814786,27.891637765155
"8",0.332905016506855,28.2910358190685
"9",0,25.5364874923318
