"","obs","bmi"
"1",0.364720738180197,28.7750369972498
"2",0.332037945439862,28.3164592765821
"3",0.346565002144562,28.5284066894583
"4",0.329819381413093,28.2818816609396
"5",0.312696867337354,28.0354643201458
"6",0.247997043263711,27.098500921797
"7",0.307967560974869,27.9167062431374
"8",0.335776052512148,28.2842033688113
"9",0,25.6302016605405
