"","obs","bmi"
"1",0.363646766861598,28.7020486518913
"2",0.332940160576944,28.2365741742884
"3",0.341182764205952,28.4598284306212
"4",0.319781715302418,28.2177962707287
"5",0.297311607882687,27.975961293069
"6",0.244433677778833,27.0876002427703
"7",0.313314335509094,27.9546549677609
"8",0.333219332798356,28.242483838693
"9",0,25.5338075760318
