"","obs","bmi"
"1",0.360689615853856,28.7576923937127
"2",0.330798052716076,28.3042986469557
"3",0.340842839197161,28.5144227011422
"4",0.319894698093756,28.2712208830528
"5",0.298548459643534,28.0280893084686
"6",0.245204189118642,27.0665861110214
"7",0.307239231148583,27.8385271521288
"8",0.327953985119838,28.2221086518367
"9",0,25.6405126406898
