"","obs","bmi"
"1",0.360059139804883,28.7295083091549
"2",0.33037398757084,28.2802958019963
"3",0.334779144039475,28.3990087874736
"4",0.310158598823809,28.0686556624943
"5",0.285482356887205,27.7384525218461
"6",0.240918683262071,27.0399501415081
"7",0.303283418428737,27.8456628699305
"8",0.332233817425273,28.2337723219132
"9",0,25.629139229342
