"","obs","bmi"
"1",0.364955369881863,28.7455217623132
"2",0.336400405353604,28.2858977008404
"3",0.357694055335465,28.5526323376424
"4",0.349133045888214,28.3598917662032
"5",0.340339770392591,28.1673050823305
"6",0.245177516686128,27.0473289944995
"7",0.309258050119749,27.9219663489159
"8",0.332382987145422,28.3091991144057
"9",0,25.5999655399963
