"","obs","bmi"
"1",0.36422542389389,28.7383451586592
"2",0.336345313752495,28.2817153496204
"3",0.347737508546187,28.4917870514192
"4",0.327862248616856,28.2453309080039
"5",0.307031749775797,27.9989790501887
"6",0.244541144427305,27.0584443343835
"7",0.305582751397847,27.9020374528476
"8",0.329261961264106,28.2183754551771
"9",0,25.5858023354224
