"","obs","bmi"
"1",0.358991894178977,28.7203166109558
"2",0.329190304996444,28.2623313359694
"3",0.334621773423229,28.400551591547
"4",0.305610995394759,28.0810398538596
"5",0.282860768080262,27.7617943919261
"6",0.244942407108314,27.0827916973178
"7",0.30476805221058,27.8218305713412
"8",0.334780917420229,28.3210907905742
"9",0,25.6375290513735
