"","obs","bmi"
"1",0.36502901876668,28.7187746905226
"2",0.334821544785532,28.2679669774562
"3",0.343678266644923,28.3683448963664
"4",0.32249314732502,28.0181311874442
"5",0.300225287421305,27.6681421793732
"6",0.243641436218026,27.082829578201
"7",0.30832432236079,27.8776189439066
"8",0.332833811444083,28.2842266404816
"9",0,25.575353455727
