"","obs","bmi"
"1",0.355428385375841,28.6820411872577
"2",0.326696886121834,28.2137209762785
"3",0.341394389655931,28.4007912387375
"4",0.324443917338326,28.1198063722548
"5",0.308376690929933,27.8390996731253
"6",0.242148806367143,27.0825023018631
"7",0.30816826881244,27.8833540705592
"8",0.32887881686062,28.2079848360378
"9",0,25.6069746946413
