"","obs","bmi"
"1",0.356530391469575,28.6558074535358
"2",0.325863742940089,28.2015659194736
"3",0.336504472351082,28.2976258334706
"4",0.318698041354477,27.9397247087713
"5",0.296089515175358,27.5821173999622
"6",0.24277245007646,27.0399183787032
"7",0.303995635287224,27.9275859796079
"8",0.339680844356357,28.3676735566022
"9",0,25.5723805243672
