"","obs","bmi"
"1",0.352448963037114,28.6508160997007
"2",0.323129701307412,28.1969398962153
"3",0.329339249864782,28.3049292217521
"4",0.306809851662626,27.9591936808815
"5",0.282901290746054,27.6136141140693
"6",0.243497343790138,27.0381330401539
"7",0.311121509877365,27.9147374523408
"8",0.33464288455333,28.2686058711218
"9",0,25.6183797036098
