"","obs","bmi"
"1",0.363377224918209,28.755885393609
"2",0.335251812854301,28.2980439489953
"3",0.339475922297169,28.3924073100825
"4",0.309645499093649,28.0290526343493
"5",0.282679173503742,27.6658236096033
"6",0.242165156903018,27.0363624727319
"7",0.303036994964814,27.9001591392696
"8",0.332952527233993,28.2733810052269
"9",0,25.6365381616856
