"","obs","bmi"
"1",0.361480265395653,28.7037940267231
"2",0.332580823285357,28.2402768475436
"3",0.338694425582695,28.3586951179696
"4",0.314777993896246,28.0138061589275
"5",0.290490520346428,27.6691348547747
"6",0.239128681436979,27.0277941569991
"7",0.308433994845222,27.889337542686
"8",0.333850782575358,28.3014076270638
"9",0,25.5811827191179
