"","obs","bmi"
"1",0.363354384417627,28.6911371635815
"2",0.333982042728192,28.2276440022658
"3",0.347120346961933,28.425140503333
"4",0.330533364375616,28.1592318408045
"5",0.31119171976826,27.8934124341569
"6",0.238983265959177,27.0317152202396
"7",0.309851993157981,27.9604185720331
"8",0.340363739688277,28.3553694554511
"9",0,25.5541658670259
