"","obs","bmi"
"1",0.358312670992352,28.6705094039433
"2",0.329555306500344,28.2149841372869
"3",0.344097521198407,28.4285931741684
"4",0.328688878430148,28.1868040132967
"5",0.314864303815869,27.9451456804221
"6",0.245958806951864,27.0667853838567
"7",0.306255353635279,27.85073833709
"8",0.334633899105166,28.2475464281875
"9",0,25.5646580536997
