"","obs","bmi"
"1",0.360800727039424,28.7091305876215
"2",0.33125363995745,28.246403543717
"3",0.343459954789955,28.4689347240073
"4",0.320248591567809,28.2287882214401
"5",0.300587458707026,27.9886910301849
"6",0.2458700565915,27.0828160310036
"7",0.305936915099006,27.875285264397
"8",0.331485636914352,28.2247667383451
"9",0,25.5858213389959
