"","obs","bmi"
"1",0.362535772577917,28.6801602527813
"2",0.332160893010049,28.2296859637554
"3",0.350213736333724,28.3862942448431
"4",0.33801303750663,28.0926721762275
"5",0.327104013118822,27.7993051540288
"6",0.241903563157787,27.0469285539439
"7",0.308923036257339,27.92408823015
"8",0.335134702454069,28.2653974977564
"9",0,25.5748943491908
