"","obs","bmi"
"1",0.365425151554898,28.7130700977538
"2",0.332505233019963,28.2601229640685
"3",0.342917189475456,28.359693452749
"4",0.320020405261301,28.0067764699572
"5",0.296126843840749,27.6543516555664
"6",0.247763026597373,27.1305983759531
"7",0.306623701905272,27.8744175542381
"8",0.336503191940575,28.3110195364615
"9",0,25.6223908085947
