"","obs","bmi"
"1",0.359511367808077,28.71271177027
"2",0.32944417786716,28.254602518671
"3",0.348152753060716,28.4777445130754
"4",0.336228855025235,28.2429205242506
"5",0.32298416595282,28.0082436253338
"6",0.250504331956567,27.0946447817011
"7",0.308210490302911,27.9109930336487
"8",0.342141654244858,28.3551588013097
"9",0,25.6135656313754
