"","obs","bmi"
"1",0.361169380703902,28.6962397064297
"2",0.330401783452673,28.2302606126134
"3",0.350710492752411,28.4802690414598
"4",0.341661338564206,28.2645486954101
"5",0.331457404354422,28.0490899430717
"6",0.248388877410308,27.1024177564127
"7",0.308988809778364,27.9113138112703
"8",0.336310402001679,28.3522719224303
"9",0,25.5416418393936
