"","obs","bmi"
"1",0.360311246467195,28.7012597515836
"2",0.330853688617063,28.2446232379828
"3",0.341167241892579,28.4082486072655
"4",0.326336960297739,28.1154738390199
"5",0.30920328030943,27.822945903117
"6",0.244032895433933,27.0374034304291
"7",0.301787692821149,27.8720963014123
"8",0.335388429441003,28.2878468529402
"9",0,25.5806509873191
