"","obs","bmi"
"1",0.359477405606043,28.6890443868043
"2",0.329686119847427,28.2301932186203
"3",0.339807433634656,28.4126901050944
"4",0.31871261290284,28.1364292821436
"5",0.297217329104431,27.8602634717633
"6",0.243885852861153,27.053559495522
"7",0.304444245604752,27.895013116023
"8",0.329455981912244,28.3083376222276
"9",0,25.5664761765611
