"","obs","bmi"
"1",0.364834062451445,28.760935108508
"2",0.333599733234385,28.3042591970487
"3",0.340779667461483,28.4710700615384
"4",0.314756236412061,28.1813130749379
"5",0.292300874016635,27.8916663412244
"6",0.24533155114577,27.0969234573034
"7",0.308420052554269,27.8775097666111
"8",0.33600971591381,28.3101820715091
"9",0,25.6018190552704
