"","obs","bmi"
"1",0.362259677538058,28.7314455533379
"2",0.332477859383341,28.271812323579
"3",0.342709419852987,28.3818063041211
"4",0.324244817406141,28.0324438148439
"5",0.300302171702596,27.6833732736333
"6",0.245708495170006,27.0610858467555
"7",0.306854200758761,27.8693645472628
"8",0.333984186235749,28.2964594757571
"9",0,25.5941216929792
