"","obs","bmi"
"1",0.357518919988453,28.639493338644
"2",0.327427819452129,28.1688839860646
"3",0.341502583949709,28.297685244625
"4",0.326012614160416,27.9561919198524
"5",0.308883566839279,27.6150292641381
"6",0.245360861708578,27.1226119847853
"7",0.302919710117298,27.8609874605551
"8",0.331107345169458,28.2615664867409
"9",0,25.5739529762472
