"","obs","bmi"
"1",0.363425612839714,28.7097183660933
"2",0.336049108696299,28.2467289999539
"3",0.33734687860643,28.3264324301841
"4",0.305786735553165,27.9433002604251
"5",0.27997828360748,27.5603258338316
"6",0.246854402015024,27.054309996321
"7",0.300226654381187,27.8408566390547
"8",0.335722684862932,28.3301165025846
"9",0,25.5777114290228
