"","obs","bmi"
"1",0.360789576721189,28.7225065474464
"2",0.329003587109992,28.2645777173146
"3",0.336275159583873,28.405970383264
"4",0.309453215951739,28.089531050612
"5",0.28629418848946,27.7731888254656
"6",0.245282163167586,27.0970595031225
"7",0.308813750433522,27.9229996612636
"8",0.338001431722553,28.3266285724672
"9",0,25.6028107073741
