"","obs","bmi"
"1",0.360473154975606,28.675934077184
"2",0.329179306971657,28.214425521499
"3",0.347203973862549,28.4215731595151
"4",0.332533250608286,28.1674096504066
"5",0.320985428938216,27.9134525601102
"6",0.24307612932743,27.034315005272
"7",0.306929965746071,27.8889544074294
"8",0.336123904139775,28.302117876497
"9",0,25.577694154887
