"","obs","bmi"
"1",0.36356641913803,28.7440009266436
"2",0.332097616655523,28.2901659957736
"3",0.333544645633762,28.404387449862
"4",0.305988443248924,28.0648554282157
"5",0.281537250475233,27.7254025943571
"6",0.249746941670012,27.1026831935312
"7",0.310152237873558,27.8916699366335
"8",0.334587200528831,28.2650879387142
"9",0,25.6085730006913
