"","obs","bmi"
"1",0.36580481579786,28.7393929105928
"2",0.33655234870705,28.2865204005161
"3",0.347467130614102,28.4547951993285
"4",0.328623308288615,28.1703547299065
"5",0.313025632956509,27.8860770117706
"6",0.248048750748268,27.1110549492124
"7",0.307684072543791,27.9133330065429
"8",0.330239464425026,28.2438495686997
"9",0,25.628999569366
