"","obs","bmi"
"1",0.36568396217503,28.7353048485814
"2",0.334607440448026,28.2743519285029
"3",0.348068445377722,28.3932123613667
"4",0.329451144226659,28.0516665636253
"5",0.311917412051273,27.7107111475681
"6",0.245058508349917,27.0388057411162
"7",0.307033286705203,27.8869214762793
"8",0.329993315615975,28.2010367291976
"9",0,25.5515623886565
