"","obs","bmi"
"1",0.355513576360246,28.6317060731308
"2",0.328807962725869,28.1746279864237
"3",0.334721004927089,28.3268177632427
"4",0.309124847810169,28.0221007004634
"5",0.289627642350932,27.7175602996002
"6",0.249139543381672,27.1301015446882
"7",0.30585131828336,27.8761014071689
"8",0.335061630433841,28.2773796467053
"9",0,25.5544901133733
