"","obs","bmi"
"1",0.354434782349859,28.628465313779
"2",0.324308730106786,28.169772789311
"3",0.344831474286265,28.4701012545743
"4",0.333284118139435,28.3117899137002
"5",0.321928085936403,28.1535325111104
"6",0.243797760112186,27.0251901851921
"7",0.305130641021534,27.8496201118524
"8",0.333838690121802,28.2776567691738
"9",0,25.5300777840046
