"","obs","bmi"
"1",0.360665646199319,28.697274828473
"2",0.331218995841443,28.2392022604108
"3",0.339740734282912,28.4533290038178
"4",0.317880002643412,28.2094675827635
"5",0.295579181094093,27.9656916989118
"6",0.241389160668017,26.9855616535912
"7",0.298581524667615,27.8223640653995
"8",0.335663662976477,28.3014744886848
"9",0,25.5973965328651
