"","obs","bmi"
"1",0.362338077700198,28.7457204572627
"2",0.333861737553917,28.2903867906133
"3",0.345394149586562,28.4647382274323
"4",0.326948879534853,28.1838568481843
"5",0.304096996674329,27.9030791230091
"6",0.244548666320949,27.0954743258644
"7",0.30388019618769,27.8562654890036
"8",0.338048783234677,28.3090239585604
"9",0,25.6106440640124
