"","obs","bmi"
"1",0.357346893553304,28.6639195541652
"2",0.327512149297693,28.2107944014394
"3",0.33540393880294,28.38124255763
"4",0.310172002948678,28.0986306181566
"5",0.288723138020709,27.8160832791315
"6",0.246759578400387,27.1470034747242
"7",0.308024090638067,27.9429251642836
"8",0.344867935614041,28.3859762601676
"9",0,25.625130345459
