"","obs","bmi"
"1",0.359478037589577,28.6638213723131
"2",0.331114255241052,28.2066634301748
"3",0.332830594892209,28.267764892581
"4",0.301248940138321,27.8720775886307
"5",0.276304207294252,27.4767806766891
"6",0.243431324577992,27.0077649111906
"7",0.303546131668087,27.8253656042933
"8",0.335885887404046,28.3420203704148
"9",0,25.580855221266
