"","obs","bmi"
"1",0.360323896026162,28.7375707188934
"2",0.330558682926042,28.2734041319754
"3",0.350368641288021,28.4686317612508
"4",0.338399587113809,28.1998197458031
"5",0.326176064422184,27.9311386900973
"6",0.243894180672949,27.0493133820783
"7",0.305368428209733,27.8961014292984
"8",0.33597779440676,28.3190150725858
"9",0,25.5695770221406
