"","obs","bmi"
"1",0.356731535512517,28.629777120933
"2",0.327627337687489,28.1745815082439
"3",0.337472198404819,28.3068028597704
"4",0.319072488074793,27.9841899672386
"5",0.295462734472533,27.6619614560309
"6",0.241972528247519,27.0440954587575
"7",0.306889731647715,27.9678669540328
"8",0.333996390033326,28.2733301676273
"9",0,25.5350478691783
