"","obs","bmi"
"1",0.357973971154266,28.7320967847087
"2",0.328315096022344,28.2784130225641
"3",0.343409238455164,28.3301105263285
"4",0.330079667653476,27.9288753105208
"5",0.314222602570096,27.5284608050312
"6",0.250812424989354,27.1272485395533
"7",0.308041313360302,27.9326676386921
"8",0.326234531136239,28.2524458845202
"9",0,25.6614018248239
