"","obs","bmi"
"1",0.351048165314417,28.6481082410303
"2",0.321880075238262,28.1929435761642
"3",0.334731322436542,28.3790245017887
"4",0.313995200474138,28.1100884704399
"5",0.296000001466454,27.8413041396733
"6",0.241744896411424,27.0705646081013
"7",0.305066069281925,27.8602590244259
"8",0.331526541321582,28.2765704217124
"9",0,25.6276434172277
