"","obs","bmi"
"1",0.358083772726262,28.6663929050836
"2",0.330444618032238,28.2097743592999
"3",0.336626524842283,28.3262292410023
"4",0.315898014847049,27.9862563094064
"5",0.290370205178873,27.6464800915159
"6",0.241861450570378,27.0938323382851
"7",0.304778548608851,27.8661805364855
"8",0.340789153851039,28.3535372710894
"9",0,25.6285838065952
