"","obs","bmi"
"1",0.35291649773777,28.6150906267902
"2",0.324614686854752,28.1655793605402
"3",0.339920656488616,28.3390595926258
"4",0.327490037891145,28.0632440677296
"5",0.315948961427271,27.7876534068514
"6",0.245489677875655,27.0856115606583
"7",0.309188854046137,27.9495587297382
"8",0.338708809281232,28.3175510625682
"9",0,25.5528809921512
