"","obs","bmi"
"1",0.356830008840435,28.649618034479
"2",0.325722999844239,28.1953383406925
"3",0.335749179135217,28.3014287687567
"4",0.316831426660633,27.9534870516438
"5",0.297394970081724,27.6058039615918
"6",0.245151523600621,27.0565755539071
"7",0.306523777843142,27.8569379054701
"8",0.33603230660483,28.3365825446003
"9",0,25.5869908927113
