"","obs","bmi"
"1",0.356992678832994,28.6668828008933
"2",0.326979606715729,28.2057978133282
"3",0.343554429230379,28.3674613546073
"4",0.329359552778139,28.0683466466696
"5",0.314149640927499,27.7695557075172
"6",0.24754365722165,27.0722825176835
"7",0.306207219925508,27.8744910776772
"8",0.334248961426704,28.2958352969168
"9",0,25.6107170765207
