"","obs","bmi"
"1",0.359758605883816,28.6397760243012
"2",0.33051970416414,28.1884137939986
"3",0.341370095217382,28.271971878838
"4",0.318419034814598,27.9044474588462
"5",0.299457906328231,27.5372147569402
"6",0.242034160093853,27.0237587667263
"7",0.308715382057672,27.9335702502087
"8",0.332552959112736,28.2969393994749
"9",0,25.5290340448092
