"","obs","bmi"
"1",0.352316987738319,28.6478963941846
"2",0.321356969216592,28.188623593558
"3",0.326916072966404,28.2779686474412
"4",0.297007726361322,27.9084437402874
"5",0.272073550597717,27.5393471728954
"6",0.247165262482284,27.1270027942145
"7",0.304728947703583,27.8918150873625
"8",0.332115569557538,28.2405747251896
"9",0,25.6421126396995
