"","obs","bmi"
"1",0.358100960222624,28.6101576523036
"2",0.328507821885262,28.1549177590055
"3",0.336611048864372,28.297839153779
"4",0.309765472144719,27.98567044395
"5",0.282518753747378,27.6736551701565
"6",0.238532204938679,27.0317033502774
"7",0.307177308405638,27.8904982969407
"8",0.336195936989033,28.3114237096552
"9",0,25.5422564139984
