"","obs","bmi"
"1",0.356656250765562,28.6483649820173
"2",0.325813753462371,28.1869737693817
"3",0.33987607028696,28.4574775982973
"4",0.323104446219125,28.2666871569788
"5",0.301218706819338,28.075996498601
"6",0.245334000835873,27.0941697716037
"7",0.308977077193436,27.9255048507282
"8",0.333678397982178,28.2641771821221
"9",0,25.5779004611313
