"","obs","bmi"
"1",0.359511367808077,28.71271177027
"2",0.329364798240989,28.2561140147034
"3",0.349616382076274,28.4496553078912
"4",0.338745629336223,28.1868501495401
"5",0.328160148315277,27.9243088072516
"6",0.250504331956567,27.0946447817011
"7",0.308210490302911,27.9109930336487
"8",0.342141654244858,28.3551588013097
"9",0,25.6135656313754
