"","obs","bmi"
"1",0.362719264733651,28.7108121542446
"2",0.333419114627384,28.2500862506814
"3",0.343594719843692,28.3788565640821
"4",0.321724864137049,28.0473214636021
"5",0.298586009572199,27.716235743534
"6",0.244104962053722,27.043344157464
"7",0.304431449420695,27.8558881105095
"8",0.339761343391577,28.3362167468146
"9",0,25.5752489554591
