"","obs","bmi"
"1",0.35340632293836,28.6300906921517
"2",0.324625590709789,28.1764857721935
"3",0.336042438409817,28.3758284618797
"4",0.318131856783705,28.1217553492405
"5",0.30035725706658,27.8678792057165
"6",0.248921915890978,27.0743910808278
"7",0.314544530217059,27.9193604192689
"8",0.337068689333787,28.3159366962568
"9",0,25.5542129044798
