"","obs","bmi"
"1",0.366378377070599,28.7788314203923
"2",0.338171108565177,28.3288529438409
"3",0.332434613093831,28.3665494100335
"4",0.293610704011324,27.9544098132108
"5",0.263785463654878,27.5424145218383
"6",0.240698898899585,27.0525107129822
"7",0.306934259987156,27.8698896859067
"8",0.330617533588766,28.2781901156125
"9",0,25.5506496608996
