"","obs","bmi"
"1",0.364359232328056,28.7408888577418
"2",0.332878144775643,28.2863027782206
"3",0.357291459979522,28.5509162775424
"4",0.347969993187127,28.3612329574786
"5",0.343047460203384,28.1718564717352
"6",0.247437369083003,27.0930352952093
"7",0.298140107453458,27.8538371410423
"8",0.335860905831741,28.3265448375363
"9",0,25.6081835799015
