"","obs","bmi"
"1",0.360891914213073,28.6995691933193
"2",0.331864793764343,28.2467629970263
"3",0.349530205881972,28.4432497741889
"4",0.339484677299955,28.1871266653429
"5",0.326429604798525,27.9312087010959
"6",0.242868709446896,27.0622964158534
"7",0.305360735343963,27.8924279070416
"8",0.333430648050667,28.3129340302671
"9",0,25.5780279244226
