"","obs","bmi"
"1",0.366641416627406,28.7095163497926
"2",0.336699207604083,28.250277574129
"3",0.346689444563665,28.3628543227335
"4",0.321983280252144,28.016470530331
"5",0.295225292233525,27.6703772284643
"6",0.241361208126969,27.0377070507375
"7",0.310685110196868,27.9151482001004
"8",0.330219554022858,28.225563409682
"9",0,25.5064769207614
