"","obs","bmi"
"1",0.361959552184912,28.7162200821359
"2",0.335879117452507,28.2684549924362
"3",0.351383265938461,28.4406312363341
"4",0.337627579480485,28.1653282354455
"5",0.325085589051088,27.8903258799759
"6",0.246300234928835,27.1343639958855
"7",0.308667788430686,27.9064299610416
"8",0.334812225482116,28.2854191209967
"9",0,25.6083053383888
