"","obs","bmi"
"1",0.352893678927933,28.5788103543624
"2",0.323352824006797,28.1219754170251
"3",0.330310618067873,28.2163964089926
"4",0.308909208772133,27.8543451380269
"5",0.285877149803338,27.4926779728045
"6",0.242173330704505,27.0488939152016
"7",0.303890396837934,27.8382292405463
"8",0.335089148018354,28.2869275772993
"9",0,25.5143358724083
