"","obs","bmi"
"1",0.364860978567444,28.7652244128306
"2",0.336243790032042,28.3079800844552
"3",0.347273004733635,28.5127283647432
"4",0.332614414670919,28.2603754099703
"5",0.309565039579733,28.0081701945807
"6",0.248078753238969,27.0696058992028
"7",0.30309239726159,27.8536990859719
"8",0.332295321925234,28.2857419756867
"9",0,25.6004098553305
