"","obs","bmi"
"1",0.360931620911683,28.670456746452
"2",0.332868731740088,28.2100833028165
"3",0.330733389775802,28.2543847410767
"4",0.293310054699324,27.8387643537669
"5",0.261143887121447,27.4236260343356
"6",0.248065023534845,27.0968429865102
"7",0.30938989510031,27.8825995261486
"8",0.33368050929937,28.3210191243648
"9",0,25.5472581177948
