"","obs","bmi"
"1",0.357916840778375,28.7113951440502
"2",0.327712930177692,28.2631541313895
"3",0.338381248894811,28.4085213494309
"4",0.318786331069102,28.1058164232374
"5",0.293918461044069,27.8032862414157
"6",0.246880496690862,27.084080851501
"7",0.29995356863048,27.7877108942655
"8",0.335639465738447,28.229702851305
"9",0,25.576949400573
