"","obs","bmi"
"1",0.364395701881989,28.7275871999351
"2",0.334371498315547,28.2590677254305
"3",0.339207748238904,28.4724365678339
"4",0.312628801755575,28.2173415187754
"5",0.289388753863596,27.9623025984453
"6",0.244509935607346,27.0488478288138
"7",0.305082623888837,27.8274856537957
"8",0.33027221409273,28.2426794545831
"9",0,25.5962670269854
