"","obs","bmi"
"1",0.358282598730196,28.7276968164837
"2",0.328769510772504,28.270588100145
"3",0.34441329562541,28.4853201985086
"4",0.333271367752985,28.2432072593766
"5",0.320201790208028,28.0013732037942
"6",0.247136608047116,27.1327529066318
"7",0.310116499454462,27.9169181443088
"8",0.330670165774418,28.2236649076003
"9",0,25.6387357483163
