"","obs","bmi"
"1",0.359585740021124,28.6311244271494
"2",0.330924844074104,28.1736572451726
"3",0.350984131638849,28.3609026019183
"4",0.340910778065153,28.0908941684278
"5",0.329876769524371,27.8211082211303
"6",0.245752565858269,27.0748867180456
"7",0.307370333715804,27.9517707506458
"8",0.334752404003829,28.2419996834218
"9",0,25.5504267596026
