"","obs","bmi"
"1",0.35848741362279,28.7113392020173
"2",0.329172356055345,28.2526031308125
"3",0.339233540451299,28.4049005750708
"4",0.322133769468565,28.0986050799706
"5",0.302202097493263,27.7924573690773
"6",0.243206022137395,27.0253294408005
"7",0.300431307421809,27.8162910158193
"8",0.332804024227099,28.3177908269692
"9",0,25.6285566457762
