"","obs","bmi"
"1",0.354918847376912,28.6527663736756
"2",0.324620366167653,28.2053003234874
"3",0.346057428978959,28.3834009009996
"4",0.334606938517651,28.1141739411272
"5",0.32562120572016,27.8450903962535
"6",0.241368597738841,27.0416798188158
"7",0.308620994636472,27.9326886193331
"8",0.329073009910878,28.2230248156672
"9",0,25.583702046449
