"","obs","bmi"
"1",0.363192580906998,28.7076631186638
"2",0.332932230566737,28.2499235840624
"3",0.345614651123252,28.4159660357337
"4",0.32387822863633,28.1244858036842
"5",0.307196349175985,27.8332294677215
"6",0.243576946334498,27.0308241700171
"7",0.307856230834066,27.9495594528806
"8",0.330656472444392,28.2220502571556
"9",0,25.5434861819639
