"","obs","bmi"
"1",0.357428120100257,28.6446568779989
"2",0.32815815092283,28.1879489298675
"3",0.336433596739034,28.3591339514125
"4",0.314000336440552,28.0738130680953
"5",0.291139630433143,27.7887022763135
"6",0.244623954066798,27.0933430575212
"7",0.310659407778824,27.9620655551658
"8",0.334926995123166,28.2994172911841
"9",0,25.5417872270785
