"","obs","bmi"
"1",0.366367603834993,28.7853885238134
"2",0.340259517967317,28.3310831696319
"3",0.347670224705786,28.5142221646987
"4",0.327716122531955,28.2432833357923
"5",0.306970402470176,27.9725833183962
"6",0.242553160893132,27.0419525959297
"7",0.30856731713056,27.9191412748572
"8",0.332912354499072,28.2789194211134
"9",0,25.5919166682672
