"","obs","bmi"
"1",0.362211816232879,28.7529300491884
"2",0.331543284971395,28.2916700768106
"3",0.351406920910721,28.525579581172
"4",0.340074726822544,28.2984592288843
"5",0.324835666578337,28.071580150389
"6",0.24983156711878,27.1144608409404
"7",0.309912999898394,27.8777867903214
"8",0.331211007913385,28.2154116900128
"9",0,25.6426838810448
