"","obs","bmi"
"1",0.362535648509288,28.7564496437456
"2",0.333224091338382,28.2860589446622
"3",0.339954896409763,28.4501737417125
"4",0.316303718393318,28.1439680028691
"5",0.293256759220945,27.8378329835271
"6",0.244720446021505,27.1055138633833
"7",0.310501103751049,27.9336424170015
"8",0.332522349960066,28.2601068257396
"9",0,25.6151886635535
