"","obs","bmi"
"1",0.359754665951105,28.6174993169928
"2",0.330540233166791,28.1531982771992
"3",0.331627722325994,28.208701163992
"4",0.3005590236469,27.8000822426035
"5",0.26627641505813,27.3916483684011
"6",0.245384594011955,27.1067444463671
"7",0.311434200023157,27.9306420723437
"8",0.334768539130984,28.3125611079689
"9",0,25.5172443373583
