"","obs","bmi"
"1",0.35965331268535,28.6951217087462
"2",0.331394651483551,28.2404935788761
"3",0.339045738416724,28.2877520268394
"4",0.316419865954549,27.8807226891244
"5",0.29236182616084,27.4740509756975
"6",0.250526923035126,27.0918603607315
"7",0.303798655041992,27.9088865316316
"8",0.337037206367132,28.2899733993456
"9",0,25.5447373819646
