"","obs","bmi"
"1",0.358367553763609,28.6737462978014
"2",0.329404062342677,28.2091818573623
"3",0.331283297605477,28.3147559113558
"4",0.301140050204483,27.9559535613529
"5",0.269437684756519,27.5973441981941
"6",0.239311962804061,26.9955591584744
"7",0.310017533622083,27.8775041815665
"8",0.333972061987708,28.2993109782925
"9",0,25.5879874735439
