"","obs","bmi"
"1",0.353031552427698,28.6536161755538
"2",0.322173226930034,28.1860841705889
"3",0.343423772411744,28.4334935904949
"4",0.331560968412194,28.2135085954694
"5",0.321495954407881,27.9936677891583
"6",0.247410305982777,27.0867252324701
"7",0.306404409244536,27.917525280855
"8",0.334188975620309,28.3027792927187
"9",0,25.5958707273573
