"","obs","bmi"
"1",0.361837506203608,28.686149255789
"2",0.330929945882387,28.2240566892986
"3",0.344038234949576,28.4297460331905
"4",0.325396753922408,28.1734712533365
"5",0.305321526317172,27.917328240002
"6",0.24798467740061,27.058504164707
"7",0.304486669248197,27.8510651242977
"8",0.335844059425166,28.3112836256127
"9",0,25.5798320065764
