"","obs","bmi"
"1",0.361951578877271,28.6802060662356
"2",0.332742674224336,28.224561580265
"3",0.341144585519918,28.3107335520472
"4",0.317126622387312,27.9416592399345
"5",0.291996484292356,27.5730083283805
"6",0.244234393876086,27.0492184285191
"7",0.307300166125732,27.9183038227644
"8",0.33011188663936,28.3000297089214
"9",0,25.5532147312826
