"","obs","bmi"
"1",0.354641419652248,28.6453989103233
"2",0.32442885689084,28.1779711442843
"3",0.336359775377143,28.3361182995415
"4",0.31512885175935,28.0269468628509
"5",0.289974629729972,27.7178873658555
"6",0.246528616231912,27.083345244634
"7",0.308779541169844,27.9372075247584
"8",0.332761643081915,28.2380882541073
"9",0,25.5725220385557
