"","obs","bmi"
"1",0.354604091552727,28.6906313436644
"2",0.325633356633049,28.2307743130419
"3",0.332188021955187,28.4107286798619
"4",0.305543262085219,28.1309620649172
"5",0.279699152957199,27.8513343792796
"6",0.242765692912796,27.1156079761305
"7",0.31013780190525,27.9259278971574
"8",0.337005645804736,28.2904997982555
"9",0,25.5929708246524
