"","obs","bmi"
"1",0.357769947839815,28.6957928847197
"2",0.328433037204845,28.2315078169017
"3",0.338680299163647,28.4039260160598
"4",0.314806356668187,28.1122265471647
"5",0.290087307080988,27.8206989469572
"6",0.249457431211894,27.1388988975494
"7",0.308067670714666,27.9114483931543
"8",0.331301267082559,28.2651566719527
"9",0,25.5774660644426
