"","obs","bmi"
"1",0.366580647692037,28.7782227381092
"2",0.336373542304796,28.3160913299203
"3",0.335466366445998,28.4007341256272
"4",0.299923600294238,28.0234784400461
"5",0.268091688637708,27.6464649358392
"6",0.247030635404385,27.1059326204793
"7",0.309946439672801,27.9295343045536
"8",0.329123728987463,28.252278286388
"9",0,25.5948782975807
