"","obs","bmi"
"1",0.360610800058693,28.7288343820347
"2",0.33081842789379,28.2641183117313
"3",0.338298472656789,28.4878602146713
"4",0.316960638631195,28.2470035304163
"5",0.291079259053148,28.0062674096163
"6",0.247595664734104,27.1099501231266
"7",0.30783247326795,27.9121833346949
"8",0.332199422595762,28.2965063289284
"9",0,25.5953179770479
