"","obs","bmi"
"1",0.360476371530673,28.72764791188
"2",0.329047665201974,28.273253105294
"3",0.336041437117638,28.3493643533652
"4",0.312778478768796,27.9713730290038
"5",0.285478845734562,27.5936885607552
"6",0.247681116602024,27.0670367929925
"7",0.301215456555267,27.8805132954856
"8",0.341663950944456,28.3516592088435
"9",0,25.6748441732663
