"","obs","bmi"
"1",0.364922468174555,28.7456175806118
"2",0.33228748435711,28.2917004754948
"3",0.347620676160511,28.4354893043797
"4",0.332457125434385,28.125675558851
"5",0.316008350732416,27.8161942761807
"6",0.244048993876219,27.1068289373561
"7",0.308496947097615,27.9305145000739
"8",0.337023668401846,28.3543393280974
"9",0,25.6484181054732
