"","obs","bmi"
"1",0.358211648068918,28.6842185338414
"2",0.32966841143278,28.2250477215029
"3",0.342947489936881,28.3978874795508
"4",0.324841713281145,28.1117169009618
"5",0.306833727572585,27.8257119597569
"6",0.246643391848753,27.1019781395137
"7",0.303449269096379,27.8357371637783
"8",0.342922535134183,28.3628256029338
"9",0,25.5784165466498
