"","obs","bmi"
"1",0.362299480638023,28.7273413656153
"2",0.334156583220519,28.2695820047184
"3",0.344040491976781,28.4229632419984
"4",0.323676273211948,28.1187399480501
"5",0.303610500276617,27.8146767338354
"6",0.241179108705502,27.0385059273358
"7",0.307018913149604,27.8772630285137
"8",0.32985025542245,28.2303631531031
"9",0,25.5815517210667
