"","obs","bmi"
"1",0.362108351778035,28.7011050830058
"2",0.334455669093879,28.2421547701377
"3",0.340333834696741,28.3486626757316
"4",0.316882656553441,27.996463574976
"5",0.290200341119476,27.644518675238
"6",0.242863633362963,27.0682076182887
"7",0.310466146380471,27.9052188732978
"8",0.33119801194714,28.2653156312955
"9",0,25.5642661737906
