"","obs","bmi"
"1",0.361637265938057,28.7187243475805
"2",0.330876726018476,28.2699725310033
"3",0.342305005073526,28.4024513907626
"4",0.322587264938742,28.0864993827783
"5",0.301920680467539,27.7708874750385
"6",0.247505035294323,27.1028601575519
"7",0.312631839519152,27.9149014044158
"8",0.333789639311857,28.2826466644494
"9",0,25.5787839638111
