"","obs","bmi"
"1",0.354680685305616,28.6751973508637
"2",0.324942617322753,28.2185502763134
"3",0.334348099174558,28.4080950791507
"4",0.316078461420944,28.1411215937971
"5",0.295179065923176,27.8742828888242
"6",0.239666468037651,27.0220150363825
"7",0.307430752810156,27.8823879288213
"8",0.334154156873381,28.2883843270807
"9",0,25.5601918383971
