"","obs","bmi"
"1",0.362572262784789,28.7501766537019
"2",0.33181269601156,28.2956695497584
"3",0.34051922006868,28.4981559335975
"4",0.31906892942235,28.2462793194552
"5",0.29468370950712,27.9945517653296
"6",0.245508326743242,27.1071570051189
"7",0.314771556846759,27.9662526241022
"8",0.329408752708788,28.274729395151
"9",0,25.6142373416781
