"","obs","bmi"
"1",0.362149476578451,28.7059536880529
"2",0.332714872411057,28.2523516910456
"3",0.3468609398126,28.4764795789131
"4",0.331710669319783,28.2471943868853
"5",0.310789916702846,28.0181061348928
"6",0.250063111912444,27.149159830094
"7",0.305453417753252,27.8566350464447
"8",0.337807806629538,28.2717957543201
"9",0,25.5879913417775
