"","obs","bmi"
"1",0.361336536963227,28.6926898159246
"2",0.332829387433186,28.2362592814291
"3",0.333960425599221,28.2996938341035
"4",0.302937876993131,27.9069346560255
"5",0.272383792952064,27.514420774894
"6",0.245580918010737,27.0881486913193
"7",0.309430162422224,27.8888167400463
"8",0.344015368218562,28.3494901284298
"9",0,25.5626966129272
