"","obs","bmi"
"1",0.359373753657473,28.6907829066987
"2",0.32801250364045,28.2313386614343
"3",0.340997086902067,28.4870867097603
"4",0.326924754809056,28.283458691651
"5",0.31029465742256,28.079900359038
"6",0.247938703148979,27.1347976721275
"7",0.308962626203807,27.9240896888359
"8",0.336839401307977,28.323420882515
"9",0,25.6040934812777
