"","obs","bmi"
"1",0.362138077406128,28.6810869146304
"2",0.332010768412217,28.2281230215657
"3",0.345997698696694,28.4145393476294
"4",0.326724938942533,28.1481251267885
"5",0.306930624811112,27.8818486584013
"6",0.243555313017026,27.0924625995111
"7",0.309168207577992,27.9456879142697
"8",0.338880454063659,28.3377400707922
"9",0,25.6133359024169
