"","obs","bmi"
"1",0.361646493128465,28.6880029689406
"2",0.332452854586039,28.221432190001
"3",0.352935450334786,28.4025419453942
"4",0.34483585938586,28.1173486291634
"5",0.335219511456968,27.8324355669019
"6",0.245497935491369,27.0620273333834
"7",0.309604431997952,27.9114971024569
"8",0.337717015331401,28.2980170470952
"9",0,25.5617074963668
