"","obs","bmi"
"1",0.363582534436464,28.7097524071183
"2",0.332119422011323,28.2525904834451
"3",0.348012681309285,28.4135477072002
"4",0.336138705523834,28.1176463020212
"5",0.322195278406647,27.8220643232633
"6",0.243858667340378,27.0774531336245
"7",0.307489214478038,27.8667258325712
"8",0.334384604703775,28.2453607623183
"9",0,25.6325116186764
