"","obs","bmi"
"1",0.362549965118682,28.7106179411247
"2",0.33362525930619,28.2591310130339
"3",0.346048953259697,28.4174119663866
"4",0.329834219201965,28.1243625277873
"5",0.31042812464179,27.8314749540636
"6",0.246579153381983,27.0774319156795
"7",0.31090451596558,27.9572108644461
"8",0.336922777245621,28.3309817513657
"9",0,25.6135509494954
