"","obs","bmi"
"1",0.361035583113595,28.703519774687
"2",0.331589337035192,28.2481453326196
"3",0.33899178881732,28.349567327676
"4",0.31464701442863,27.9960065658508
"5",0.288842068673685,27.6428640909614
"6",0.238818274818544,27.0007517939947
"7",0.308160364314451,27.9047410493258
"8",0.337810542944292,28.3140409230777
"9",0,25.5589925246273
