"","obs","bmi"
"1",0.363189545278875,28.7473402251203
"2",0.33378940227933,28.2893417254375
"3",0.330145649803903,28.3246185932047
"4",0.291835670251622,27.9021626864214
"5",0.261937695971438,27.4799796203251
"6",0.242477914115224,27.0763687728801
"7",0.30570790543976,27.9079867552538
"8",0.330283188966532,28.2504917032163
"9",0,25.633593157641
