"","obs","bmi"
"1",0.361579098056096,28.7413974535727
"2",0.331801442138153,28.2921707718235
"3",0.347916681125526,28.4683736375215
"4",0.333801653887165,28.1955655053104
"5",0.320904058067207,27.9229822735354
"6",0.240863859437305,27.0206586396595
"7",0.313037249108466,27.9431427224533
"8",0.335091066862593,28.3044743328325
"9",0,25.6085929216004
