"","obs","bmi"
"1",0.365046532659029,28.7550273515404
"2",0.336075951124693,28.2999922274623
"3",0.354070391201554,28.4552398766466
"4",0.339439551378133,28.1556727651951
"5",0.330341925346629,27.8563350442211
"6",0.248570196671825,27.0782097255916
"7",0.303550656918516,27.8497677330053
"8",0.334591847606782,28.2774602343295
"9",0,25.5856913248347
