"","obs","bmi"
"1",0.357010825179846,28.6711347003065
"2",0.328217523311276,28.2157959680351
"3",0.334685235305279,28.3381976336403
"4",0.312646723156879,28.0055096670385
"5",0.288426957990155,27.6730826296429
"6",0.241145342939627,26.9950602671332
"7",0.305248495769912,27.9092470190592
"8",0.338520070869445,28.2991151506233
"9",0,25.6174715948466
