"","obs","bmi"
"1",0.360716723102795,28.7519857019076
"2",0.330659129314721,28.292369741875
"3",0.342708749434697,28.4886496320775
"4",0.327250647864582,28.225514455027
"5",0.308705792022795,27.9625896400739
"6",0.24171490731293,27.0699888127377
"7",0.311420021373038,27.9470479748882
"8",0.333546934579757,28.3074668909053
"9",0,25.609859495494
