"","obs","bmi"
"1",0.359935222246374,28.666408479396
"2",0.329006370160778,28.219890998878
"3",0.339459822200612,28.3925257387365
"4",0.320452982537497,28.118898784501
"5",0.304084769217328,27.8455404729541
"6",0.242526701490487,27.0786995005104
"7",0.308794963337516,27.9037554546528
"8",0.332619902518157,28.2888997056962
"9",0,25.5910457704386
