"","obs","bmi"
"1",0.365275130285364,28.7665140336491
"2",0.336490125301442,28.300131962824
"3",0.354850349499541,28.4453967954228
"4",0.343925712972698,28.1245312302834
"5",0.329093059037441,27.8039284307186
"6",0.246838875743993,27.0647805798859
"7",0.315732103602877,27.9465503976529
"8",0.33392401137683,28.2860178339535
"9",0,25.5804223106584
