"","obs","bmi"
"1",0.358440756636433,28.6851809814085
"2",0.327735327329668,28.2181218228832
"3",0.337681541637134,28.3316979539726
"4",0.313966403533381,27.978604401366
"5",0.289070151236656,27.6259252487763
"6",0.243229078213064,27.0584280736748
"7",0.309369623920005,27.9505259424933
"8",0.333450787938468,28.3002060231094
"9",0,25.5966613998121
