"","obs","bmi"
"1",0.358846830657427,28.7350837658904
"2",0.329895077409324,28.2707916088565
"3",0.344185147962665,28.3955932834309
"4",0.329180114337119,28.0564816420271
"5",0.314013285740992,27.717771319998
"6",0.246608018760891,27.1079404831458
"7",0.308043960283631,27.8885492559861
"8",0.332553539444902,28.1999473004425
"9",0,25.6369737726326
