"","obs","bmi"
"1",0.360509304901711,28.7682976699074
"2",0.330324599347371,28.3041614146327
"3",0.342756804985391,28.5017966573122
"4",0.325814594613415,28.2354498862385
"5",0.305280732285189,27.9692627985401
"6",0.241320234306765,27.016132021688
"7",0.301760188413766,27.8714655063621
"8",0.335310103535167,28.2989632312884
"9",0,25.6203223718633
