"","obs","bmi"
"1",0.357769947839815,28.6957928847197
"2",0.328622613783921,28.2315603770445
"3",0.348866872179497,28.3885800183578
"4",0.340589081756361,28.0816411002738
"5",0.331160662008208,27.7749904385233
"6",0.249457431211894,27.1388988975494
"7",0.308067670714666,27.9114483931543
"8",0.331301267082559,28.2651566719527
"9",0,25.5774660644426
