"","obs","bmi"
"1",0.359653572549356,28.6588598648324
"2",0.332308279824108,28.1958743582883
"3",0.336779325026061,28.3705163211596
"4",0.309678214133456,28.0822472935257
"5",0.283831264252987,27.7940538490808
"6",0.249611628573602,27.0683320779082
"7",0.30454827324166,27.8410119682487
"8",0.335069977745279,28.2770268338077
"9",0,25.5341357435899
