"","obs","bmi"
"1",0.36397430108768,28.7858351418752
"2",0.333220156201662,28.3278417179092
"3",0.332085199031128,28.3357860809886
"4",0.295868936816847,27.8859306013855
"5",0.262964994585422,27.4362732629491
"6",0.24659700528881,27.0548965000465
"7",0.313449370244515,27.942703983104
"8",0.333373476634121,28.2758638024117
"9",0,25.5897231157426
