"","obs","bmi"
"1",0.358356557312791,28.7065908414643
"2",0.32901438187809,28.2402841506296
"3",0.344336901041009,28.3109570212332
"4",0.326441537625554,27.9160433231582
"5",0.309934113114981,27.5219143505256
"6",0.24266845311137,27.0496844348033
"7",0.309884948235573,27.9150126550146
"8",0.333556981268087,28.3227935519462
"9",0,25.576922465606
