"","obs","bmi"
"1",0.355274138846217,28.6258811106406
"2",0.325378683749228,28.1759805299142
"3",0.329306234808158,28.2305500943923
"4",0.302852799569862,27.835481118576
"5",0.270788942292548,27.4406852378099
"6",0.242470060198517,27.0251088592134
"7",0.304232954268301,27.8768557304408
"8",0.337897281542775,28.2838482005215
"9",0,25.5976779043537
