"","obs","bmi"
"1",0.354843981882829,28.6275529749154
"2",0.326039702968936,28.169315595416
"3",0.34836847793118,28.3889044822288
"4",0.340275641106674,28.150397405726
"5",0.332628621797163,27.9120369884999
"6",0.23917795512521,27.0046630912181
"7",0.302854685573863,27.8492024445846
"8",0.333625945197685,28.3185517332112
"9",0,25.505232889405
