"","obs","bmi"
"1",0.358991894178977,28.7203166109558
"2",0.329901618575424,28.267474700096
"3",0.347476161380838,28.4601990477881
"4",0.335177203913368,28.2005254562682
"5",0.322486053981801,27.9413286472862
"6",0.244942407108314,27.0827916973178
"7",0.30476805221058,27.8218305713412
"8",0.334780917420229,28.3210907905742
"9",0,25.6375290513735
