"","obs","bmi"
"1",0.359373753657473,28.6907829066987
"2",0.327606395642165,28.2271702489416
"3",0.334649338140676,28.3571655378893
"4",0.305035212095868,28.0238047379244
"5",0.275793219793822,27.6907125206358
"6",0.247938703148979,27.1347976721275
"7",0.308962626203807,27.9240896888359
"8",0.336839401307977,28.323420882515
"9",0,25.6040934812777
