"","obs","bmi"
"1",0.356769177935838,28.6463120924784
"2",0.326902595823543,28.1927103845377
"3",0.335823650590773,28.3070636717535
"4",0.313911490142634,27.9680654179301
"5",0.287657413673283,27.6293283633768
"6",0.240830848408849,27.0923522749438
"7",0.311695543040246,27.9594570349163
"8",0.342468966915317,28.3455188865097
"9",0,25.5593071251306
