"","obs","bmi"
"1",0.354401245103439,28.6772981174476
"2",0.325784651108943,28.222282252749
"3",0.329794572594174,28.2741414744404
"4",0.302160125593082,27.8716433575106
"5",0.273788015929573,27.4698658554028
"6",0.24343587097051,27.0373266318073
"7",0.312882675118874,27.9342149386257
"8",0.33023746385592,28.2597438792158
"9",0,25.6387537408384
