"","obs","bmi"
"1",0.360031251118879,28.6536585284126
"2",0.330079046559253,28.1991314061694
"3",0.339633175656618,28.3391124672937
"4",0.316977867663877,28.0247505672215
"5",0.295894262460403,27.7105797815452
"6",0.245985940173488,27.0786852743883
"7",0.3131092719658,27.9167691832455
"8",0.332980659651166,28.2678787460474
"9",0,25.5560792334532
