"","obs","bmi"
"1",0.355509532237662,28.6560532942571
"2",0.326862327819722,28.1945218171787
"3",0.33803419246151,28.3202341294815
"4",0.320922613905483,27.984827105972
"5",0.300083327878133,27.6498583948807
"6",0.244020537936421,27.0100332180568
"7",0.308988185131863,27.9169306900051
"8",0.336285493040849,28.341100718958
"9",0,25.5731458595406
