"","obs","bmi"
"1",0.358020153860555,28.6871604030215
"2",0.329562424140345,28.2231338752331
"3",0.339561920583373,28.3568796886174
"4",0.316802440318774,28.0268503127748
"5",0.297105272577176,27.6970872763967
"6",0.243539848864969,27.0868045648431
"7",0.310536131389382,27.9412282395053
"8",0.336685143798647,28.305722213623
"9",0,25.6024084641308
