"","obs","bmi"
"1",0.36297309548387,28.7355238589695
"2",0.331296789222813,28.2754195461111
"3",0.338284204492175,28.4666852649932
"4",0.31121258666966,28.1978986245451
"5",0.288785082781396,27.9291643465903
"6",0.245467738059646,27.0929518811072
"7",0.307930760574024,27.9203739993999
"8",0.328247076807577,28.1686809569206
"9",0,25.6012528098444
