"","obs","bmi"
"1",0.358889318253429,28.7123297425041
"2",0.328647328205485,28.2540443390782
"3",0.332769237235876,28.3288950002886
"4",0.308188765494245,27.9457346938972
"5",0.281339565328255,27.5628606564042
"6",0.24588119408562,27.1387060979543
"7",0.311168982297714,27.9296556214017
"8",0.33916996682347,28.3118892159413
"9",0,25.6346436012413
