"","obs","bmi"
"1",0.362032813484192,28.7086662159358
"2",0.332265445705511,28.2612364124851
"3",0.346865877800119,28.4387682670297
"4",0.330564324944337,28.16897467025
"5",0.313777437867114,27.899288767472
"6",0.243751378104867,27.1060332140383
"7",0.30802108941,27.8823451989428
"8",0.338486325871434,28.2830693315066
"9",0,25.6082069598272
