"","obs","bmi"
"1",0.363710179802358,28.6958664263047
"2",0.335034459075244,28.2348248182959
"3",0.34665677660878,28.3518146025478
"4",0.328308604724438,28.0079767044933
"5",0.308471616213626,27.6643629068143
"6",0.244580301692699,27.0518578818067
"7",0.305453852608315,27.8601100917551
"8",0.341512268865528,28.3338312243655
"9",0,25.5844650910851
