"","obs","bmi"
"1",0.361668161901978,28.7181891522173
"2",0.332139542887961,28.2619376353376
"3",0.347764374916301,28.3845444055073
"4",0.335191609412439,28.0512160536683
"5",0.323670214688809,27.7182206309134
"6",0.24589134414822,27.0864276031455
"7",0.303460913286964,27.8251885839575
"8",0.333345059744891,28.2706435856273
"9",0,25.5994205722162
