"","obs","bmi"
"1",0.358083772726262,28.6663929050836
"2",0.330776917400112,28.2150339213078
"3",0.337931592159998,28.3162567258754
"4",0.311939493476553,27.9664652532077
"5",0.289476727708968,27.6170390956212
"6",0.241861450570378,27.0938323382851
"7",0.304778548608851,27.8661805364855
"8",0.340789153851039,28.3535372710894
"9",0,25.6285838065952
