"","obs","bmi"
"1",0.360395376965916,28.7265364783759
"2",0.331455860814428,28.2669202853982
"3",0.34343317476194,28.4243488219854
"4",0.325408004651468,28.1223928382271
"5",0.30109542788556,27.8206770773851
"6",0.240536412943007,27.0330943680636
"7",0.311402841740728,27.9163926807432
"8",0.331524392340121,28.2586857458729
"9",0,25.6121938837054
