"","obs","bmi"
"1",0.3619500926369,28.6989614791441
"2",0.332949341788992,28.2444676242282
"3",0.342898483115527,28.3517905609243
"4",0.321609698420347,28.0049999984432
"5",0.299652121751983,27.6586145058969
"6",0.250300144659523,27.127804373431
"7",0.31282575901051,27.9490829548739
"8",0.333056449202164,28.2332085108919
"9",0,25.575548993587
