"","obs","bmi"
"1",0.362259677538058,28.7314455533379
"2",0.332535295273695,28.2700968050152
"3",0.34392453034775,28.3923314066695
"4",0.324765013353858,28.053492749229
"5",0.300967115868576,27.714942987296
"6",0.245708495170006,27.0610858467555
"7",0.306854200758761,27.8693645472628
"8",0.333984186235749,28.2964594757571
"9",0,25.5941216929792
