"","obs","bmi"
"1",0.355714493254756,28.6541230411605
"2",0.328350887393155,28.1942618202232
"3",0.340908134196381,28.362488697671
"4",0.323050246035723,28.0709750796568
"5",0.299384556890276,27.7795858439659
"6",0.244081664161049,27.0435332596152
"7",0.307774144935269,27.9206234210628
"8",0.326221239701999,28.2010534804673
"9",0,25.5977382450729
