"","obs","bmi"
"1",0.36234889737642,28.7069508889626
"2",0.333405073069844,28.2435414806639
"3",0.347621437980907,28.3721656826707
"4",0.333867617264498,28.0376560075858
"5",0.31265015718717,27.7034353347166
"6",0.249272543070022,27.1075617462392
"7",0.305143362573352,27.9107446878595
"8",0.334090830341876,28.3067839752647
"9",0,25.5580104285907
