"","obs","bmi"
"1",0.354305104844894,28.6651981417415
"2",0.325122297762994,28.2038264080688
"3",0.337210643813427,28.3737855488757
"4",0.320246337033724,28.0826071092972
"5",0.302379018450444,27.7916747963703
"6",0.24483973344848,27.0763412674781
"7",0.307885517836026,27.8832278518463
"8",0.335661366525088,28.271841938541
"9",0,25.6028034367746
