"","obs","bmi"
"1",0.366248199179762,28.7429885713672
"2",0.336562283171341,28.280491973041
"3",0.342469584941855,28.4023688339512
"4",0.314571517757154,28.0619028128516
"5",0.286960347774825,27.721593180336
"6",0.243654352132759,27.0711097963264
"7",0.303720091738841,27.8353157061904
"8",0.333511872187614,28.2755132883361
"9",0,25.6193995222242
