"","obs","bmi"
"1",0.354831092179455,28.6753927534181
"2",0.326430416532145,28.2152795225678
"3",0.343540519844093,28.4560349363478
"4",0.332460601110681,28.2368085375463
"5",0.320944901576141,28.0177185588691
"6",0.245803863154908,27.0578428950424
"7",0.309530354706051,27.94799446953
"8",0.333258755319845,28.2908174448136
"9",0,25.5758859608266
