"","obs","bmi"
"1",0.364137453803871,28.689989673806
"2",0.334771734556679,28.2330115003524
"3",0.336614481028089,28.2791674889285
"4",0.303279190097236,27.8687137323766
"5",0.273691405673225,27.4586476017301
"6",0.235482705711214,27.0072023308648
"7",0.3052865502723,27.8967414158442
"8",0.335303052371714,28.3008884208413
"9",0,25.5560670737571
