"","obs","bmi"
"1",0.366074240801142,28.7318164960508
"2",0.334369438625753,28.2785425377641
"3",0.352787228000549,28.4778332122447
"4",0.337540570556866,28.2240193670164
"5",0.324652745203649,27.970380757199
"6",0.247637682332969,27.1258896209271
"7",0.309843099855331,27.9455666131698
"8",0.333529200088223,28.2862735912923
"9",0,25.5855765120313
