"","obs","bmi"
"1",0.360657780167227,28.7018557444877
"2",0.328927917218184,28.2463951569983
"3",0.341716983831946,28.4163950758739
"4",0.322874328680561,28.131066202793
"5",0.302042165688818,27.8458736048461
"6",0.242252933929563,27.0308461826993
"7",0.31493103868172,27.9435329852273
"8",0.330698431032135,28.2275138718617
"9",0,25.6402325894409
