"","obs","bmi"
"1",0.362460443272659,28.7187597069462
"2",0.333792233427878,28.2577853170954
"3",0.345928295801116,28.4083889977704
"4",0.32663549531744,28.0983886356083
"5",0.30386539642438,27.7887835540858
"6",0.251138550298375,27.1329240992693
"7",0.311716386938723,27.9785337221634
"8",0.334817630897296,28.2808757267696
"9",0,25.6272475765613
