"","obs","bmi"
"1",0.359077535957258,28.6631326576952
"2",0.329009101048344,28.2073285877037
"3",0.337251353417009,28.3078407320615
"4",0.313982237504438,27.9528506876834
"5",0.291937759631428,27.5981784583419
"6",0.246867798440875,27.1268386929267
"7",0.307710088763376,27.9184680589073
"8",0.331224987258635,28.2325061576431
"9",0,25.5679317374425
