"","obs","bmi"
"1",0.356393411172869,28.6973632852032
"2",0.326351606407825,28.2389491429155
"3",0.32042468691102,28.3381994762919
"4",0.288122965929106,27.9791409728758
"5",0.254262885258992,27.6201857960934
"6",0.245956077624343,27.0632938144245
"7",0.305964233220264,27.9083161992462
"8",0.334139637842081,28.2612446822507
"9",0,25.5882409628486
