"","obs","bmi"
"1",0.355937037447784,28.6317889616767
"2",0.326731329921406,28.1693520076457
"3",0.344783656459925,28.3809220145061
"4",0.332849960056466,28.1302548028372
"5",0.321611206773517,27.8797959639111
"6",0.241584855458986,27.064794717403
"7",0.311294259929996,27.9329809044056
"8",0.332847082814841,28.2555110874387
"9",0,25.616533632465
