"","obs","bmi"
"1",0.362197312356845,28.7321285414391
"2",0.331232972361197,28.2725456738921
"3",0.350472487420926,28.4616937846797
"4",0.338515266705321,28.1914138815519
"5",0.327720793366276,27.9212937832551
"6",0.247431129566235,27.129876118395
"7",0.307114085955728,27.8618967486082
"8",0.331868632886033,28.2570573872022
"9",0,25.5829540188853
