"","obs","bmi"
"1",0.3565270482322,28.6764301435627
"2",0.32738920496561,28.2153480122978
"3",0.341499836406706,28.361123975666
"4",0.327733545009425,28.0460037912097
"5",0.310719703017262,27.7310770592896
"6",0.244938758489954,27.0547943527732
"7",0.313145603335996,27.981403135612
"8",0.332554269241725,28.2532920011012
"9",0,25.572425993769
