"","obs","bmi"
"1",0.355156582798936,28.704515740847
"2",0.326581979464722,28.25240416319
"3",0.342369001511694,28.3616513109322
"4",0.32693638099225,28.0192300829101
"5",0.311708395570807,27.6772808010742
"6",0.242769803230655,27.0450120574607
"7",0.305823310418486,27.9066951992679
"8",0.335755394412218,28.2580096440029
"9",0,25.6207559491613
