"","obs","bmi"
"1",0.36391629323946,28.7580365309918
"2",0.334993220152155,28.3011952329483
"3",0.34361154758877,28.4267872186846
"4",0.320720131332144,28.0957191055285
"5",0.295915736366414,27.7648379840328
"6",0.247452507657205,27.1308580880174
"7",0.308916154072158,27.9072008953196
"8",0.335486720722014,28.3150087309723
"9",0,25.5796584594686
