"","obs","bmi"
"1",0.359904393251829,28.7071838877999
"2",0.329207952051649,28.2556592717156
"3",0.346042398503204,28.5374972680164
"4",0.331596502885829,28.3678596990044
"5",0.316825803572639,28.1982716415868
"6",0.239570782569978,27.0602273450908
"7",0.310734846907966,27.8886813303694
"8",0.329956159839993,28.2130772657937
"9",0,25.5824742445878
