"","obs","bmi"
"1",0.362123391914836,28.6588433494073
"2",0.330627593664812,28.1990180985758
"3",0.344643913783966,28.3091901363129
"4",0.324359133315719,27.9598277741837
"5",0.303214585960664,27.6107703523362
"6",0.243579075482967,27.0665882980956
"7",0.305919391170815,27.8692879973482
"8",0.338589602853458,28.3550649399811
"9",0,25.5662793289965
