"","obs","bmi"
"1",0.362389894740907,28.7602579307383
"2",0.334033632521255,28.3037061553773
"3",0.337532531702179,28.4719093252656
"4",0.309500370038626,28.1836333663571
"5",0.281319882549809,27.8954295118733
"6",0.241333295947012,27.0611280348703
"7",0.308127558966159,27.8737626232644
"8",0.333745400026213,28.2743799096043
"9",0,25.6048873688081
