"","obs","bmi"
"1",0.36565554559634,28.7601994896396
"2",0.336348396751462,28.3078728171035
"3",0.343445935746422,28.4110012495315
"4",0.323659038649083,28.0620535348174
"5",0.299185611232049,27.7133671394326
"6",0.243131875943661,27.0295431806675
"7",0.304473175633165,27.8672856947835
"8",0.332711046087648,28.2600892237617
"9",0,25.6145759722481
