"","obs","bmi"
"1",0.364594516616015,28.7340884885974
"2",0.33443256432492,28.2767551687585
"3",0.346016882496807,28.4211763739453
"4",0.326775719933965,28.1086073180283
"5",0.306023441280211,27.7964017504087
"6",0.243876738580458,26.9852818504459
"7",0.307107279076475,27.9074870694128
"8",0.333853883389405,28.326019970771
"9",0,25.5976638381763
