"","obs","bmi"
"1",0.363157943988111,28.6603121668602
"2",0.335467306067906,28.1968615799269
"3",0.336256457080536,28.3004091189763
"4",0.303653072150671,27.940639883178
"5",0.274727805013316,27.5810061768611
"6",0.245850565448735,27.1116920019188
"7",0.304688071236454,27.8998446818809
"8",0.331534487092784,28.2468159901776
"9",0,25.5532030708947
