"","obs","bmi"
"1",0.36287834217462,28.7059779592872
"2",0.333128924433063,28.2530671653555
"3",0.33840413725072,28.3500241765145
"4",0.31125066791829,27.9943357372394
"5",0.28435376811551,27.6389250257438
"6",0.241510831174469,27.0676842490589
"7",0.310988541950005,27.9494305861541
"8",0.329940229486654,28.2863887780554
"9",0,25.5537330070576
