"","obs","bmi"
"1",0.357832508465598,28.7094974075669
"2",0.330905495929762,28.2493207800609
"3",0.353821942630646,28.5009840225747
"4",0.347974697546602,28.2926490088298
"5",0.342566045589273,28.0844998494306
"6",0.247757130116968,27.108795516799
"7",0.304360466345814,27.8650933423625
"8",0.335625344677956,28.2763843567756
"9",0,25.6399954909866
