"","obs","bmi"
"1",0.360470088982564,28.6909826578426
"2",0.330219171390315,28.2225341108402
"3",0.338551644363658,28.3647012152887
"4",0.314823264149316,28.0385272365894
"5",0.288230070864462,27.7124629395101
"6",0.24593852142525,27.0460654055592
"7",0.306113135688644,27.8833037340266
"8",0.332564656191032,28.243226914217
"9",0,25.6121171431091
