"","obs","bmi"
"1",0.360086162944705,28.6898876651242
"2",0.331045790397709,28.2382868854909
"3",0.347707494111752,28.4010921383501
"4",0.334514976711925,28.1125722963181
"5",0.323116507338004,27.8243418906472
"6",0.247171691079241,27.1175310099184
"7",0.307771822533176,27.8750388520824
"8",0.333452062766672,28.257308546834
"9",0,25.6209345991643
