"","obs","bmi"
"1",0.364030040600131,28.782892128826
"2",0.335046851181087,28.3200771092765
"3",0.335716054922346,28.3720776109266
"4",0.304034395010689,27.9615722256292
"5",0.275527914636817,27.5513895707909
"6",0.243865365765987,26.982630588931
"7",0.306622567055227,27.8862003648987
"8",0.333276509338196,28.2636628571456
"9",0,25.5900673990416
