"","obs","bmi"
"1",0.352408826384276,28.6588774623786
"2",0.323351923121992,28.1991348359486
"3",0.33611812800524,28.365129306897
"4",0.318624158587452,28.0715112922632
"5",0.301286857992468,27.7780277162308
"6",0.248101040289493,27.089011670279
"7",0.304161612747916,27.9308020017239
"8",0.338776530315732,28.3546598503788
"9",0,25.6243873639004
