"","obs","bmi"
"1",0.359808982618171,28.6835335785464
"2",0.329244431295958,28.2217491565525
"3",0.341767345407463,28.4119128178265
"4",0.322676121790157,28.1404331382703
"5",0.301472337245739,27.8690977949868
"6",0.242482442784587,27.0260702576044
"7",0.301351204766044,27.8511292451647
"8",0.335737925779729,28.3062190527883
"9",0,25.5575646007835
