"","obs","bmi"
"1",0.361512501915193,28.6834976154014
"2",0.331585055199623,28.2226772440527
"3",0.342263114778501,28.3205757716259
"4",0.324163222593087,27.9580061766955
"5",0.303356934766382,27.5958077858274
"6",0.246062198525767,27.0856690592233
"7",0.304364979718901,27.9182862982882
"8",0.331346682566066,28.2386945556776
"9",0,25.5744534820014
