"","obs","bmi"
"1",0.363700910933376,28.6945755837715
"2",0.331243873218512,28.2359284848506
"3",0.339577848267992,28.3057486706295
"4",0.31121553922185,27.917187025726
"5",0.286365655621662,27.5289019091265
"6",0.245017443164026,27.0392015565295
"7",0.306389027465735,27.9357312205607
"8",0.337890038206985,28.3351191427677
"9",0,25.574707328256
