"","obs","bmi"
"1",0.36460124147822,28.6916452124207
"2",0.333869234912463,28.2314846966958
"3",0.348044183267891,28.3954744651273
"4",0.326438667140916,28.099565032559
"5",0.306092696042138,27.8039295655936
"6",0.24431820652754,27.0343304904105
"7",0.303403261379793,27.8656279327178
"8",0.331744325152698,28.2801488509822
"9",0,25.522804113041
