"","obs","bmi"
"1",0.362536239497686,28.7284248332516
"2",0.331734482279276,28.2687990091386
"3",0.343810553007579,28.4117996421934
"4",0.323527167414511,28.0952982083282
"5",0.301324822020958,27.7789251454808
"6",0.242753514763101,27.0862653326414
"7",0.303949314624518,27.8499873458432
"8",0.331123318676136,28.2464535207712
"9",0,25.5779876552413
