"","obs","bmi"
"1",0.359798401417019,28.7171272712813
"2",0.331575905657889,28.2705661767102
"3",0.344618655295996,28.3968700258858
"4",0.326225441208796,28.0768254567101
"5",0.310185593624671,27.7570012240786
"6",0.240412369529461,27.061738246159
"7",0.306706125482288,27.8869671382209
"8",0.328896931008167,28.2117622454555
"9",0,25.6542269824592
