"","obs","bmi"
"1",0.36222493133404,28.703419617452
"2",0.332780718633272,28.2457320430191
"3",0.338775495226222,28.443656568802
"4",0.31510981671514,28.1841088601233
"5",0.290967825239988,27.9247871949228
"6",0.243158476796014,27.1027122987465
"7",0.30961532094078,27.9265878547645
"8",0.331672595100449,28.2663112298689
"9",0,25.5853042134198
