"","obs","bmi"
"1",0.356556284791367,28.6599925586241
"2",0.328128420827529,28.2059949962606
"3",0.335437123109254,28.3108027782272
"4",0.313266690296631,27.9618403403046
"5",0.288925707291904,27.6131140966311
"6",0.245896512606301,27.0825213451755
"7",0.305320750076561,27.8636784304064
"8",0.335087131507621,28.3320203426612
"9",0,25.577498308172
