"","obs","bmi"
"1",0.361457517910787,28.7542693925837
"2",0.330612553831669,28.2876520012141
"3",0.338646083475785,28.5485520755746
"4",0.313173657830271,28.3428528589494
"5",0.289029399197013,28.1371705201327
"6",0.244549528194945,27.0587764081339
"7",0.315408673052545,27.9157695659352
"8",0.332797126943019,28.2609698517779
"9",0,25.6006482893155
