"","obs","bmi"
"1",0.361668161901978,28.7181891522173
"2",0.332029664381868,28.2500514040207
"3",0.335624903586085,28.4225361804097
"4",0.308671613214285,28.1270030645756
"5",0.279356266081377,27.8315928883741
"6",0.24589134414822,27.0864276031455
"7",0.303460913286964,27.8251885839575
"8",0.333345059744891,28.2706435856273
"9",0,25.5994205722162
