"","obs","bmi"
"1",0.361551704069,28.6971657268482
"2",0.331515988185533,28.2358169848964
"3",0.339218099660681,28.309542768927
"4",0.31150355689564,27.9223220634592
"5",0.280240467213803,27.5355274118944
"6",0.242375349132581,27.0582054451787
"7",0.312290955234927,27.9597901496228
"8",0.338234542616697,28.3445562160596
"9",0,25.6058091359895
