"","obs","bmi"
"1",0.367424119823566,28.8067599805517
"2",0.338157823153007,28.3493004993616
"3",0.353712395788119,28.5241138040511
"4",0.338573052910043,28.2416235880202
"5",0.319963237006382,27.9592936081868
"6",0.246377612465256,27.0828517049989
"7",0.310516313885509,27.9091406771746
"8",0.335609859594238,28.2751284358645
"9",0,25.6112376669804
