"","obs","bmi"
"1",0.360156286981553,28.7035448873763
"2",0.328164865908837,28.2442472805977
"3",0.342923011058507,28.4399059037342
"4",0.326328703406684,28.1763734509178
"5",0.310945699694955,27.9129509675547
"6",0.244405578905479,27.047485565979
"7",0.309423233228203,27.9175215472691
"8",0.335169664070674,28.2774398344877
"9",0,25.6100023561953
