"","obs","bmi"
"1",0.360345570700363,28.7076868446499
"2",0.330784531407462,28.2459280649867
"3",0.343958480956138,28.475256639239
"4",0.325847159950946,28.2429517735883
"5",0.30240404425805,28.0107763717654
"6",0.241141820698666,27.0560322874955
"7",0.307536940775311,27.8261884371918
"8",0.335624371073341,28.2469918513439
"9",0,25.5645580157643
