"","obs","bmi"
"1",0.359911071346043,28.7065893812228
"2",0.329693947051869,28.2521173409832
"3",0.345216261835869,28.4572264919481
"4",0.331902319347202,28.2079869744254
"5",0.319208400547997,27.9588755341344
"6",0.243831908826629,27.1116735724067
"7",0.307504020381439,27.8778041276003
"8",0.340876146730495,28.3325209813015
"9",0,25.6069240113947
