"","obs","bmi"
"1",0.358378480557006,28.7149088434228
"2",0.327509469960544,28.255907363238
"3",0.32361511124005,28.2708127380073
"4",0.289992868735445,27.827013934903
"5",0.257998074366837,27.3835250624904
"6",0.245347300699912,27.098421384801
"7",0.303317166368945,27.8348954222817
"8",0.341494282485167,28.3353568073239
"9",0,25.5820349139968
