"","obs","bmi"
"1",0.359060125080944,28.7448030674294
"2",0.330177651156358,28.2860917113064
"3",0.334114205774455,28.3337428554924
"4",0.306542818503516,27.9229959590536
"5",0.280095122897813,27.5125770802046
"6",0.243194648714437,27.0730744468314
"7",0.311685695153709,27.9673678504559
"8",0.332053217707336,28.2720455714276
"9",0,25.6303576718743
