"","obs","bmi"
"1",0.357191561224731,28.6601897459588
"2",0.327846377925429,28.2009630622321
"3",0.342232187383038,28.3703146088015
"4",0.328061554264815,28.0806004041932
"5",0.312665241837289,27.7910562788342
"6",0.24645893841542,27.108582792076
"7",0.30537529308905,27.8698127183342
"8",0.339420770289504,28.2894111298869
"9",0,25.5833800709561
