"","obs","bmi"
"1",0.3500700353288,28.6277399231509
"2",0.323033111724624,28.168441565381
"3",0.339778541428129,28.3902544487866
"4",0.326830201359292,28.1528969395074
"5",0.310958490754755,27.9156712560746
"6",0.241737431348652,27.0525787132555
"7",0.313782783008616,27.9292718028013
"8",0.336404577128972,28.3062687135896
"9",0,25.5954792550999
