"","obs","bmi"
"1",0.366588158111885,28.7207416586969
"2",0.337448448909812,28.2601837176724
"3",0.340529937203051,28.4022031357115
"4",0.310826462365077,28.0837834613236
"5",0.281833403149962,27.7654848040021
"6",0.241572029519692,27.0725043370467
"7",0.308972996275234,27.9084235605339
"8",0.337831954826401,28.3055013076418
"9",0,25.5780706182898
