"","obs","bmi"
"1",0.362393255724987,28.6709996408664
"2",0.331143660517962,28.2075288026098
"3",0.337183888046554,28.3707129746061
"4",0.308873235190981,28.0706107044293
"5",0.279595736093716,27.770700086091
"6",0.240080784071608,27.0466157743376
"7",0.304274307360287,27.8675867296702
"8",0.33359995991125,28.2531862909923
"9",0,25.5780071869617
