"","obs","bmi"
"1",0.366069812593115,28.761078999999
"2",0.335741137086878,28.3057255257853
"3",0.354387589123967,28.4569431273618
"4",0.344284246630051,28.1530636022062
"5",0.334137779105879,27.8494524019817
"6",0.246297958387002,27.0777353600477
"7",0.306700183344419,27.8761519435823
"8",0.333286415266973,28.2977636997383
"9",0,25.5657212883649
