"","obs","bmi"
"1",0.367765489362415,28.7769562079243
"2",0.336662860236308,28.3189119908418
"3",0.347680933410637,28.5167762080847
"4",0.327065088533142,28.2566931370439
"5",0.303145307099345,27.9967100695685
"6",0.243281048667332,27.0802806748606
"7",0.308741474022108,27.8940290243926
"8",0.332478716536831,28.2601634577097
"9",0,25.5958141388929
