"","obs","bmi"
"1",0.354640038365909,28.61846837236
"2",0.323292812852549,28.1554652927529
"3",0.332560396125439,28.3221830422491
"4",0.310396907393059,28.0260479444135
"5",0.28563836185567,27.7300674665707
"6",0.245492723457618,27.0926421068708
"7",0.310273066878059,27.9289613478479
"8",0.335863452096984,28.2574259958323
"9",0,25.5504498347461
