"","obs","bmi"
"1",0.359319962710475,28.6722330957995
"2",0.330445424911686,28.2276962987047
"3",0.34152814273194,28.3492595050488
"4",0.322675514272147,28.0265876542347
"5",0.298946078012598,27.7042326079967
"6",0.236310174157956,27.0272087475705
"7",0.306723089073038,27.9016249060603
"8",0.336804574036731,28.2867947854681
"9",0,25.5625605277654
