"","obs","bmi"
"1",0.363640957699845,28.6976817804223
"2",0.333238833039001,28.2370678679537
"3",0.339385333482746,28.4216533650233
"4",0.314762594805586,28.1456904127252
"5",0.287565596285632,27.8697926347745
"6",0.239087011500079,27.0328875609222
"7",0.307495578637803,27.897240855047
"8",0.333558444892591,28.3095471629412
"9",0,25.5533210799901
