"","obs","bmi"
"1",0.364066249236585,28.728567817712
"2",0.33485974582249,28.2637426998307
"3",0.353710759565402,28.450104638312
"4",0.342492018456582,28.1718474222552
"5",0.331388767828441,27.8938067821399
"6",0.246349336492961,27.0952442808202
"7",0.306107684583388,27.8538773022547
"8",0.330298800704981,28.2050677994135
"9",0,25.6162866438095
