"","obs","bmi"
"1",0.362078186657521,28.7369834723109
"2",0.333400802657324,28.2821182253177
"3",0.343054889010998,28.3552688783819
"4",0.318404171063518,27.9737341022533
"5",0.295124275349729,27.5923862262356
"6",0.239925428061466,27.0222503343368
"7",0.314905818408048,27.9027617303891
"8",0.33530891702513,28.3320476685591
"9",0,25.6368199340283
