"","obs","bmi"
"1",0.358124600334748,28.7046094965886
"2",0.327825938791311,28.2448478317512
"3",0.332184568974599,28.24947229976
"4",0.300380787273724,27.7946389486573
"5",0.270579469543037,27.340123186276
"6",0.245423408622636,27.0618381427666
"7",0.308602455906868,27.9100452423123
"8",0.336841387767376,28.2627776614384
"9",0,25.6091099668939
