"","obs","bmi"
"1",0.361302270068089,28.7736642378297
"2",0.332065309875888,28.3100731246658
"3",0.344548231913524,28.4894642152752
"4",0.324701684637652,28.2053842510227
"5",0.306542794618764,27.9214284828145
"6",0.239919962941095,26.9909812401802
"7",0.304371578752071,27.8797494656344
"8",0.330103962706407,28.2610159852405
"9",0,25.6804664332902
