"","obs","bmi"
"1",0.353440138884726,28.6574222450447
"2",0.322706546369757,28.2007495389967
"3",0.329014406552404,28.3583545979842
"4",0.307080323692005,28.0594181108345
"5",0.285476516871455,27.7606161561648
"6",0.246810222189957,27.0674817455667
"7",0.30809031949786,27.8769098311464
"8",0.331431116072892,28.2216386834302
"9",0,25.6299998030808
