"","obs","bmi"
"1",0.364884246147464,28.7416401918214
"2",0.334095221618297,28.283711535814
"3",0.336705330116548,28.3316916437875
"4",0.306572860931453,27.9220994169438
"5",0.277732300206439,27.512883473074
"6",0.246218044589361,27.1050037294375
"7",0.31010878205759,27.9231128816955
"8",0.336006171132464,28.3499137964226
"9",0,25.5949396716426
