"","obs","bmi"
"1",0.357437910111951,28.6639551522539
"2",0.329463288618117,28.1993230408081
"3",0.329447304096975,28.3153290536577
"4",0.297670211290513,27.9667936195873
"5",0.268369906434228,27.6183488929047
"6",0.240127752009646,27.0365089807281
"7",0.303899728844873,27.8286814948132
"8",0.330673835896453,28.2505645547859
"9",0,25.5574340929007
