"","obs","bmi"
"1",0.359421588440497,28.7053810895063
"2",0.330491084594897,28.2455557889534
"3",0.34935141715126,28.4533418817805
"4",0.340831554069724,28.2014248785958
"5",0.328579161386873,27.9496338069187
"6",0.246117288877523,27.0870339269392
"7",0.311246355020091,27.8741251853309
"8",0.334964932845931,28.2679302430002
"9",0,25.6043145359729
