"","obs","bmi"
"1",0.361201139513695,28.6666043620932
"2",0.329722236363329,28.213204869666
"3",0.344499959213527,28.4579098455899
"4",0.32831293198734,28.2493012961409
"5",0.311974968159513,28.0407808887285
"6",0.246440582412585,27.0924937097223
"7",0.305794015747018,27.8486754468169
"8",0.341776508548725,28.3576194499313
"9",0,25.5957389972895
