"","obs","bmi"
"1",0.362438166989675,28.7583595765725
"2",0.335823790441073,28.2969795919188
"3",0.344848219047038,28.4960202248079
"4",0.324139192295925,28.2337663386914
"5",0.302537369922086,27.9715990321427
"6",0.245526490610878,27.048067531619
"7",0.311625503132559,27.8949962352919
"8",0.330552809130683,28.2138026958779
"9",0,25.5820762715349
