"","obs","bmi"
"1",0.364160184776127,28.7341716399555
"2",0.334299140342433,28.2758066993393
"3",0.346622214651928,28.4058557558489
"4",0.327143632491851,28.0777537040524
"5",0.305239867452848,27.7498761124015
"6",0.247921165938203,27.1224078680313
"7",0.30680972832513,27.9534616593997
"8",0.335729411468378,28.2555597710161
"9",0,25.5825216255452
