"","obs","bmi"
"1",0.364376316300126,28.7011143482834
"2",0.332657721064882,28.2350028078849
"3",0.340489839963049,28.3907531251669
"4",0.318118117366318,28.0805098912123
"5",0.288335006111096,27.7703867852012
"6",0.246632849409872,27.077868497656
"7",0.314012673605986,27.95627222787
"8",0.336139276255493,28.2814085564297
"9",0,25.5496158029692
