"","obs","bmi"
"1",0.358235439999234,28.6925087576847
"2",0.330023282686647,28.239998437956
"3",0.332661084859338,28.3825727453802
"4",0.307318509961738,28.0727268955119
"5",0.284537492666767,27.7629723115068
"6",0.250242283364049,27.1527600794165
"7",0.313087824980454,27.9700538917797
"8",0.335933899687116,28.2769621006354
"9",0,25.5688304040404
