"","obs","bmi"
"1",0.356237152385642,28.6817955871454
"2",0.329529702318895,28.226513313771
"3",0.348004941567603,28.399582503317
"4",0.339685522704649,28.1175602927813
"5",0.328637619450206,27.8357361152113
"6",0.25004996040433,27.1333878432353
"7",0.303890726270267,27.8825777463555
"8",0.334449692654675,28.2942789961525
"9",0,25.6042581674608
