"","obs","bmi"
"1",0.357429620652591,28.6700953720174
"2",0.329834337269235,28.2196181984775
"3",0.345189947450718,28.3815811862131
"4",0.333576083021397,28.0935176913963
"5",0.319708543502964,27.8059376455794
"6",0.246965734362835,27.0459548902039
"7",0.310081064494219,27.9188496309823
"8",0.333108313727958,28.2547730009228
"9",0,25.5817629118023
