"","obs","bmi"
"1",0.363369678577416,28.7149423205253
"2",0.335193487517532,28.2524477873232
"3",0.35015137922131,28.4958119472531
"4",0.335701866866513,28.2767853376103
"5",0.323403429919766,28.0578659029452
"6",0.241992592481432,27.1151583193588
"7",0.315005335471172,27.9711773143919
"8",0.330919730595481,28.2658917130475
"9",0,25.5406448832631
