"","obs","bmi"
"1",0.36467000745784,28.7345806210307
"2",0.333740042055217,28.2746963323514
"3",0.342195830299058,28.425098419888
"4",0.322148267762334,28.1157991114651
"5",0.29923108918929,27.8066894438109
"6",0.244381252029663,27.0993590430538
"7",0.303439072057462,27.8925040410894
"8",0.33515551172174,28.2798286114828
"9",0,25.5986923813765
