"","obs","bmi"
"1",0.357871360891747,28.6941351051764
"2",0.329430939567338,28.2307766932869
"3",0.333061755755344,28.3363924902814
"4",0.305607503339991,27.9787985320243
"5",0.275994879112064,27.6213571799653
"6",0.244597888702676,27.047740628714
"7",0.307358777480907,27.9081653415091
"8",0.337909038920336,28.30271513851
"9",0,25.5627881180414
