"","obs","bmi"
"1",0.36225971526013,28.72720950697
"2",0.333047979775158,28.269252734259
"3",0.346675173639637,28.499504753683
"4",0.328266779914989,28.2719369864844
"5",0.308630741976481,28.0445117618259
"6",0.243698414901252,27.0756023406266
"7",0.309418142168321,27.8958255098506
"8",0.333590990147039,28.2977838012076
"9",0,25.5978576121122
