"","obs","bmi"
"1",0.362918746197059,28.7528200556495
"2",0.333220588167557,28.3012546658688
"3",0.34041369134655,28.4769212435648
"4",0.316125244452919,28.2011594762438
"5",0.293126232857679,27.9255426866927
"6",0.245642784253941,27.0665998720787
"7",0.308455750620254,27.8796734562191
"8",0.33632233261124,28.3075343426349
"9",0,25.598901073734
