"","obs","bmi"
"1",0.366597322697737,28.8009372239168
"2",0.33692700480995,28.3390441161635
"3",0.338944033763291,28.4457178956189
"4",0.311972637142815,28.0907187214653
"5",0.284134011652353,27.7359479128325
"6",0.249447029767092,27.1016752823558
"7",0.308160246696814,27.8380040043754
"8",0.333353538405406,28.2466020417096
"9",0,25.5880392562052
