"","obs","bmi"
"1",0.363768364575505,28.7482394125561
"2",0.333474644965559,28.296323123272
"3",0.33688618775835,28.400895584504
"4",0.312673625013604,28.0536930934429
"5",0.286136934695429,27.7066352466633
"6",0.245322668650182,27.102422421229
"7",0.309113765495915,27.9163948533482
"8",0.332335737437371,28.2569539809254
"9",0,25.6081107284813
