"","obs","bmi"
"1",0.360002708997207,28.7371460933288
"2",0.328706729725746,28.2736621286323
"3",0.350162759683624,28.5474458960326
"4",0.337866364947373,28.3578159496644
"5",0.327338232939135,28.1682580006494
"6",0.239672508944343,27.048808894077
"7",0.306628514114505,27.9115305676138
"8",0.338531472978504,28.3095766810314
"9",0,25.6058809832863
