"","obs","bmi"
"1",0.362878795982654,28.7415513853786
"2",0.332987775876448,28.2824164075208
"3",0.34726914131716,28.4744855154969
"4",0.329266604065263,28.2076295512231
"5",0.306868452888273,27.9409921707528
"6",0.239143411057689,27.0200551488099
"7",0.305387580800029,27.853687244772
"8",0.331329118128204,28.2363824418189
"9",0,25.6258958386193
