"","obs","bmi"
"1",0.357973971154266,28.7320967847087
"2",0.327563818219564,28.2703356966574
"3",0.343834121375646,28.4861807841959
"4",0.330207043226764,28.2405094586175
"5",0.314356048315342,27.9950945040306
"6",0.250812424989354,27.1272485395533
"7",0.308041313360302,27.9326676386921
"8",0.326234531136239,28.2524458845202
"9",0,25.6614018248239
