"","obs","bmi"
"1",0.361622403055683,28.6799593673836
"2",0.330851227964876,28.2174673790207
"3",0.344720223745599,28.3979344463758
"4",0.325818863937987,28.116091781633
"5",0.307548462950177,27.8344374896056
"6",0.239546171339188,27.0184047067642
"7",0.30367515755518,27.8838956566487
"8",0.336380671950058,28.3415339761628
"9",0,25.527649228428
