"","obs","bmi"
"1",0.358994551314311,28.685697781572
"2",0.329968298764605,28.2331840379207
"3",0.33818365068219,28.3069289444315
"4",0.316524143960482,27.9284288870383
"5",0.292609729558802,27.5502167764227
"6",0.241877605294584,27.0421961295248
"7",0.303695869112117,27.8620149037154
"8",0.335727124910594,28.3267479421693
"9",0,25.5622162379978
