"","obs","bmi"
"1",0.356158760719169,28.6513829205695
"2",0.329358671283862,28.1946429212457
"3",0.332803257782534,28.3910532738871
"4",0.302562019603093,28.1307745575467
"5",0.273940736740473,27.8705462688905
"6",0.247453843786205,27.0858069454659
"7",0.311599169250792,27.8897057424583
"8",0.331902607106701,28.2872741632508
"9",0,25.5674032446467
