"","obs","bmi"
"1",0.35652488293624,28.7064197244852
"2",0.327484553819936,28.2530111421271
"3",0.337281055180526,28.3860999630474
"4",0.314265379171342,28.0661360571199
"5",0.293769022739023,27.7465488260796
"6",0.246516024440335,27.1298212599556
"7",0.310804486601767,27.9538687207128
"8",0.334392156927048,28.3353815056988
"9",0,25.6336833641131
