"","obs","bmi"
"1",0.362858497072124,28.7091553420749
"2",0.33339328754397,28.2472188157226
"3",0.347688092225286,28.4399049694362
"4",0.328642391392136,28.1707429840595
"5",0.312070234196755,27.9016710912398
"6",0.241151612254711,27.0499441084547
"7",0.299547579211944,27.8445627917491
"8",0.327523860878729,28.2397389778523
"9",0,25.5788865566512
