"","obs","bmi"
"1",0.363582534436464,28.7097524071183
"2",0.330969354531472,28.2527649124025
"3",0.34450558886842,28.4124618243545
"4",0.324294073381971,28.1152789999492
"5",0.302791364766608,27.8182063239149
"6",0.243858667340378,27.0774531336245
"7",0.307489214478038,27.8667258325712
"8",0.334384604703775,28.2453607623183
"9",0,25.6325116186764
