"","obs","bmi"
"1",0.364247393535981,28.6842192239701
"2",0.331639698133003,28.2284954059413
"3",0.341057196702834,28.4050757929116
"4",0.316948246835874,28.126076797382
"5",0.294447814317037,27.8472270145212
"6",0.245634828946102,27.1233972375995
"7",0.304516727338353,27.8752034157645
"8",0.332965576692436,28.2511176275262
"9",0,25.5265566786444
