"","obs","bmi"
"1",0.362030739473955,28.7121421674929
"2",0.333764840335835,28.2503013700728
"3",0.342817425472575,28.3963714688578
"4",0.321192014719057,28.0807545180935
"5",0.297398495160444,27.765296544918
"6",0.238821899483181,27.0598487262217
"7",0.309734892584063,27.8720592752097
"8",0.334821384125679,28.302164957198
"9",0,25.6343711845791
