"","obs","bmi"
"1",0.359125693179233,28.7135650967799
"2",0.331595066317543,28.2439481393239
"3",0.347486525379759,28.4482703016026
"4",0.337179462036961,28.1832199609587
"5",0.325520575861242,27.9184256698585
"6",0.241584673194259,27.0348475491315
"7",0.309983617698077,27.9329964138818
"8",0.338985049259306,28.3407178880031
"9",0,25.6260856466583
