"","obs","bmi"
"1",0.355135222094663,28.613836467847
"2",0.327137009195797,28.1619977034011
"3",0.344637731842329,28.338948145891
"4",0.330845394447429,28.0642955099007
"5",0.318445248284627,27.789888996119
"6",0.244583742002004,27.0832397197676
"7",0.31427005477261,27.9012708608527
"8",0.33799626499836,28.2871763291655
"9",0,25.5532171781435
