"","obs","bmi"
"1",0.354604091552727,28.6906313436644
"2",0.326179782606266,28.2279775898756
"3",0.338273791915719,28.4113314730767
"4",0.321648293329152,28.1321571894483
"5",0.304768128771622,27.8531129340556
"6",0.242765692912796,27.1156079761305
"7",0.31013780190525,27.9259278971574
"8",0.337005645804736,28.2904997982555
"9",0,25.5929708246524
