"","obs","bmi"
"1",0.367226760748331,28.745992848598
"2",0.336032446590804,28.2861687022995
"3",0.352785903891914,28.4451380803239
"4",0.33940396636804,28.1445660880912
"5",0.323941672362906,27.8442916701083
"6",0.240078701595601,26.9934910273823
"7",0.307863944635903,27.9262886433213
"8",0.333886950037486,28.2784850954856
"9",0,25.599113648903
