"","obs","bmi"
"1",0.362334316326554,28.7344620764355
"2",0.334647668935496,28.2747436806611
"3",0.343447049290065,28.4625842916107
"4",0.323514021885289,28.1908031046233
"5",0.299352555468573,27.9191210613923
"6",0.245240721225565,27.092994152657
"7",0.309850148893138,27.9355727094287
"8",0.337386593152587,28.3302296436479
"9",0,25.6495344505031
