"","obs","bmi"
"1",0.357787638360197,28.6292621077425
"2",0.327623155889462,28.1701518001892
"3",0.336975308031364,28.3089923269982
"4",0.311733084870119,27.9890025751895
"5",0.286120204572252,27.6693064635462
"6",0.238719908719087,27.0037258319039
"7",0.308006755990446,27.929597232286
"8",0.333330462440884,28.2832281474631
"9",0,25.5711130767841
