"","obs","bmi"
"1",0.364783460815273,28.7452361029706
"2",0.334906581492431,28.2820892108907
"3",0.350209367023069,28.4823289164366
"4",0.337822066193389,28.2196074709044
"5",0.319813036992916,27.9570799499245
"6",0.250051367801318,27.1131032645781
"7",0.313905994991323,27.9907192600285
"8",0.332333390657529,28.2613283596188
"9",0,25.5682831381976
