"","obs","bmi"
"1",0.356574926633402,28.6920509023728
"2",0.327025298273039,28.2411993010948
"3",0.330154542080776,28.355656648152
"4",0.303757965000152,28.0194400703443
"5",0.274043587835083,27.6834062954187
"6",0.242624914024993,27.0476929916151
"7",0.302742405305718,27.8723505741724
"8",0.339736815078387,28.3038232902349
"9",0,25.6163638826029
