"","obs","bmi"
"1",0.358237135957151,28.6541803183816
"2",0.327454972561598,28.191029367244
"3",0.343562514046759,28.3197517729687
"4",0.326011731143043,27.9857288273735
"5",0.311325355658187,27.6521357486368
"6",0.246043430809361,27.1021332746408
"7",0.304678160021206,27.872344889766
"8",0.331188826305011,28.2907386048019
"9",0,25.5381932923722
