"","obs","bmi"
"1",0.35625216124627,28.6704490099931
"2",0.325996150808143,28.2179590901494
"3",0.339762415304369,28.314231531013
"4",0.323228474986912,27.9583560597574
"5",0.309190263563956,27.6028415641683
"6",0.24694455467284,27.113488882996
"7",0.302661414125449,27.8424052435506
"8",0.329950937215212,28.243031019331
"9",0,25.5957295964155
