"","obs","bmi"
"1",0.366700544134273,28.7763272013386
"2",0.33735551955199,28.3162712775254
"3",0.328386228944785,28.3628457955812
"4",0.288366965651723,27.9494798865917
"5",0.252520961738509,27.5362270416036
"6",0.248220193096178,27.1302191548135
"7",0.308684495245518,27.9414005265106
"8",0.334555786252267,28.2889957837965
"9",0,25.6037115211353
