"","obs","bmi"
"1",0.363646766861598,28.7020486518913
"2",0.332812192789444,28.2402192348436
"3",0.34340562078687,28.3132505229483
"4",0.320530830759774,27.9248762997338
"5",0.299597701074,27.5369518892999
"6",0.244433677778833,27.0876002427703
"7",0.313314335509094,27.9546549677609
"8",0.333219332798356,28.242483838693
"9",0,25.5338075760318
