"","obs","bmi"
"1",0.358284908357718,28.6577694422526
"2",0.328225914789817,28.1974343171263
"3",0.338469965096583,28.4200563281273
"4",0.315562471549353,28.1824137725815
"5",0.295715710096875,27.9448424267784
"6",0.242073548820731,27.0558178687307
"7",0.305690435787914,27.8737019233221
"8",0.335549388444367,28.344127590503
"9",0,25.5430632925048
