"","obs","bmi"
"1",0.359726666636129,28.6721997296225
"2",0.325618828349729,28.2140011537719
"3",0.335824481352215,28.3786428281487
"4",0.310724778149155,28.0852435720479
"5",0.290411308524895,27.7920060059745
"6",0.241848922198887,27.0783969817578
"7",0.307865046125743,27.8842634509341
"8",0.330963864799553,28.2576704077195
"9",0,25.52844545351
