"","obs","bmi"
"1",0.361094179493848,28.7231441333315
"2",0.329572718448837,28.263397853546
"3",0.346530545448534,28.5106894415019
"4",0.330565085557023,28.2983281059506
"5",0.319885225697686,28.0860625684247
"6",0.247281412382859,27.0577220178858
"7",0.307208561941088,27.8688136121152
"8",0.33975833618297,28.316752224582
"9",0,25.5998284088988
