"","obs","bmi"
"1",0.358497220919686,28.7088646739744
"2",0.32892794637539,28.2524843889091
"3",0.342275508882796,28.4235585216683
"4",0.321240940281277,28.1384318936968
"5",0.301316005904053,27.8534900759303
"6",0.241979999058178,27.038901556575
"7",0.309212333637286,27.9371269062985
"8",0.335184247326254,28.2915202350143
"9",0,25.6163835044133
