"","obs","bmi"
"1",0.359417445391695,28.718453820293
"2",0.332415231931363,28.2597863588613
"3",0.341866422688157,28.423662941994
"4",0.325515658741233,28.1290519234795
"5",0.306109017609329,27.8346270881995
"6",0.244446695225863,27.0787279511497
"7",0.304595338065881,27.8921279475467
"8",0.333716170177445,28.2872096174423
"9",0,25.6095291299637
