"","obs","bmi"
"1",0.361294064257495,28.7203227954634
"2",0.332271091476526,28.2609644151286
"3",0.349602330567935,28.443187762367
"4",0.335159665199543,28.1663597528592
"5",0.323757711466758,27.8898567526848
"6",0.244255512415772,27.0566013942905
"7",0.305136352043078,27.9135993808843
"8",0.337170069756288,28.3210159325191
"9",0,25.6001861975819
