"","obs","bmi"
"1",0.356657587825013,28.6681516464344
"2",0.328859282604956,28.2211637315575
"3",0.338167993247498,28.3385580734769
"4",0.318553984608044,28.0091653476246
"5",0.297515845430815,27.6799807791816
"6",0.246826172639588,27.094141706106
"7",0.305549763815552,27.8760226990352
"8",0.336776834587093,28.2670010366365
"9",0,25.6170555285009
