"","obs","bmi"
"1",0.362444660885743,28.7446919723973
"2",0.334092560056903,28.289977931449
"3",0.340561882221869,28.4083860503883
"4",0.31563109231362,28.0722352178689
"5",0.2915381502051,27.7362441724686
"6",0.248581535832712,27.1148090800148
"7",0.307048151215883,27.8705743280569
"8",0.334509774579386,28.3146460943172
"9",0,25.5895955643803
