"","obs","bmi"
"1",0.361153038836916,28.7284348265147
"2",0.332361057316217,28.266233278581
"3",0.344908366785593,28.443731837539
"4",0.325712918448087,28.1593798861347
"5",0.305661481407526,27.8754024166635
"6",0.24901511117815,27.1097276280046
"7",0.305212317554712,27.8735847325873
"8",0.33616485679607,28.2987379512275
"9",0,25.6012697834026
