"","obs","bmi"
"1",0.358287766567289,28.6773599944225
"2",0.329556862259451,28.226128254553
"3",0.339432415332323,28.3718600721933
"4",0.321699705135211,28.0664882984055
"5",0.2988425406147,27.7612483037405
"6",0.246919390865684,27.0918457997676
"7",0.303740615476966,27.9034564329242
"8",0.33441654876521,28.2748960343299
"9",0,25.5612600432993
