"","obs","bmi"
"1",0.357377937407521,28.6993108883157
"2",0.326710117552537,28.238025096598
"3",0.337482519605506,28.3864012723834
"4",0.317774511751723,28.0736403775875
"5",0.297628056296043,27.7610318428899
"6",0.244801552593207,27.0828526855221
"7",0.307161071891782,27.8845640209722
"8",0.333536244611865,28.2205477263743
"9",0,25.6299593186873
