"","obs","bmi"
"1",0.357585670535693,28.6680397749258
"2",0.32508543432405,28.208017910461
"3",0.32971325492495,28.2776832122846
"4",0.298657610874338,27.8878092935932
"5",0.270490851085605,27.4984533169115
"6",0.244715336027442,27.0597577946913
"7",0.303470619350067,27.8566431702329
"8",0.32732692032846,28.2454224991469
"9",0,25.5678080122962
