"","obs","bmi"
"1",0.355528891944853,28.6872404342386
"2",0.327039681455817,28.2329564033258
"3",0.335415202694549,28.4641453986893
"4",0.31702315520289,28.2411163387599
"5",0.295715330486261,28.0181553937632
"6",0.244891956919763,27.0544998351372
"7",0.308973041991213,27.9266304063536
"8",0.332187974449824,28.2946843129757
"9",0,25.6088906001209
