"","obs","bmi"
"1",0.368867090378773,28.7439806592874
"2",0.336772931303226,28.2808101165365
"3",0.345924398464994,28.4202567909639
"4",0.318355901499713,28.0966904311116
"5",0.293961321232365,27.7732881120865
"6",0.241733533523054,27.0269965968471
"7",0.304360092952611,27.879137085242
"8",0.336920505457158,28.3217078001514
"9",0,25.5836670199849
