"","obs","bmi"
"1",0.359463622926385,28.6842785510762
"2",0.331489424639827,28.2362800757807
"3",0.341965680816983,28.4365807686037
"4",0.319274751152107,28.1889642381018
"5",0.298401977399542,27.9414314618298
"6",0.244801557247691,27.044124227089
"7",0.308593437639317,27.9090607441034
"8",0.333537673817684,28.2587057125735
"9",0,25.5869108919231
