"","obs","bmi"
"1",0.366525329461139,28.7217043969401
"2",0.335937549988577,28.260225113454
"3",0.341179852902388,28.3854054255211
"4",0.31147004984224,28.0493344183388
"5",0.284621384764582,27.7134997436822
"6",0.249258399696085,27.0955767999542
"7",0.308213022415122,27.8976603443876
"8",0.339693462194221,28.34601596075
"9",0,25.5871914757398
