"","obs","bmi"
"1",0.358188652721206,28.6910795941502
"2",0.328980522635803,28.2369180706418
"3",0.338432544635962,28.3737114118093
"4",0.312778286655504,28.0565167227283
"5",0.288891224644524,27.739500115264
"6",0.236960297541879,27.0447771861247
"7",0.307533195894199,27.9380450338368
"8",0.332198325330819,28.2203323879477
"9",0,25.5730817334867
