"","obs","bmi"
"1",0.362277999346925,28.7147206007105
"2",0.332325972184224,28.2492878403269
"3",0.343008194145006,28.316291894141
"4",0.32009408295263,27.9183265205067
"5",0.296709976408278,27.520855655439
"6",0.246151641327687,27.1016232928999
"7",0.309884826117915,27.9366236482316
"8",0.338541258255901,28.2912396777248
"9",0,25.5679058779801
