"","obs","bmi"
"1",0.357189454055292,28.6875055381605
"2",0.328450150084421,28.2264322023844
"3",0.343075630903276,28.3569928994979
"4",0.329025424273087,28.0267610887643
"5",0.314227147604709,27.6968242021606
"6",0.251264955078647,27.0838403259736
"7",0.303085541950366,27.8382575410442
"8",0.332332037388209,28.2741571866298
"9",0,25.5709245165048
