"","obs","bmi"
"1",0.361926109157094,28.7020189840769
"2",0.330564046245777,28.2424220191997
"3",0.345683618586622,28.3951743788205
"4",0.326708271719532,28.0886813472926
"5",0.310998312105536,27.7825614844128
"6",0.248911786520177,27.118811862753
"7",0.307620748018037,27.9132627794905
"8",0.336737264936263,28.2765758972819
"9",0,25.5926641300461
