"","obs","bmi"
"1",0.359749145378908,28.6748347493879
"2",0.330673706755493,28.2198925679984
"3",0.342002568386176,28.3611760554633
"4",0.319777463651039,28.0478511964041
"5",0.297999323871887,27.7348794355064
"6",0.242360260627264,27.0341613225057
"7",0.305477957923531,27.8847745288825
"8",0.330736167869104,28.2219733665682
"9",0,25.5253950030336
