"","obs","bmi"
"1",0.3619500926369,28.6989614791441
"2",0.332013663995832,28.2356574218235
"3",0.347865218319175,28.4389984265814
"4",0.330715061076357,28.1793593369645
"5",0.312345697894778,27.9200640532703
"6",0.250300144659523,27.127804373431
"7",0.31282575901051,27.9490829548739
"8",0.333056449202164,28.2332085108919
"9",0,25.575548993587
