"","obs","bmi"
"1",0.355901899643373,28.7075170751702
"2",0.328384975201794,28.2470229245519
"3",0.338989550354192,28.3452010946349
"4",0.317845292380177,27.9830905186898
"5",0.298285450710986,27.6211931759506
"6",0.242015567223586,27.083979816776
"7",0.304799522242163,27.901387482852
"8",0.334551544149229,28.3397697447078
"9",0,25.6167624421937
