"","obs","bmi"
"1",0.356258399518473,28.6334323074896
"2",0.326651727268027,28.1750554515087
"3",0.340816566549754,28.3899264627255
"4",0.320274970042932,28.1464963004923
"5",0.301176963144508,27.9031430229992
"6",0.243067443636256,27.0859744963659
"7",0.311685676115698,27.9470624027078
"8",0.336221741428183,28.305120880226
"9",0,25.6045823855619
