"","obs","bmi"
"1",0.358569056282887,28.6756225472628
"2",0.326892626761829,28.2167927509857
"3",0.332394630672175,28.3815300559097
"4",0.306282282240437,28.0876934047676
"5",0.280099025441786,27.7941268582086
"6",0.243001571092462,27.047183002459
"7",0.316421609677876,28.0286014972732
"8",0.32883132695579,28.2322933666553
"9",0,25.5631566682866
