"","obs","bmi"
"1",0.360293912087358,28.706340099548
"2",0.331848230625122,28.2399268425057
"3",0.345258550271731,28.4617329084962
"4",0.330334636230953,28.2172651380033
"5",0.309130107673769,27.9729416703247
"6",0.250399542084242,27.1428591381915
"7",0.308129895836843,27.9229478774154
"8",0.335874071191782,28.2874945968694
"9",0,25.6227162862948
