"","obs","bmi"
"1",0.357616381386075,28.6794411685374
"2",0.326731489989798,28.2184442654635
"3",0.339425280032876,28.3300721170155
"4",0.319151218211792,27.9812782356564
"5",0.300109410917829,27.633108523296
"6",0.249468477122038,27.1103694843851
"7",0.31121777517368,27.9018610301747
"8",0.331986982080304,28.2784269714862
"9",0,25.6054553403892
