"","obs","bmi"
"1",0.356556284791367,28.6599925586241
"2",0.328012939241889,28.2090660758105
"3",0.347048469725697,28.3916136221647
"4",0.334740960003409,28.1234180304279
"5",0.32544448394635,27.8554139978483
"6",0.245896512606301,27.0825213451755
"7",0.305320750076561,27.8636784304064
"8",0.335087131507621,28.3320203426612
"9",0,25.577498308172
