"","obs","bmi"
"1",0.359849465636313,28.7099943130403
"2",0.329958735726112,28.2475736381189
"3",0.339639177780993,28.3379016165694
"4",0.31757608463039,27.9663197135583
"5",0.294237821814314,27.5952864222781
"6",0.248344588422964,27.0793847212871
"7",0.311444901789867,27.9125267040965
"8",0.329924488455269,28.2519596349936
"9",0,25.6224634120367
