"","obs","bmi"
"1",0.357477662450737,28.6649371608558
"2",0.329164588309711,28.2068984490325
"3",0.332015986605766,28.2882682883557
"4",0.301706947413748,27.9118888421717
"5",0.272202459926663,27.5358124408422
"6",0.248501104039605,27.1140120877834
"7",0.312092659508526,27.9283878720454
"8",0.331269609860951,28.237422744699
"9",0,25.5512673462057
