"","obs","bmi"
"1",0.363548098068666,28.7470626773965
"2",0.332930881182282,28.2846693704373
"3",0.338970778478139,28.3896786037021
"4",0.314109447684056,28.0325199157876
"5",0.291180498254375,27.6755954261923
"6",0.245856567347061,27.0513591142742
"7",0.308332745432225,27.9306366323234
"8",0.327268125636384,28.2084392506184
"9",0,25.6206482091181
