"","obs","bmi"
"1",0.352408826384276,28.6588774623786
"2",0.323551797185422,28.2092593923166
"3",0.337230723756496,28.4117387999861
"4",0.321362214558013,28.1646929037268
"5",0.304739770042771,27.9177413978706
"6",0.248101040289493,27.089011670279
"7",0.304161612747916,27.9308020017239
"8",0.338776530315732,28.3546598503788
"9",0,25.6243873639004
