"","obs","bmi"
"1",0.364435269769978,28.7125378130219
"2",0.335617562756853,28.2491910940537
"3",0.344208986038854,28.3877277869492
"4",0.320355804455019,28.0632008400199
"5",0.294826646553751,27.7389712458492
"6",0.244241654041702,27.0240516303698
"7",0.309947531939616,27.8815916869937
"8",0.331021209270119,28.2465437116131
"9",0,25.5580162304017
