"","obs","bmi"
"1",0.360293912087358,28.706340099548
"2",0.331009536772179,28.2503539825049
"3",0.346364365218784,28.3336896840422
"4",0.333222217354064,27.9614597712631
"5",0.317707032276168,27.5896739160131
"6",0.250399542084242,27.1428591381915
"7",0.308129895836843,27.9229478774154
"8",0.335874071191782,28.2874945968694
"9",0,25.6227162862948
