"","obs","bmi"
"1",0.354022332494025,28.6544211053428
"2",0.322981130836776,28.1904439397617
"3",0.337791980378744,28.3229399755844
"4",0.322680782204131,27.9918899700621
"5",0.305719472652733,27.6613013747443
"6",0.24594774548611,27.0721051536774
"7",0.314159148033722,27.9877397192492
"8",0.333447721846181,28.3151996161046
"9",0,25.5851480768583
