"","obs","bmi"
"1",0.361301272533699,28.7390004130887
"2",0.331685479273869,28.2778493480257
"3",0.345687621393041,28.4635234076381
"4",0.329512199174005,28.1882144101231
"5",0.312870109521813,27.9130794841309
"6",0.242877464123145,27.0913857446271
"7",0.309182436047275,27.9056833901712
"8",0.336220794030779,28.3008935727966
"9",0,25.6315631566253
