"","obs","bmi"
"1",0.359149644966941,28.7042851828819
"2",0.329364289670341,28.249534369192
"3",0.33791949249748,28.3727291860605
"4",0.316277259182356,28.0413390594905
"5",0.298066998724788,27.7101199131607
"6",0.249221908240817,27.1200057037955
"7",0.301098951573849,27.7871516222976
"8",0.343376068388659,28.3340873657777
"9",0,25.6005889029792
