"","obs","bmi"
"1",0.358431409456839,28.6669568879754
"2",0.326544353103041,28.1999250835937
"3",0.328242173643231,28.2893955375808
"4",0.29960321094166,27.911996540193
"5",0.269343692905197,27.5347653818219
"6",0.242384042678321,27.0183694876195
"7",0.310052641092913,27.9326956101321
"8",0.340747545689663,28.3053204882389
"9",0,25.5531410684037
