"","obs","bmi"
"1",0.358504879804333,28.6951176632013
"2",0.329032288516256,28.2393592037048
"3",0.347916915554157,28.4149999698711
"4",0.335957852536076,28.1352223337627
"5",0.324763474064161,27.8558048247346
"6",0.243233764036941,27.0394757856373
"7",0.30718407485375,27.9211251395137
"8",0.324631704704092,28.18347901478
"9",0,25.6226895612336
