"","obs","bmi"
"1",0.359686676207616,28.6446091042149
"2",0.329243806314239,28.1837367746587
"3",0.339128795369589,28.2501551607472
"4",0.318061354594257,27.8559775681492
"5",0.294293916645645,27.4620904721396
"6",0.243584243847146,27.0789263962202
"7",0.303490084898046,27.858085298629
"8",0.335604363960796,28.2828364679645
"9",0,25.5542897179068
