"","obs","bmi"
"1",0.359942274589823,28.6994564485627
"2",0.330456783790403,28.2452436609449
"3",0.331713043451723,28.2790629902661
"4",0.301651056984997,27.8589884714366
"5",0.272341787061119,27.4392483319678
"6",0.243091736131406,27.0869138438129
"7",0.307560984782837,27.9040659970574
"8",0.329907555615101,28.2148323967502
"9",0,25.6090600890157
