"","obs","bmi"
"1",0.363512820031433,28.6960237692742
"2",0.335324301644197,28.2428027163917
"3",0.340223535986437,28.3822248427764
"4",0.315396529932218,28.0685274179428
"5",0.293222468918971,27.7549332167497
"6",0.242586275764159,27.0870466865727
"7",0.307411608286861,27.9125669561845
"8",0.337432368885559,28.3422255599196
"9",0,25.557036792212
