"","obs","bmi"
"1",0.361439953238222,28.7235029725646
"2",0.330126513995076,28.2688322925049
"3",0.33675822241241,28.3546252551602
"4",0.30964024545771,27.9859785679071
"5",0.286883999746076,27.6175704534824
"6",0.248124993959288,27.1052939121792
"7",0.300688766028108,27.8727422196807
"8",0.334920380527167,28.2834164796428
"9",0,25.5728787427388
