"","obs","bmi"
"1",0.36418919784872,28.7492652258324
"2",0.335243797259962,28.2932535609706
"3",0.34409367355981,28.4279824204898
"4",0.325429542851579,28.1068732902254
"5",0.304855188874905,27.7859439697498
"6",0.244097877848125,27.1129506383333
"7",0.311213668204681,27.9229004629838
"8",0.331780642118679,28.2463136171971
"9",0,25.6157803865386
