"","obs","bmi"
"1",0.364620512723386,28.7531990593052
"2",0.335956724556514,28.3022589078927
"3",0.349055154504306,28.4902551949773
"4",0.330104095540101,28.2276258856739
"5",0.312320176434697,27.9653309172642
"6",0.246565121851566,27.0735803422228
"7",0.309424392649962,27.912948803933
"8",0.338595908451516,28.3330913736457
"9",0,25.6311408320099
