"","obs","bmi"
"1",0.356139651053624,28.6740699024685
"2",0.32449429234232,28.2210561682826
"3",0.323769315487593,28.2758590650697
"4",0.287691989493219,27.8779610545364
"5",0.25779451095119,27.4803920460885
"6",0.248347305443487,27.1100377538831
"7",0.301315868382841,27.8417465702762
"8",0.333841044976172,28.2941847527062
"9",0,25.5761603957864
