"","obs","bmi"
"1",0.35648881167457,28.6943532403018
"2",0.32774248295519,28.2304324559257
"3",0.338962781491751,28.4187163594185
"4",0.32295143330115,28.1431825653486
"5",0.304083824886938,27.8677540551026
"6",0.244503040647949,27.092946835918
"7",0.306110118841346,27.8869196969652
"8",0.33230428136594,28.2733951665154
"9",0,25.6620878837027
