"","obs","bmi"
"1",0.361169380703902,28.6962397064297
"2",0.33035605224881,28.2360020864888
"3",0.341523014784835,28.405305904587
"4",0.32429101741547,28.114579386914
"5",0.307384194683132,27.8240688097931
"6",0.248388877410308,27.1024177564127
"7",0.308988809778364,27.9113138112703
"8",0.336310402001679,28.3522719224303
"9",0,25.5416418393936
