"","obs","bmi"
"1",0.356081257489906,28.6832743635829
"2",0.323568227188125,28.2195595096435
"3",0.335762614139297,28.3604731324713
"4",0.313381700265274,28.037864706963
"5",0.294162018034093,27.7154558390944
"6",0.249806418772846,27.1092460665426
"7",0.31066019592663,27.9440378107203
"8",0.330186495445311,28.2661077826416
"9",0,25.6152344855509
