"","obs","bmi"
"1",0.354243533346552,28.6131055280666
"2",0.324824343160458,28.1486893526816
"3",0.339980630664368,28.351024330348
"4",0.326283204224648,28.0890605889389
"5",0.309016980980784,27.8272173894811
"6",0.242040001735212,27.014253795639
"7",0.303782380037678,27.8563847810189
"8",0.341237814965665,28.3487199380637
"9",0,25.5516162308549
