"","obs","bmi"
"1",0.359833047097609,28.6604934638362
"2",0.33137644325547,28.1986040230448
"3",0.338389043294158,28.304832413852
"4",0.310653374373019,27.9494253690617
"5",0.28350527564287,27.5942845235588
"6",0.248316209445093,27.1389698952355
"7",0.312725940684138,27.9725595936085
"8",0.331203632024026,28.2678272187208
"9",0,25.5628711134086
