"","obs","bmi"
"1",0.363582534436464,28.7097524071183
"2",0.330911073329254,28.241751211063
"3",0.33747999957841,28.4376927698182
"4",0.309114635843079,28.1657240463838
"5",0.28534857195312,27.8938451219041
"6",0.243858667340378,27.0774531336245
"7",0.307489214478038,27.8667258325712
"8",0.334384604703775,28.2453607623183
"9",0,25.6325116186764
