"","obs","bmi"
"1",0.35724026081112,28.6717767753856
"2",0.328837946025163,28.2085514495334
"3",0.345042880496793,28.3365302758402
"4",0.332628223623298,28.0015520249048
"5",0.318941523128035,27.666854375031
"6",0.245262028311931,27.0350226477262
"7",0.305291624468137,27.8771200584454
"8",0.329534456811006,28.2222880558333
"9",0,25.5698907912319
