"","obs","bmi"
"1",0.363700910933376,28.6945755837715
"2",0.332846797037859,28.2350424251115
"3",0.345739582795092,28.2986782322348
"4",0.328616326264657,27.9034234857442
"5",0.310700763379869,27.5088657337059
"6",0.245017443164026,27.0392015565295
"7",0.306389027465735,27.9357312205607
"8",0.337890038206985,28.3351191427677
"9",0,25.574707328256
