"","obs","bmi"
"1",0.358309350589379,28.6919645983262
"2",0.327724825600616,28.2282765187812
"3",0.332187577860853,28.3164292439559
"4",0.305843783552754,27.941104928666
"5",0.278458330258517,27.5660001248236
"6",0.247251370833522,27.101769786002
"7",0.303080605519103,27.9129630417564
"8",0.333899582295956,28.2685935583455
"9",0,25.5870765132297
