"","obs","bmi"
"1",0.363580148476785,28.752239649387
"2",0.334475020260732,28.2902762304035
"3",0.336924376203802,28.3887688372601
"4",0.307186363259599,28.0254400046972
"5",0.275038241454147,27.6622557378331
"6",0.239005497047597,27.0528926268473
"7",0.307753450981411,27.8995682624574
"8",0.331115856530636,28.2506300496939
"9",0,25.5539876062884
