"","obs","bmi"
"1",0.361622403055683,28.6799593673836
"2",0.331213239119735,28.2206734364744
"3",0.334107264186076,28.367763174557
"4",0.303967783721039,28.0556436841136
"5",0.275182996569223,27.7436005683394
"6",0.239546171339188,27.0184047067642
"7",0.30367515755518,27.8838956566487
"8",0.336380671950058,28.3415339761628
"9",0,25.527649228428
