"","obs","bmi"
"1",0.358293782046609,28.6872024514598
"2",0.327208277394835,28.2331822322173
"3",0.331262106636095,28.3746328906349
"4",0.30730664605279,28.0622390581236
"5",0.283051821723596,27.7500272012097
"6",0.248109463167579,27.1413063621414
"7",0.309781358102132,27.932615409452
"8",0.339695594896116,28.3258561010478
"9",0,25.6067144908059
