"","obs","bmi"
"1",0.356343050843777,28.6424454633486
"2",0.326314672016502,28.1848268376275
"3",0.338373255282868,28.319909295696
"4",0.320273508475052,27.9976788775834
"5",0.301146952833013,27.6757711259125
"6",0.240322173556149,26.9933319480526
"7",0.310484286275061,27.9325573894483
"8",0.334215851633242,28.2768060575391
"9",0,25.5798015474341
