"","obs","bmi"
"1",0.357957760727243,28.6756017933149
"2",0.329957665447998,28.2255439123268
"3",0.340024190131889,28.4029662170569
"4",0.324698923054452,28.1304670549065
"5",0.301020317996946,27.8581095521319
"6",0.245178114837099,27.0631105375979
"7",0.311304657716042,27.9332723796387
"8",0.336590784354405,28.3056907695753
"9",0,25.6079113344397
