"","obs","bmi"
"1",0.360165351755801,28.685448548791
"2",0.328805907069841,28.2284643110473
"3",0.344797892541818,28.4425130438708
"4",0.332243877463485,28.199678149837
"5",0.316409591991432,27.9569471474982
"6",0.24621200030956,27.1303093558321
"7",0.32086920183645,27.9736939871923
"8",0.334318311445412,28.2545280457721
"9",0,25.5729358331139
