"","obs","bmi"
"1",0.361430092121555,28.7058095485747
"2",0.330650367960833,28.2419076518574
"3",0.357442396307452,28.512989121626
"4",0.352243500185883,28.3205080830156
"5",0.34722132871239,28.128389294926
"6",0.239014042213221,27.0577939647034
"7",0.317022484982397,27.9748642157538
"8",0.333997554078496,28.2738452241201
"9",0,25.5563348200746
