"","obs","bmi"
"1",0.361317293032613,28.7130321285675
"2",0.329453469755442,28.2541333767188
"3",0.351444710890694,28.4441795983225
"4",0.340972755686677,28.1756386105725
"5",0.331529201398547,27.9074271291501
"6",0.241418794710014,27.0579335862368
"7",0.305251486805858,27.8965994011147
"8",0.329954412318604,28.2720059346401
"9",0,25.6155276203566
