"","obs","bmi"
"1",0.360567825826087,28.6999999649639
"2",0.329335523761784,28.2373569697303
"3",0.350250716327096,28.4699351506678
"4",0.338192469876939,28.2400177474997
"5",0.327685320092487,28.0102532149265
"6",0.245885246559723,27.0724202129372
"7",0.310060601970207,27.9271930722929
"8",0.33786825278221,28.3117249700822
"9",0,25.6306695337812
