"","obs","bmi"
"1",0.353419349485414,28.6232909455807
"2",0.32396526093265,28.1666607943599
"3",0.326907735085024,28.2305219686301
"4",0.296209096215585,27.8380789927111
"5",0.269415747326781,27.4459777223341
"6",0.240459051539253,27.0551255555259
"7",0.304425739088136,27.9199920641903
"8",0.336251714903142,28.3229816593633
"9",0,25.5870974041594
