"","obs","bmi"
"1",0.364547943343558,28.7270356758715
"2",0.334008337829796,28.2705998480064
"3",0.345960501190017,28.437218147288
"4",0.321844759975775,28.147538384585
"5",0.301589819248676,27.8580023977627
"6",0.247770284459029,27.0861233965843
"7",0.305983478072202,27.911785867035
"8",0.335044688267307,28.2734576441541
"9",0,25.6012398928765
