"","obs","bmi"
"1",0.351809563037983,28.6496306808472
"2",0.323858929439682,28.1929003478572
"3",0.34426202034444,28.4249400487186
"4",0.335543415303229,28.2003825076073
"5",0.326356937058441,27.9759620674788
"6",0.24763563291659,27.064869896583
"7",0.312190069839248,27.9397817815806
"8",0.327214914728404,28.2204058651834
"9",0,25.594322971402
