"","obs","bmi"
"1",0.362290749020676,28.7062133622855
"2",0.331125368801651,28.246341657111
"3",0.347068201376848,28.4550031023592
"4",0.333791877225056,28.2039519835236
"5",0.319016435598877,27.9530653460962
"6",0.248963039214857,27.1011462558311
"7",0.308578565953367,27.9114351684328
"8",0.333793554793629,28.2725025633785
"9",0,25.5661376954913
