"","obs","bmi"
"1",0.36594882033078,28.7850796315941
"2",0.333760362199369,28.324590152707
"3",0.335492817015416,28.4378927142282
"4",0.305791303353863,28.0908732981485
"5",0.278809619001996,27.744025245351
"6",0.247397199299343,27.0878803776679
"7",0.305604279288951,27.8873519342752
"8",0.332632383133753,28.2633166662181
"9",0,25.6210897461058
