"","obs","bmi"
"1",0.36005969759776,28.70881520272
"2",0.329602424575987,28.252257505934
"3",0.342434916348531,28.3919594246344
"4",0.321309333312653,28.0754281387095
"5",0.299300263243989,27.7592402315099
"6",0.242240191400199,26.9926177132445
"7",0.307949913026769,27.9042103868486
"8",0.333601318403742,28.2778418563209
"9",0,25.5968092442932
