"","obs","bmi"
"1",0.357912077909364,28.6858257156154
"2",0.32758856669636,28.2197162190493
"3",0.336970725976619,28.3028292393276
"4",0.314256690440559,27.9201441574433
"5",0.289961212708828,27.5377868576399
"6",0.242486550232361,27.0624296687556
"7",0.304182438337107,27.8790793145851
"8",0.335004939006061,28.3014834295635
"9",0,25.6225011518478
