"","obs","bmi"
"1",0.365521237183894,28.7155327190685
"2",0.333656252198107,28.2527879321397
"3",0.337654223822688,28.3205174741666
"4",0.305911856802145,27.9257317220874
"5",0.280641599014036,27.5311837159217
"6",0.241637740573698,27.0508740673089
"7",0.309171578415967,27.9207030470063
"8",0.329528060567594,28.2222635527295
"9",0,25.5824221947005
