"","obs","bmi"
"1",0.361591831349955,28.7091072047346
"2",0.331185750240323,28.2575428564235
"3",0.33422014074574,28.2609083654502
"4",0.302123066683161,27.8130305249629
"5",0.269001731150232,27.3654869034745
"6",0.243400002502785,27.0796298279065
"7",0.305070669421765,27.8832638241161
"8",0.338384948701444,28.3350945771466
"9",0,25.5951943390815
