"","obs","bmi"
"1",0.365413478198595,28.7114699305512
"2",0.337125468697749,28.2576860355063
"3",0.349070881381873,28.4146061420528
"4",0.329359616666163,28.1179111673725
"5",0.308944095076708,27.8213909778074
"6",0.247488823922291,27.043946211253
"7",0.310949109374713,27.9492687495183
"8",0.335775318247038,28.2797090971008
"9",0,25.5947306345948
