"","obs","bmi"
"1",0.357469196935907,28.6969727316462
"2",0.329534235993976,28.2488350916356
"3",0.336799691843984,28.4350482945439
"4",0.318830822743915,28.173252196197
"5",0.298553366369397,27.9115901912112
"6",0.243241752500772,27.057326692099
"7",0.309412413221439,27.8943642253571
"8",0.329278411305039,28.223016533561
"9",0,25.6394856967631
