"","obs","bmi"
"1",0.36656279910538,28.7605246715707
"2",0.33567063586428,28.2969410632744
"3",0.349583941205713,28.4073515108408
"4",0.333249199236928,28.0545878757864
"5",0.314936594268656,27.7022597401814
"6",0.24882715409951,27.1209495700633
"7",0.31206986694911,27.938297956746
"8",0.334251280631614,28.2567575610787
"9",0,25.6166046673293
