"","obs","bmi"
"1",0.358139165914596,28.6806118230296
"2",0.328883656745419,28.2187661789926
"3",0.336302636482178,28.3803162711019
"4",0.314790162412632,28.0801457885318
"5",0.291024815849092,27.7801031457445
"6",0.246310439292024,27.1494447635016
"7",0.307233526080844,27.8800057618877
"8",0.332198180821759,28.2746637304426
"9",0,25.5788555033951
