"","obs","bmi"
"1",0.363326792904081,28.6971277469659
"2",0.331886053768526,28.2438498300988
"3",0.346363504566877,28.399327830533
"4",0.328724524140819,28.1016701908149
"5",0.312425871204524,27.8041596183864
"6",0.24071042983982,27.0359818863391
"7",0.308874151336585,27.923279180561
"8",0.336659841615427,28.2536862831185
"9",0,25.5272235801364
