"","obs","bmi"
"1",0.355186006548782,28.6542229191123
"2",0.326873126480913,28.206117475471
"3",0.339732393678027,28.3426880992207
"4",0.325026067689208,28.0315253124422
"5",0.308911840122165,27.720757540715
"6",0.242370558296293,27.060007825972
"7",0.312996187927755,27.9635310357254
"8",0.340238353756216,28.3591000134172
"9",0,25.5418730749142
