"","obs","bmi"
"1",0.356117449648237,28.6549345260964
"2",0.326482974163442,28.1983251048708
"3",0.334490101278739,28.3367275564408
"4",0.316258717237017,28.0186497708716
"5",0.292608967261916,27.7007071100696
"6",0.244717826461449,27.0858784465878
"7",0.315188572792719,27.9289832143682
"8",0.333304121536108,28.3157416022716
"9",0,25.584306148555
