"","obs","bmi"
"1",0.363440757825494,28.7664549749716
"2",0.331641710987817,28.3079087959027
"3",0.347973117968283,28.5137495217181
"4",0.332647339738815,28.2611839708619
"5",0.317095791711768,28.008762681876
"6",0.244602806936616,27.07352618788
"7",0.303191332246409,27.8606952584374
"8",0.336029251019147,28.3174064299947
"9",0,25.6238662021308
