"","obs","bmi"
"1",0.358646416851139,28.6570502631225
"2",0.331647642808701,28.2061260127816
"3",0.336947270953149,28.311982455611
"4",0.309687625227631,27.9672000761775
"5",0.284112738116632,27.6227168206843
"6",0.249654834009222,27.1449387903248
"7",0.315703408834211,27.9849326771057
"8",0.338795499290129,28.3360928929261
"9",0,25.5928688184349
