"","obs","bmi"
"1",0.36611519409184,28.7699575747718
"2",0.335922185360504,28.3223376535488
"3",0.350528602691839,28.4100988053382
"4",0.334305550588247,28.0505978330411
"5",0.316849559665316,27.6914762720897
"6",0.244395159281348,27.07262341968
"7",0.305348649276183,27.8862946608367
"8",0.334287433578033,28.2597869984406
"9",0,25.6526154786258
