"","obs","bmi"
"1",0.36467000745784,28.7345806210307
"2",0.334836545335814,28.2835316978733
"3",0.348638151327218,28.4009097576033
"4",0.333216295212162,28.0675756153883
"5",0.319921581684619,27.7345974399419
"6",0.244381252029663,27.0993590430538
"7",0.303439072057462,27.8925040410894
"8",0.33515551172174,28.2798286114828
"9",0,25.5986923813765
