"","obs","bmi"
"1",0.361021387666155,28.705507965209
"2",0.331710665041598,28.2553109547364
"3",0.338568255227071,28.3231131459801
"4",0.311964641008406,27.9412290371448
"5",0.282647735643377,27.5598936246418
"6",0.247104518673693,27.0544987843042
"7",0.313468417291149,27.9280534880908
"8",0.334124311464567,28.2876742975611
"9",0,25.6162387027958
