"","obs","bmi"
"1",0.362375626714972,28.7958031416826
"2",0.332318820791143,28.3356633882652
"3",0.334006945454814,28.3713923320414
"4",0.300145139151078,27.9474341247174
"5",0.268981982227429,27.5239577266113
"6",0.244467282823627,27.0859171654109
"7",0.306520786432789,27.9247295833566
"8",0.338723742824592,28.3183496299391
"9",0,25.6093095568815
