"","obs","bmi"
"1",0.352192721452628,28.6477260143277
"2",0.323396745887488,28.1857513928761
"3",0.334583400733145,28.3801041240921
"4",0.314215124231046,28.112574647742
"5",0.297029321631724,27.8451402011518
"6",0.243798385905941,27.05222717496
"7",0.312307904040064,27.9136251181314
"8",0.333583821185119,28.231606395948
"9",0,25.634506249408
