"","obs","bmi"
"1",0.358709454119243,28.6851463054317
"2",0.330508376953448,28.2273953796864
"3",0.331956758662951,28.3461466280508
"4",0.300046765486989,28.0074043555474
"5",0.272928253182721,27.668930761548
"6",0.241831963895046,27.0669475392001
"7",0.312658406718614,27.9245237052423
"8",0.33854549519355,28.2980742485893
"9",0,25.6195777034176
