"","obs","bmi"
"1",0.362749634869587,28.7166118865265
"2",0.334556431790423,28.2677488165723
"3",0.34229885004314,28.4244237674781
"4",0.319093842113621,28.1323717913798
"5",0.295199396289621,27.840460604799
"6",0.245126950720886,27.0297693066308
"7",0.305682059714069,27.8436844550963
"8",0.333256331381866,28.2414750215138
"9",0,25.6307314131534
