"","obs","bmi"
"1",0.363823203541502,28.7727725084824
"2",0.335581124891646,28.3119703507685
"3",0.343312735750898,28.428379660491
"4",0.318375484615497,28.084173806487
"5",0.293978878224965,27.7401609800826
"6",0.247809509510268,27.08839534138
"7",0.309939705622919,27.9231180605027
"8",0.329404786533961,28.2755609424776
"9",0,25.6387721414423
