"","obs","bmi"
"1",0.3624458083778,28.7169784482854
"2",0.3331565722529,28.2604837282225
"3",0.351406865319794,28.3954586103612
"4",0.338177163500547,28.0742637394709
"5",0.324718487967847,27.7534115287526
"6",0.24762176869986,27.0808990388344
"7",0.308839289355848,27.877932957715
"8",0.329730743603314,28.209079763605
"9",0,25.5813552104929
