"","obs","bmi"
"1",0.361078082569558,28.7616843834359
"2",0.329997433441595,28.2998879107605
"3",0.339293416769611,28.4177489576326
"4",0.313567589420831,28.0739238668005
"5",0.290723511376118,27.7302107832454
"6",0.244137680150974,27.0827418963677
"7",0.311901948756429,27.9817110095021
"8",0.340674406350552,28.3606937309479
"9",0,25.6384722290649
