"","obs","bmi"
"1",0.362878795982654,28.7415513853786
"2",0.333233628852086,28.2887896569601
"3",0.349203447272264,28.4809847766049
"4",0.332589104674554,28.2206225817422
"5",0.318770851025617,27.960471912699
"6",0.239143411057689,27.0200551488099
"7",0.305387580800029,27.853687244772
"8",0.331329118128204,28.2363824418189
"9",0,25.6258958386193
