"","obs","bmi"
"1",0.356984132512105,28.6644879872105
"2",0.328769141971827,28.2099194914317
"3",0.332602811928817,28.3664725817259
"4",0.302548978010258,28.0685388723917
"5",0.272943056252859,27.7706875992375
"6",0.247146866556307,27.0779046614673
"7",0.309624073860538,27.9050602143287
"8",0.335211633170714,28.3062140175309
"9",0,25.5806293334598
