"","obs","bmi"
"1",0.361990265561088,28.7342856361419
"2",0.329748444956044,28.2741241434323
"3",0.343526848405815,28.4571385444302
"4",0.32390848378241,28.1801336961451
"5",0.306882847345054,27.9032764864565
"6",0.246496312919953,27.0613173941428
"7",0.309203468612287,27.9128397582575
"8",0.337014732149054,28.3062066630859
"9",0,25.5857305987423
