"","obs","bmi"
"1",0.361752045723974,28.7253564611384
"2",0.330313587491264,28.2653393026443
"3",0.343558242699317,28.4582776758743
"4",0.326633741669311,28.1913795113591
"5",0.306768752711014,27.9246690312098
"6",0.244431242609635,27.0629740506728
"7",0.313151902570468,27.9309836144131
"8",0.328965904134512,28.252859733551
"9",0,25.6153767177402
