"","obs","bmi"
"1",0.365509893547128,28.6955196607902
"2",0.334412430523446,28.2316016511048
"3",0.347419851760431,28.4001836876643
"4",0.327500856916721,28.1050638870679
"5",0.308796998978781,27.8101694322688
"6",0.239659581360584,27.0122753652367
"7",0.30334902769158,27.8567789222979
"8",0.336583809597971,28.3231993880241
"9",0,25.5447602524548
