"","obs","bmi"
"1",0.361938732362729,28.6932063283195
"2",0.333758791193805,28.2290595229795
"3",0.344299449533761,28.293375694402
"4",0.32174749036905,27.894019568435
"5",0.299085682265048,27.4951707754102
"6",0.239326226572425,27.0052207181995
"7",0.306026214122709,27.883665783899
"8",0.337029031732757,28.2931729225029
"9",0,25.545813147539
