"","obs","bmi"
"1",0.351048165314417,28.6481082410303
"2",0.322045024917226,28.1950886128262
"3",0.330878303158046,28.3767611440578
"4",0.310274610660061,28.1056249566193
"5",0.288823985281755,27.834709670421
"6",0.241744896411424,27.0705646081013
"7",0.305066069281925,27.8602590244259
"8",0.331526541321582,28.2765704217124
"9",0,25.6276434172277
