"","obs","bmi"
"1",0.36639421668827,28.768119857706
"2",0.336521968265642,28.3101546351483
"3",0.354178228654179,28.5508937433474
"4",0.339497288864273,28.3338002846659
"5",0.324162436928293,28.1168438991974
"6",0.242096064772066,27.0647475757102
"7",0.303700337009963,27.8711690855797
"8",0.327928490532909,28.2399839848045
"9",0,25.5957533074929
