"","obs","bmi"
"1",0.355257409694336,28.672142887101
"2",0.324536153242025,28.2136976315333
"3",0.34331475303807,28.332375995619
"4",0.330808529415812,27.9929456555
"5",0.317698890572842,27.653872013956
"6",0.248261394468796,27.1545974830465
"7",0.309657404117697,27.8803296361508
"8",0.33927484704633,28.3194787550936
"9",0,25.5884636361708
