"","obs","bmi"
"1",0.362975959364501,28.7871475572141
"2",0.333221108257232,28.3281843737352
"3",0.339044496072109,28.4578883666445
"4",0.3137075773755,28.12900727584
"5",0.290929760025624,27.8005293150146
"6",0.249293611094077,27.1278648202005
"7",0.305943080340942,27.8935320825157
"8",0.336307720893644,28.273798732748
"9",0,25.6640756630242
