"","obs","bmi"
"1",0.357643184439496,28.6670647693945
"2",0.328731528060352,28.2149134937581
"3",0.338193229510082,28.3141575097782
"4",0.316038256101825,27.9616058081759
"5",0.291211022711489,27.6094287326009
"6",0.244188676190046,27.0492555034705
"7",0.307712847639465,27.9311237992824
"8",0.330963797126573,28.251828275926
"9",0,25.5722256626553
