"","obs","bmi"
"1",0.359112653985463,28.6534567174922
"2",0.330007090337756,28.1990259870379
"3",0.335907859007677,28.2240409017651
"4",0.311187952051507,27.7951697162198
"5",0.282384640497151,27.3668840640938
"6",0.246328034554928,27.096629646452
"7",0.305109292586895,27.908702949945
"8",0.334832206166355,28.2386842563421
"9",0,25.5465179880387
