"","obs","bmi"
"1",0.360748670303207,28.7046812694326
"2",0.332900544651334,28.2492914463187
"3",0.341586322357704,28.4189279136411
"4",0.317312277068486,28.133266802774
"5",0.293514381729105,27.8477003599181
"6",0.240638747419395,27.0099347290428
"7",0.308026271533007,27.8593342895224
"8",0.329009170408116,28.2148610655957
"9",0,25.5938341179185
