"","obs","bmi"
"1",0.3606735740551,28.7005924219375
"2",0.327964755020207,28.2367302442951
"3",0.330113512746694,28.3387630427157
"4",0.297674144965923,27.9770746060165
"5",0.269494349936617,27.6155325515378
"6",0.246977122696579,27.0715398504248
"7",0.307470320305321,27.9010614855023
"8",0.331585910339016,28.2291018372948
"9",0,25.5977954025551
