"","obs","bmi"
"1",0.361357702187784,28.7141649195023
"2",0.333261346303712,28.2605500509632
"3",0.33892446539844,28.393528671025
"4",0.314191229705996,28.0731535492986
"5",0.286052224453286,27.753053006517
"6",0.24636417138059,27.0990072397326
"7",0.3046820383147,27.8795488482551
"8",0.332804066967034,28.2862491847699
"9",0,25.5699321446698
