"","obs","bmi"
"1",0.361317293032613,28.7130321285675
"2",0.329477518983897,28.2537206839085
"3",0.338395249599215,28.4336503461516
"4",0.31434656196744,28.1543796649027
"5",0.294125095497377,27.8752223518919
"6",0.241418794710014,27.0579335862368
"7",0.305251486805858,27.8965994011147
"8",0.329954412318604,28.2720059346401
"9",0,25.6155276203566
