"","obs","bmi"
"1",0.357928864815706,28.6639001253035
"2",0.328725640518457,28.2025059588376
"3",0.334243596480762,28.2858185484361
"4",0.305442088260705,27.9079766621891
"5",0.276297375126036,27.5303843076572
"6",0.24317157270599,27.0532234821971
"7",0.303312418435821,27.8944114595567
"8",0.334991057371513,28.2536290742888
"9",0,25.5766157068819
