"","obs","bmi"
"1",0.355017206732488,28.6265949822235
"2",0.326496588616051,28.1677410765789
"3",0.322856553013974,28.2368108489545
"4",0.288211559649688,27.8471501105152
"5",0.254148514067367,27.4576123970996
"6",0.24010214649934,27.0409144284945
"7",0.305032013819307,27.8574055596795
"8",0.336822373883849,28.3008434967686
"9",0,25.5530734905868
