"","obs","bmi"
"1",0.363100807845836,28.745535112519
"2",0.330403254615511,28.2746434002783
"3",0.350763395099609,28.5177682247029
"4",0.338951419970357,28.2901758813078
"5",0.326795034402827,28.062764278475
"6",0.241817858819255,27.066548544267
"7",0.312946188840288,27.8946601299385
"8",0.333163831906134,28.2791620040935
"9",0,25.6075132825633
