"","obs","bmi"
"1",0.365255569707975,28.7741347423972
"2",0.336426989705832,28.3143128320422
"3",0.345713025804741,28.4315169569752
"4",0.31916311267351,28.0890819392324
"5",0.295567286116836,27.7468358123503
"6",0.245032730671678,27.1009831071235
"7",0.303549937924874,27.8567194479089
"8",0.331743268236929,28.2582686026202
"9",0,25.6006096791543
