"","obs","bmi"
"1",0.361332277170786,28.6906379333283
"2",0.333047090643816,28.2348838070432
"3",0.333414864507584,28.3688285956155
"4",0.303745073826209,28.0472219176312
"5",0.278891342278308,27.7258263076538
"6",0.249019461389989,27.0867832307538
"7",0.309519658990439,27.9008199306677
"8",0.334576407566835,28.2929963289682
"9",0,25.5870453694602
