"","obs","bmi"
"1",0.363434641295993,28.7384508122403
"2",0.335472348191565,28.2850823769509
"3",0.344904553550282,28.4779279827397
"4",0.323153428252715,28.2174727666176
"5",0.302540079829978,27.9570857089512
"6",0.249791579027445,27.1093216103019
"7",0.305857226326378,27.9073310295676
"8",0.339035254871767,28.3162884368127
"9",0,25.5756962972138
