"","obs","bmi"
"1",0.358142667320469,28.6919902514448
"2",0.329275406443425,28.2347569243969
"3",0.329257647771945,28.2864493744697
"4",0.298478608340369,27.8813607423855
"5",0.271367811033245,27.4767555268218
"6",0.245362255361789,27.0630668786933
"7",0.308339310424406,27.9231689547884
"8",0.338761717425305,28.3131345385599
"9",0,25.5917544463742
