"","obs","bmi"
"1",0.364203488189931,28.7800936484549
"2",0.335759469508427,28.3241658592844
"3",0.343706665863207,28.4318006316912
"4",0.32200462332575,28.0837238088404
"5",0.29848041897235,27.7358720684389
"6",0.2391988718744,27.0518361436142
"7",0.296952497905826,27.8338025599928
"8",0.33209222172723,28.2565988955568
"9",0,25.6566111662668
