"","obs","bmi"
"1",0.358517468873694,28.6955943633311
"2",0.329257074042638,28.239556933296
"3",0.354909894945604,28.5168753539729
"4",0.349382159483572,28.3382531943848
"5",0.34519609850913,28.1597302153707
"6",0.243978512359307,27.0979040395734
"7",0.310739597788409,27.9765726444238
"8",0.332286998715575,28.3083793056805
"9",0,25.6288434981246
