"","obs","bmi"
"1",0.363731480056891,28.7261009361864
"2",0.331349543835464,28.2696327464612
"3",0.34062223511702,28.3684460270219
"4",0.317994566881689,28.0110155077986
"5",0.295655660081111,27.6538171169526
"6",0.239590362213004,27.017594770688
"7",0.303861506377086,27.911698263845
"8",0.330636105238057,28.2494510238023
"9",0,25.5932501390253
