"","obs","bmi"
"1",0.363390120893535,28.7589000467861
"2",0.334945611575776,28.3025078374317
"3",0.341141647536788,28.4037854995626
"4",0.314229890909982,28.0488815858558
"5",0.289614258498136,27.6941959013819
"6",0.242584362249843,27.0472281942569
"7",0.314906494879507,27.9791552919916
"8",0.335479374904093,28.2755875705631
"9",0,25.6569815162319
