"","obs","bmi"
"1",0.359477405606043,28.6890443868043
"2",0.330198912018488,28.2324776181063
"3",0.337094095809183,28.3825975817531
"4",0.310516700637399,28.0762728610625
"5",0.29069664678637,27.7700719352361
"6",0.243885852861153,27.053559495522
"7",0.304444245604752,27.895013116023
"8",0.329455981912244,28.3083376222276
"9",0,25.5664761765611
