"","obs","bmi"
"1",0.360668238342036,28.7039114646306
"2",0.331619584156324,28.2399934723876
"3",0.337430058379513,28.3657334535071
"4",0.307560550483877,28.0277392034723
"5",0.280204539762485,27.6899346781573
"6",0.24406612022968,27.047605959041
"7",0.309859175440465,27.9302485695229
"8",0.33470662941734,28.3202459862715
"9",0,25.6096876442276
