"","obs","bmi"
"1",0.359667413692522,28.6391153044915
"2",0.327978482082814,28.177095796713
"3",0.340583695762478,28.343247852152
"4",0.3220798645011,28.0475257319647
"5",0.304335120746552,27.7519556985707
"6",0.239986085006432,27.02037618152
"7",0.309320516888732,27.8708973465084
"8",0.33210448630701,28.2520821968891
"9",0,25.5417406722827
