"","obs","bmi"
"1",0.362572137492396,28.6898620664738
"2",0.331815351936575,28.2328903948437
"3",0.337367381931295,28.3609319485404
"4",0.313158068122493,28.0321449285209
"5",0.286330906509502,27.7035060280274
"6",0.24414676674224,27.0500438034058
"7",0.306720674905215,27.8538178038386
"8",0.340390722763713,28.3397517478919
"9",0,25.5718580631376
