"","obs","bmi"
"1",0.362535648509288,28.7564496437456
"2",0.333968474627773,28.2975252551691
"3",0.342904683051616,28.4390060323328
"4",0.323260962312983,28.1217450661133
"5",0.300620434528447,27.8046753104499
"6",0.244720446021505,27.1055138633833
"7",0.310501103751049,27.9336424170015
"8",0.332522349960066,28.2601068257396
"9",0,25.6151886635535
