"","obs","bmi"
"1",0.366955932045037,28.7369470334908
"2",0.338024796863067,28.2739593733746
"3",0.345157187265425,28.36230727785
"4",0.32151966163865,27.987925383617
"5",0.297698954627471,27.6138127809866
"6",0.241229364574296,27.0642497270024
"7",0.310290326222444,27.9321653465642
"8",0.326086377665806,28.1948029938917
"9",0,25.5631632396302
