"","obs","bmi"
"1",0.353691197089389,28.6857927930402
"2",0.32640444525081,28.2299729072921
"3",0.349967733273719,28.3834329544597
"4",0.345657267144492,28.0814842000219
"5",0.341163952723168,27.7799711555878
"6",0.245313484879592,27.0883816344847
"7",0.3122166170784,27.9137706221533
"8",0.32944412245719,28.2136147037839
"9",0,25.6427595503066
