"","obs","bmi"
"1",0.35709723624504,28.6596481054929
"2",0.32725469157653,28.1970852811983
"3",0.338913838614723,28.3621590065129
"4",0.31935278117987,28.0649035794603
"5",0.297320174290422,27.7678927046302
"6",0.246781796746105,27.0580786416097
"7",0.304201383271235,27.8772135648362
"8",0.33268283269281,28.2351402031696
"9",0,25.609493298948
