"","obs","bmi"
"1",0.35532254447191,28.6390679519209
"2",0.326004114992851,28.1855756726228
"3",0.338838895188077,28.3649217425326
"4",0.321709339026207,28.0909020780171
"5",0.307015972671356,27.8170122867854
"6",0.244474416031064,27.1205374633796
"7",0.308355283241001,27.9190391513279
"8",0.340058407805512,28.3236907374091
"9",0,25.594181018514
