"","obs","bmi"
"1",0.361983300624384,28.7282757739362
"2",0.332371978019936,28.2750367843947
"3",0.356129554741012,28.4343753531393
"4",0.350862129506232,28.1408159087595
"5",0.34456021387213,27.8476154449345
"6",0.246727749637616,27.0990148356926
"7",0.308911848011946,27.9350273906009
"8",0.337822757284618,28.3437318021636
"9",0,25.5928784189067
