"","obs","bmi"
"1",0.357346893553304,28.6639195541652
"2",0.327976561984659,28.2054961043639
"3",0.334236703636498,28.3366568564401
"4",0.306963506615479,28.0095214584379
"5",0.280474338846003,27.6825161860959
"6",0.246759578400387,27.1470034747242
"7",0.308024090638067,27.9429251642836
"8",0.344867935614041,28.3859762601676
"9",0,25.625130345459
