"","obs","bmi"
"1",0.36498433349223,28.7460498332779
"2",0.332249815115963,28.2819445770119
"3",0.344853249866845,28.422312193398
"4",0.322340019305388,28.098863995587
"5",0.303322811612402,27.7757198621519
"6",0.242232232377326,27.0295237405444
"7",0.302970324111459,27.8992269383294
"8",0.332155761749988,28.2577834970752
"9",0,25.592340744614
