"","obs","bmi"
"1",0.359426973279645,28.7425056982449
"2",0.329644139066001,28.2814113532997
"3",0.340673663239016,28.4013184916997
"4",0.322604791037788,28.0603457450314
"5",0.30345117112173,27.7195956572009
"6",0.239197092096755,27.0017290777354
"7",0.309296743488893,27.9307708477387
"8",0.332224732488348,28.2230956125373
"9",0,25.5745258026054
