"","obs","bmi"
"1",0.362975959364501,28.7871475572141
"2",0.333579271047183,28.328361536783
"3",0.343145464341369,28.535808531998
"4",0.317077885666824,28.284702741157
"5",0.296618903379073,28.0338416075594
"6",0.249293611094077,27.1278648202005
"7",0.305943080340942,27.8935320825157
"8",0.336307720893644,28.273798732748
"9",0,25.6640756630242
