"","obs","bmi"
"1",0.359586596318283,28.6840221187068
"2",0.33062013293483,28.2311522090528
"3",0.338168591054078,28.3588284728713
"4",0.318582027174518,28.0338003358067
"5",0.294220538941135,27.7089442629052
"6",0.247670885831135,27.101730124443
"7",0.296655551393798,27.8521839630112
"8",0.33615033493014,28.2951404015138
"9",0,25.6034324876071
