"","obs","bmi"
"1",0.364865696365103,28.7323321467343
"2",0.336051160143599,28.2781257058026
"3",0.340735085171822,28.3664618127776
"4",0.310868400749743,28.0007743683012
"5",0.281197413917686,27.6352750615782
"6",0.242241671848571,27.0419897743005
"7",0.308508082732143,27.897361188272
"8",0.333152054350212,28.2952332745114
"9",0,25.5730707027525
