"","obs","bmi"
"1",0.357912597883964,28.6756586207948
"2",0.326454051647888,28.2159302363351
"3",0.339589471666646,28.4289179733336
"4",0.322442128468389,28.1822692140347
"5",0.305298791236496,27.9357141012162
"6",0.241197316611602,27.0301266322819
"7",0.306403547336698,27.8614150683594
"8",0.330205150178776,28.1970068865953
"9",0,25.6024617492628
