"","obs","bmi"
"1",0.363070049668053,28.676180552429
"2",0.333385602799639,28.2181338247799
"3",0.344091403891005,28.4319282302613
"4",0.325603062363131,28.1877576239745
"5",0.307784686326614,27.9436699313456
"6",0.244719366233471,27.0953649246237
"7",0.304950286467597,27.8635364098175
"8",0.332931066569638,28.2387081970703
"9",0,25.5564817447905
