"","obs","bmi"
"1",0.360299079560523,28.6963135958106
"2",0.328682116640069,28.2370954769666
"3",0.33339976178312,28.3308096401271
"4",0.30081799953293,27.9654314975204
"5",0.270007792605219,27.6001838733267
"6",0.240546283793668,27.0248328713488
"7",0.305325321176496,27.8785887860297
"8",0.331281164027416,28.265934563924
"9",0,25.6177653000609
