"","obs","bmi"
"1",0.356830008840435,28.649618034479
"2",0.325144077020704,28.190074928046
"3",0.342793950122862,28.384330489369
"4",0.331711336360783,28.1192220762692
"5",0.319307876412858,27.8542988068309
"6",0.245151523600621,27.0565755539071
"7",0.306523777843142,27.8569379054701
"8",0.33603230660483,28.3365825446003
"9",0,25.5869908927113
