"","obs","bmi"
"1",0.359815107168456,28.6907517944943
"2",0.330712588612132,28.2301213551506
"3",0.34271048292772,28.4076298893533
"4",0.323545023275683,28.1246670544451
"5",0.303653801411325,27.8418685748486
"6",0.245136322757224,27.0706340886736
"7",0.314129952695723,27.9730589152492
"8",0.33446803270062,28.2516993794417
"9",0,25.5867360642575
