"","obs","bmi"
"1",0.359640326945569,28.6725447049748
"2",0.329055540631314,28.2121186517192
"3",0.350177461464056,28.3516802875045
"4",0.334482586565005,28.0310499679084
"5",0.320779491212296,27.7106633425498
"6",0.249574803530021,27.137163772986
"7",0.315451478429271,27.9384832508953
"8",0.336807717460838,28.3007313399505
"9",0,25.5943701617145
