"","obs","bmi"
"1",0.358780545997085,28.6477587489156
"2",0.328511013791826,28.187022256042
"3",0.333315384604199,28.2915763068608
"4",0.30596864720882,27.9356264308559
"5",0.278670036527595,27.5799190706222
"6",0.236371503390895,26.9949099166941
"7",0.308397910487806,27.9192399227327
"8",0.33533495999586,28.2918936642884
"9",0,25.5491282229199
