"","obs","bmi"
"1",0.366131973882937,28.7051891430525
"2",0.337077207157448,28.2427510368952
"3",0.346428402495634,28.4314807174329
"4",0.329299769264323,28.1578686876119
"5",0.306473800741826,27.8843563968656
"6",0.240662806264641,27.0201052052492
"7",0.306162028550586,27.913514769053
"8",0.336301123295006,28.269954728868
"9",0,25.5470082559098
