"","obs","bmi"
"1",0.367465633865699,28.7084671871975
"2",0.338916702760208,28.2592876634676
"3",0.345806629373452,28.3732936660654
"4",0.321687000782191,28.0384614784789
"5",0.297324296409856,27.7039922361919
"6",0.247054084322644,27.0839853770887
"7",0.302124186913161,27.8344797362788
"8",0.336610159690517,28.2808237706202
"9",0,25.5955307688732
