"","obs","bmi"
"1",0.358100960222624,28.6101576523036
"2",0.328968996196638,28.1569522013062
"3",0.346836942003403,28.3614974209447
"4",0.334320026556012,28.1129705470054
"5",0.319350025786951,27.8645815179128
"6",0.238532204938679,27.0317033502774
"7",0.307177308405638,27.8904982969407
"8",0.336195936989033,28.3114237096552
"9",0,25.5422564139984
