"","obs","bmi"
"1",0.353129834552733,28.6269606179003
"2",0.326366965922211,28.1706505810023
"3",0.326150175661997,28.2720253326492
"4",0.290750606918324,27.9172158700299
"5",0.261019901095185,27.5625336869184
"6",0.247639938814314,27.1213986447302
"7",0.312555509284665,27.9393853014132
"8",0.333594387105587,28.2478397385065
"9",0,25.5558897190847
