"","obs","bmi"
"1",0.364814673652817,28.7109883918701
"2",0.333590614310161,28.251605720511
"3",0.33825034885629,28.3423531077098
"4",0.310465741262819,27.974039824154
"5",0.28317170874072,27.6060666965394
"6",0.244535853116165,27.0817052370665
"7",0.310204987925295,27.8563205577108
"8",0.337233029002503,28.282353122373
"9",0,25.5918489296131
