"","obs","bmi"
"1",0.359210775807545,28.6502593731024
"2",0.326456849994512,28.1987225212204
"3",0.345841212367651,28.4032583523734
"4",0.333893415633402,28.1563961147708
"5",0.321212932707486,27.9096779146077
"6",0.24847028708235,27.0827235614146
"7",0.309119263110181,27.9330792497243
"8",0.339219362100873,28.3809251716154
"9",0,25.6176865906653
