"","obs","bmi"
"1",0.357159878222456,28.6671969225005
"2",0.327642214333559,28.208183376279
"3",0.33784638179361,28.3546737006703
"4",0.319854938318473,28.0424468015698
"5",0.296149848478316,27.7305321427267
"6",0.24341488747735,27.0588565765416
"7",0.30827141185474,27.9003407064523
"8",0.338564008950321,28.3387472763429
"9",0,25.5991359149701
