"","obs","bmi"
"1",0.362254627659313,28.7537006651837
"2",0.333197641713531,28.2937278343331
"3",0.340023667483567,28.4168482801191
"4",0.314696059533266,28.0802048554719
"5",0.289752626444258,27.7437779774534
"6",0.242069608667956,27.0772833878997
"7",0.304377633105834,27.868474517248
"8",0.338280717081473,28.3196345809082
"9",0,25.6138455145618
