"","obs","bmi"
"1",0.361073656452855,28.6977364064376
"2",0.330234746163981,28.2400258080696
"3",0.331947470645774,28.2976178832963
"4",0.300195238011256,27.8977253736082
"5",0.272572033125442,27.4980670064081
"6",0.244639554090695,27.0591717619975
"7",0.305544331003686,27.9205770908907
"8",0.335036699887871,28.2741614088129
"9",0,25.5623607051001
