"","obs","bmi"
"1",0.360230460837132,28.7004577297397
"2",0.332183083407633,28.2376728275973
"3",0.343929704620421,28.5292759678671
"4",0.321587230049516,28.3581250407587
"5",0.301927664111186,28.1870049280396
"6",0.240851274250336,27.036775289875
"7",0.306073035236899,27.9152210405326
"8",0.331731173725579,28.2781994915472
"9",0,25.5728217296139
