"","obs","bmi"
"1",0.356287868659332,28.675486960017
"2",0.327618226792658,28.2198506108677
"3",0.331649990243997,28.3482225455447
"4",0.30357836871748,28.0210668896486
"5",0.277828009585856,27.6940217793556
"6",0.243654845304912,27.0541254859677
"7",0.30984384404708,27.944302501364
"8",0.337342705166594,28.3089191356706
"9",0,25.6169116523453
