"","obs","bmi"
"1",0.359319962710475,28.6722330957995
"2",0.328985108366398,28.2177769803923
"3",0.345275664532926,28.4245630712491
"4",0.330698275698783,28.1770686471049
"5",0.31500382503541,27.9297558457867
"6",0.236310174157956,27.0272087475705
"7",0.306723089073038,27.9016249060603
"8",0.336804574036731,28.2867947854681
"9",0,25.5625605277654
