"","obs","bmi"
"1",0.360593480911686,28.687058708356
"2",0.331569021869207,28.2265749164146
"3",0.343157533326274,28.3553641075684
"4",0.322079245429932,28.0238993083677
"5",0.302707532577752,27.6926741786475
"6",0.244026165515935,27.0772858242666
"7",0.303943041002755,27.8725478538979
"8",0.335609996826605,28.2805985974404
"9",0,25.5284873037923
