"","obs","bmi"
"1",0.35532254447191,28.6390679519209
"2",0.326179589343503,28.1819824803717
"3",0.342991051077684,28.4224742329864
"4",0.330119768003884,28.2060216191654
"5",0.317271310800359,27.9897149607576
"6",0.244474416031064,27.1205374633796
"7",0.308355283241001,27.9190391513279
"8",0.340058407805512,28.3236907374091
"9",0,25.594181018514
