"","obs","bmi"
"1",0.372313823346648,28.8005924555254
"2",0.343206464203808,28.3460816746485
"3",0.356627230974414,28.5262033449967
"4",0.343056415566045,28.2519712908852
"5",0.324697659409786,27.9779014510885
"6",0.246511517395072,27.1368981303034
"7",0.309978334640592,27.9553161993271
"8",0.340028722965767,28.3457470241674
"9",0,25.5720533657722
