"","obs","bmi"
"1",0.365939704256885,28.7901121768931
"2",0.33811265885826,28.335377986988
"3",0.338812832605247,28.4473584295211
"4",0.309123016164836,28.1047568939538
"5",0.278306024417151,27.7623113857196
"6",0.243869642005441,27.0779050760512
"7",0.309488883082574,27.9278467467187
"8",0.336838127004704,28.280822153556
"9",0,25.6357897415883
