"","obs","bmi"
"1",0.359234456497688,28.7235136350828
"2",0.330357190414924,28.2638893416734
"3",0.336478889080638,28.4104098603297
"4",0.3078507760222,28.0974862888494
"5",0.28106931834422,27.7847482186427
"6",0.242509192938509,27.0208164214481
"7",0.303053973046118,27.8295499285072
"8",0.332813540604052,28.2854026691778
"9",0,25.5905083270755
