"","obs","bmi"
"1",0.358127309784008,28.7166411632032
"2",0.330971026218131,28.2662938088736
"3",0.337726559464301,28.3854007855909
"4",0.315784015719118,28.0542998474869
"5",0.291422979373586,27.7233421256448
"6",0.247839499396866,27.0610050240547
"7",0.308513730153456,27.9026230909653
"8",0.329047428395101,28.2531241314937
"9",0,25.6706939166491
