"","obs","bmi"
"1",0.35496886447319,28.7115841856
"2",0.326940336526821,28.2513833370399
"3",0.333274728881467,28.4135302707653
"4",0.310374284253757,28.1155644442747
"5",0.285705926036172,27.8176881471064
"6",0.246003625246482,27.0733770695784
"7",0.309799223494524,27.9256491452086
"8",0.328251189503286,28.2106232440825
"9",0,25.6208707920775
