"","obs","bmi"
"1",0.354225372317773,28.6668465652739
"2",0.32434403138063,28.2046812904368
"3",0.341467984989111,28.3894960475481
"4",0.327688132118726,28.1123373628539
"5",0.314762486507231,27.835378580852
"6",0.246648331175607,27.068923527529
"7",0.301083037149321,27.8639159665003
"8",0.334781832850922,28.2748762443761
"9",0,25.5779634063945
