"","obs","bmi"
"1",0.362072272075681,28.7201957364263
"2",0.336028139904161,28.2748724633731
"3",0.352235067504718,28.4948670162027
"4",0.338906786166109,28.2696356927123
"5",0.323604858324168,28.044505066689
"6",0.23882365903866,27.0003817389385
"7",0.313247916774642,27.9177592085285
"8",0.336231954298486,28.2869863024492
"9",0,25.6006004643723
