"","obs","bmi"
"1",0.364376316300126,28.7011143482834
"2",0.332775128781182,28.2409709504953
"3",0.345004594235197,28.4186059516836
"4",0.32845218745143,28.1362236590058
"5",0.307778421911063,27.8539714358097
"6",0.246632849409872,27.077868497656
"7",0.314012673605986,27.95627222787
"8",0.336139276255493,28.2814085564297
"9",0,25.5496158029692
