"","obs","bmi"
"1",0.358233705671657,28.7222938334659
"2",0.330309562281992,28.2570067116137
"3",0.326461052379933,28.284683968425
"4",0.292369096871184,27.8473439944353
"5",0.259425974165996,27.4102840192114
"6",0.24055490651652,27.0570289690807
"7",0.309215759970929,27.9075462370435
"8",0.335941222699891,28.2409334112076
"9",0,25.6531548552647
