"","obs","bmi"
"1",0.359925038189645,28.7236714220201
"2",0.328873619040303,28.2569964647726
"3",0.336035440987121,28.4053881594996
"4",0.311323402191009,28.0871934596583
"5",0.288632801218218,27.76908812406
"6",0.245540281188065,27.0511010793131
"7",0.307881554735104,27.8888397529857
"8",0.339146606404987,28.3290266550424
"9",0,25.6341729672845
