"","obs","bmi"
"1",0.359249321568737,28.6971104806588
"2",0.329441133106075,28.2440236762591
"3",0.340012921837779,28.425658888459
"4",0.319308445425479,28.1542914714501
"5",0.298961805639812,27.8830098026662
"6",0.247125319979628,27.1120109281991
"7",0.311021029323773,27.9216477644768
"8",0.332947831787682,28.267228112878
"9",0,25.6256104480149
