"","obs","bmi"
"1",0.365250695308131,28.7391345008759
"2",0.336047791473491,28.2874200782979
"3",0.35214374123884,28.5513378740427
"4",0.336971975179121,28.3635749743663
"5",0.322307935788156,28.1758461675989
"6",0.244463586931971,27.0882271342553
"7",0.312120188497408,27.9720902993739
"8",0.335381996484897,28.2828914780956
"9",0,25.5664237974416
