"","obs","bmi"
"1",0.365829274160111,28.7930042774064
"2",0.334577356432648,28.3308899570996
"3",0.351281820309053,28.4681205230659
"4",0.334287140288669,28.1435098245248
"5",0.322905924391032,27.8191851087747
"6",0.243060752257719,27.0624711625827
"7",0.305818232639112,27.9016424903567
"8",0.339655168854538,28.363449839624
"9",0,25.634647231141
