"","obs","bmi"
"1",0.366564529993411,28.7519591303982
"2",0.337698194089941,28.293075725852
"3",0.343928669018183,28.3897411556267
"4",0.314092731981742,28.0277572474047
"5",0.290598382847649,27.6660171027704
"6",0.241078943177589,27.0509983599568
"7",0.31104882721484,27.8938526184374
"8",0.336787050638337,28.3379821698569
"9",0,25.5708399611914
