"","obs","bmi"
"1",0.365579107806348,28.7806276010258
"2",0.336283182627426,28.3193563964246
"3",0.337925252825356,28.3227437706914
"4",0.307777653319626,27.8652988344474
"5",0.273158340539308,27.4083200191605
"6",0.244279405810506,27.0360066768127
"7",0.308924843006247,27.8927205385241
"8",0.337475138859828,28.3201079971822
"9",0,25.6359034218701
