"","obs","bmi"
"1",0.359876669527616,28.682044142083
"2",0.332936218032666,28.2244503074089
"3",0.341098865263627,28.446817487149
"4",0.318454594096522,28.2116512792835
"5",0.294979496361997,27.9765462560398
"6",0.237949617932982,27.0536176236595
"7",0.303780504401289,27.8641399468934
"8",0.333398410871219,28.2556889653463
"9",0,25.5608207736017
