"","obs","bmi"
"1",0.356771188320553,28.7028124732466
"2",0.329874027122735,28.2417586198571
"3",0.330717978433117,28.267859006713
"4",0.295273881124129,27.8331608464254
"5",0.262891718621525,27.3987261808212
"6",0.247186099884203,27.0980406141368
"7",0.306619200021423,27.8503647930497
"8",0.339304403607626,28.3259271108521
"9",0,25.5994131781456
