"","obs","bmi"
"1",0.356768539214493,28.6859017193187
"2",0.327995501399225,28.2243897074242
"3",0.340400477460405,28.3804871510326
"4",0.325650898277706,28.0753316541856
"5",0.306327826423358,27.7704484546215
"6",0.244672837912697,27.0600841120263
"7",0.303387373283772,27.8469715150766
"8",0.333373689541677,28.2710594494368
"9",0,25.6168565269627
