"","obs","bmi"
"1",0.365538959055546,28.7390786502482
"2",0.335830869346427,28.2773354648665
"3",0.34649959627736,28.3685720466677
"4",0.327799002965347,27.9985498388912
"5",0.304803092070007,27.6290474002555
"6",0.242799774904634,27.0352848199945
"7",0.305056559062138,27.8908848802204
"8",0.335275735468964,28.2895499565609
"9",0,25.6329976229408
