"","obs","bmi"
"1",0.361902668724275,28.723843940343
"2",0.332583633356692,28.2526745812956
"3",0.343773441482549,28.3708071034128
"4",0.324106635466349,28.0180216070542
"5",0.301329383215139,27.6654983197776
"6",0.243435194497001,27.0841541881833
"7",0.30593542168953,27.9362464387595
"8",0.33634318757131,28.2474991617277
"9",0,25.563307531198
