"","obs","bmi"
"1",0.362259677538058,28.7314455533379
"2",0.332970086269194,28.268100005811
"3",0.338923738895671,28.3760866349007
"4",0.310839059644624,28.0209396338882
"5",0.281997669794516,27.6660121323971
"6",0.245708495170006,27.0610858467555
"7",0.306854200758761,27.8693645472628
"8",0.333984186235749,28.2964594757571
"9",0,25.5941216929792
