"","obs","bmi"
"1",0.360843136388147,28.7078620856503
"2",0.332652752112452,28.2510990587742
"3",0.339294482580966,28.3797377223703
"4",0.315889693235383,28.0517756148374
"5",0.291323284407783,27.7239811320493
"6",0.241300337747412,27.0070356307086
"7",0.30036492742733,27.8450025052759
"8",0.339698668180294,28.3560470557295
"9",0,25.6077845892871
