"","obs","bmi"
"1",0.361294064257495,28.7203227954634
"2",0.332222976790472,28.2653737313614
"3",0.351214357282716,28.448752374033
"4",0.341362016733074,28.1773633793483
"5",0.33354555376753,27.9061625905516
"6",0.244255512415772,27.0566013942905
"7",0.305136352043078,27.9135993808843
"8",0.337170069756288,28.3210159325191
"9",0,25.6001861975819
