"","obs","bmi"
"1",0.363024677694824,28.6875107178896
"2",0.332106677256224,28.2297182366129
"3",0.347018537610361,28.4040343544014
"4",0.331519296170139,28.1206745358653
"5",0.310753392290404,27.8374341713468
"6",0.242244030069027,27.0625597787745
"7",0.311562735392586,27.9011258969326
"8",0.33320961296558,28.290737675833
"9",0,25.5574027534495
