"","obs","bmi"
"1",0.353785409346464,28.6424675837641
"2",0.326766110893271,28.1841624191226
"3",0.342470252646331,28.3064572497412
"4",0.32976335933741,27.9707710044624
"5",0.31404544874702,27.6354262447703
"6",0.243492164573366,27.050912932773
"7",0.309382917594247,27.9086496563949
"8",0.334966236007154,28.2811907452865
"9",0,25.5912171861791
