"","obs","bmi"
"1",0.362700057301864,28.729472903492
"2",0.333830614754055,28.2691186268968
"3",0.340503902412186,28.4445312261393
"4",0.314133227469975,28.1597431739046
"5",0.290427999693188,27.8751143712481
"6",0.248081401072226,27.1249735911746
"7",0.302317855673029,27.8564744776073
"8",0.329555540031641,28.2634577892652
"9",0,25.6136069368633
