"","obs","bmi"
"1",0.364678134719794,28.6937064941077
"2",0.33407263558079,28.2318379213234
"3",0.347513844913519,28.366378742927
"4",0.324718458115059,28.0393742690547
"5",0.304536798577076,27.7127094332383
"6",0.242873711150412,27.0601682497244
"7",0.305899747695426,27.9081767757796
"8",0.338235135239077,28.3658446110959
"9",0,25.5818022670909
