"","obs","bmi"
"1",0.359885929839349,28.6822203479733
"2",0.329309714678439,28.2200286381415
"3",0.345115238688431,28.3238998782766
"4",0.33145679174838,27.9660771998355
"5",0.3188350370025,27.6087889115976
"6",0.24188797834107,27.0223979637285
"7",0.319760753056727,28.0429795754824
"8",0.331924357657469,28.2443975698347
"9",0,25.6074255061516
