"","obs","bmi"
"1",0.359338115486051,28.7120906325847
"2",0.330544826976361,28.2580133335185
"3",0.335600950695263,28.3177456008602
"4",0.308906140962526,27.9237967640864
"5",0.285298200529977,27.5302670468509
"6",0.241277105928737,27.0261716789808
"7",0.31225445701004,27.9865631707401
"8",0.332399224395817,28.2569011205217
"9",0,25.5894784030165
