"","obs","bmi"
"1",0.36055718427335,28.6985728207458
"2",0.331837488698456,28.2421756694799
"3",0.338985853231587,28.3681039329098
"4",0.31134773514793,28.0378436269951
"5",0.285630589143075,27.7077997272333
"6",0.248186921055904,27.0890199613762
"7",0.304257959599942,27.862929383428
"8",0.336494856449986,28.2922471001484
"9",0,25.6228887610694
