"","obs","bmi"
"1",0.353131136597515,28.6360100607372
"2",0.323445593316104,28.1699657931874
"3",0.334638130431003,28.3577495945047
"4",0.31650448106847,28.0796759771186
"5",0.294090790072769,27.8017959373228
"6",0.245874892738223,27.0167873520648
"7",0.309102431893125,27.91018885782
"8",0.333510401877154,28.2360703969705
"9",0,25.5794172604834
