"","obs","bmi"
"1",0.365106581168543,28.7666193537139
"2",0.336969090340567,28.3159731903507
"3",0.342787282337129,28.4376403330166
"4",0.315777791646167,28.1087585511275
"5",0.289146747821113,27.779975236659
"6",0.247388490262682,27.067137486057
"7",0.308065729168811,27.9388668148081
"8",0.334841608311025,28.3241143425934
"9",0,25.617204281513
