"","obs","bmi"
"1",0.358743435080474,28.6858944087324
"2",0.328476604906059,28.2271118213484
"3",0.338269917383716,28.4067292762427
"4",0.319296172032932,28.1277038838066
"5",0.300353301757725,27.8488226096633
"6",0.249280777263306,27.1314279832371
"7",0.307786462188119,27.8783156018655
"8",0.330800987126015,28.2457482881737
"9",0,25.5463631370341
