"","obs","bmi"
"1",0.358473551022782,28.6703932957503
"2",0.328961929561045,28.2080908910749
"3",0.3403523822245,28.423806518998
"4",0.319258603698717,28.1772863339715
"5",0.299954371878427,27.9308318876434
"6",0.245215080328867,27.0867467520966
"7",0.307576894161675,27.87075941476
"8",0.336397069436314,28.2742810327105
"9",0,25.5998515415014
