"","obs","bmi"
"1",0.360536310348399,28.654408251161
"2",0.331414523479118,28.2037419516114
"3",0.340509753759672,28.3259617191126
"4",0.317528361519813,27.997668821233
"5",0.294550239965825,27.6695340001694
"6",0.243802347530572,27.051119283614
"7",0.303390294739213,27.8901828140095
"8",0.342134668332427,28.3216549297725
"9",0,25.5703112645101
