"","obs","bmi"
"1",0.360059289735991,28.6923848720224
"2",0.331332727213814,28.2297563195132
"3",0.341825764448663,28.3354733647997
"4",0.322121827322914,27.97886836065
"5",0.30147724526932,27.6225846558877
"6",0.240756188644633,27.0595830328948
"7",0.308012581098843,27.8909166685816
"8",0.333753444603479,28.2942877865144
"9",0,25.5675268197875
