"","obs","bmi"
"1",0.35682528045847,28.6810643087027
"2",0.327226813571227,28.2324710813072
"3",0.336997837027063,28.4455104110675
"4",0.310726314776112,28.2100171439937
"5",0.288621716393126,27.9745843706954
"6",0.243458532145969,27.0765462759496
"7",0.312899924007187,27.9373095717726
"8",0.330289883783754,28.2503118090326
"9",0,25.6415497784562
