"","obs","bmi"
"1",0.360550267559222,28.7202251185858
"2",0.331569107649503,28.2590647698199
"3",0.344581008243777,28.4291954667753
"4",0.327456183974325,28.1384631351516
"5",0.313080782175588,27.8480441416861
"6",0.247356465786591,27.1243991794345
"7",0.306636725522592,27.8771266609509
"8",0.336575725541901,28.2918581575299
"9",0,25.6057102169565
