"","obs","bmi"
"1",0.359138207656629,28.7118961351708
"2",0.330476708515028,28.250996709125
"3",0.340760522172171,28.3595621132108
"4",0.31955308665445,28.0076301395558
"5",0.303431747240116,27.6561259046585
"6",0.242316459290398,26.9981245467925
"7",0.30597070532981,27.8843007247727
"8",0.334469440254604,28.2915632267871
"9",0,25.600473051197
