"","obs","bmi"
"1",0.362746449114823,28.7440095741628
"2",0.332639989207422,28.2919648722927
"3",0.340358683517324,28.426848449326
"4",0.313685321207612,28.1099159237377
"5",0.289537611315663,27.7932227302299
"6",0.244353419991991,27.0211529856103
"7",0.311981440224232,27.9134301465193
"8",0.332204754506488,28.3166904599676
"9",0,25.5897342591879
