"","obs","bmi"
"1",0.356235903799641,28.6722750004812
"2",0.326308789136982,28.2110693744514
"3",0.331385757145512,28.3315390813008
"4",0.305171842128339,27.9910869705474
"5",0.281573334923936,27.6509323680075
"6",0.24827411954791,27.0996759178769
"7",0.307154229005104,27.9130411039498
"8",0.340591932962495,28.339348469876
"9",0,25.5801494852342
