"","obs","bmi"
"1",0.369023542269419,28.795037222147
"2",0.339496874527445,28.3304613727319
"3",0.351729620057539,28.4631600811483
"4",0.332585454275931,28.1315800067509
"5",0.309067392275986,27.8003108670807
"6",0.244876432010586,27.0378965318442
"7",0.314647460905461,27.9392821557781
"8",0.33447671486813,28.2924002640829
"9",0,25.5826004116596
