"","obs","bmi"
"1",0.362184829364189,28.7544989076309
"2",0.333356747132692,28.2886150920451
"3",0.336950078680324,28.349041091772
"4",0.305617266111939,27.9437972170639
"5",0.279673913385877,27.5387733486517
"6",0.250590072740663,27.136447298376
"7",0.303342314757997,27.9078323921568
"8",0.337321336996528,28.3127585629955
"9",0,25.607682165963
