"","obs","bmi"
"1",0.357828238948293,28.661591316369
"2",0.328530058733736,28.1993240660186
"3",0.343010701244647,28.3966924796242
"4",0.327245394659511,28.131928514149
"5",0.311438540365376,27.8673043409297
"6",0.245987819554874,27.0737821126155
"7",0.303221622657148,27.8445184595302
"8",0.336080202554013,28.2995891772958
"9",0,25.572423562501
