"","obs","bmi"
"1",0.356768539214493,28.6859017193187
"2",0.328803624666265,28.2338979468242
"3",0.34113631004424,28.4143283170113
"4",0.324575576578229,28.1432456290442
"5",0.308450023410278,27.8726918743495
"6",0.244672837912697,27.0600841120263
"7",0.303387373283772,27.8469715150766
"8",0.333373689541677,28.2710594494368
"9",0,25.6168565269627
