"","obs","bmi"
"1",0.364691220226808,28.7683585020998
"2",0.336340282445995,28.3152214820078
"3",0.345646589803605,28.4046950864769
"4",0.324880916727571,28.041262782957
"5",0.301929354434786,27.6780723005496
"6",0.243132712985132,27.1102661600483
"7",0.303282820866284,27.8751272645747
"8",0.331567931103206,28.2670155903119
"9",0,25.6167100497806
