"","obs","bmi"
"1",0.364097754836011,28.700515054456
"2",0.335167758010648,28.2418128166623
"3",0.337150821886605,28.3655125867408
"4",0.307034082704057,28.0306271105
"5",0.282991859706696,27.6958611104213
"6",0.247868060322634,27.1136242868249
"7",0.304897195815816,27.8514559877208
"8",0.338471343448391,28.2860414911578
"9",0,25.5845543775831
