"","obs","bmi"
"1",0.361607678912106,28.7137570575656
"2",0.332095789268602,28.2528119126523
"3",0.340707081287445,28.3681735052152
"4",0.31846763316404,28.0227873893317
"5",0.296678577150684,27.6776051664421
"6",0.242448678257168,27.0930133457575
"7",0.306259295779055,27.8807912131747
"8",0.3341120326828,28.2773161106817
"9",0,25.5885783096102
