"","obs","bmi"
"1",0.362427277835912,28.6606116654135
"2",0.331798248497944,28.1952614879289
"3",0.34566522523629,28.3498758394111
"4",0.328359541207305,28.0393157127157
"5",0.306811431038472,27.7289378493834
"6",0.240076344458773,27.0732999652178
"7",0.310994958291798,27.9176050009448
"8",0.337220430762491,28.3185456157458
"9",0,25.5628938080867
