"","obs","bmi"
"1",0.35432504102075,28.6297339679891
"2",0.325431494355389,28.1715394059707
"3",0.337447567810925,28.3718694092049
"4",0.318236930998529,28.1141064203002
"5",0.297199446533003,27.8564467155392
"6",0.241813754849983,27.0487073994716
"7",0.305921665782688,27.8876732982521
"8",0.341832009096812,28.319546757593
"9",0,25.57230474326
