"","obs","bmi"
"1",0.35895849524604,28.7161507666888
"2",0.327545608289326,28.2479318581527
"3",0.354380125955379,28.5343558469863
"4",0.348363096557464,28.3528639117654
"5",0.342911925562121,28.1716952181457
"6",0.24316176256264,27.0363784957443
"7",0.309751473738068,27.9314892649886
"8",0.337063897592374,28.3041270936606
"9",0,25.5903578045293
