"","obs","bmi"
"1",0.359604209748039,28.7199212011367
"2",0.330691419687954,28.255876524117
"3",0.336991381055487,28.365903738428
"4",0.315613794224959,28.0121488062244
"5",0.288172445389293,27.6586678658204
"6",0.239329286348002,27.0141856103366
"7",0.308248262020614,27.9133463769928
"8",0.332972742926389,28.225232367622
"9",0,25.6094111190189
