"","obs","bmi"
"1",0.354305104844894,28.6651981417415
"2",0.326363082168105,28.210933336274
"3",0.335025339824483,28.3780454235026
"4",0.314170982081995,28.0910518742438
"5",0.292610482740097,27.8042223362202
"6",0.24483973344848,27.0763412674781
"7",0.307885517836026,27.8832278518463
"8",0.335661366525088,28.271841938541
"9",0,25.6028034367746
