"","obs","bmi"
"1",0.358057420802995,28.6847616824004
"2",0.327543885602122,28.2218364066235
"3",0.346309376680243,28.4741432045001
"4",0.335395047933494,28.2636137406108
"5",0.323081954778031,28.05317504106
"6",0.236382289364093,27.0369030424669
"7",0.308113021446584,27.8950202396026
"8",0.330915640479674,28.2231208818158
"9",0,25.591984820991
