"","obs","bmi"
"1",0.35992884387254,28.6994204833731
"2",0.330578215893542,28.2370845316036
"3",0.348451891577211,28.4279288975902
"4",0.335808253403671,28.1565970121045
"5",0.3228355288888,27.8854307353087
"6",0.23861123872392,27.0032258939
"7",0.308451748021282,27.9258434267004
"8",0.330875978092789,28.215533149807
"9",0,25.6399087232154
