"","obs","bmi"
"1",0.363882407065023,28.7109552877327
"2",0.333229597134852,28.2524781318258
"3",0.347938862955589,28.4028966202151
"4",0.330228167142171,28.0950951606584
"5",0.312443263704534,27.7875625661505
"6",0.242918155259054,27.0583474188933
"7",0.305513668363769,27.8465673272002
"8",0.334176938540976,28.2869196102194
"9",0,25.5395566524302
