"","obs","bmi"
"1",0.36270883826356,28.7151012734535
"2",0.330851091214223,28.2534584952296
"3",0.351351173252703,28.5021384338379
"4",0.34072611931609,28.2892535391173
"5",0.329506593251554,28.076449126943
"6",0.246446064272027,27.0741916248193
"7",0.312949982568779,27.9813768177084
"8",0.338534790169825,28.3094928575048
"9",0,25.6240872252101
