"","obs","bmi"
"1",0.362431013611261,28.7104358777474
"2",0.330481173651909,28.2442442238152
"3",0.341727748697612,28.3491077485966
"4",0.316160694749439,27.98799900659
"5",0.298296105290473,27.6271177252612
"6",0.246306179828093,27.0821986558806
"7",0.306878988633687,27.9228509602166
"8",0.338437817420426,28.3222459390891
"9",0,25.5833574111618
