"","obs","bmi"
"1",0.363413569306015,28.7576229591291
"2",0.334032875235324,28.3009181199964
"3",0.346085335643705,28.4374850696745
"4",0.329621236857471,28.1176781691409
"5",0.311524555537783,27.7982218289293
"6",0.245405056416985,27.0912627069725
"7",0.310598033652127,27.9121344014456
"8",0.337940884011067,28.3549970008074
"9",0,25.6060382535814
