"","obs","bmi"
"1",0.362337581621809,28.73476090848
"2",0.331428038682365,28.2753770550673
"3",0.335814355259082,28.3636572060643
"4",0.308892726229889,27.9927338058106
"5",0.282772505040515,27.6219964368853
"6",0.252778635350346,27.1609234404321
"7",0.309529848148105,27.9293281176793
"8",0.33606185918825,28.3120081565814
"9",0,25.6047649323225
