"","obs","bmi"
"1",0.359254585334795,28.7495463515775
"2",0.330852931837398,28.2986537548691
"3",0.344725833783339,28.4275476166247
"4",0.330120488606823,28.105770937952
"5",0.315035883315259,27.7842293693547
"6",0.246635762881375,27.1110620272922
"7",0.305337252898489,27.8876927557253
"8",0.332312123832291,28.283752566886
"9",0,25.6467383144794
