"","obs","bmi"
"1",0.357965612368383,28.7111070878126
"2",0.331004563058632,28.25385509966
"3",0.338290492231087,28.4566272660982
"4",0.315312279811882,28.2022195723209
"5",0.290457448397717,27.9478842459261
"6",0.241909612994838,27.0775272440622
"7",0.312867135624937,27.9141187164284
"8",0.33478835685574,28.2639821616768
"9",0,25.5938044759551
