"","obs","bmi"
"1",0.360165051400518,28.6835637641963
"2",0.328782227400913,28.2236006945988
"3",0.351434562990796,28.5030433951372
"4",0.341044373541517,28.3226023170876
"5",0.329319341948166,28.1422425434299
"6",0.241097421152632,27.0340589130298
"7",0.314290258027766,27.9138376660509
"8",0.334948375635061,28.2889062999651
"9",0,25.5798032256535
