"","obs","bmi"
"1",0.364877899010187,28.7568657275374
"2",0.335999799381679,28.3061969592156
"3",0.341684550560621,28.3905176681035
"4",0.316837388789015,28.0243507686702
"5",0.292600967400011,27.6583696200538
"6",0.246195146500716,27.0654491779064
"7",0.307828407476242,27.8782771960053
"8",0.336418265889054,28.2697066893836
"9",0,25.6417260316722
