"","obs","bmi"
"1",0.35630403056884,28.6467463495859
"2",0.325968550495048,28.1843497925935
"3",0.344850777373253,28.3742707367584
"4",0.333050986261077,28.1019322645233
"5",0.321826103954197,27.8297367119961
"6",0.238652979879061,27.0031375161687
"7",0.307659767968608,27.8800908101348
"8",0.336203655062108,28.3135106324286
"9",0,25.5595007701961
