"","obs","bmi"
"1",0.363884136084286,28.7620219212585
"2",0.333733101552866,28.3051642980627
"3",0.340495623377692,28.4671254608903
"4",0.315258356201921,28.1723230929104
"5",0.2888711535588,27.8776177444126
"6",0.246551583436527,27.1119220955359
"7",0.309700229768964,27.9246117108594
"8",0.332193803430013,28.2354426832501
"9",0,25.6044913694523
