"","obs","bmi"
"1",0.359391209752075,28.6659348658462
"2",0.330136312160341,28.2101491449603
"3",0.339729802532884,28.2678012764244
"4",0.317183847873093,27.8701458909202
"5",0.293657722579162,27.4730020412805
"6",0.245436094666215,27.1332158692831
"7",0.307344407585918,27.8827959944632
"8",0.335475511519017,28.3509850899473
"9",0,25.5719992669693
