"","obs","bmi"
"1",0.366955932045037,28.7369470334908
"2",0.339954850529639,28.2860920639145
"3",0.343521288484749,28.4073019610419
"4",0.316413158125519,28.0778193009661
"5",0.287175747269604,27.7485037107781
"6",0.241229364574296,27.0642497270024
"7",0.310290326222444,27.9321653465642
"8",0.326086377665806,28.1948029938917
"9",0,25.5631632396302
