"","obs","bmi"
"1",0.362724001041393,28.7728274501409
"2",0.334442704521152,28.3107479964531
"3",0.35000731944027,28.4774732549388
"4",0.335030789495176,28.1823047789843
"5",0.322030302209997,27.8873289397945
"6",0.246193563970601,27.099468160086
"7",0.314467318727127,27.9942247370675
"8",0.328350965670613,28.236028487561
"9",0,25.5582367519534
