"","obs","bmi"
"1",0.361964609791007,28.7244030440194
"2",0.331442124356817,28.2647848166555
"3",0.329132972489283,28.2997192712128
"4",0.296296930057784,27.8753151416905
"5",0.266488548229291,27.4512055620787
"6",0.244353328190701,27.0724147503171
"7",0.312990791877332,27.9779659337339
"8",0.329055442862322,28.2261936894795
"9",0,25.6108833964474
