"","obs","bmi"
"1",0.35848741362279,28.7113392020173
"2",0.328570173952246,28.2593451812949
"3",0.34458243640409,28.439729892139
"4",0.328308331335436,28.1683723899303
"5",0.315972779449654,27.8972782239947
"6",0.243206022137395,27.0253294408005
"7",0.300431307421809,27.8162910158193
"8",0.332804024227099,28.3177908269692
"9",0,25.6285566457762
