"","obs","bmi"
"1",0.358829819486821,28.7309608867034
"2",0.331979273302984,28.2789905684883
"3",0.339564594193952,28.3998649529791
"4",0.319799260466581,28.069047188111
"5",0.299529384622535,27.7385205167396
"6",0.246428207209381,27.0856876547876
"7",0.310458143454013,27.9390524022113
"8",0.334487543382941,28.3002204515248
"9",0,25.6419789239985
