"","obs","bmi"
"1",0.36488502609895,28.7690752579185
"2",0.333209161943042,28.3070539463727
"3",0.340313341319218,28.4039155630275
"4",0.318342499920731,28.0389925744678
"5",0.294853092878048,27.6743164023446
"6",0.246105838297788,27.0594410639107
"7",0.31457734718486,27.9447586922453
"8",0.335847054117964,28.3064533281335
"9",0,25.6106566742694
