"","obs","bmi"
"1",0.358124176469436,28.6659199216654
"2",0.330163995789032,28.2091749675094
"3",0.333364455013681,28.2818279103398
"4",0.306157073206402,27.8979043743328
"5",0.276955613658128,27.5141538671702
"6",0.242419117452493,27.0499298316883
"7",0.309481019270391,27.9326839107357
"8",0.335510510294378,28.3137038397908
"9",0,25.609177149754
