"","obs","bmi"
"1",0.361162171765433,28.6820993193212
"2",0.332270121773523,28.219890126953
"3",0.340100100430914,28.2722770511477
"4",0.313988338730301,27.8629869543251
"5",0.28824544860102,27.4542697782872
"6",0.25138447247635,27.1712768603156
"7",0.305974147813879,27.8587869744238
"8",0.335128852456067,28.2583255176966
"9",0,25.5935676921449
