"","obs","bmi"
"1",0.358945252834209,28.6680079387723
"2",0.330386754799372,28.214540933489
"3",0.333812496283377,28.3301376382982
"4",0.307284408646323,27.9923754649112
"5",0.282509519773911,27.6547228801893
"6",0.244351414405327,27.1004719441547
"7",0.30797157571646,27.8898250298688
"8",0.338383859956193,28.3083618577832
"9",0,25.5733671579723
