"","obs","bmi"
"1",0.362691365630926,28.7073629883199
"2",0.332846525477938,28.2535033640046
"3",0.33764194016923,28.4503432042413
"4",0.312460727944608,28.1933726249332
"5",0.286161269076972,27.9364508032124
"6",0.245711401055601,27.0821577544849
"7",0.311515519171056,27.9790799028223
"8",0.329429415919366,28.2273523306699
"9",0,25.5756542178717
