"","obs","bmi"
"1",0.36150334163662,28.7092700693916
"2",0.333574905358124,28.24777724076
"3",0.344955589355335,28.4406696101283
"4",0.32390344414561,28.1721635441347
"5",0.302637487341741,27.9037526241134
"6",0.238022621995331,27.033096601523
"7",0.306036088398906,27.9168266675602
"8",0.335151306969499,28.2921940537226
"9",0,25.5902941799926
