"","obs","bmi"
"1",0.352805798072966,28.6265004270248
"2",0.323032839358688,28.1744675527216
"3",0.324291444417517,28.2398833019303
"4",0.296255310554923,27.8535948186185
"5",0.269175073216745,27.4676531351685
"6",0.239396007987727,27.0780859000754
"7",0.311760986413724,27.9178194034542
"8",0.342627345946405,28.3348059460518
"9",0,25.5781436323477
