"","obs","bmi"
"1",0.361361352481335,28.7789939791079
"2",0.335412298269362,28.3282325693633
"3",0.345190150679576,28.5383706521838
"4",0.329093222485888,28.2978958026625
"5",0.309426257560559,28.0575744924942
"6",0.247850085592144,27.0395291052666
"7",0.310527108784092,27.8932933806814
"8",0.342109050075643,28.3598635533046
"9",0,25.6823734053781
