"","obs","bmi"
"1",0.363598845684397,28.7799721859808
"2",0.336083550028034,28.3241852702509
"3",0.345008105051624,28.4223429085666
"4",0.323468002876138,28.0648821866835
"5",0.301544097379778,27.7075980266617
"6",0.243721051930892,27.0617303315602
"7",0.30650841165302,27.8660015959655
"8",0.3349229593397,28.3000993347736
"9",0,25.6588997593726
