"","obs","bmi"
"1",0.364096615443156,28.7443499404187
"2",0.332703292681317,28.2819190867029
"3",0.34378298430916,28.4510930214487
"4",0.32267602113053,28.1579537928654
"5",0.304190269135224,27.8649363666404
"6",0.243328812735201,27.0236278147819
"7",0.311116543147161,27.9330991600349
"8",0.336559071625043,28.2812076303728
"9",0,25.6225276671845
