"","obs","bmi"
"1",0.350609964095024,28.5584622848345
"2",0.320046104429773,28.0945250385651
"3",0.337767779130591,28.265340768147
"4",0.321717966985485,27.9724230709918
"5",0.309265467574718,27.6797180441983
"6",0.246510714099573,27.0747742145068
"7",0.308608937838129,27.9452468377648
"8",0.327505641034202,28.2819718033178
"9",0,25.534909794845
