"","obs","bmi"
"1",0.365606569768897,28.7600728185202
"2",0.336163889504592,28.2994535550503
"3",0.358727292090554,28.4831100657259
"4",0.352224070666563,28.2065345913227
"5",0.344889423040767,27.9303705144785
"6",0.244032215622049,27.0473826957418
"7",0.307987122698067,27.9016149214739
"8",0.33265925416666,28.237236469058
"9",0,25.6044786962177
