"","obs","bmi"
"1",0.362639041466675,28.7132073495568
"2",0.331726560393186,28.2521759330432
"3",0.343611878651188,28.3388262815058
"4",0.3190622197053,27.9646827510628
"5",0.29689964331651,27.5907864699162
"6",0.242945377240859,27.0910301060093
"7",0.307149368533061,27.9296216068506
"8",0.333536934736205,28.2623011238422
"9",0,25.5891268663178
