"","obs","bmi"
"1",0.358804940586469,28.7075840207653
"2",0.33186914382369,28.2642814814775
"3",0.353502190127119,28.4346663346447
"4",0.347630346462697,28.1620241769254
"5",0.342110353184969,27.8896703157756
"6",0.245880621265592,27.0953689293932
"7",0.307052720609258,27.91145671648
"8",0.338198687199692,28.2895254342165
"9",0,25.6179570468875
