"","obs","bmi"
"1",0.360475871184912,28.6932500716801
"2",0.331017960990083,28.2384365560318
"3",0.33463333412981,28.424807804743
"4",0.308473681049301,28.1564232160062
"5",0.282224129390737,27.8880967017716
"6",0.249118035418762,27.1819771905733
"7",0.305725880879985,27.9130063750267
"8",0.333348743444311,28.2946794027606
"9",0,25.5785526621645
