"","obs","bmi"
"1",0.356129968319313,28.6897491324769
"2",0.327844656703936,28.2369512963233
"3",0.332717856663533,28.2981838741677
"4",0.304495238411079,27.906899231046
"5",0.277448589178356,27.5159079332712
"6",0.24361618613194,27.0629246346171
"7",0.302068769784029,27.8666375239352
"8",0.335921808414967,28.2694930401754
"9",0,25.6096443524668
