"","obs","bmi"
"1",0.360716241651777,28.7151610547009
"2",0.33124119742949,28.2587915376249
"3",0.346883962720465,28.4594996483393
"4",0.331633954170199,28.2039783352793
"5",0.31775499308115,27.9486014556715
"6",0.244758254031851,27.0454317508984
"7",0.298537255136039,27.8266744755638
"8",0.336767652059776,28.2960270866177
"9",0,25.5923369915231
