"","obs","bmi"
"1",0.359186049905654,28.6896860198051
"2",0.329893467535309,28.2277906975491
"3",0.347868667896378,28.4480577105001
"4",0.336568775108665,28.206609480505
"5",0.322061305435534,27.9653488196633
"6",0.24588861317341,27.0914670427964
"7",0.304699973648556,27.9018264929823
"8",0.333778369923125,28.2981332622335
"9",0,25.609565932457
