"","obs","bmi"
"1",0.35356994095692,28.6795902923989
"2",0.325748474638359,28.2265385865083
"3",0.336858626279972,28.4054502553346
"4",0.321166871816118,28.1315105509813
"5",0.303561328744035,27.8577797020891
"6",0.242015192764363,27.0324441102255
"7",0.304934361882289,27.883231052284
"8",0.32996847342717,28.2365364209897
"9",0,25.641002669101
