"","obs","bmi"
"1",0.360565631741235,28.6455712962841
"2",0.329341523194275,28.1990078678212
"3",0.335101114358488,28.2357223847366
"4",0.305783463746071,27.8261754771596
"5",0.278544996129675,27.4169435702705
"6",0.244526038233295,27.0617545748519
"7",0.311160949704961,27.9547272082156
"8",0.337071827787895,28.297365137716
"9",0,25.6050726556476
