"","obs","bmi"
"1",0.360593481136645,28.722700605852
"2",0.332010844008018,28.2715638387489
"3",0.34641409905684,28.4655511073407
"4",0.328739849081126,28.2085656421122
"5",0.310456882034641,27.9517505328593
"6",0.240405577019962,27.0121895502243
"7",0.309784093414427,27.9253959104858
"8",0.33317888310791,28.252481513864
"9",0,25.6074894205676
