"","obs","bmi"
"1",0.365015285705779,28.7875255748947
"2",0.334528581634641,28.3290938756947
"3",0.348279451254295,28.4952980884232
"4",0.325793327653986,28.20320917305
"5",0.308643124502982,27.9112653920336
"6",0.240099143427215,27.0189632083491
"7",0.308798186156327,27.8808159603967
"8",0.334840278381049,28.2702438005955
"9",0,25.6521265584773
