"","obs","bmi"
"1",0.36279515626798,28.6753745383207
"2",0.331154033158975,28.2091066225799
"3",0.337950656013093,28.3756461118183
"4",0.313504618379592,28.0761371802313
"5",0.289160653938129,27.7768573770372
"6",0.238144649953835,27.0006785588994
"7",0.309776377884156,27.8848562091237
"8",0.340219886390418,28.3817245014327
"9",0,25.5534912694587
