"","obs","bmi"
"1",0.368403044263529,28.7510182030094
"2",0.338553788880328,28.296209852261
"3",0.356501134339728,28.4860608418336
"4",0.343313797208863,28.2212558986924
"5",0.331030256339129,27.9566084080961
"6",0.239390800185183,27.0229139622675
"7",0.309438015699107,27.8970465555133
"8",0.33450323120106,28.2150027786986
"9",0,25.5745144126032
