"","obs","bmi"
"1",0.364936811168452,28.7211720011151
"2",0.334367583466377,28.2654980085931
"3",0.347328076153119,28.4337022585337
"4",0.330262976071028,28.1463600414489
"5",0.311292147194793,27.8591486339643
"6",0.245376789221881,27.0967919435795
"7",0.308956242534354,27.9137932693043
"8",0.331838872199057,28.2743583128539
"9",0,25.5433447765113
