"","obs","bmi"
"1",0.36114910828625,28.6930085123165
"2",0.333114422211365,28.2333821585593
"3",0.349282721680463,28.4042616762734
"4",0.337142739983839,28.1157014895849
"5",0.323577495121231,27.8273380587536
"6",0.2458054726277,27.094128777901
"7",0.313406384131422,27.9887859171192
"8",0.333052586159529,28.2238561048577
"9",0,25.6096907749936
