"","obs","bmi"
"1",0.363452744119075,28.7170878239626
"2",0.333842037611792,28.2674156362744
"3",0.341355941706933,28.3845027022088
"4",0.314724401920634,28.052127090984
"5",0.289747487652835,27.7199700482457
"6",0.251430792676536,27.145580909922
"7",0.310493178661242,27.9129957982006
"8",0.332930299105373,28.2070664431869
"9",0,25.5703965739065
