"","obs","bmi"
"1",0.360665522567771,28.7328120033354
"2",0.331355303151556,28.2835308576427
"3",0.340543017359891,28.4443218854648
"4",0.320444383421943,28.1560436176523
"5",0.30039640168915,27.8679867579934
"6",0.245531341566372,27.0307661214831
"7",0.30739579190313,27.9089425062228
"8",0.335688496841004,28.2991656889619
"9",0,25.6213584984953
