"","obs","bmi"
"1",0.356421931285196,28.6940548335428
"2",0.325782276636148,28.2296701226588
"3",0.338033329161279,28.4066859637975
"4",0.321148649345685,28.1194499940836
"5",0.303578043544668,27.8323526436929
"6",0.248686474332472,27.1068319730434
"7",0.307470173000138,27.8528893863116
"8",0.337248521757404,28.3509112495388
"9",0,25.6015469628858
