"","obs","bmi"
"1",0.358249018586064,28.68320826971
"2",0.329238425323523,28.2352201362405
"3",0.345133248997605,28.4533787967179
"4",0.33128037246336,28.2236935616961
"5",0.317077124444597,27.994157706655
"6",0.244176426223931,27.0613435569723
"7",0.30420501714518,27.898383591372
"8",0.328999390774458,28.257366282898
"9",0,25.5603489500835
