"","obs","bmi"
"1",0.363559207277365,28.7294380843971
"2",0.333268930123903,28.2671051078687
"3",0.334377870772957,28.3549133456248
"4",0.300654733575498,27.9804954315569
"5",0.2694945010872,27.606185095198
"6",0.244802485102254,27.0429903419081
"7",0.31336699040745,27.9870848863649
"8",0.338317820733745,28.3326162696559
"9",0,25.552721624234
