"","obs","bmi"
"1",0.363590062916367,28.7338861959343
"2",0.332108240948677,28.2737002498883
"3",0.341697488942125,28.394639871516
"4",0.322284798343211,28.0556158998532
"5",0.297561300956634,27.7168230714476
"6",0.244115384535065,27.092092475988
"7",0.301251112946046,27.8228624109916
"8",0.336155895291994,28.283253869002
"9",0,25.6615817178435
