"","obs","bmi"
"1",0.361114037832955,28.7409817032824
"2",0.332802696121149,28.2879100733724
"3",0.33865125007249,28.3587164843654
"4",0.312526896072399,27.9767388914233
"5",0.284173748826857,27.5950619294494
"6",0.238146927429514,27.0103885377386
"7",0.305792126799461,27.8715848901467
"8",0.338094186207298,28.274925925544
"9",0,25.6005186676999
