"","obs","bmi"
"1",0.363512820031433,28.6960237692742
"2",0.334930224495495,28.242320805521
"3",0.348941571899511,28.3656419371484
"4",0.334720629445159,28.0357231072161
"5",0.315497829607557,27.7062991522013
"6",0.242586275764159,27.0870466865727
"7",0.307411608286861,27.9125669561845
"8",0.337432368885559,28.3422255599196
"9",0,25.557036792212
