"","obs","bmi"
"1",0.364491897276041,28.7347398348141
"2",0.334643650671546,28.2767791942296
"3",0.357245842914112,28.5235309502651
"4",0.347179105760142,28.3124466529978
"5",0.338021730747924,28.1014907258816
"6",0.238929356680388,26.9940866297327
"7",0.305424588938756,27.8706528766475
"8",0.331935138763795,28.2699144176482
"9",0,25.5638767682581
