"","obs","bmi"
"1",0.352448963037114,28.6508160997007
"2",0.323006980326499,28.1957710305791
"3",0.336682597024213,28.4456933372402
"4",0.323121924191949,28.2406291996799
"5",0.305962322061345,28.0356253534647
"6",0.243497343790138,27.0381330401539
"7",0.311121509877365,27.9147374523408
"8",0.33464288455333,28.2686058711218
"9",0,25.6183797036098
