"","obs","bmi"
"1",0.358738763033763,28.7101073533231
"2",0.330065302884605,28.2530263891544
"3",0.349084580799631,28.4215316978499
"4",0.338169806850518,28.1331698176672
"5",0.325665985852405,27.8450341397372
"6",0.244338848200483,27.0904377831244
"7",0.305091181359479,27.8963633834624
"8",0.331432382336378,28.2222281094866
"9",0,25.5885884532771
