"","obs","bmi"
"1",0.361523734671737,28.7016848556613
"2",0.331513911699893,28.2421787461463
"3",0.35115405827294,28.4457722340821
"4",0.336851753325898,28.1900261795566
"5",0.326468743498888,27.9344522045547
"6",0.244533706503614,27.0994091662998
"7",0.298857358191262,27.8406629530087
"8",0.333147229885284,28.2886014057553
"9",0,25.5621872506902
