"","obs","bmi"
"1",0.364766983013744,28.7307813687011
"2",0.334261654254609,28.2713027191253
"3",0.344106619841642,28.3312565829563
"4",0.324790891458718,27.9323266246657
"5",0.300536534194262,27.5340405266784
"6",0.243533445255361,27.0874318085809
"7",0.307029769844136,27.8850451396725
"8",0.33395409995164,28.2828802210919
"9",0,25.576736363691
