"","obs","bmi"
"1",0.360108970435263,28.7488553891538
"2",0.331327495810004,28.2959407669492
"3",0.339437199405281,28.3775901565789
"4",0.316613954289838,28.0065396319914
"5",0.294641684940611,27.6357159623496
"6",0.243800180467972,27.0219626415589
"7",0.305242494966875,27.9233915218232
"8",0.330890338680807,28.244118994496
"9",0,25.6249564856773
