"","obs","bmi"
"1",0.359010309489568,28.6880832019694
"2",0.328703561452881,28.2322526249899
"3",0.33580164432459,28.3179137750054
"4",0.30991943697336,27.9480808340567
"5",0.280196786147985,27.5786021506648
"6",0.249124881936244,27.1079406731913
"7",0.307983654670338,27.8907553244323
"8",0.335561828995621,28.2752285364778
"9",0,25.6026263847825
