"","obs","bmi"
"1",0.356117449648237,28.6549345260964
"2",0.326444263983792,28.1952720178426
"3",0.335750011509132,28.3398022811577
"4",0.314615633261614,28.0249337703564
"5",0.290568440074918,27.7103409708657
"6",0.244717826461449,27.0858784465878
"7",0.315188572792719,27.9289832143682
"8",0.333304121536108,28.3157416022716
"9",0,25.584306148555
