"","obs","bmi"
"1",0.357249948165094,28.6641475910442
"2",0.326842871375207,28.2102742819005
"3",0.336524614611505,28.3036752364249
"4",0.311360150649322,27.9435151599487
"5",0.2881384295209,27.5836837128324
"6",0.248876535704003,27.0937300440189
"7",0.306872534224205,27.9202971268839
"8",0.338098185075708,28.3320665118001
"9",0,25.6281835294678
