"","obs","bmi"
"1",0.356648098995502,28.6895874235733
"2",0.327898273983921,28.2254357164922
"3",0.337445692245237,28.3549179494507
"4",0.316362370242467,28.0208025301276
"5",0.294120295192577,27.6872902145002
"6",0.254137637263978,27.1874012071339
"7",0.309763992959996,27.9035903436712
"8",0.331856362801512,28.2165796661667
"9",0,25.5700862466759
