"","obs","bmi"
"1",0.365509893547128,28.6955196607902
"2",0.33392107070068,28.2288215305921
"3",0.34454285979617,28.3260394448514
"4",0.324517522486342,27.9568338445639
"5",0.300968144727681,27.5879151055407
"6",0.239659581360584,27.0122753652367
"7",0.30334902769158,27.8567789222979
"8",0.336583809597971,28.3231993880241
"9",0,25.5447602524548
