"","obs","bmi"
"1",0.361924505534099,28.7332136656162
"2",0.334159564800227,28.284610283123
"3",0.340873528375091,28.3284491674107
"4",0.320119166546108,27.9240927557559
"5",0.2961599828331,27.5201684160191
"6",0.247975019249844,27.1225002160349
"7",0.303888830473212,27.924284071352
"8",0.334362348220707,28.2962888584808
"9",0,25.5849124710204
