"","obs","bmi"
"1",0.35432504102075,28.6297339679891
"2",0.325136077700626,28.1696431472115
"3",0.32603631998828,28.2224937708496
"4",0.294428243285869,27.8154979688026
"5",0.264850056894322,27.4087559418085
"6",0.241813754849983,27.0487073994716
"7",0.305921665782688,27.8876732982521
"8",0.341832009096812,28.319546757593
"9",0,25.57230474326
