"","obs","bmi"
"1",0.359399236540017,28.6701831500714
"2",0.329770827043318,28.2015480414422
"3",0.3475206831419,28.4339758962349
"4",0.333887228380318,28.1979314645795
"5",0.32019246561004,27.9620565682269
"6",0.245373106055888,27.0682600219501
"7",0.313659397863885,27.9562634854448
"8",0.336160853551056,28.3056422804139
"9",0,25.5563284956819
