"","obs","bmi"
"1",0.351098780401901,28.6905066954323
"2",0.321240870899416,28.2274782188828
"3",0.336019465984372,28.4452100196748
"4",0.319851381850922,28.2000058701523
"5",0.303418725164472,27.9548969798634
"6",0.248801033793083,27.0801382087525
"7",0.300060250669136,27.818250391348
"8",0.334206693908546,28.2788181906019
"9",0,25.6336055603612
