"","obs","bmi"
"1",0.364783460815273,28.7452361029706
"2",0.335760866654635,28.2962790486546
"3",0.348279672922531,28.390430799483
"4",0.328754851007206,28.0358190669088
"5",0.311042421668939,27.6814097438835
"6",0.250051367801318,27.1131032645781
"7",0.313905994991323,27.9907192600285
"8",0.332333390657529,28.2613283596188
"9",0,25.5682831381976
