"","obs","bmi"
"1",0.36256458333828,28.7369468668462
"2",0.33281421866892,28.2826627802863
"3",0.3446049038192,28.4170048752726
"4",0.325370916891611,28.0973374223143
"5",0.30590123875891,27.777957663252
"6",0.238868768754933,27.0034611495776
"7",0.30471177862791,27.8360712717604
"8",0.334754035933113,28.2933460556116
"9",0,25.5888786821983
