"","obs","bmi"
"1",0.357417217434731,28.6571945278855
"2",0.327354383641594,28.1985160934108
"3",0.335220579761396,28.3264865878195
"4",0.313234685654111,27.9960050234115
"5",0.288000469664411,27.6657589942168
"6",0.243999054899233,27.0289886317867
"7",0.307297754448316,27.9003532656673
"8",0.33486597623445,28.2757055385787
"9",0,25.5446840542521
