"","obs","bmi"
"1",0.364410191404955,28.7703067293114
"2",0.338060366685792,28.3100799160165
"3",0.341183142690206,28.3704849512849
"4",0.315090487275587,27.9708830876241
"5",0.288232256305797,27.5715090705878
"6",0.244120891315001,27.0888223976515
"7",0.31023561260431,27.9585163032882
"8",0.332318811902578,28.2554501612486
"9",0,25.6110310783028
