"","obs","bmi"
"1",0.36401191719787,28.7133768277692
"2",0.334991472135527,28.2525083528875
"3",0.348747381179183,28.3564695672462
"4",0.332004314820349,28.0000088707724
"5",0.316314705320538,27.644023358248
"6",0.241971789353379,27.078366823591
"7",0.303222330418546,27.8875832040351
"8",0.335822299529372,28.303258609868
"9",0,25.5949053474136
