"","obs","bmi"
"1",0.364109134860851,28.7491752537936
"2",0.334036321427153,28.2951234634758
"3",0.344784912898329,28.4713358948195
"4",0.326825313375374,28.1936775813659
"5",0.30649567470314,27.9162074731954
"6",0.24321263773664,27.0716145153593
"7",0.310654236757282,27.9181640933145
"8",0.333274809686371,28.3130009368763
"9",0,25.6082137575142
