"","obs","bmi"
"1",0.363768364575505,28.7482394125561
"2",0.333027957723006,28.289885566731
"3",0.343292448228505,28.4446121589115
"4",0.32124094620231,28.1411619392613
"5",0.297393587115473,27.8378941273511
"6",0.245322668650182,27.102422421229
"7",0.309113765495915,27.9163948533482
"8",0.332335737437371,28.2569539809254
"9",0,25.6081107284813
