"","obs","bmi"
"1",0.357782035979322,28.6611814179171
"2",0.326141927778792,28.2015001121682
"3",0.338621986905645,28.377442315669
"4",0.317925585747306,28.0938427922137
"5",0.294823012601431,27.8103862341314
"6",0.247118038508926,27.057313908877
"7",0.300473730072169,27.833983766683
"8",0.340971465706224,28.310731583066
"9",0,25.5579463041386
