"","obs","bmi"
"1",0.363181480194833,28.7554664551569
"2",0.334706968292141,28.296046809024
"3",0.342642414866108,28.3706493583709
"4",0.320691309230143,27.9860774084054
"5",0.297077547864858,27.601760696608
"6",0.242229926780917,27.0958175974571
"7",0.305481859860755,27.8764200619805
"8",0.336565003436052,28.3217069570858
"9",0,25.6203116260676
