"","obs","bmi"
"1",0.356912864383283,28.655597158398
"2",0.326185208309562,28.1980851238147
"3",0.337267476174893,28.3607825304917
"4",0.315703143763706,28.0661639956621
"5",0.292381708028677,27.7717494595813
"6",0.239881344433321,26.9958932433403
"7",0.30309962166804,27.8571254057161
"8",0.337393955819484,28.2693604504041
"9",0,25.6129682333931
