"","obs","bmi"
"1",0.36256458333828,28.7369468668462
"2",0.332701302640974,28.2803095221529
"3",0.346203382779974,28.4165810568834
"4",0.327494597855805,28.0963909392494
"5",0.309063061277171,27.7763845692206
"6",0.238868768754933,27.0034611495776
"7",0.30471177862791,27.8360712717604
"8",0.334754035933113,28.2933460556116
"9",0,25.5888786821983
