"","obs","bmi"
"1",0.354173073966015,28.7126897190807
"2",0.325788664830413,28.2546906609363
"3",0.335190029814177,28.3510307519172
"4",0.317560294408723,27.989643254552
"5",0.29389233222661,27.6285418128898
"6",0.246558035585792,27.0697030255029
"7",0.310686596273196,27.9358688229966
"8",0.329264425253883,28.2395105547845
"9",0,25.6199855120994
