"","obs","bmi"
"1",0.357702067093471,28.6583160864408
"2",0.326785323542194,28.2078199596109
"3",0.338260278041696,28.3408452412479
"4",0.320390683009651,28.0235651030362
"5",0.298249183705721,27.7064852210917
"6",0.244452724755165,27.0659605635634
"7",0.3092108567738,27.8992903690911
"8",0.330799707847434,28.2266147607109
"9",0,25.5376675948435
