"","obs","bmi"
"1",0.358359309328508,28.6600877852428
"2",0.328602769342414,28.2019203166146
"3",0.339361178931192,28.3618394051275
"4",0.322773359599061,28.0637322616594
"5",0.300845440641886,27.7657718582514
"6",0.246225707004656,27.076846582458
"7",0.307238568032326,27.8774016880017
"8",0.33615276784549,28.2853841663589
"9",0,25.5967574936445
