"","obs","bmi"
"1",0.355945534486843,28.6731613912284
"2",0.325192538266877,28.2148755416544
"3",0.330058025801889,28.4089922551165
"4",0.303062352209492,28.1449070321337
"5",0.278093979335152,27.8809067199226
"6",0.245120892030496,27.0688130510281
"7",0.311631099110163,27.9180849455051
"8",0.327636166421371,28.2036888524773
"9",0,25.5856425303149
