"","obs","bmi"
"1",0.35958694648837,28.7029976188849
"2",0.329483807839748,28.2432954290248
"3",0.343588729347761,28.4096042244249
"4",0.328388041805858,28.1163328967016
"5",0.309687218296041,27.8231872022695
"6",0.242018470842946,27.0520226517222
"7",0.308233988549792,27.9724043595171
"8",0.333538276933286,28.2387488916489
"9",0,25.6235376531643
