"","obs","bmi"
"1",0.362796192035283,28.7076512765294
"2",0.332706177811187,28.2444501755956
"3",0.333694827067776,28.3764108406314
"4",0.302770738926272,28.0453544916654
"5",0.272443085219505,27.7144888838667
"6",0.244210458500174,27.1115895672325
"7",0.305924835242344,27.919874389055
"8",0.339035268160984,28.3105552042339
"9",0,25.5738449006339
