"","obs","bmi"
"1",0.364454941307509,28.7157038717242
"2",0.33400771517145,28.2600136698576
"3",0.35168590550997,28.3962227387403
"4",0.339207830905347,28.077122280841
"5",0.324581194355527,27.7584260036735
"6",0.247936192480416,27.094042934836
"7",0.310124022200016,27.9243780890244
"8",0.342269949115039,28.3325831947285
"9",0,25.5176513295975
