"","obs","bmi"
"1",0.353990266458964,28.6372128070057
"2",0.324275112283748,28.1790862166641
"3",0.333836362945801,28.3980799440608
"4",0.316137248779894,28.1589979023559
"5",0.296653150028825,27.9199674492868
"6",0.241182218013173,27.0691466441797
"7",0.307127826129664,27.895213502889
"8",0.342866819570126,28.392670314705
"9",0,25.6124574474046
