"","obs","bmi"
"1",0.359912911005888,28.6945589795119
"2",0.330319389852201,28.2283753591057
"3",0.345358544788459,28.4098877706803
"4",0.331662531978403,28.1253766445526
"5",0.3168880253096,27.841032239068
"6",0.242443628617351,27.0675907236241
"7",0.308918916729879,27.9342270246288
"8",0.33057252988661,28.2429587805191
"9",0,25.5775467743841
