"","obs","bmi"
"1",0.362294106413601,28.7074269193686
"2",0.330814356369826,28.2448373685889
"3",0.340214304495906,28.4202368771591
"4",0.313713364111263,28.1331320089138
"5",0.292017347394608,27.8461131294647
"6",0.248747870951309,27.1055454744629
"7",0.311798710407714,27.9501424722803
"8",0.332058730415531,28.2951903642113
"9",0,25.5709239065068
