"","obs","bmi"
"1",0.358569056282887,28.6756225472628
"2",0.327482148542615,28.2235474711165
"3",0.337427891832846,28.3333310967197
"4",0.316237165135352,27.9913601086949
"5",0.296766393795924,27.6497264240927
"6",0.243001571092462,27.047183002459
"7",0.316421609677876,28.0286014972732
"8",0.32883132695579,28.2322933666553
"9",0,25.5631566682866
