"","obs","bmi"
"1",0.357237384557242,28.7103434254455
"2",0.330332114917333,28.2527547203521
"3",0.334811057303159,28.3871106972836
"4",0.30901086900132,28.0639973787974
"5",0.282894200913573,27.7410058678368
"6",0.236876152970508,27.022686869963
"7",0.313433846425967,27.9271704878856
"8",0.335445129204708,28.2924362099379
"9",0,25.5352697534097
