"","obs","bmi"
"1",0.361470519906495,28.6873971280259
"2",0.330917156092773,28.2270591591382
"3",0.330007136882492,28.3587689665334
"4",0.295653403588101,28.0302014239594
"5",0.265137009685243,27.7016928512859
"6",0.238596255355567,27.0403702218415
"7",0.307741630924888,27.8642960101717
"8",0.334988263812644,28.2717911134545
"9",0,25.563511614522
