"","obs","bmi"
"1",0.359756996110825,28.6968718028093
"2",0.329219335112655,28.2310051319951
"3",0.334857718643617,28.3820210142455
"4",0.303512289537311,28.0672755575533
"5",0.276680336939923,27.7526367361618
"6",0.247266492272992,27.0550295677794
"7",0.313909204920249,27.9925903561478
"8",0.329471532748433,28.2286712992062
"9",0,25.5921673885589
