"","obs","bmi"
"1",0.363390120893535,28.7589000467861
"2",0.334874288024866,28.2967540752858
"3",0.354125590803315,28.5277949181312
"4",0.343196768208256,28.2968161877157
"5",0.33345812802926,28.0659677355161
"6",0.242584362249843,27.0472281942569
"7",0.314906494879507,27.9791552919916
"8",0.335479374904093,28.2755875705631
"9",0,25.6569815162319
