"","obs","bmi"
"1",0.359177897146642,28.6618327243832
"2",0.331001590799365,28.2076609722302
"3",0.346846621070906,28.3354575676613
"4",0.334329116267871,28.0094461099389
"5",0.32327577843399,27.6838190227591
"6",0.247378078929582,27.0511473400963
"7",0.299484984500666,27.8343167284369
"8",0.334084664839397,28.2640773621975
"9",0,25.5437357420468
