"","obs","bmi"
"1",0.354539401015461,28.6607878848431
"2",0.326692166289973,28.2086202962706
"3",0.333918763137283,28.4018900292179
"4",0.310871760101613,28.1430515540814
"5",0.287134793596444,27.8842724566984
"6",0.245989608823158,27.1008060192866
"7",0.305627018492316,27.9112355834877
"8",0.337841864283208,28.2971380036848
"9",0,25.5949403383965
