"","obs","bmi"
"1",0.363140548007822,28.7065949307062
"2",0.333561828494016,28.24591254874
"3",0.349881019392763,28.4347913058593
"4",0.337543800048979,28.1631208601226
"5",0.324844836494327,27.8915884708047
"6",0.241629829486615,27.0198167135725
"7",0.304309318120226,27.8396745944346
"8",0.334299455740477,28.2861440926439
"9",0,25.585712338819
