"","obs","bmi"
"1",0.361634859217524,28.7158369080855
"2",0.333652577776061,28.2576861804452
"3",0.336639879290043,28.3397160512394
"4",0.307567895662838,27.9639009142978
"5",0.278280701465217,27.5884060240907
"6",0.242753027390377,27.0213543988239
"7",0.307483162969492,27.8945255974719
"8",0.325331162926972,28.1977868483727
"9",0,25.6256527974728
