"","obs","bmi"
"1",0.354243533346552,28.6131055280666
"2",0.325121246949546,28.1600145548708
"3",0.329797915618309,28.1840357782805
"4",0.302863426442298,27.7555423299496
"5",0.281106146422462,27.3276664142007
"6",0.242040001735212,27.014253795639
"7",0.303782380037678,27.8563847810189
"8",0.341237814965665,28.3487199380637
"9",0,25.5516162308549
