"","obs","bmi"
"1",0.359312757948345,28.6551931279641
"2",0.331279676413931,28.2014320597706
"3",0.336702157351701,28.302643190253
"4",0.313216042369042,27.9502938353038
"5",0.290304432237189,27.5981517330873
"6",0.240440371681449,27.0259864877522
"7",0.307862378810036,27.9349136970836
"8",0.333607313702964,28.2976633870684
"9",0,25.5228522629847
