"","obs","bmi"
"1",0.358749582794221,28.7072414736902
"2",0.32950446016014,28.2501942979374
"3",0.328867426471907,28.3018820727885
"4",0.298196682472249,27.896787944532
"5",0.268700100239203,27.4919675522876
"6",0.247652189244799,27.0576306769249
"7",0.31071268610046,27.9591957834541
"8",0.335419051423182,28.2954798504949
"9",0,25.5763957724862
