"","obs","bmi"
"1",0.361757911175536,28.7096468635574
"2",0.331106248625736,28.2532191145252
"3",0.342162131719353,28.3367682642378
"4",0.317650049406917,27.9643390918585
"5",0.293792100400861,27.5923912812595
"6",0.246812856629594,27.0675566844501
"7",0.310793718756245,27.9582707654321
"8",0.339590409284468,28.3430169975372
"9",0,25.5942264261473
