"","obs","bmi"
"1",0.360315463026159,28.7182598063639
"2",0.330606097020807,28.2569755583861
"3",0.34579264725654,28.4247693562956
"4",0.329649777088796,28.1315019276594
"5",0.312865857690263,27.8384675113883
"6",0.248026968134141,27.115948775034
"7",0.309001130839688,27.8860920676197
"8",0.337359971729188,28.3117963831253
"9",0,25.632756631601
