"","obs","bmi"
"1",0.36502901876668,28.7187746905226
"2",0.334239355413677,28.257468134204
"3",0.344189449318443,28.3407164400057
"4",0.319203290777718,27.962969858046
"5",0.294099538140184,27.5855502314793
"6",0.243641436218026,27.082829578201
"7",0.30832432236079,27.8776189439066
"8",0.332833811444083,28.2842266404816
"9",0,25.575353455727
