"","obs","bmi"
"1",0.360817221463473,28.7013159397998
"2",0.330944775991259,28.2388718208111
"3",0.334726294599247,28.3380179358909
"4",0.309310076470701,27.9748740958746
"5",0.282179897148347,27.6118890747549
"6",0.24346208279789,26.9964346275093
"7",0.310429007783403,27.9203969282324
"8",0.339360847214068,28.3018694246276
"9",0,25.6193891215321
