"","obs","bmi"
"1",0.358582452077822,28.6603473816511
"2",0.326545230402114,28.2007722033093
"3",0.329424242910229,28.3129512934327
"4",0.296485609217806,27.9656748130855
"5",0.267164528424701,27.6185190536454
"6",0.242276597727627,27.031792601888
"7",0.301532192690615,27.8290596660967
"8",0.335317488986122,28.3082184988821
"9",0,25.5644538975819
