"","obs","bmi"
"1",0.365793624307304,28.7597013428075
"2",0.335876428899516,28.3052655202883
"3",0.344170448588875,28.375846134862
"4",0.320215188203564,27.992448165002
"5",0.295614533902431,27.6095371300753
"6",0.248142517406196,27.0979384150655
"7",0.303603686461657,27.8482564704087
"8",0.330426325924631,28.2581189542987
"9",0,25.5658019489096
