"","obs","bmi"
"1",0.36253233100958,28.6946905401583
"2",0.332178095180371,28.2303104673794
"3",0.346762625597026,28.3336254354251
"4",0.324941119865333,27.9728463515367
"5",0.307797191763685,27.612364541966
"6",0.24202283652594,27.048408772898
"7",0.309105264550093,27.9041423913659
"8",0.330395372206379,28.2287236211362
"9",0,25.5706455849825
