"","obs","bmi"
"1",0.356224716536116,28.6342413983117
"2",0.325803779301761,28.1770308332108
"3",0.345487247160271,28.462567174612
"4",0.336491434749472,28.2909851471096
"5",0.328557002115839,28.1194983796416
"6",0.245036054998692,27.0762718829518
"7",0.303379761571181,27.868232751181
"8",0.337694401667202,28.3201859784808
"9",0,25.5891894785574
