"","obs","bmi"
"1",0.352634131808914,28.6410472991926
"2",0.323095615933392,28.1869484020387
"3",0.329552102215726,28.2633889114363
"4",0.302956878789878,27.8861077847439
"5",0.278692124966904,27.5092261364699
"6",0.245213812562014,27.100336561531
"7",0.311575552904714,27.9677470659815
"8",0.336230414061471,28.2808863291569
"9",0,25.6062511356097
