"","obs","bmi"
"1",0.361417610040671,28.7362223772655
"2",0.332635574761436,28.2757691012277
"3",0.336615558566124,28.4327250988547
"4",0.305414916464395,28.1293158134246
"5",0.283872491400006,27.8259953415242
"6",0.245419162719778,27.0786452341381
"7",0.305871884923737,27.9042456031954
"8",0.331025748544989,28.2743227872073
"9",0,25.5825257574586
