"","obs","bmi"
"1",0.363241206949028,28.7782462115735
"2",0.335183924667137,28.3168895732207
"3",0.350092938868768,28.4575389916974
"4",0.332602249836794,28.13708486243
"5",0.318301572603803,27.8168949625692
"6",0.243412925250395,27.0998615660176
"7",0.300294872646619,27.7391906315904
"8",0.337770189851309,28.310091034827
"9",0,25.6134212088373
