"","obs","bmi"
"1",0.361658843061405,28.6930755048768
"2",0.332579244077705,28.2280599023823
"3",0.339465505733737,28.4626555113816
"4",0.315381591356714,28.2322693026625
"5",0.28915141339055,28.0019163141375
"6",0.242170456888425,27.027991659487
"7",0.306138928014179,27.9086370087342
"8",0.33830591132679,28.3460953602372
"9",0,25.5391659685866
