"","obs","bmi"
"1",0.366601789291132,28.7505325641714
"2",0.334888331592242,28.2897932542375
"3",0.344414901835928,28.3670236202651
"4",0.322655083025875,27.9838742490586
"5",0.299251062049143,27.601103868073
"6",0.248217436969692,27.0924028931083
"7",0.310273084521619,27.9579520316373
"8",0.332532400870962,28.2824998844599
"9",0,25.5560939089959
