"","obs","bmi"
"1",0.36229663540199,28.7102126455066
"2",0.333055253205206,28.2516194871336
"3",0.336013697038297,28.376982900153
"4",0.306051905891599,28.0439178684029
"5",0.276455265835037,27.7110216598656
"6",0.241742803198646,27.0274439487984
"7",0.305846866897864,27.8613764987804
"8",0.337122415543512,28.3316434962686
"9",0,25.556370429046
