"","obs","bmi"
"1",0.359649986221943,28.7206026994185
"2",0.329756651471559,28.2646881760795
"3",0.322013114102141,28.2197557061675
"4",0.282552193690242,27.7192665369894
"5",0.245710447224836,27.2191516073096
"6",0.242177521523911,27.0240905058461
"7",0.311434006173413,27.9644152886936
"8",0.333793555669109,28.2880128913927
"9",0,25.6050051327101
