"","obs","bmi"
"1",0.364030040600131,28.782892128826
"2",0.33461175321972,28.3214293708528
"3",0.345367051557671,28.4840411960598
"4",0.321710719106707,28.1853309623483
"5",0.299726109056794,27.886766056732
"6",0.243865365765987,26.982630588931
"7",0.306622567055227,27.8862003648987
"8",0.333276509338196,28.2636628571456
"9",0,25.5900673990416
