"","obs","bmi"
"1",0.358131316513584,28.669293089004
"2",0.325349397291438,28.2073250077615
"3",0.337602395351142,28.2846609111531
"4",0.318394433549806,27.9003638443857
"5",0.295291449222873,27.5164194339479
"6",0.237292369029666,27.0233419507088
"7",0.312108188115512,27.9578986534611
"8",0.331860274355653,28.2270786314553
"9",0,25.5943274931603
