"","obs","bmi"
"1",0.359433120292256,28.7497813919258
"2",0.331094440914096,28.2899994532724
"3",0.338036134423508,28.4808110543935
"4",0.316883905004564,28.2119867110475
"5",0.291658867825672,27.9433133570159
"6",0.250568183101216,27.1408280820052
"7",0.309922494755911,27.95013923061
"8",0.334001928827184,28.2958245763047
"9",0,25.6239969730209
