"","obs","bmi"
"1",0.366614486856486,28.7573716019535
"2",0.337904702793601,28.2965571473483
"3",0.349573355431565,28.5037927479422
"4",0.331244464635949,28.2503223683699
"5",0.312492469393632,27.9969628983088
"6",0.242090878290609,27.046565785553
"7",0.310334420089279,27.9337188060888
"8",0.33748688827767,28.2966024434286
"9",0,25.5788195058995
