"","obs","bmi"
"1",0.351697530995131,28.6284351484913
"2",0.324433006619137,28.1699285047458
"3",0.333159127147455,28.3331710874903
"4",0.312343926663808,28.0382108876429
"5",0.291138212101174,27.7435717586181
"6",0.249134025742285,27.1426676568643
"7",0.305528918439165,27.8772369782571
"8",0.334315188371157,28.2574610569146
"9",0,25.6116532988961
