"","obs","bmi"
"1",0.364908030143719,28.7439199165783
"2",0.335721990370406,28.2927746244419
"3",0.350003091203804,28.4696915206318
"4",0.334488838665482,28.1956111008048
"5",0.319475454216814,27.9216834878856
"6",0.246674874002391,27.0574792763905
"7",0.306151070526954,27.8802414620962
"8",0.331802418713305,28.2715541866858
"9",0,25.5873252034666
