"","obs","bmi"
"1",0.355428199968794,28.6389533978002
"2",0.326502755715236,28.1870390322972
"3",0.340762912590385,28.3510470005277
"4",0.327244486371577,28.0633137664852
"5",0.313350968227306,27.7757589861048
"6",0.241524382028716,27.0335506829363
"7",0.306420084607404,27.9014031281224
"8",0.331109618425058,28.2683876731617
"9",0,25.595755392637
