"","obs","bmi"
"1",0.360486462910863,28.6771322299637
"2",0.330910663384769,28.226128308028
"3",0.331545963978755,28.3164928076459
"4",0.301163063984264,27.9560453035219
"5",0.275702708713857,27.5957944395675
"6",0.240860790788349,27.0177742356014
"7",0.306065398166717,27.8635237088661
"8",0.334104877029944,28.2484214203683
"9",0,25.5581717893167
