"","obs","bmi"
"1",0.364107509019238,28.7442113667814
"2",0.337010762624807,28.2912608834964
"3",0.348044794275973,28.4468804157847
"4",0.330532060223534,28.1497858632304
"5",0.308399475912492,27.8529386165508
"6",0.239669097038906,27.0775498721647
"7",0.30774539458397,27.9190766736371
"8",0.33472685720127,28.284129391506
"9",0,25.5996572119443
