"","obs","bmi"
"1",0.356155285883043,28.6609098781042
"2",0.326138501608475,28.2082896093994
"3",0.331240815869572,28.3250986049763
"4",0.302240541546721,27.9895085040322
"5",0.276837345446357,27.6541470170489
"6",0.244616670343401,27.0853600114342
"7",0.300717445738955,27.8766620232879
"8",0.328511721429761,28.2201329085283
"9",0,25.609688428556
