"","obs","bmi"
"1",0.36160578522992,28.6827801100901
"2",0.331714311973368,28.2207564403803
"3",0.333834130165989,28.2887700668161
"4",0.299845026275634,27.894976802355
"5",0.275608672591848,27.5014076933834
"6",0.243613576991954,27.054638476979
"7",0.315807228922789,27.9132883731089
"8",0.335231799559747,28.3009286883435
"9",0,25.5823537314078
