"","obs","bmi"
"1",0.365003877902263,28.781148415455
"2",0.336350837997736,28.3307310375365
"3",0.351838215467925,28.5356557654954
"4",0.335819301872813,28.2903010473437
"5",0.320305433835065,28.0450888261524
"6",0.247625538413013,27.127264676713
"7",0.307292824569436,27.8630065042119
"8",0.329507265925491,28.2475900416652
"9",0,25.6149389562546
