"","obs","bmi"
"1",0.354401245103439,28.6772981174476
"2",0.326347687855051,28.2288592551219
"3",0.337249175868955,28.3089235543223
"4",0.317617983743416,27.9408602956105
"5",0.294086750175887,27.5731231803686
"6",0.24343587097051,27.0373266318073
"7",0.312882675118874,27.9342149386257
"8",0.33023746385592,28.2597438792158
"9",0,25.6387537408384
