"","obs","bmi"
"1",0.356343050843777,28.6424454633486
"2",0.326986266181222,28.1782897621529
"3",0.333471390001882,28.2042815373951
"4",0.306416320378957,27.7667446107213
"5",0.279862237842255,27.3298843559599
"6",0.240322173556149,26.9933319480526
"7",0.310484286275061,27.9325573894483
"8",0.334215851633242,28.2768060575391
"9",0,25.5798015474341
