"","obs","bmi"
"1",0.357437910111951,28.6639551522539
"2",0.330064537159776,28.2128240661311
"3",0.333957837452593,28.3313796432681
"4",0.305185666186238,27.9989690303573
"5",0.277917587001222,27.6667279520987
"6",0.240127752009646,27.0365089807281
"7",0.303899728844873,27.8286814948132
"8",0.330673835896453,28.2505645547859
"9",0,25.5574340929007
