"","obs","bmi"
"1",0.356499430730853,28.6668946928413
"2",0.326236975593547,28.201168542977
"3",0.338497559193031,28.372604494713
"4",0.317385032031174,28.0786181658242
"5",0.297811169378668,27.7849518308174
"6",0.242466736519704,27.0790317576698
"7",0.305833383356612,27.8818716711002
"8",0.333630971839583,28.2700587764808
"9",0,25.5842549007596
