"","obs","bmi"
"1",0.360021418045802,28.6467170210192
"2",0.331192295984612,28.1887278548236
"3",0.354155518282252,28.4072087589405
"4",0.345625338749798,28.167957302597
"5",0.337387113524165,27.9289751955717
"6",0.242284252355193,27.0588818596078
"7",0.310595431551773,27.9341555074116
"8",0.334399294609781,28.2541247273373
"9",0,25.5732859153909
