"","obs","bmi"
"1",0.364435269769978,28.7125378130219
"2",0.334126133620341,28.2567804995255
"3",0.340642598006579,28.4145622182971
"4",0.314840998632532,28.1167078993427
"5",0.288887503025765,27.8189781536771
"6",0.244241654041702,27.0240516303698
"7",0.309947531939616,27.8815916869937
"8",0.331021209270119,28.2465437116131
"9",0,25.5580162304017
