"","obs","bmi"
"1",0.354243533346552,28.6131055280666
"2",0.32476606195824,28.1539573121692
"3",0.34363404574891,28.3586284962432
"4",0.329772449393786,28.1044431625018
"5",0.318436488850106,27.8505660502203
"6",0.242040001735212,27.014253795639
"7",0.303782380037678,27.8563847810189
"8",0.341237814965665,28.3487199380637
"9",0,25.5516162308549
