"","obs","bmi"
"1",0.352893678927933,28.5788103543624
"2",0.323121094851411,28.1219317008884
"3",0.331569560302417,28.2360588460316
"4",0.312996103308371,27.8936264148582
"5",0.290986804110143,27.5515291301947
"6",0.242173330704505,27.0488939152016
"7",0.303890396837934,27.8382292405463
"8",0.335089148018354,28.2869275772993
"9",0,25.5143358724083
