"","obs","bmi"
"1",0.356648098995502,28.6895874235733
"2",0.329242779207479,28.2408582126692
"3",0.343165008613873,28.4137924964685
"4",0.329299530101879,28.1381448184708
"5",0.313132958537061,27.8626519973443
"6",0.254137637263978,27.1874012071339
"7",0.309763992959996,27.9035903436712
"8",0.331856362801512,28.2165796661667
"9",0,25.5700862466759
