"","obs","bmi"
"1",0.359209878741548,28.7050300193727
"2",0.330084344768473,28.2466559250561
"3",0.351599116111137,28.4262353989865
"4",0.342904967010201,28.1476739794138
"5",0.334766663920079,27.8693562221029
"6",0.24923059468389,27.1141325745328
"7",0.309896443023514,27.9234716683324
"8",0.33184531183958,28.264442311212
"9",0,25.586389564136
