"","obs","bmi"
"1",0.362324363650704,28.6841123652274
"2",0.334286024921846,28.228614311957
"3",0.344622695355274,28.3952045661177
"4",0.320458194044551,28.106489292744
"5",0.300100897370611,27.8179736716586
"6",0.244677042099918,27.0774393952781
"7",0.30736765530984,27.9096034199144
"8",0.337994448343156,28.3445164390775
"9",0,25.5751489750643
