"","obs","bmi"
"1",0.36021027419298,28.6877500389844
"2",0.328699687029592,28.2286988841398
"3",0.335525399780907,28.389390957656
"4",0.309878592541618,28.0911646119215
"5",0.288037615682593,27.7930747101531
"6",0.246002840441499,27.0657429007889
"7",0.310005976896998,27.9474122704881
"8",0.327159787453457,28.2492379575386
"9",0,25.5560975252973
