"","obs","bmi"
"1",0.362272099044242,28.7238018690925
"2",0.335143986238917,28.2591346409811
"3",0.343138599806986,28.463797566709
"4",0.32588888099298,28.204007049701
"5",0.301225452795557,27.9444408375907
"6",0.244569960138924,27.0478040691348
"7",0.309154991991096,27.9317823717757
"8",0.326034590768687,28.2124116803241
"9",0,25.6525540982784
