"","obs","bmi"
"1",0.361233909991324,28.7616204661749
"2",0.333629269269091,28.304430625252
"3",0.343681538663221,28.3889020085446
"4",0.323443076804944,28.016475658859
"5",0.301407970233075,27.6443546302352
"6",0.244671498007391,27.0783593280393
"7",0.307299567653774,27.9216954833177
"8",0.344750853823216,28.3747756590546
"9",0,25.6007831972919
