"","obs","bmi"
"1",0.360032450404213,28.6662109080069
"2",0.331002331735491,28.2064394096721
"3",0.336420219354622,28.3747734733731
"4",0.312428612851695,28.0835156005598
"5",0.287178880268877,27.792444476016
"6",0.242736314674406,27.0907624504164
"7",0.310135386347491,27.9329185860647
"8",0.332872164381641,28.2913597391127
"9",0,25.5589904958415
