"","obs","bmi"
"1",0.357312195566389,28.6812742049028
"2",0.32774315202879,28.2193645257827
"3",0.337833097517043,28.3279300514116
"4",0.316340364006979,27.9747711013835
"5",0.294866937076569,27.6218064276865
"6",0.247865239017823,27.1308132670945
"7",0.303682849502558,27.8365519638395
"8",0.334576327436185,28.2464395758667
"9",0,25.5765096345219
