"","obs","bmi"
"1",0.359826059341876,28.7029334357359
"2",0.330964054140117,28.2467226533381
"3",0.346580493962849,28.4414241411768
"4",0.333496790163888,28.180038461542
"5",0.321006175967813,27.9187805374334
"6",0.242990401911506,27.0816868043167
"7",0.305988169941712,27.9038095288594
"8",0.333520417011584,28.2320027255249
"9",0,25.5380619035013
