"","obs","bmi"
"1",0.364252489838846,28.7616116728381
"2",0.334365176294859,28.302945928237
"3",0.354298064357248,28.4647027857758
"4",0.344908558257345,28.1682168410056
"5",0.334286491755634,27.8721817754905
"6",0.244290396091509,27.0699953088626
"7",0.310263493911223,27.9228741793763
"8",0.328059218210535,28.2472667909902
"9",0,25.6082202282857
