"","obs","bmi"
"1",0.360384827793836,28.7200883782139
"2",0.331258093958409,28.2675352243695
"3",0.340958531662755,28.3362664729823
"4",0.321203920817885,27.9527898271621
"5",0.300350615684995,27.5696794270351
"6",0.250436788617658,27.1505407361887
"7",0.305144943408509,27.8936510532673
"8",0.335792950871965,28.3196206442889
"9",0,25.6145410872588
