"","obs","bmi"
"1",0.36074291312067,28.6659055207623
"2",0.331208404237633,28.2070386107504
"3",0.334392765709431,28.350082391876
"4",0.305363533233081,28.0344488578458
"5",0.278966773766418,27.7190123432311
"6",0.239519598599908,27.0115616359001
"7",0.306491279968793,27.914039322465
"8",0.340106500321876,28.3465865637646
"9",0,25.5572751695863
