"","obs","bmi"
"1",0.365114280883512,28.7478069391434
"2",0.336916057148684,28.2875411838171
"3",0.343808258407539,28.3785933339467
"4",0.32066989551541,28.0096699784704
"5",0.292997540526947,27.6410505746404
"6",0.242933563697978,27.0625817944337
"7",0.311665968021939,27.9201902180722
"8",0.331982347563895,28.2426126904637
"9",0,25.60694594095
