"","obs","bmi"
"1",0.355850272773698,28.6494021355366
"2",0.328965321894027,28.193364086369
"3",0.328719172082721,28.2715205657935
"4",0.29924461237546,27.8938439796669
"5",0.270011815241563,27.516379707618
"6",0.246893888342133,27.0798441989141
"7",0.299018560800279,27.824025972625
"8",0.336084243606429,28.2982546772245
"9",0,25.5556012388086
