"","obs","bmi"
"1",0.362382814629361,28.6956403958735
"2",0.331503607361196,28.2301463951579
"3",0.353712974655122,28.4510564402836
"4",0.343244062627302,28.2067731285533
"5",0.332255821179364,27.9628077326781
"6",0.245661072503344,27.0562807340863
"7",0.314692794344876,27.9764119697136
"8",0.335183987779749,28.3594782273761
"9",0,25.558454009882
