"","obs","bmi"
"1",0.35986702373045,28.730856467057
"2",0.330237815827331,28.2796386517863
"3",0.338561725500017,28.4351131834883
"4",0.316182549886546,28.1395570673558
"5",0.294520030692647,27.8441949115089
"6",0.241085131970609,27.041837941365
"7",0.309443227319145,27.909053786829
"8",0.333365219503929,28.2606782394169
"9",0,25.6454920390409
