"","obs","bmi"
"1",0.360460500855885,28.6707194553569
"2",0.330432004165608,28.2192747000026
"3",0.335760756638245,28.3579392512109
"4",0.306887943001924,28.0453689019946
"5",0.278049097894769,27.7330169654004
"6",0.242063239894588,27.0690660675301
"7",0.297282841892867,27.8302906813072
"8",0.337108592338905,28.2730549049937
"9",0,25.5529093534875
