"","obs","bmi"
"1",0.360800727039424,28.7091305876215
"2",0.330937830509594,28.2499981723737
"3",0.343886734820213,28.3976784901712
"4",0.326671743895168,28.0865408652665
"5",0.310816809512141,27.7757344616194
"6",0.2458700565915,27.0828160310036
"7",0.305936915099006,27.875285264397
"8",0.331485636914352,28.2247667383451
"9",0,25.5858213389959
