"","obs","bmi"
"1",0.360730936204179,28.7250560826826
"2",0.330517183667465,28.2625574079025
"3",0.339873095521029,28.4578502310493
"4",0.31583478684917,28.1907148718666
"5",0.294715780974232,27.9236502684479
"6",0.245300517680922,27.0478580583688
"7",0.3136188037949,27.9591053599308
"8",0.333435619162165,28.2352000426782
"9",0,25.5721024406646
