"","obs","bmi"
"1",0.355528891944853,28.6872404342386
"2",0.32653698508177,28.2297172964897
"3",0.327303572953659,28.2487200637922
"4",0.2953841954456,27.8104717046397
"5",0.267103657512549,27.3725061503318
"6",0.244891956919763,27.0544998351372
"7",0.308973041991213,27.9266304063536
"8",0.332187974449824,28.2946843129757
"9",0,25.6088906001209
