"","obs","bmi"
"1",0.35447211176894,28.6898091096544
"2",0.327036212350361,28.2244899833471
"3",0.332155587827237,28.3939818781632
"4",0.306484017376891,28.0984030889791
"5",0.279114038781499,27.8030854058184
"6",0.245605365015449,27.084236962214
"7",0.313681747011155,27.9356510584048
"8",0.332275939821437,28.2445340716004
"9",0,25.608042975201
