"","obs","bmi"
"1",0.362715302242253,28.7110569079175
"2",0.331291607306055,28.2477299706193
"3",0.342893557696703,28.3807604574377
"4",0.324061958138652,28.0506827444483
"5",0.302242721835809,27.7208325363717
"6",0.24613495468605,27.0855639165825
"7",0.307613363643684,27.8905375002797
"8",0.329798389607936,28.2600308016764
"9",0,25.6091475107318
