"","obs","bmi"
"1",0.361803118970156,28.7290239873674
"2",0.331519782665444,28.2713804362793
"3",0.347929456252945,28.4537437352743
"4",0.334513361518292,28.1787635792399
"5",0.320325371344246,27.9041016929063
"6",0.244626736761392,27.0629718607648
"7",0.311942132693121,27.966342721196
"8",0.337475962058449,28.3153120077176
"9",0,25.6206977048779
