"","obs","bmi"
"1",0.365777145746035,28.7726699724114
"2",0.335781216077212,28.311232185763
"3",0.345610493153096,28.4275186631568
"4",0.322580750068132,28.0826266356584
"5",0.298605549909441,27.738006124925
"6",0.245009544816598,27.0945050359631
"7",0.30910457638119,27.9182238353072
"8",0.331737454331383,28.2215809766847
"9",0,25.6291360126552
