"","obs","bmi"
"1",0.364020695590601,28.7308302516043
"2",0.333351702907367,28.2680854078158
"3",0.343676649268645,28.3871253093932
"4",0.32514357940327,28.0439827172695
"5",0.30276615254696,27.7014511113112
"6",0.241813486115553,27.0344507307364
"7",0.311064292856587,27.9241999561166
"8",0.331072137108746,28.3055616642846
"9",0,25.6242275474641
