"","obs","bmi"
"1",0.355929645079081,28.6126294952318
"2",0.327215249634827,28.1535922133974
"3",0.33107853071824,28.2401905351551
"4",0.299871898459594,27.8679474929571
"5",0.273394011023631,27.4959070518149
"6",0.239360626983578,26.9899807472598
"7",0.3086398965193,27.9458948838931
"8",0.333583108879055,28.257071958659
"9",0,25.5434293653845
