"","obs","bmi"
"1",0.364691220226808,28.7683585020998
"2",0.336255776092687,28.3074079591783
"3",0.347895741751729,28.4347901061417
"4",0.329997217491142,28.1015322024292
"5",0.306808686064431,27.7686022930035
"6",0.243132712985132,27.1102661600483
"7",0.303282820866284,27.8751272645747
"8",0.331567931103206,28.2670155903119
"9",0,25.6167100497806
