"","obs","bmi"
"1",0.359715885754855,28.7012496993021
"2",0.33043174554235,28.2427049160307
"3",0.344616646154022,28.4470933985064
"4",0.329920899347602,28.1930962328429
"5",0.312062902748208,27.9392645866395
"6",0.243153136514779,27.0576397107029
"7",0.307301523818972,27.8935721129914
"8",0.336143775528366,28.317656540998
"9",0,25.577959835472
