"","obs","bmi"
"1",0.360635916956025,28.7301481081402
"2",0.3296379540783,28.263423078351
"3",0.343480866310795,28.4927134439315
"4",0.32461547561721,28.2553832992221
"5",0.306796161462907,28.0181602342977
"6",0.243685153843715,27.075147863255
"7",0.315009186797193,27.9546041566598
"8",0.33532441965621,28.2859408449582
"9",0,25.6523724614016
