"","obs","bmi"
"1",0.358686029117723,28.6808376850106
"2",0.32685506377047,28.2168985058058
"3",0.333419809603886,28.3958991876727
"4",0.30437967135832,28.1110339550653
"5",0.281977561034265,27.826243066913
"6",0.247197448547971,27.1192518794519
"7",0.313137484203435,27.9201891372931
"8",0.327325919188528,28.2320654660636
"9",0,25.5965745145847
