"","obs","bmi"
"1",0.35582229154917,28.6959311159254
"2",0.326055725129779,28.2492865292421
"3",0.339686148004435,28.4201023743682
"4",0.320542023763142,28.1444756614873
"5",0.30380409489316,27.8690590148202
"6",0.24529636012242,27.0508445706134
"7",0.309560689344327,27.8474180059588
"8",0.331917772043112,28.2989574749489
"9",0,25.6283272099034
