"","obs","bmi"
"1",0.365420178864595,28.7050103732537
"2",0.336313096129366,28.2514965492432
"3",0.36048848188927,28.4456832173575
"4",0.35456075983544,28.1865886774184
"5",0.348245238737366,27.9277371966151
"6",0.24813703081269,27.105706545108
"7",0.307539983047169,27.8982323712825
"8",0.332843765694722,28.3002880514066
"9",0,25.5863109501893
