"","obs","bmi"
"1",0.362535772577917,28.6801602527813
"2",0.332086266584047,28.219059865158
"3",0.345856940056942,28.4271585433298
"4",0.328774078059438,28.1743629103132
"5",0.313291815694824,27.921782692879
"6",0.241903563157787,27.0469285539439
"7",0.308923036257339,27.92408823015
"8",0.335134702454069,28.2653974977564
"9",0,25.5748943491908
