"","obs","bmi"
"1",0.364392267741063,28.6749675849945
"2",0.334500223593396,28.2177083023163
"3",0.339110769543411,28.3728834173778
"4",0.310517121970729,28.0709142753561
"5",0.281845866088332,27.7690624978287
"6",0.245509471758132,27.0410015657064
"7",0.309057784063891,27.9409607765148
"8",0.33799527725333,28.3127013047827
"9",0,25.5814750470129
