"","obs","bmi"
"1",0.359828882486897,28.7086546125242
"2",0.330824668685753,28.2446521196421
"3",0.338984892934306,28.3026306164531
"4",0.317381326700282,27.8970120827774
"5",0.293951130275052,27.4918230024228
"6",0.246199412313971,27.1245681269328
"7",0.308494534289908,27.9238361874695
"8",0.335628248561775,28.3355906243786
"9",0,25.6255941647635
