"","obs","bmi"
"1",0.36241367854252,28.6933661753492
"2",0.335894655905748,28.2350250105124
"3",0.348894521356027,28.3682676625794
"4",0.3378431657247,28.0435305974741
"5",0.320961422756907,27.7191752831001
"6",0.243330450046129,27.0738510964969
"7",0.308787411154664,27.9243188799072
"8",0.339244678120228,28.3135418220738
"9",0,25.5791193166035
