"","obs","bmi"
"1",0.357498831253818,28.6531861647377
"2",0.329453943214079,28.199992105035
"3",0.343914754067342,28.2847011442595
"4",0.325910744926145,27.9165143408028
"5",0.311299580042812,27.5486445788029
"6",0.247700510508144,27.0721981612456
"7",0.306986736167659,27.88648617126
"8",0.338495821116089,28.3218635736533
"9",0,25.6010989538507
