"","obs","bmi"
"1",0.357537056846518,28.6583404333363
"2",0.327189079580958,28.1975699472832
"3",0.328920272174726,28.2795720820721
"4",0.298721644521959,27.9009544951162
"5",0.271550469225757,27.5224917346462
"6",0.24477062203707,27.062585413722
"7",0.307237066585716,27.902265508405
"8",0.33817324224484,28.359935208279
"9",0,25.5787446992961
