"","obs","bmi"
"1",0.359379067721029,28.6704518962687
"2",0.329711204873909,28.2056234577081
"3",0.341860392361486,28.3448178148304
"4",0.324606770910468,28.0193699002375
"5",0.303548295464672,27.6941148889257
"6",0.242675673390277,27.0697864845156
"7",0.307722589407823,27.9323197640259
"8",0.339172875892023,28.3587106011675
"9",0,25.5612648843857
