"","obs","bmi"
"1",0.357270937476489,28.7225400600181
"2",0.328417841196393,28.2683168954528
"3",0.336289990759443,28.4325851497307
"4",0.311500858997264,28.142824524264
"5",0.288675928551442,27.8532654494432
"6",0.245792680379635,27.0726512428238
"7",0.310270708422543,27.9051760108091
"8",0.333690004358094,28.2839007944935
"9",0,25.6210991923917
