"","obs","bmi"
"1",0.361799996323914,28.7824915033074
"2",0.33211759134295,28.316424632613
"3",0.347262382204545,28.4484902702142
"4",0.330182639177867,28.1147045165347
"5",0.311956260064718,27.781142508292
"6",0.244595051355467,27.0653956317517
"7",0.309383898267144,27.9478680840121
"8",0.332270353242559,28.2448448556028
"9",0,25.6517635118564
