"","obs","bmi"
"1",0.360663710291578,28.7294463653751
"2",0.329565931374546,28.2698260892294
"3",0.341453787415423,28.4133337022415
"4",0.323642957387997,28.0976027514544
"5",0.300518040238771,27.7822791236726
"6",0.245735865978729,27.0514291572011
"7",0.303108938335622,27.8330487962698
"8",0.335001826484273,28.2868983519106
"9",0,25.5957495427356
