"","obs","bmi"
"1",0.35564065007053,28.7318450269813
"2",0.32579391952234,28.2742705042595
"3",0.333764531377242,28.4160248410042
"4",0.309825493985847,28.100299351523
"5",0.282402279309107,27.7846699701734
"6",0.248537825613987,27.1157723666469
"7",0.305702379442664,27.8683475435555
"8",0.331085058529246,28.210319885412
"9",0,25.6628052589134
