"","obs","bmi"
"1",0.361937961800303,28.7148774405049
"2",0.33383223425887,28.2583476232537
"3",0.343833514652696,28.436984394437
"4",0.326982359669508,28.1592773683303
"5",0.310519580036829,27.8817641207211
"6",0.239419403533349,27.0380926322558
"7",0.309435302707219,27.9438562463652
"8",0.336632423150401,28.2504886976376
"9",0,25.6000980477112
