"","obs","bmi"
"1",0.367223952777502,28.7484934423898
"2",0.336383320261788,28.2881297091405
"3",0.335915623264742,28.3204243680769
"4",0.30372576963117,27.8927595719966
"5",0.272031760432199,27.4655235830863
"6",0.244363101082749,27.0114300648581
"7",0.304983720031266,27.9041810750239
"8",0.332022516348785,28.2920712928433
"9",0,25.5769728751387
