"","obs","bmi"
"1",0.359347370150133,28.7029020189809
"2",0.329013917650174,28.2381740194547
"3",0.347457652785444,28.3917350929837
"4",0.332891500944765,28.0807964289659
"5",0.3201719778137,27.7700984532175
"6",0.24737719270211,27.1166732018368
"7",0.312510516442298,27.9064008802585
"8",0.33435108451422,28.2973224643612
"9",0,25.612353243917
