"","obs","bmi"
"1",0.356651747253178,28.6501112819332
"2",0.326438837479684,28.1906234868644
"3",0.334939076521942,28.3011602246866
"4",0.311250819934123,27.9524161256292
"5",0.288478867056128,27.603885763456
"6",0.245772704753887,27.0883157501912
"7",0.308837470665886,27.8681479574913
"8",0.336900529022417,28.3535515455273
"9",0,25.5764076374886
