"","obs","bmi"
"1",0.355141689565258,28.6404677942264
"2",0.326995610477485,28.1850947508573
"3",0.33535550252317,28.3371767303412
"4",0.313919479749774,28.0342026611488
"5",0.292390809660092,27.7315634377765
"6",0.24117747242333,27.07698127856
"7",0.309408396060642,27.8810340686867
"8",0.329068445481311,28.2501894705293
"9",0,25.5911723116576
