"","obs","bmi"
"1",0.357429620652591,28.6700953720174
"2",0.330701037309129,28.2178862259678
"3",0.338252802984482,28.3198725541113
"4",0.3188611814673,27.9699341909704
"5",0.297147376364383,27.6202942086432
"6",0.246965734362835,27.0459548902039
"7",0.310081064494219,27.9188496309823
"8",0.333108313727958,28.2547730009228
"9",0,25.5817629118023
