"","obs","bmi"
"1",0.364593310127905,28.7661385406294
"2",0.335119916883842,28.304908861524
"3",0.342126971729037,28.4326773788251
"4",0.318138340049875,28.0993861247085
"5",0.293972836636695,27.7662696736776
"6",0.247380208522378,27.0846790275695
"7",0.308302071561292,27.9357150903099
"8",0.331642279309387,28.3110669751515
"9",0,25.6109613234958
