"","obs","bmi"
"1",0.364395701881989,28.7275871999351
"2",0.333924934152047,28.2680802290378
"3",0.343647080386635,28.4309705343239
"4",0.323337676809174,28.1344823179194
"5",0.303673042823888,27.8381283229222
"6",0.244509935607346,27.0488478288138
"7",0.305082623888837,27.8274856537957
"8",0.33027221409273,28.2426794545831
"9",0,25.5962670269854
