"","obs","bmi"
"1",0.36375260215346,28.7212224592948
"2",0.33206471672426,28.2533569382743
"3",0.346353845282747,28.3756381323185
"4",0.329913699329456,28.0303058438886
"5",0.307758460898619,27.6852367573529
"6",0.246566367662826,27.0848483309512
"7",0.304357185423987,27.8803977128129
"8",0.33552143654362,28.2962579488219
"9",0,25.5693990179446
