"","obs","bmi"
"1",0.362572137492396,28.6898620664738
"2",0.332238567792133,28.2311359854387
"3",0.347663491406679,28.4118339969347
"4",0.331657702303758,28.13406731352
"5",0.314106686014493,27.8565755635913
"6",0.24414676674224,27.0500438034058
"7",0.306720674905215,27.8538178038386
"8",0.340390722763713,28.3397517478919
"9",0,25.5718580631376
