"","obs","bmi"
"1",0.355745034441716,28.6247250628573
"2",0.326140407316272,28.1662424752041
"3",0.327861627109797,28.3306684202219
"4",0.295259316401799,28.0367000349649
"5",0.271650108113076,27.7428197196085
"6",0.24861983536261,27.1694733268723
"7",0.30070009261519,27.8270380682055
"8",0.335412170322334,28.2498907649575
"9",0,25.5924904072795
