"","obs","bmi"
"1",0.358635120033138,28.7082566897524
"2",0.331864789293072,28.2562827736558
"3",0.342654587655365,28.3934297901737
"4",0.324105341813607,28.078769310438
"5",0.306248533404205,27.7642814318929
"6",0.246796744779799,27.1072988411846
"7",0.309954671448431,27.9172411704528
"8",0.338513343601516,28.3444143500919
"9",0,25.5454840181487
