"","obs","bmi"
"1",0.363292067379841,28.7513696583278
"2",0.333092196221468,28.2981457935778
"3",0.352502003274255,28.5135633865106
"4",0.342773932074926,28.275998020073
"5",0.32989601111254,28.0386857676727
"6",0.244139633595965,27.045618819812
"7",0.304701355420758,27.8814242719708
"8",0.331249905440615,28.2188129362019
"9",0,25.6104255932479
