"","obs","bmi"
"1",0.352589280137029,28.6425580747812
"2",0.323686224810171,28.1838899529733
"3",0.32834965189906,28.1973751858828
"4",0.296509623478887,27.7525816069352
"5",0.273299324789241,27.3081985222279
"6",0.242329634899003,27.0253177233319
"7",0.307414369182464,27.880746792592
"8",0.339186318302036,28.3055839723735
"9",0,25.5733301238816
