"","obs","bmi"
"1",0.360428673959176,28.6999425139652
"2",0.332382903431492,28.2444909208329
"3",0.338459719977275,28.4436611725553
"4",0.309846707016645,28.1874339450047
"5",0.282568438557986,27.9312610991759
"6",0.244806258182132,27.046338687288
"7",0.305975700715394,27.8618557385664
"8",0.323472248252716,28.2014463271307
"9",0,25.5508363273064
