"","obs","bmi"
"1",0.369622634598368,28.7863591813134
"2",0.337595054259008,28.3197684639354
"3",0.348492244713749,28.462136111084
"4",0.32597080551928,28.1381172568215
"5",0.303405002003026,27.8143104190256
"6",0.241659597487085,27.077258774646
"7",0.304380986589786,27.8772692385962
"8",0.333337168591139,28.2724647964775
"9",0,25.6166021167281
