"","obs","bmi"
"1",0.360945812334272,28.6794356967516
"2",0.329417642788166,28.2177376861033
"3",0.352273373622246,28.3462095065384
"4",0.341893837891406,28.0134463662383
"5",0.333474722546316,27.6811778527231
"6",0.244046602922987,27.0295054012735
"7",0.308369712268874,27.9362534814527
"8",0.333574728512855,28.3066718900281
"9",0,25.5413042276159
