"","obs","bmi"
"1",0.36005969759776,28.70881520272
"2",0.329745890430811,28.254757887589
"3",0.341906898151234,28.3968479588932
"4",0.321932552244591,28.0850752203958
"5",0.302681638319049,27.7735049360463
"6",0.242240191400199,26.9926177132445
"7",0.307949913026769,27.9042103868486
"8",0.333601318403742,28.2778418563209
"9",0,25.5968092442932
