"","obs","bmi"
"1",0.360150108868927,28.7386213182768
"2",0.329898768512097,28.28121333353
"3",0.348765311427351,28.4872599894558
"4",0.335965278257077,28.2359969050462
"5",0.323122608994415,27.9848349352861
"6",0.243079706339427,27.0608502605375
"7",0.307825428428127,27.8859424112983
"8",0.337993826416042,28.3166018063193
"9",0,25.6278149782512
