"","obs","bmi"
"1",0.361282079689192,28.6979462359142
"2",0.331257726327968,28.2355399290176
"3",0.333664841218719,28.3104245044705
"4",0.3065086537693,27.923230835058
"5",0.281712422083176,27.5363820030032
"6",0.243473182553949,27.0646751863984
"7",0.307624268584854,27.9096795789538
"8",0.331397295544224,28.2592279208288
"9",0,25.5693074898996
