"","obs","bmi"
"1",0.35291649773777,28.6150906267902
"2",0.323887656822987,28.1601708826952
"3",0.334809633999565,28.275748863244
"4",0.316614420931666,27.9365603417648
"5",0.296116053455715,27.5975293521454
"6",0.245489677875655,27.0856115606583
"7",0.309188854046137,27.9495587297382
"8",0.338708809281232,28.3175510625682
"9",0,25.5528809921512
