"","obs","bmi"
"1",0.358385017277156,28.7211897107888
"2",0.330208560778378,28.260316213841
"3",0.339110205513299,28.336870499463
"4",0.32115074886494,27.9530204844982
"5",0.29912013267626,27.5696710477259
"6",0.247794167142989,27.1102883347999
"7",0.309534242468192,27.9125579657391
"8",0.337647964589462,28.298196363515
"9",0,25.6072097084721
