"","obs","bmi"
"1",0.357839491377144,28.6736500136017
"2",0.329337801579416,28.2092213923731
"3",0.344999813773463,28.3658761889297
"4",0.330666234561138,28.0582953044796
"5",0.318425369730606,27.7509190576608
"6",0.244197185788324,27.1190163735837
"7",0.312230303370319,27.9388205273652
"8",0.33695235834711,28.289888987233
"9",0,25.5789031897271
