"","obs","bmi"
"1",0.364341095411782,28.7558859873459
"2",0.334263856935941,28.2963629630468
"3",0.338754837845243,28.3642421496747
"4",0.311130125228877,27.9728059855813
"5",0.282454467853004,27.5815839590538
"6",0.243892199709547,27.0613389434514
"7",0.310534152464027,27.8984149260551
"8",0.330747030678082,28.2320708220561
"9",0,25.5723540885896
