"","obs","bmi"
"1",0.363326792904081,28.6971277469659
"2",0.331722066193813,28.2348856312492
"3",0.338888573682385,28.3830587894113
"4",0.314855568653176,28.0691455202281
"5",0.290033983978305,27.7553935977353
"6",0.24071042983982,27.0359818863391
"7",0.308874151336585,27.923279180561
"8",0.336659841615427,28.2536862831185
"9",0,25.5272235801364
