"","obs","bmi"
"1",0.35513044260019,28.669023346363
"2",0.324523302369378,28.198360025368
"3",0.332899176586083,28.3062386143675
"4",0.309877772226346,27.9439136516914
"5",0.285440174483599,27.5820826555236
"6",0.251262234162821,27.1870968284028
"7",0.311704719420188,27.9217333296349
"8",0.340385223488158,28.307887033724
"9",0,25.5733737422625
