"","obs","bmi"
"1",0.358367553763609,28.6737462978014
"2",0.32900115386554,28.2106318006449
"3",0.33442034231148,28.4075046459569
"4",0.311515780907792,28.141311339517
"5",0.286179511819616,27.8751661794247
"6",0.239311962804061,26.9955591584744
"7",0.310017533622083,27.8775041815665
"8",0.333972061987708,28.2993109782925
"9",0,25.5879874735439
