"","obs","bmi"
"1",0.362478789802449,28.7243803245972
"2",0.334165967379538,28.2651228274369
"3",0.345828700230754,28.411699569764
"4",0.324666817371006,28.099185395718
"5",0.304837413335254,27.7868423638932
"6",0.249074893321454,27.0895804558614
"7",0.305199234884265,27.8549209501955
"8",0.337569688887109,28.3306233731089
"9",0,25.5546974432078
