"","obs","bmi"
"1",0.352930908430481,28.6468713132111
"2",0.326214647020916,28.1841712563961
"3",0.333282173946557,28.2874231712938
"4",0.308227959739439,27.928270233356
"5",0.284377455701425,27.5694277087463
"6",0.24376305784239,27.0104066246889
"7",0.308212387216362,27.8830089863259
"8",0.335748254466697,28.2819601862717
"9",0,25.5941535972908
