"","obs","bmi"
"1",0.357585670535693,28.6680397749258
"2",0.325838562163707,28.2120253238183
"3",0.332281604463783,28.2904735316046
"4",0.307410747941179,27.9133148526248
"5",0.282407231542298,27.5365892251117
"6",0.244715336027442,27.0597577946913
"7",0.303470619350067,27.8566431702329
"8",0.32732692032846,28.2454224991469
"9",0,25.5678080122962
