"","obs","bmi"
"1",0.361376722688559,28.7331774157301
"2",0.331066742565221,28.278097695865
"3",0.345908501862653,28.4339935560579
"4",0.331361112493255,28.1350135618942
"5",0.317779857670236,27.8362454731622
"6",0.243764944225268,27.0727238759704
"7",0.306034944695833,27.9151053362518
"8",0.335691836109633,28.3046967909196
"9",0,25.5787546459145
