"","obs","bmi"
"1",0.364998415871334,28.7462110773346
"2",0.335515642906737,28.2853145172264
"3",0.356145128363472,28.5130913172412
"4",0.344772941349771,28.2801747946351
"5",0.333076272520614,28.0474704136455
"6",0.244337573974852,27.0421926817492
"7",0.305105596517271,27.8677871697888
"8",0.33353715906111,28.2454323876059
"9",0,25.6050509174163
