"","obs","bmi"
"1",0.362374209432441,28.7448501328878
"2",0.3331959528513,28.2896042490007
"3",0.345793045447627,28.4378169857689
"4",0.326880311859322,28.1309718826131
"5",0.30903313107694,27.8243211871683
"6",0.24785686309499,27.0954653200589
"7",0.31212898603285,27.9816923893808
"8",0.334316857194241,28.2811461847285
"9",0,25.6049495801773
