"","obs","bmi"
"1",0.358570601247863,28.6657255274947
"2",0.32751113198734,28.2049914926923
"3",0.354530169811266,28.5185532796394
"4",0.35060794093312,28.3714777691557
"5",0.348541621946197,28.2245016454748
"6",0.244538484950895,27.0625772886746
"7",0.303560247412574,27.8601336439744
"8",0.3236528344443,28.2097765839566
"9",0,25.5713493528446
