"","obs","bmi"
"1",0.364867536527244,28.7781026062809
"2",0.334468091837621,28.3290060014718
"3",0.334550006607121,28.3346103575911
"4",0.300347400040552,27.8914010608162
"5",0.271880901198853,27.4484895858302
"6",0.246400038893669,27.0943608759802
"7",0.308329929796907,27.8771418678037
"8",0.333053799466432,28.2644683127671
"9",0,25.6086956044099
