"","obs","bmi"
"1",0.358860552988721,28.64677212404
"2",0.329134096243293,28.1954276473338
"3",0.347044490155479,28.3387866011073
"4",0.332460708119848,28.0314301565768
"5",0.320724384945903,27.7247588964017
"6",0.237049817900128,27.0205116362111
"7",0.298715179755972,27.8306609069201
"8",0.332448687645303,28.248568257864
"9",0,25.5665439859956
