"","obs","bmi"
"1",0.357013523192764,28.6389368022184
"2",0.32841201555875,28.1776985930107
"3",0.336341197779078,28.2908457599288
"4",0.311183636476735,27.9430257722408
"5",0.289382218087819,27.5954897078957
"6",0.248462347651429,27.0997871099908
"7",0.305922170460874,27.8695666973639
"8",0.328828388518357,28.2307875773512
"9",0,25.5852105427877
