"","obs","bmi"
"1",0.363548098068666,28.7470626773965
"2",0.334171850544353,28.284317061344
"3",0.34015260073669,28.4486582078529
"4",0.31614117627911,28.150339690166
"5",0.290498264807038,27.8521095249391
"6",0.245856567347061,27.0513591142742
"7",0.308332745432225,27.9306366323234
"8",0.327268125636384,28.2084392506184
"9",0,25.6206482091181
