"","obs","bmi"
"1",0.364616970743467,28.7581589437113
"2",0.333667895815664,28.3078371410906
"3",0.337866390284798,28.4818925530651
"4",0.306970594099392,28.2057193030544
"5",0.281013502720973,27.9296389505399
"6",0.246082409150059,27.0895185364075
"7",0.305858846344868,27.8450524380374
"8",0.340104037990861,28.3723023830305
"9",0,25.5961727788877
