"","obs","bmi"
"1",0.361665575416609,28.7647225873602
"2",0.333323465659068,28.3006980638663
"3",0.346807401719821,28.5201895281008
"4",0.331658983298385,28.2757211028542
"5",0.317204891372223,28.0313181838727
"6",0.238977527445285,27.0068090310093
"7",0.305956971791383,27.8869786778167
"8",0.32829843387328,28.2721834508256
"9",0,25.606455067084
