"","obs","bmi"
"1",0.362455154650953,28.7343512401426
"2",0.334129551792879,28.2791908238553
"3",0.353825606721546,28.4869674111584
"4",0.345018405155223,28.2397772706991
"5",0.335507320229385,27.9927885900677
"6",0.2417492361636,27.0278085858053
"7",0.309667818570154,27.9040512351055
"8",0.337130423086134,28.3101176392308
"9",0,25.5910545023336
