"","obs","bmi"
"1",0.355477993206602,28.6550209477331
"2",0.3284301508154,28.2026190857529
"3",0.326126171648384,28.3171571746559
"4",0.289394937065264,27.9793950734213
"5",0.259664186397219,27.6417355711871
"6",0.243019536245131,27.0862105353506
"7",0.307877924437664,27.953361330308
"8",0.333147650265401,28.2931046874126
"9",0,25.5891279224138
