"","obs","bmi"
"1",0.368319323329007,28.7919806924746
"2",0.338520374605692,28.3429439311494
"3",0.355470702631874,28.4981658429989
"4",0.339828452616136,28.2046863541882
"5",0.324782455128216,27.9115621243643
"6",0.241324723311931,27.0565867293359
"7",0.30943522557882,27.8908510344906
"8",0.33564286194974,28.2322132936123
"9",0,25.6042065187258
