"","obs","bmi"
"1",0.359693944413991,28.6756752702419
"2",0.330018355807387,28.2150724625393
"3",0.340941093736891,28.3272809154007
"4",0.318474099501643,27.9792628145057
"5",0.299632786974995,27.6316446972306
"6",0.248710397706195,27.1336688022031
"7",0.312074097950844,27.9538123895668
"8",0.333275444970398,28.2692267043832
"9",0,25.5752165100727
