"","obs","bmi"
"1",0.360384827793836,28.7200883782139
"2",0.331084147272162,28.2611053827364
"3",0.341269672898145,28.3811625639358
"4",0.32295535802312,28.0426512351059
"5",0.30274913789682,27.7045836634443
"6",0.250436788617658,27.1505407361887
"7",0.305144943408509,27.8936510532673
"8",0.335792950871965,28.3196206442889
"9",0,25.6145410872588
