"","obs","bmi"
"1",0.357962836630608,28.6789077404371
"2",0.330441211768024,28.2224169654779
"3",0.335794084282498,28.3257539982911
"4",0.30891840878526,27.9728245294484
"5",0.280094733445257,27.6201267220175
"6",0.244544832871113,27.0862701800358
"7",0.309625968639522,27.9464870739665
"8",0.329826197405798,28.2102321245288
"9",0,25.5641505248042
