"","obs","bmi"
"1",0.363766519801198,28.742909011231
"2",0.332740170300777,28.288568916985
"3",0.340478813510331,28.3724754447717
"4",0.31719976683889,28.0022980494996
"5",0.293808603389687,27.6323874763889
"6",0.242159307392844,27.0744614036005
"7",0.309403392434931,27.921077991435
"8",0.330900924423362,28.2458256216569
"9",0,25.5788590477942
