"","obs","bmi"
"1",0.367424119823566,28.8067599805517
"2",0.338533554946415,28.3473977125174
"3",0.346173096723318,28.4632066177095
"4",0.325689976224907,28.1198799377001
"5",0.30536487790639,27.7767899659679
"6",0.246377612465256,27.0828517049989
"7",0.310516313885509,27.9091406771746
"8",0.335609859594238,28.2751284358645
"9",0,25.6112376669804
