"","obs","bmi"
"1",0.357477662450737,28.6649371608558
"2",0.33003078817402,28.2127062423668
"3",0.339685779038468,28.3776842321143
"4",0.320189012559387,28.0906053970476
"5",0.296862757873203,27.8037063784243
"6",0.248501104039605,27.1140120877834
"7",0.312092659508526,27.9283878720454
"8",0.331269609860951,28.237422744699
"9",0,25.5512673462057
