"","obs","bmi"
"1",0.355241651182309,28.642575298765
"2",0.325111317007405,28.1875051458428
"3",0.346562098199461,28.3658156630531
"4",0.337249536159544,28.0892462331288
"5",0.328970133300877,27.8128742012576
"6",0.246231301086857,27.072515524204
"7",0.301466112136454,27.8233772101626
"8",0.337682754205758,28.3211401663873
"9",0,25.6077042768696
