"","obs","bmi"
"1",0.357585063589747,28.687915193566
"2",0.327221927699985,28.2253993484735
"3",0.340457775237821,28.4099773385134
"4",0.319678937439517,28.1321391508978
"5",0.299240694595859,27.8544031868803
"6",0.248547941054448,27.1021851079884
"7",0.307759399881465,27.9003957945936
"8",0.329300542442981,28.2211044082949
"9",0,25.6128116224951
