"","obs","bmi"
"1",0.357692329001776,28.6405798378156
"2",0.328981127597198,28.1950795546489
"3",0.335365645197412,28.2832007328576
"4",0.310675997017561,27.926172934207
"5",0.286442921474895,27.5695164951684
"6",0.242537819706874,27.0330919847919
"7",0.31247546056687,27.95043745882
"8",0.326392208972436,28.2088183179545
"9",0,25.6102653726553
