"","obs","bmi"
"1",0.364252923820567,28.7508901914094
"2",0.337448649658979,28.2925759767596
"3",0.348722301313753,28.3892137487102
"4",0.330566041818034,28.0278087258243
"5",0.310576134056109,27.6666871701369
"6",0.242829355069704,27.0983166502531
"7",0.306911902733496,27.8944727979581
"8",0.340339093674253,28.2881378770662
"9",0,25.6290377567472
