"","obs","bmi"
"1",0.368227396272891,28.7675218759714
"2",0.338198014613006,28.3085843149353
"3",0.346031410637886,28.4118679089577
"4",0.322867768279173,28.0566289263488
"5",0.299596243658965,27.7018305698572
"6",0.247290848765598,27.1190148832971
"7",0.309424260540492,27.9032971808997
"8",0.333682356790204,28.2717646151547
"9",0,25.6183559479068
