"","obs","bmi"
"1",0.362289647339289,28.7245967922638
"2",0.332576022385745,28.2653758719741
"3",0.337438919984954,28.3264972382885
"4",0.311375328364912,27.9286941270463
"5",0.288104121509739,27.5312011852855
"6",0.247429277917953,27.1274262839621
"7",0.309970506989138,27.8798849191838
"8",0.340271493964135,28.3197726438575
"9",0,25.5980677589821
