"","obs","bmi"
"1",0.360698641467944,28.7494853186111
"2",0.332286460361889,28.2871851566233
"3",0.338980290469044,28.4459440783889
"4",0.313950912474476,28.1425020247463
"5",0.288670308004903,27.8391605119761
"6",0.234284207931255,26.9852948731266
"7",0.304493925967083,27.9055172690792
"8",0.333184357122599,28.220353290687
"9",0,25.621926460818
