"","obs","bmi"
"1",0.361502504616584,28.6596199025528
"2",0.330188570256874,28.1953920233692
"3",0.336031621140127,28.2999043906625
"4",0.306471189588637,27.9403692945647
"5",0.2774492308682,27.5810188168274
"6",0.243499188584503,27.0685855122166
"7",0.309514388235873,27.9211234710549
"8",0.33226534221613,28.2613582802447
"9",0,25.5416570488239
