"","obs","bmi"
"1",0.360316977833645,28.6695171915039
"2",0.329112140598792,28.2141525128172
"3",0.344787595097942,28.3288782920284
"4",0.329237238437489,27.9885113595899
"5",0.314925392546318,27.648430681903
"6",0.245514742657909,27.1021681698356
"7",0.31026688452285,27.9898085034927
"8",0.331602197911046,28.2825147144503
"9",0,25.562954669839
