"","obs","bmi"
"1",0.357537056846518,28.6583404333363
"2",0.327454799892296,28.2070460923734
"3",0.326942513394236,28.2719114703633
"4",0.296983815144128,27.8856264870001
"5",0.267983445864006,27.4994885896126
"6",0.24477062203707,27.062585413722
"7",0.307237066585716,27.902265508405
"8",0.33817324224484,28.359935208279
"9",0,25.5787446992961
