"","obs","bmi"
"1",0.369690510529593,28.7719586329172
"2",0.339453081967483,28.3115202918392
"3",0.346985442660053,28.5409633735592
"4",0.32299177388276,28.3100247094198
"5",0.2998451271593,28.0791424202853
"6",0.24415611444995,27.0504254321818
"7",0.309633656356433,27.888903067106
"8",0.338542043638524,28.3397618619702
"9",0,25.5962063117452
