"","obs","bmi"
"1",0.359586596318283,28.6840221187068
"2",0.330333422622352,28.2220839974398
"3",0.339817787139021,28.3952510978564
"4",0.321050872482216,28.1066025721163
"5",0.300351198010975,27.8180795638
"6",0.247670885831135,27.101730124443
"7",0.296655551393798,27.8521839630112
"8",0.33615033493014,28.2951404015138
"9",0,25.6034324876071
