"","obs","bmi"
"1",0.362043558259815,28.7227210322977
"2",0.33624473612316,28.2807469768796
"3",0.345193793818353,28.4485008701142
"4",0.323537242438803,28.1743581780088
"5",0.305567624324332,27.9002943669197
"6",0.246100744217722,27.0346459828029
"7",0.312962461054079,27.9822762585326
"8",0.327752494717602,28.2166969811823
"9",0,25.5710403167867
