"","obs","bmi"
"1",0.361913279381985,28.7093520616928
"2",0.331204022566582,28.2491846220578
"3",0.353835074972702,28.5559926103528
"4",0.34693204911091,28.4027074035871
"5",0.340127086629895,28.2494988143615
"6",0.246491268907708,27.1037390775929
"7",0.305295713643892,27.9319811474092
"8",0.333725368306294,28.2658489173061
"9",0,25.5643622559486
