"","obs","bmi"
"1",0.363762141654026,28.713632287942
"2",0.333929140117985,28.2502121114893
"3",0.340182817293623,28.3162677347442
"4",0.314976439379905,27.9194468544554
"5",0.288310463221191,27.5232128826803
"6",0.234854919751224,26.9964118656733
"7",0.303657049537564,27.8344804861162
"8",0.335230640067191,28.3000582138677
"9",0,25.5990173098936
