"","obs","bmi"
"1",0.363563240849951,28.7060499234983
"2",0.335095687941168,28.2593624887992
"3",0.339135219818319,28.444394848321
"4",0.318726035483759,28.182789491053
"5",0.29228137816564,27.9212338561173
"6",0.245821806399513,27.0744506569003
"7",0.312900837992577,27.9386229255063
"8",0.331027501360927,28.2699623724283
"9",0,25.621681645947
