"","obs","bmi"
"1",0.362349658515158,28.7265918130664
"2",0.33211019804941,28.2628574850632
"3",0.349295568850822,28.5175102643967
"4",0.332113065833809,28.3085163259262
"5",0.319607259029067,28.0996112170361
"6",0.241237799914664,27.0427894459391
"7",0.305099761336513,27.8955384884721
"8",0.329207619712903,28.260155762183
"9",0,25.5707246157244
