"","obs","bmi"
"1",0.35509627710677,28.6496345020283
"2",0.325852050953916,28.1891957036829
"3",0.3403715908894,28.3943804012124
"4",0.322952947256703,28.1392542179391
"5",0.306661685992236,27.8842590283263
"6",0.242722712550342,27.0780832541938
"7",0.307565765581626,27.8914425178226
"8",0.335501092022008,28.2415833491039
"9",0,25.5884743893075
