"","obs","bmi"
"1",0.364450360772492,28.72804565167
"2",0.33317573831508,28.2609224505477
"3",0.347063444005678,28.3966370213887
"4",0.327000304994313,28.0654745712758
"5",0.306325323554078,27.7345684532723
"6",0.246880467864536,27.0758855256174
"7",0.307196853525975,27.9357319530507
"8",0.331655573625,28.2538101507352
"9",0,25.6209021286313
