"","obs","bmi"
"1",0.360922831405411,28.739138839738
"2",0.332268863272391,28.2871614167711
"3",0.346284827558062,28.4161114465128
"4",0.329587242961239,28.0933822200766
"5",0.316138401259509,27.7709672682284
"6",0.248638338541813,27.1499960689599
"7",0.311571654783724,27.9164400774165
"8",0.34148493313654,28.3849518183651
"9",0,25.5622025744955
