"","obs","bmi"
"1",0.365159185242313,28.7357884758076
"2",0.335088986473411,28.2771437336711
"3",0.343977096673254,28.4170869018873
"4",0.323142808595503,28.0985465278265
"5",0.301320695640181,27.7801729998039
"6",0.243415382382765,27.0973147428663
"7",0.314671405700062,27.9266684238137
"8",0.334805387478737,28.2637022370557
"9",0,25.6399342974141
