"","obs","bmi"
"1",0.360297208314951,28.7194733996655
"2",0.331134309290205,28.2601805118316
"3",0.338012455657307,28.3540788915189
"4",0.314350757688185,27.9890491314393
"5",0.286566820103951,27.6244059818761
"6",0.249872784423721,27.1048695278217
"7",0.315146992298895,27.9531432516888
"8",0.336436843200896,28.2974606432227
"9",0,25.5958577311871
