"","obs","bmi"
"1",0.361852721361994,28.7660188990613
"2",0.333402169172492,28.3063061139718
"3",0.342843154107795,28.4046089336017
"4",0.321155770534481,28.0435075064256
"5",0.301361452253771,27.682730406559
"6",0.242562338022133,27.089214435088
"7",0.300941306934597,27.8566527537862
"8",0.336417460915142,28.3085182320692
"9",0,25.642479655278
