"","obs","bmi"
"1",0.361361438312864,28.6865444017491
"2",0.333125793116513,28.2303280013824
"3",0.343936533420683,28.4254766301061
"4",0.3238845357231,28.164647029074
"5",0.303022606682563,27.9040667781806
"6",0.241408343726656,27.04534683371
"7",0.30883917204537,27.9143587793197
"8",0.330981250428715,28.2332641765017
"9",0,25.5763676402495
