"","obs","bmi"
"1",0.363098455628027,28.7194362630807
"2",0.332251694639909,28.2506872883479
"3",0.337620396592823,28.4373879255754
"4",0.306117076914092,28.1554446234358
"5",0.27861631447762,27.8736077590935
"6",0.238961065991672,26.984663531541
"7",0.313594464126634,27.9726708713325
"8",0.339094416676203,28.3370882654553
"9",0,25.5958077522551
