"","obs","bmi"
"1",0.361658843061405,28.6930755048768
"2",0.333272841321514,28.2393829714805
"3",0.350402826667262,28.4064587335226
"4",0.335488834049908,28.1202722496268
"5",0.323683353277369,27.8345471597648
"6",0.242170456888425,27.027991659487
"7",0.306138928014179,27.9086370087342
"8",0.33830591132679,28.3460953602372
"9",0,25.5391659685866
