"","obs","bmi"
"1",0.362374209432441,28.7448501328878
"2",0.332851425297604,28.2852978151568
"3",0.34133361350342,28.4151987904819
"4",0.317292827654376,28.0857426272143
"5",0.297321716705176,27.7564867269343
"6",0.24785686309499,27.0954653200589
"7",0.31212898603285,27.9816923893808
"8",0.334316857194241,28.2811461847285
"9",0,25.6049495801773
