"","obs","bmi"
"1",0.360486462910863,28.6771322299637
"2",0.329580597202771,28.2168300970173
"3",0.343534016189741,28.3379164723973
"4",0.325876188954326,27.9989195373216
"5",0.302823297323934,27.6601508043313
"6",0.240860790788349,27.0177742356014
"7",0.306065398166717,27.8635237088661
"8",0.334104877029944,28.2484214203683
"9",0,25.5581717893167
