"","obs","bmi"
"1",0.363963945132544,28.7386923013842
"2",0.33410819530848,28.2787281883905
"3",0.343479757151064,28.5017015021591
"4",0.320970705805285,28.264740065633
"5",0.297801877711934,28.027807102049
"6",0.238493616309217,27.0430322240521
"7",0.314348045253654,27.9769532437486
"8",0.328376000030111,28.2595980849975
"9",0,25.6244746386605
