"","obs","bmi"
"1",0.358173715370882,28.7119179194753
"2",0.327921633188088,28.2525282930246
"3",0.332242108732872,28.354084122379
"4",0.30325503064071,27.9964040875398
"5",0.275071496476473,27.6388817605662
"6",0.246581270191778,27.041340880479
"7",0.305639829474928,27.9547075055878
"8",0.333215078361655,28.2479017160774
"9",0,25.6644458748928
