"","obs","bmi"
"1",0.365255569707975,28.7741347423972
"2",0.33700765260108,28.3096529261641
"3",0.339951652503534,28.47112359705
"4",0.311439869538652,28.1681811179802
"5",0.284876114855652,27.8653069826542
"6",0.245032730671678,27.1009831071235
"7",0.303549937924874,27.8567194479089
"8",0.331743268236929,28.2582686026202
"9",0,25.6006096791543
