"","obs","bmi"
"1",0.36391629323946,28.7580365309918
"2",0.335426229897914,28.29441821337
"3",0.340361980918868,28.4709251633296
"4",0.313795023496523,28.183900325594
"5",0.290315733395097,27.8969649501739
"6",0.247452507657205,27.1308580880174
"7",0.308916154072158,27.9072008953196
"8",0.335486720722014,28.3150087309723
"9",0,25.5796584594686
