"","obs","bmi"
"1",0.36011098428346,28.6552996848304
"2",0.330248907323609,28.1941328037626
"3",0.350341072258911,28.4065613792707
"4",0.341881602062133,28.1580379054426
"5",0.332493388333239,27.9097392280162
"6",0.241765593083765,27.0420852179542
"7",0.307649066166131,27.8737482536218
"8",0.331412338687882,28.2677880527933
"9",0,25.5708011264018
