"","obs","bmi"
"1",0.358312670992352,28.6705094039433
"2",0.329198604991528,28.2128525930116
"3",0.349557946876818,28.4323549358933
"4",0.339153288014034,28.1943124708565
"5",0.329544980066376,27.9563855080954
"6",0.245958806951864,27.0667853838567
"7",0.306255353635279,27.85073833709
"8",0.334633899105166,28.2475464281875
"9",0,25.5646580536997
