"","obs","bmi"
"1",0.361983300624384,28.7282757739362
"2",0.332257541557518,28.2714159531866
"3",0.339985944762708,28.2745057575254
"4",0.312603307226311,27.8212609566732
"5",0.289168812763201,27.3685749379702
"6",0.246727749637616,27.0990148356926
"7",0.308911848011946,27.9350273906009
"8",0.337822757284618,28.3437318021636
"9",0,25.5928784189067
