"","obs","bmi"
"1",0.360306747332189,28.7185564127562
"2",0.330169798663737,28.2622100179325
"3",0.353340519250424,28.4622417097442
"4",0.344274468709024,28.2062021333778
"5",0.335228026516446,27.9504518379606
"6",0.241439655015153,27.0760326375752
"7",0.308930469886044,27.9065186031101
"8",0.334501885613521,28.2926189622119
"9",0,25.5892529244818
