"","obs","bmi"
"1",0.359711326888148,28.6861466684495
"2",0.32938524099229,28.2275770093188
"3",0.337919547302643,28.3566032747022
"4",0.318198466200064,28.0272792569122
"5",0.296531246497272,27.6981836831497
"6",0.241316706344952,27.0241229585998
"7",0.308141105374026,27.9232357550763
"8",0.331163290251134,28.3213287049875
"9",0,25.5651264779907
