"","obs","bmi"
"1",0.362622664757943,28.7786534297847
"2",0.334503565495523,28.3167662153074
"3",0.349394105339604,28.4979096217367
"4",0.334346483303451,28.2173105189608
"5",0.319370177030929,27.9368608524215
"6",0.246216241751903,27.0792131153148
"7",0.305760105126573,27.8958510402558
"8",0.338594872600635,28.3341752159956
"9",0,25.6659494503589
