"","obs","bmi"
"1",0.359894961104302,28.6973987430155
"2",0.330681797007682,28.2518262148595
"3",0.330436980887328,28.3879874956009
"4",0.296252444883233,28.0786610543935
"5",0.265815026973595,27.769419193184
"6",0.247644747123138,27.0877824422121
"7",0.308976416534419,27.9429775862655
"8",0.339712041169241,28.3407302164325
"9",0,25.5956731361674
