"","obs","bmi"
"1",0.36498433349223,28.7460498332779
"2",0.332211148967921,28.2871036352474
"3",0.34270902230046,28.4174256539324
"4",0.321957008954054,28.0890646675883
"5",0.300757268245008,27.7609801200561
"6",0.242232232377326,27.0295237405444
"7",0.302970324111459,27.8992269383294
"8",0.332155761749988,28.2577834970752
"9",0,25.592340744614
