"","obs","bmi"
"1",0.364993898409764,28.7311044545426
"2",0.333578302160074,28.2779889725546
"3",0.349740560726743,28.4901821160838
"4",0.333314084818276,28.2494503352091
"5",0.318495439230764,28.0089173905995
"6",0.248394934669919,27.1425854236308
"7",0.302657483122523,27.8489797251426
"8",0.333116573875925,28.305253648211
"9",0,25.556963690202
