"","obs","bmi"
"1",0.360692876776853,28.7029482482463
"2",0.330642244898763,28.2419631642851
"3",0.340767062168585,28.409008745512
"4",0.320906115562783,28.1152045204339
"5",0.299304289406327,27.8215395184175
"6",0.241624540813089,27.0569793039311
"7",0.309759252500591,27.9269602588247
"8",0.335442956598569,28.3316280404372
"9",0,25.5711515865057
