"","obs","bmi"
"1",0.360360489435382,28.7339879851651
"2",0.332791380119088,28.2784640069822
"3",0.341541202819655,28.4814707537301
"4",0.32466907604409,28.2290413104797
"5",0.302598283891376,27.9767024503794
"6",0.245355870164185,27.0945572572805
"7",0.310142534352718,27.9053121417625
"8",0.329868282524726,28.2409287097565
"9",0,25.5769882863011
