"","obs","bmi"
"1",0.36297309548387,28.7355238589695
"2",0.331735631422334,28.2743629074744
"3",0.351162665979372,28.5527883572367
"4",0.339062520082488,28.3701467099717
"5",0.325719718700681,28.1876032174677
"6",0.245467738059646,27.0929518811072
"7",0.307930760574024,27.9203739993999
"8",0.328247076807577,28.1686809569206
"9",0,25.6012528098444
