"","obs","bmi"
"1",0.357728410281065,28.7104762710595
"2",0.327720798133339,28.2506040387973
"3",0.336064324444986,28.414668099747
"4",0.316135498737723,28.1190757295878
"5",0.295327855823119,27.8237093288197
"6",0.242102814361899,27.0831568648572
"7",0.309859297008603,27.932008023644
"8",0.330849030407707,28.2181016980341
"9",0,25.5919363133809
