"","obs","bmi"
"1",0.358546017985367,28.7154378623819
"2",0.330652027282609,28.2511549399184
"3",0.340151232566274,28.4009401743358
"4",0.32019328158282,28.0867321782283
"5",0.295917456165912,27.7728288638569
"6",0.245053601941439,27.1370161111915
"7",0.300984072694305,27.848493937649
"8",0.336698836394114,28.3418204384147
"9",0,25.635517359335
