"","obs","bmi"
"1",0.368784116321477,28.7596777874501
"2",0.338089400277899,28.2986401340681
"3",0.343532433153995,28.4063738202411
"4",0.314863414780542,28.0533361997365
"5",0.286208882827054,27.7005770169526
"6",0.25213192578711,27.1571504195998
"7",0.309689807705304,27.9242221271449
"8",0.330545102897468,28.2488110890984
"9",0,25.5241985989773
