"","obs","bmi"
"1",0.363611999669827,28.7293962840976
"2",0.334686943787908,28.2724665591705
"3",0.348630508578222,28.3859892464466
"4",0.330723636562092,28.0429690765983
"5",0.313046847514243,27.7003587130103
"6",0.240013835868783,27.0455170504682
"7",0.309250393877572,27.9717573025925
"8",0.340042490045585,28.3231695745076
"9",0,25.5866279426729
