"","obs","bmi"
"1",0.363595738550823,28.7331973372053
"2",0.334638206588052,28.2751030146218
"3",0.351711974510225,28.4421155305604
"4",0.340173998848867,28.1512223306662
"5",0.325877923106929,27.8605249974641
"6",0.249422860068353,27.1158030970522
"7",0.310439585583144,27.8968164906159
"8",0.329231484677299,28.2084389873553
"9",0,25.5835768709542
