"","obs","bmi"
"1",0.361332277170786,28.6906379333283
"2",0.333164149141024,28.23817474431
"3",0.335224857534122,28.3186352561549
"4",0.309292685727986,27.9468894052244
"5",0.28469945005944,27.5754118666253
"6",0.249019461389989,27.0867832307538
"7",0.309519658990439,27.9008199306677
"8",0.334576407566835,28.2929963289682
"9",0,25.5870453694602
