"","obs","bmi"
"1",0.360260223733004,28.7095977626535
"2",0.330356242015381,28.257945024547
"3",0.348020193337458,28.4294518437058
"4",0.334569112700254,28.14949548833
"5",0.318360506582125,27.8697352556358
"6",0.240412396854545,27.0188641740599
"7",0.30661967376931,27.9413327063414
"8",0.328715246950497,28.2166842207356
"9",0,25.5971037496674
