"","obs","bmi"
"1",0.362389894740907,28.7602579307383
"2",0.334979752061565,28.3075208638027
"3",0.350920492279258,28.5246548014803
"4",0.335205971328128,28.2891294533416
"5",0.320541279763828,28.0536834482194
"6",0.241333295947012,27.0611280348703
"7",0.308127558966159,27.8737626232644
"8",0.333745400026213,28.2743799096043
"9",0,25.6048873688081
