"","obs","bmi"
"1",0.359183431720523,28.7287199213186
"2",0.329618215383093,28.2713568296839
"3",0.336282387518959,28.5000016715617
"4",0.311868819164732,28.271320476891
"5",0.290585036660532,28.0426755749172
"6",0.241329282060334,27.0145826837597
"7",0.304989342127357,27.8942999823575
"8",0.33503115300498,28.2849517806729
"9",0,25.6166281965604
