"","obs","bmi"
"1",0.355343413003053,28.6607104818042
"2",0.325626574993385,28.2063289050852
"3",0.330142745291546,28.3365390051157
"4",0.305538351146534,28.0124772161461
"5",0.280014048430091,27.6885270716476
"6",0.248568764688859,27.0663379433853
"7",0.308475489770767,27.9225381286153
"8",0.330142452128812,28.2879888185428
"9",0,25.6241623792182
