"","obs","bmi"
"1",0.354586417879435,28.6754581104909
"2",0.326314211273301,28.2213822158713
"3",0.343195438964277,28.4308275609181
"4",0.332003994368504,28.1863173752252
"5",0.319793758964968,27.941931233217
"6",0.24390277005612,27.0537767640711
"7",0.305774695880374,27.8780625192221
"8",0.337796751521279,28.3449621077052
"9",0,25.5859088816026
