"","obs","bmi"
"1",0.357189454055292,28.6875055381605
"2",0.328691647983251,28.2302052733068
"3",0.324089177677596,28.2482488780774
"4",0.284812672257872,27.8091527637415
"5",0.253429760723991,27.3702172394054
"6",0.251264955078647,27.0838403259736
"7",0.303085541950366,27.8382575410442
"8",0.332332037388209,28.2741571866298
"9",0,25.5709245165048
