"","obs","bmi"
"1",0.365042974097417,28.7302072886351
"2",0.33720194380408,28.2718205648017
"3",0.350467450878759,28.3906741404395
"4",0.335161461397605,28.0514782491515
"5",0.314164068835482,27.7126383262161
"6",0.246647362003499,27.1108194092577
"7",0.307353789371437,27.8687968334384
"8",0.32614305258688,28.1235268647605
"9",0,25.5847764806926
