"","obs","bmi"
"1",0.361469050435036,28.7193740601527
"2",0.331675333948106,28.255990272299
"3",0.340819541516638,28.4015730312332
"4",0.322058518421859,28.0839242104487
"5",0.300814033990793,27.766432207515
"6",0.240511928029111,26.9903161416273
"7",0.308449105730706,27.9152053572558
"8",0.339493647777521,28.3019421042905
"9",0,25.604649511335
