"","obs","bmi"
"1",0.365633451752199,28.8000256633032
"2",0.334137672562037,28.3419243332751
"3",0.349248644705145,28.5168528649586
"4",0.33086236785127,28.2338350248595
"5",0.318478912760188,27.9509763935329
"6",0.244878620017563,27.1051483845391
"7",0.312851126831237,27.9446370728028
"8",0.333783371586844,28.2995744162899
"9",0,25.6632577758912
