"","obs","bmi"
"1",0.361000417490048,28.7829080385714
"2",0.333777275795969,28.3265594578394
"3",0.338212468335032,28.3863545424322
"4",0.313741191425227,27.9902881783644
"5",0.28661066289907,27.5947441001201
"6",0.242685320976304,27.0490871844415
"7",0.308156871998911,27.9130630440406
"8",0.334467919359849,28.2604342685422
"9",0,25.6518115783789
