"","obs","bmi"
"1",0.355049679130657,28.6467122792057
"2",0.324962090504773,28.1839068868852
"3",0.329988521826756,28.3210396726699
"4",0.29970581121853,27.9954643178905
"5",0.269912958544436,27.6699883392452
"6",0.246864914105791,27.127882846243
"7",0.303298058412013,27.8330354600226
"8",0.336957726382358,28.3252570194717
"9",0,25.5909512106291
