"","obs","bmi"
"1",0.354601759518518,28.6570283030874
"2",0.325277683686149,28.1962576299047
"3",0.337924046057708,28.3191258091241
"4",0.320606267542197,27.981413298546
"5",0.301257834888227,27.6438979894956
"6",0.243688754691076,27.0776928317942
"7",0.315348604247752,27.9775584591242
"8",0.333567143549153,28.2956637676231
"9",0,25.6291509856201
