"","obs","bmi"
"1",0.361932216841043,28.6729272596384
"2",0.331178663576248,28.2130269359203
"3",0.351554795778219,28.4798977200218
"4",0.341679874339406,28.286988343353
"5",0.32942832156509,28.0942025735368
"6",0.245009374361502,27.0685058426886
"7",0.307349106860297,27.9197367508925
"8",0.343341411942758,28.4036084905641
"9",0,25.5646319454143
