"","obs","bmi"
"1",0.355041787648884,28.6403507316024
"2",0.326107042199927,28.1848106434997
"3",0.34322066013616,28.4170014557532
"4",0.328940499430576,28.1937366165791
"5",0.315491394953309,27.9705581158974
"6",0.24779018966596,27.0912562048531
"7",0.309192866938758,27.938040080511
"8",0.332652241317652,28.2557244640989
"9",0,25.5961616445885
