"","obs","bmi"
"1",0.362689221716097,28.7413723320363
"2",0.335100100350363,28.2897769878521
"3",0.34268001507645,28.4182956536552
"4",0.320896678639561,28.0953735972542
"5",0.298269979477262,27.7726112290197
"6",0.245101874891107,27.09985137276
"7",0.311873284759231,27.9375620028622
"8",0.329107385568521,28.237458273308
"9",0,25.6291976560502
