"","obs","bmi"
"1",0.353691197089389,28.6857927930402
"2",0.326778812043215,28.2239080786297
"3",0.335960737832365,28.4146080350616
"4",0.315212644084052,28.1434835162855
"5",0.293361912514299,27.8724199882466
"6",0.245313484879592,27.0883816344847
"7",0.3122166170784,27.9137706221533
"8",0.32944412245719,28.2136147037839
"9",0,25.6427595503066
