"","obs","bmi"
"1",0.366588158111885,28.7207416586969
"2",0.337625636545004,28.2571600147786
"3",0.347869021834504,28.4397119231917
"4",0.328197567073679,28.1588775318077
"5",0.306913602276008,27.8782467968538
"6",0.241572029519692,27.0725043370467
"7",0.308972996275234,27.9084235605339
"8",0.337831954826401,28.3055013076418
"9",0,25.5780706182898
