"","obs","bmi"
"1",0.36337790008213,28.746974474697
"2",0.333510638329714,28.2921411241849
"3",0.348261550759274,28.4973988862738
"4",0.332728245558174,28.2479440604234
"5",0.313235161199067,27.9986135489346
"6",0.240353085462626,27.0305604340115
"7",0.311964364840558,27.9324715015244
"8",0.33706273994284,28.3186431137582
"9",0,25.6348018847686
