"","obs","bmi"
"1",0.360370051598868,28.7529211725959
"2",0.331958123413533,28.299516580177
"3",0.340592140674248,28.4960939916214
"4",0.324451622718485,28.2395262014985
"5",0.305962594960695,27.9832312050879
"6",0.238992668956438,27.0394467969456
"7",0.313654647939345,27.9857807195142
"8",0.335435483712775,28.3188932145478
"9",0,25.6902094844394
