"","obs","bmi"
"1",0.355332761913062,28.6712261275653
"2",0.32893001115568,28.221805113759
"3",0.336584759180946,28.3568975567955
"4",0.316378366475006,28.0427602991144
"5",0.294422653853777,27.7288217286222
"6",0.242101819551884,27.0391140834166
"7",0.30216724093333,27.8599847723936
"8",0.340924712800078,28.3367436295804
"9",0,25.578402777098
