"","obs","bmi"
"1",0.356139651053624,28.6740699024685
"2",0.324822670651646,28.2135427812579
"3",0.33884144047877,28.4105901146983
"4",0.321032581906788,28.1473243585879
"5",0.303574265293884,27.8842828017417
"6",0.248347305443487,27.1100377538831
"7",0.301315868382841,27.8417465702762
"8",0.333841044976172,28.2941847527062
"9",0,25.5761603957864
