"","obs","bmi"
"1",0.36502901876668,28.7187746905226
"2",0.333571005270132,28.2455161507412
"3",0.350269806087631,28.4805551095691
"4",0.333393614445555,28.2424130331219
"5",0.317818950722411,28.0043497000516
"6",0.243641436218026,27.082829578201
"7",0.30832432236079,27.8776189439066
"8",0.332833811444083,28.2842266404816
"9",0,25.575353455727
