"","obs","bmi"
"1",0.363662320747158,28.75504129826
"2",0.335330096429987,28.2984046778657
"3",0.342740511390973,28.4157021884
"4",0.317922242748121,28.0766534821459
"5",0.295266012409582,27.7379099641392
"6",0.244178446589721,27.0424897783909
"7",0.309840372952659,27.9005424751816
"8",0.332400781834951,28.2753516643995
"9",0,25.6126262868936
