"","obs","bmi"
"1",0.360839599875523,28.7242622058826
"2",0.332275642463612,28.2663280516968
"3",0.342418808356029,28.4151703481724
"4",0.323598574292298,28.1062095501183
"5",0.301131656179873,27.7973841385662
"6",0.241823423973854,27.0874051894369
"7",0.310545051084121,27.9307694987448
"8",0.334302598359045,28.2595603291
"9",0,25.5844908232752
