"","obs","bmi"
"1",0.358139165914596,28.6806118230296
"2",0.328367922970947,28.2093358697079
"3",0.337349086673311,28.2978425322438
"4",0.314711461351673,27.915576695355
"5",0.293440407176691,27.5338509990341
"6",0.246310439292024,27.1494447635016
"7",0.307233526080844,27.8800057618877
"8",0.332198180821759,28.2746637304426
"9",0,25.5788555033951
