"","obs","bmi"
"1",0.359239472949282,28.6832389071251
"2",0.328189910127683,28.2186900877014
"3",0.335470006908381,28.38371676367
"4",0.309698202150053,28.0843329548141
"5",0.284277076545376,27.78509078564
"6",0.243426747717723,27.1014332440746
"7",0.310011572237712,27.9345553222002
"8",0.337906497842849,28.3154240308834
"9",0,25.6136161846804
