"","obs","bmi"
"1",0.358124600334748,28.7046094965886
"2",0.32744269139541,28.235047659963
"3",0.338342829508084,28.4040089295351
"4",0.318459039713602,28.1037015520845
"5",0.293690289883283,27.8037035051128
"6",0.245423408622636,27.0618381427666
"7",0.308602455906868,27.9100452423123
"8",0.336841387767376,28.2627776614384
"9",0,25.6091099668939
