"","obs","bmi"
"1",0.360044333281487,28.6716054926612
"2",0.329129643183132,28.2117945311145
"3",0.350304045502603,28.4129974096745
"4",0.339141235074253,28.1547463541111
"5",0.326692554833634,27.896873019147
"6",0.247019387229344,27.0839486298092
"7",0.298103266535034,27.8595631005348
"8",0.335238420744717,28.30705508827
"9",0,25.5564239410583
