"","obs","bmi"
"1",0.363024831067197,28.7757274071775
"2",0.335959066967113,28.3267459595365
"3",0.341887314228403,28.4641794560901
"4",0.316179176380738,28.1528172661691
"5",0.291507860404156,27.8416470997252
"6",0.247028089530985,27.078341458806
"7",0.310065170275003,27.9317134435661
"8",0.342214074445042,28.4262812080192
"9",0,25.639725905792
