"","obs","bmi"
"1",0.357441027566549,28.6791857807267
"2",0.329746483526941,28.2267287951403
"3",0.33091120191976,28.2580054266928
"4",0.302809312085966,27.8370669651766
"5",0.274779600745836,27.4163821522104
"6",0.244114469666562,27.0809566023187
"7",0.312796978599516,27.9420255286075
"8",0.330768370163866,28.2371297078738
"9",0,25.5581818413811
