"","obs","bmi"
"1",0.35928153891696,28.672336759022
"2",0.331814776004262,28.2122717191874
"3",0.346307274414945,28.421909694759
"4",0.333030786768089,28.1717248170084
"5",0.318204286125062,27.9217941366763
"6",0.243349504628525,27.0895172446177
"7",0.306355423194938,27.8457738200846
"8",0.33887345052316,28.3373699131452
"9",0,25.6195003495311
