"","obs","bmi"
"1",0.359070329103501,28.6782547907659
"2",0.327860917261964,28.2247557731419
"3",0.340492953742235,28.3551546899264
"4",0.321260695803932,28.0324470051754
"5",0.303320930004757,27.7101601006422
"6",0.244033576496654,27.0573410528324
"7",0.310549929525407,27.9369236506077
"8",0.335328513102414,28.2956855270334
"9",0,25.6028380771356
