"","obs","bmi"
"1",0.360716723102795,28.7519857019076
"2",0.33038150804341,28.2886008155899
"3",0.344074091491111,28.4229763915442
"4",0.328607559578471,28.0942625345007
"5",0.314491141822952,27.7658584167075
"6",0.24171490731293,27.0699888127377
"7",0.311420021373038,27.9470479748882
"8",0.333546934579757,28.3074668909053
"9",0,25.609859495494
