"","obs","bmi"
"1",0.36150334163662,28.7092700693916
"2",0.333321429411562,28.2508442742751
"3",0.337706417982522,28.3585118945491
"4",0.31383552756336,28.0079102601807
"5",0.289846387379158,27.6574694714728
"6",0.238022621995331,27.033096601523
"7",0.306036088398906,27.9168266675602
"8",0.335151306969499,28.2921940537226
"9",0,25.5902941799926
