"","obs","bmi"
"1",0.357022046005509,28.6757556517945
"2",0.327579035660035,28.2250182145556
"3",0.333132712657316,28.3793569229854
"4",0.306844106120368,28.0831003931427
"5",0.283959815978232,27.7869902754171
"6",0.24562821719346,27.0849202727298
"7",0.307325612358257,27.9258503912676
"8",0.332863227068103,28.2776544873309
"9",0,25.6240519412465
