"","obs","bmi"
"1",0.35509627710677,28.6496345020283
"2",0.32589556084818,28.1940999852243
"3",0.344526629157925,28.3715559704843
"4",0.334027052275066,28.0937098899878
"5",0.323226951042198,27.8161061517899
"6",0.242722712550342,27.0780832541938
"7",0.307565765581626,27.8914425178226
"8",0.335501092022008,28.2415833491039
"9",0,25.5884743893075
