"","obs","bmi"
"1",0.362312843753288,28.7379189530132
"2",0.333331248653733,28.2844034901409
"3",0.34321230427435,28.4738646294816
"4",0.323508957515301,28.2100188159926
"5",0.302753712683261,27.9463908552679
"6",0.249888171526506,27.1206038624814
"7",0.310397798645825,27.9271447046961
"8",0.332650061192425,28.2688702357814
"9",0,25.6539211932255
