"","obs","bmi"
"1",0.3648350849431,28.7397745293954
"2",0.331922133630018,28.2900526887076
"3",0.337621457461058,28.4134332609733
"4",0.311098940325526,28.0872946271865
"5",0.283442176451672,27.7613668850221
"6",0.249358805816827,27.1063524182977
"7",0.304334142045246,27.8471514518314
"8",0.334625552635627,28.2815945151413
"9",0,25.5964218333595
