"","obs","bmi"
"1",0.363641885842403,28.7196097923927
"2",0.331097204636582,28.2689840770728
"3",0.34276035341599,28.3984379289596
"4",0.323543220250959,28.0774627933736
"5",0.302201156563638,27.7566925796739
"6",0.248518054453006,27.147100559286
"7",0.306930774003512,27.8702430812104
"8",0.331128220092255,28.2626080463863
"9",0,25.6317038542995
