"","obs","bmi"
"1",0.358945252834209,28.6680079387723
"2",0.330226698802355,28.2057892969228
"3",0.345764772890178,28.2978255959932
"4",0.329993605639251,27.9280787490473
"5",0.316220417860154,27.5587951457454
"6",0.244351414405327,27.1004719441547
"7",0.30797157571646,27.8898250298688
"8",0.338383859956193,28.3083618577832
"9",0,25.5733671579723
