"","obs","bmi"
"1",0.365262453497181,28.7451073915464
"2",0.335244247645621,28.291485842953
"3",0.346295090703177,28.4403368057364
"4",0.324884321916043,28.1358008013783
"5",0.304894123749465,27.8315102160661
"6",0.24362246765872,27.0966601258925
"7",0.311451110636657,27.9330438284082
"8",0.335016995682265,28.3224434306072
"9",0,25.5417566781325
