"","obs","bmi"
"1",0.359058881061497,28.7350921896698
"2",0.331528383185929,28.2802908832599
"3",0.340402714379166,28.4215190718271
"4",0.320038697285896,28.108146060674
"5",0.298128891054393,27.7949814163349
"6",0.240035270312422,26.9935486018115
"7",0.310345044449141,27.9537553091965
"8",0.333958268794749,28.2885812918612
"9",0,25.6649803181024
