"","obs","bmi"
"1",0.361328175325477,28.6895469277376
"2",0.331182044472528,28.2319056489196
"3",0.344809324991768,28.3932146759725
"4",0.32677865704005,28.0970399005533
"5",0.306906324709834,27.8010296178753
"6",0.247411088940988,27.0672915474933
"7",0.310255337921894,27.9556818497902
"8",0.331936724129578,28.2911029271481
"9",0,25.5317629634043
