"","obs","bmi"
"1",0.351463609800008,28.6080279365409
"2",0.323832785665459,28.1523785838352
"3",0.348078682221168,28.3813215415312
"4",0.342849943984646,28.1548263205698
"5",0.338835106962367,27.9285511568157
"6",0.244898508861273,27.0672016907888
"7",0.30058598239476,27.7811706564077
"8",0.333390158095308,28.2341163103186
"9",0,25.5446843886565
