"","obs","bmi"
"1",0.360946159671836,28.6684095235924
"2",0.332382932156762,28.2101687983262
"3",0.346863613951664,28.3829758141831
"4",0.33097305803277,28.0978130347102
"5",0.315208746312909,27.8129347687689
"6",0.240537904540891,27.0196746680537
"7",0.306471864055315,27.9150441985346
"8",0.33194732986385,28.2650547212671
"9",0,25.5230556822987
