"","obs","bmi"
"1",0.363580148476785,28.752239649387
"2",0.335319532116547,28.3011914305609
"3",0.34209762639197,28.4308291644625
"4",0.320561753555779,28.109677272479
"5",0.293225679310621,27.7887960675676
"6",0.239005497047597,27.0528926268473
"7",0.307753450981411,27.8995682624574
"8",0.331115856530636,28.2506300496939
"9",0,25.5539876062884
