"","obs","bmi"
"1",0.363710179802358,28.6958664263047
"2",0.33555626151725,28.2372646593135
"3",0.345468053956,28.3854987760835
"4",0.325329060328143,28.0753478982905
"5",0.302143071908007,27.7654226086282
"6",0.244580301692699,27.0518578818067
"7",0.305453852608315,27.8601100917551
"8",0.341512268865528,28.3338312243655
"9",0,25.5844650910851
