"","obs","bmi"
"1",0.354953014569416,28.6491686312158
"2",0.326609878151286,28.1948027113658
"3",0.340810180555052,28.3904354430032
"4",0.326657180855681,28.1318479946307
"5",0.312992896868004,27.8734110475006
"6",0.245133041399514,27.0752106364025
"7",0.305187664890092,27.895367464627
"8",0.342777280382287,28.3479202247307
"9",0,25.6017343427364
