"","obs","bmi"
"1",0.360253286354386,28.7899138763454
"2",0.332623369189594,28.3335309708972
"3",0.349787605219706,28.5013334988132
"4",0.340055926000965,28.2130863422607
"5",0.326230535528605,27.9251917195164
"6",0.246051100623189,27.0900108263359
"7",0.305243233529429,27.9268421909393
"8",0.333084850452919,28.2775266890108
"9",0,25.6436354856024
