"","obs","bmi"
"1",0.358785397124315,28.6778336277851
"2",0.330597329431164,28.215664615819
"3",0.343881117559872,28.4352311672538
"4",0.324314161989186,28.1927183870046
"5",0.306424348173797,27.9502974000296
"6",0.241939694531293,27.0330817495792
"7",0.305603226577173,27.8899294761203
"8",0.332736587841648,28.2865004796631
"9",0,25.5683816396128
