"","obs","bmi"
"1",0.364743751276071,28.7411279986729
"2",0.334980043196008,28.2782738706919
"3",0.342139157860976,28.4004633764291
"4",0.3212814145828,28.0599643752394
"5",0.296246816455874,27.7196365885224
"6",0.245972891674917,27.0815011481268
"7",0.306148277539035,27.8762047004034
"8",0.333366003759875,28.2276462511463
"9",0,25.6106149941944
