"","obs","bmi"
"1",0.353716249611265,28.6097753977983
"2",0.323545312274434,28.1387857971837
"3",0.340262646881293,28.3861122269268
"4",0.323464021001619,28.1625730267214
"5",0.307782031242858,27.939162021925
"6",0.24746387455251,27.1028189333759
"7",0.31424835534995,28.0220748204869
"8",0.335402604507023,28.3097547138811
"9",0,25.5877791911801
