"","obs","bmi"
"1",0.35848002662006,28.7064220453512
"2",0.327723774898668,28.2438137506319
"3",0.345657975295386,28.4819467220272
"4",0.332860892098784,28.2575607853948
"5",0.316346270943341,28.0332673388162
"6",0.244352451295815,27.0217539047842
"7",0.313903090027223,27.9638691934934
"8",0.342076978263254,28.364174029918
"9",0,25.6348914361755
