"","obs","bmi"
"1",0.364519639191207,28.7485520678779
"2",0.334236241875307,28.2880579770009
"3",0.34066584775335,28.3681382943654
"4",0.315304031673016,27.9879060064326
"5",0.289655620236487,27.6078626947002
"6",0.245523355401766,27.0812853801858
"7",0.305461922077011,27.8302872094731
"8",0.332177615715879,28.2426194653352
"9",0,25.6001733782949
