"","obs","bmi"
"1",0.35631861036137,28.699569229245
"2",0.327187025947934,28.2401462766957
"3",0.338126339290137,28.321511392246
"4",0.313747578179601,27.9439320929225
"5",0.293712610249234,27.5668657785468
"6",0.241464561312222,27.0639043672532
"7",0.306042922378421,27.8976310613774
"8",0.331911559540389,28.2369550770994
"9",0,25.6014391313797
