"","obs","bmi"
"1",0.360757034845983,28.7012573492562
"2",0.3305193814999,28.2418253105882
"3",0.345768922317344,28.3826214755654
"4",0.329653332360297,28.0642100270349
"5",0.310169834985659,27.7460320860115
"6",0.245161030185791,27.0901059437486
"7",0.307940305294276,27.921691418395
"8",0.330762625948998,28.2679780958653
"9",0,25.5665163329729
