"","obs","bmi"
"1",0.359134289314643,28.6822858615961
"2",0.331169850708949,28.2228220751523
"3",0.339738576038019,28.3337802471622
"4",0.31668970138844,27.9855515464219
"5",0.292173835730309,27.6376122313926
"6",0.237573223612335,27.029458211435
"7",0.313158216537694,27.9307644174799
"8",0.331058182720831,28.2257214565996
"9",0,25.5805834346815
