"","obs","bmi"
"1",0.36022592050525,28.6692871922189
"2",0.330342745659014,28.2108681847166
"3",0.340679831587824,28.3791810172942
"4",0.322261409075926,28.0892116634096
"5",0.300417062005623,27.7993829609608
"6",0.242672202009829,27.0564622995812
"7",0.314052781713434,27.9744573346006
"8",0.334494137162674,28.2675208899027
"9",0,25.5627782885104
