"","obs","bmi"
"1",0.3624019237219,28.6860205638033
"2",0.330187575031468,28.2257817402558
"3",0.347426118562367,28.4351151949633
"4",0.33257079124684,28.1844158150868
"5",0.319083887694073,27.9339313290151
"6",0.24617280627175,27.0704268310185
"7",0.30750887637756,27.8660886882896
"8",0.337931769883217,28.3222376124109
"9",0,25.5527395195799
