"","obs","bmi"
"1",0.360565631741235,28.6455712962841
"2",0.328939012870957,28.1831910855272
"3",0.334617760811822,28.2407097442001
"4",0.310420339916586,27.8361249682041
"5",0.283409090349829,27.4318310660383
"6",0.244526038233295,27.0617545748519
"7",0.311160949704961,27.9547272082156
"8",0.337071827787895,28.297365137716
"9",0,25.6050726556476
