"","obs","bmi"
"1",0.357585055522876,28.6931147793395
"2",0.32948258696754,28.2406715514005
"3",0.333411351404543,28.3438164728257
"4",0.312124858253329,27.9947331928129
"5",0.290078595869708,27.6458829121923
"6",0.240256660132241,27.0675199531201
"7",0.304884464639244,27.8745786627305
"8",0.335252763701643,28.3030952375974
"9",0,25.5841146025688
