"","obs","bmi"
"1",0.359287566180929,28.6757439270877
"2",0.330073605659853,28.2182868068399
"3",0.347613103296744,28.4324532684338
"4",0.334476603425483,28.1892635748703
"5",0.322464513612097,27.9461778872802
"6",0.244371773637632,27.0383384986852
"7",0.301648440277557,27.8287966516674
"8",0.333079934781978,28.2918043554356
"9",0,25.5663866795836
