"","obs","bmi"
"1",0.354968753207626,28.6492884753752
"2",0.327120919979328,28.1985389834521
"3",0.335765713807175,28.3751698761293
"4",0.31464107909695,28.1011347185314
"5",0.294208727163218,27.8271855796209
"6",0.242530730175154,27.0592628349938
"7",0.306991019531084,27.9067327035373
"8",0.334644253684763,28.2627284848652
"9",0,25.6180267497291
