"","obs","bmi"
"1",0.361512000088993,28.707103207289
"2",0.330173115960671,28.2489359556026
"3",0.342393842794111,28.4106583905703
"4",0.327797890625062,28.1143850323237
"5",0.30930017305763,27.8182907750178
"6",0.2433847280036,27.0589399128633
"7",0.31355717112237,27.928672823073
"8",0.336773719815163,28.297096458307
"9",0,25.5729479767093
