"","obs","bmi"
"1",0.361302270068089,28.7736642378297
"2",0.332483958820846,28.3260040610389
"3",0.33777243650816,28.5335760367975
"4",0.311707664912057,28.2935327597751
"5",0.285735766737366,28.05353295274
"6",0.239919962941095,26.9909812401802
"7",0.304371578752071,27.8797494656344
"8",0.330103962706407,28.2610159852405
"9",0,25.6804664332902
