"","obs","bmi"
"1",0.359280370327518,28.7215824480803
"2",0.330430436070845,28.265364209739
"3",0.344540833094164,28.3996564833675
"4",0.331514688277105,28.0780413164747
"5",0.316431833367158,27.7567544712259
"6",0.247811876708142,27.0937748452647
"7",0.3093328182646,27.9136627504961
"8",0.336861541710016,28.2937297324961
"9",0,25.6199562000045
