"","obs","bmi"
"1",0.359607412601155,28.6877956838453
"2",0.329439009836742,28.2294316131253
"3",0.337315252310864,28.3500130907293
"4",0.318102222729539,28.0124305518545
"5",0.292769675825816,27.6750555233536
"6",0.243729800470944,27.0523549209059
"7",0.303226198711171,27.8839796014829
"8",0.336761800058931,28.3111712239981
"9",0,25.6240857193922
