"","obs","bmi"
"1",0.353013746173618,28.5924966379163
"2",0.323512503422783,28.1337833924159
"3",0.329395837261909,28.2833437060904
"4",0.305043937717147,27.9743598847285
"5",0.278609353376461,27.6655507823566
"6",0.246383658733809,27.0585950578148
"7",0.30111578650619,27.8451227898562
"8",0.335728449096083,28.294106457208
"9",0,25.5318243313447
