"","obs","bmi"
"1",0.354779642081625,28.6571960999139
"2",0.324193754791408,28.2010838515479
"3",0.341319323679108,28.3877024311318
"4",0.328595090390427,28.1184387306111
"5",0.312837592493641,27.8494162248737
"6",0.238869350424007,26.9910441539886
"7",0.317236008493858,28.0066298244302
"8",0.329766686883353,28.2505990407155
"9",0,25.5673907730612
