"","obs","bmi"
"1",0.360153362813234,28.7079317429246
"2",0.333000356810765,28.2558727473536
"3",0.349057908350719,28.415829481326
"4",0.336392529106508,28.1239233071826
"5",0.325855767489246,27.8322210819373
"6",0.244254650024431,27.1029322239967
"7",0.301895042901767,27.8713436396629
"8",0.331195809822079,28.2402465637811
"9",0,25.6063639314568
