"","obs","bmi"
"1",0.365376640226173,28.7517096820744
"2",0.33578953593036,28.2907719152693
"3",0.332140667684717,28.4220517012131
"4",0.292767474844596,28.0924526669914
"5",0.262702654107063,27.7629106797671
"6",0.24979853324713,27.0707756090795
"7",0.307427738658762,27.9015170254554
"8",0.332524300700163,28.2907258764736
"9",0,25.5690263982944
