"","obs","bmi"
"1",0.363304361204737,28.7256269519787
"2",0.332509280206217,28.2675352367747
"3",0.344594241363232,28.4476547781362
"4",0.327265951615494,28.1699062763438
"5",0.303911863726327,27.8923926049115
"6",0.241234857559145,27.0107579290928
"7",0.305047861418477,27.8856412052907
"8",0.331013740532509,28.2682522759875
"9",0,25.576495551336
