"","obs","bmi"
"1",0.365579107806348,28.7806276010258
"2",0.336208977451073,28.3191939194499
"3",0.351647938599742,28.5039676934019
"4",0.337297626909098,28.2275876612431
"5",0.319586296487549,27.9515037779002
"6",0.244279405810506,27.0360066768127
"7",0.308924843006247,27.8927205385241
"8",0.337475138859828,28.3201079971822
"9",0,25.6359034218701
