"","obs","bmi"
"1",0.35356994095692,28.6795902923989
"2",0.324899234894251,28.2286976051233
"3",0.335650652873009,28.3303779094561
"4",0.315096381816703,27.9815496575318
"5",0.29638732285985,27.6331284000404
"6",0.242015192764363,27.0324441102255
"7",0.304934361882289,27.883231052284
"8",0.32996847342717,28.2365364209897
"9",0,25.641002669101
