"","obs","bmi"
"1",0.355049609317951,28.6708306335618
"2",0.324611985097812,28.2145219774996
"3",0.336333164622595,28.3783344856929
"4",0.311488729768316,28.0859210290934
"5",0.29093220343558,27.7935896333852
"6",0.246419279812168,27.0739272163836
"7",0.307721897077319,27.8912000313543
"8",0.326865147122097,28.1927816250691
"9",0,25.6195547298864
