"","obs","bmi"
"1",0.360807278214795,28.6741709937285
"2",0.331547774931763,28.2126687290782
"3",0.332904540175503,28.2806714291436
"4",0.303115492113244,27.8873416422825
"5",0.272703358540093,27.4941861053581
"6",0.248864045830677,27.1039975613855
"7",0.298499673851908,27.8560009220973
"8",0.330228957785539,28.1971946794557
"9",0,25.5583248010038
