"","obs","bmi"
"1",0.369104868931366,28.7947851605797
"2",0.336201442226312,28.3392428830355
"3",0.347120213459104,28.4595890884241
"4",0.32301982735234,28.1247121547584
"5",0.298664022282608,27.7901713479897
"6",0.242440650598952,27.0388884162981
"7",0.307058682769331,27.8748990959276
"8",0.333121238068448,28.3158818101175
"9",0,25.6379845268196
