"","obs","bmi"
"1",0.360548152316117,28.7045863303585
"2",0.330132265467432,28.2409724888849
"3",0.342525511673474,28.3848063734421
"4",0.321879181173552,28.0653458809636
"5",0.305086699841982,27.7462226397876
"6",0.24411412931179,27.0709620551797
"7",0.307588081224007,27.916824237057
"8",0.339117634464041,28.3010946796842
"9",0,25.5428759873686
