"","obs","bmi"
"1",0.35873859121524,28.712210771398
"2",0.3293291537242,28.2547144274283
"3",0.345879117797309,28.3641802617692
"4",0.329644816448128,28.0164164913291
"5",0.315857959779697,27.6689313378691
"6",0.241810514649773,27.0271524122031
"7",0.302482951974141,27.868873781965
"8",0.331775116677124,28.2019175009184
"9",0,25.607586893281
