"","obs","bmi"
"1",0.356328624417682,28.6469229985077
"2",0.326243026080437,28.1952898078146
"3",0.345757020792663,28.4035349203053
"4",0.335631421881597,28.1602575010406
"5",0.324764899706758,27.9170937277326
"6",0.245234201739598,27.1061184588492
"7",0.299094537132271,27.7786508186175
"8",0.327025041945041,28.1474662892412
"9",0,25.5878780233869
