"","obs","bmi"
"1",0.35876267047479,28.7137215510607
"2",0.330279664577662,28.2537935881508
"3",0.332458308664321,28.3540144658059
"4",0.304307306728661,27.9944340012624
"5",0.280634191912883,27.6349811890721
"6",0.244610723952599,27.0411951360499
"7",0.308812539823509,27.9129876898238
"8",0.336684374287855,28.2957777690969
"9",0,25.6192559695458
