"","obs","bmi"
"1",0.362482374041535,28.7291434892369
"2",0.333889535998171,28.2729254156648
"3",0.331983766312863,28.4177109807534
"4",0.295765779902767,28.1063766937978
"5",0.262545206085782,27.7951403174458
"6",0.242902715347572,27.055110431302
"7",0.306945270851518,27.9042048189902
"8",0.33357056257109,28.3344847124354
"9",0,25.5604887784342
