"","obs","bmi"
"1",0.360042128808066,28.6808763041532
"2",0.328300711183325,28.2159090098643
"3",0.342230328044648,28.4315387801857
"4",0.326182293024004,28.1823546273379
"5",0.305968428954228,27.9333288766637
"6",0.244962370892002,27.0580796327704
"7",0.306640804430406,27.9108816201599
"8",0.335030772241279,28.2997059363144
"9",0,25.5664405319067
