"","obs","bmi"
"1",0.372313823346648,28.8005924555254
"2",0.342907784763403,28.3444398139681
"3",0.354139167737729,28.5550516000281
"4",0.332250306651816,28.3096356840488
"5",0.31197721593805,28.0643484135907
"6",0.246511517395072,27.1368981303034
"7",0.309978334640592,27.9553161993271
"8",0.340028722965767,28.3457470241674
"9",0,25.5720533657722
