"","obs","bmi"
"1",0.363425612839714,28.7097183660933
"2",0.334968855873995,28.2501078638274
"3",0.347201979707116,28.4729796247318
"4",0.328369261025629,28.2363469949501
"5",0.3136501004811,27.9998229540637
"6",0.246854402015024,27.054309996321
"7",0.300226654381187,27.8408566390547
"8",0.335722684862932,28.3301165025846
"9",0,25.5777114290228
