"","obs","bmi"
"1",0.359657592993795,28.7034582220341
"2",0.332280474455296,28.2456162950093
"3",0.354344405896807,28.5013667160343
"4",0.34799337724809,28.2993956133473
"5",0.34207169488939,28.0975497402439
"6",0.245641648512573,27.0886436695083
"7",0.313011319851207,27.9533507993305
"8",0.333011333406914,28.2833860264471
"9",0,25.5942452317274
