"","obs","bmi"
"1",0.36021335150215,28.688983146235
"2",0.329897283351867,28.2256700671507
"3",0.350541732241759,28.5226385039136
"4",0.340446393069107,28.3563615641688
"5",0.329269197564263,28.1901541275421
"6",0.243346346858243,27.1002196943022
"7",0.305643577185056,27.9157350990302
"8",0.327553909863875,28.2489293867886
"9",0,25.6026785899445
