"","obs","bmi"
"1",0.364341095411782,28.7558859873459
"2",0.334982874369931,28.3072685284432
"3",0.353777250220379,28.5065270992967
"4",0.343597580633575,28.2573193398569
"5",0.332631861276783,28.0082679021962
"6",0.243892199709547,27.0613389434514
"7",0.310534152464027,27.8984149260551
"8",0.330747030678082,28.2320708220561
"9",0,25.5723540885896
