"","obs","bmi"
"1",0.35993718994146,28.7164087816455
"2",0.328787341883956,28.2517895943747
"3",0.336414437082343,28.4244605927693
"4",0.316878651485875,28.1326599757971
"5",0.293892892647451,27.8410138813689
"6",0.243998057008196,27.0610232850661
"7",0.304949014667635,27.8374219676084
"8",0.3314010629933,28.2404495051828
"9",0,25.5966931356455
