"","obs","bmi"
"1",0.355509532237662,28.6560532942571
"2",0.327226872280948,28.2034569949615
"3",0.342518228515409,28.3459341433946
"4",0.329538381476482,28.0361985870941
"5",0.316668870739003,27.7268695375269
"6",0.244020537936421,27.0100332180568
"7",0.308988185131863,27.9169306900051
"8",0.336285493040849,28.341100718958
"9",0,25.5731458595406
