"","obs","bmi"
"1",0.36539170724884,28.7203717460284
"2",0.335801085756848,28.2646615017113
"3",0.345900201713309,28.4141817180382
"4",0.321673660492733,28.1081205548867
"5",0.303083756009662,27.802192213444
"6",0.244855546098239,27.0956180157765
"7",0.311342784080585,27.8976709319425
"8",0.341438886293363,28.3310270991171
"9",0,25.5800908590917
