"","obs","bmi"
"1",0.361301272533699,28.7390004130887
"2",0.331727427843559,28.2794293936903
"3",0.340478790575753,28.3948900882709
"4",0.316736843169736,28.050987856998
"5",0.297901946028618,27.7073029214385
"6",0.242877464123145,27.0913857446271
"7",0.309182436047275,27.9056833901712
"8",0.336220794030779,28.3008935727966
"9",0,25.6315631566253
