"","obs","bmi"
"1",0.356129968319313,28.6897491324769
"2",0.328437000407289,28.2390159095268
"3",0.338016479755152,28.3706680648629
"4",0.315567830020768,28.0517321049789
"5",0.295663657549736,27.7329453519075
"6",0.24361618613194,27.0629246346171
"7",0.302068769784029,27.8666375239352
"8",0.335921808414967,28.2694930401754
"9",0,25.6096443524668
