"","obs","bmi"
"1",0.357202119030526,28.6699883491803
"2",0.328262425405085,28.2153045075093
"3",0.337395959420581,28.2695103538243
"4",0.315142722638783,27.8694264803612
"5",0.291303926338762,27.469758846877
"6",0.241666297809394,27.098976552118
"7",0.304406966046744,27.8948181470307
"8",0.334298957771858,28.2766461815598
"9",0,25.5583526512763
