"","obs","bmi"
"1",0.359894961104302,28.6973987430155
"2",0.331593726946552,28.2444487057255
"3",0.336125189369869,28.2867516534112
"4",0.309540293017111,27.8763320626371
"5",0.283688780420666,27.4661480388605
"6",0.247644747123138,27.0877824422121
"7",0.308976416534419,27.9429775862655
"8",0.339712041169241,28.3407302164325
"9",0,25.5956731361674
