"","obs","bmi"
"1",0.357164568096101,28.7154126348102
"2",0.326280753975694,28.2563947883633
"3",0.331960628791561,28.4231981134074
"4",0.307298559050291,28.1310907098732
"5",0.281748217347033,27.8390914871504
"6",0.245513952484297,27.1032779214204
"7",0.305504434199625,27.8641267408933
"8",0.326801179740212,28.221156157183
"9",0,25.6470442808711
