"","obs","bmi"
"1",0.357191561224731,28.6601897459588
"2",0.328053431037355,28.2096733953133
"3",0.336638828652096,28.327102344339
"4",0.311810918346373,27.9941835820377
"5",0.287573818507316,27.6614379414293
"6",0.24645893841542,27.108582792076
"7",0.30537529308905,27.8698127183342
"8",0.339420770289504,28.2894111298869
"9",0,25.5833800709561
