"","obs","bmi"
"1",0.362451545651818,28.7222692594143
"2",0.333480518307468,28.2568660113811
"3",0.337731519726124,28.2737772697834
"4",0.309108010329663,27.8255194814359
"5",0.285967595184452,27.3775059803154
"6",0.239520562272331,26.9916747554975
"7",0.303744876356472,27.857028296295
"8",0.339588004889671,28.3237294168213
"9",0,25.5802211769349
