"","obs","bmi"
"1",0.364557000771983,28.7137026588961
"2",0.332691062755034,28.2624647352019
"3",0.33841363541658,28.3245656367288
"4",0.306329872748975,27.9358447505259
"5",0.277009067768995,27.5475669149822
"6",0.248063405992277,27.1068552300694
"7",0.311886682624269,27.9184675657758
"8",0.334338298168953,28.3169960716319
"9",0,25.6253581269643
