"","obs","bmi"
"1",0.356917419353985,28.6797709570809
"2",0.331671001073574,28.2225925823365
"3",0.333920881701584,28.3217600206819
"4",0.306858631715701,27.9638824295107
"5",0.277733563094438,27.6061407616332
"6",0.242675336170344,27.0457409021541
"7",0.307618744396643,27.9187531852572
"8",0.328605243944998,28.2283724538677
"9",0,25.5939947024697
