"","obs","bmi"
"1",0.357955378877697,28.6740186717273
"2",0.329159983769816,28.219662448144
"3",0.35186980576018,28.4254408028852
"4",0.345693852724842,28.1772509331598
"5",0.338145722757457,27.9294743949045
"6",0.24271433975886,27.0915488089887
"7",0.303601926333774,27.8842168695184
"8",0.332591196557436,28.2135408626383
"9",0,25.5653824996761
