"","obs","bmi"
"1",0.361955722938347,28.7095100441249
"2",0.331609502517047,28.2486199557218
"3",0.343825773272129,28.3863274822671
"4",0.326463492616722,28.0633823146476
"5",0.305164469317839,27.7406852310428
"6",0.24163353103535,27.0512863484239
"7",0.308488926748821,27.8879951607421
"8",0.334829649269998,28.2735545660476
"9",0,25.5922103032177
