"","obs","bmi"
"1",0.363602459813761,28.733247707218
"2",0.334372151131784,28.2853231973767
"3",0.346473259640308,28.3814474605801
"4",0.325206743227451,28.0298916511316
"5",0.305573230666888,27.6785906983287
"6",0.250952630072928,27.1559332781145
"7",0.305983807581881,27.9198956908906
"8",0.327192003919873,28.2284509369222
"9",0,25.6197528813445
