"","obs","bmi"
"1",0.362388909207794,28.7266597448343
"2",0.335782209816457,28.2728804189971
"3",0.343891030630751,28.3825436084718
"4",0.320872516820738,28.0385873393647
"5",0.300876738113603,27.6947958068741
"6",0.244052948388103,27.0811132026988
"7",0.307088278056635,27.8921141008942
"8",0.331864098107219,28.2619133328818
"9",0,25.5705259100838
