"","obs","bmi"
"1",0.360748670303207,28.7046812694326
"2",0.333161808355349,28.246766669586
"3",0.340462959261195,28.4016464272119
"4",0.316079047483307,28.0988472901525
"5",0.287939401123806,27.7962945361078
"6",0.240638747419395,27.0099347290428
"7",0.308026271533007,27.8593342895224
"8",0.329009170408116,28.2148610655957
"9",0,25.5938341179185
