"","obs","bmi"
"1",0.356001183648189,28.6645332874701
"2",0.326457613508212,28.2100793001317
"3",0.34129823460817,28.4385163405067
"4",0.325771399699333,28.2125595616263
"5",0.308640344843653,27.9866641337033
"6",0.249456538367537,27.0627742627266
"7",0.310405404916526,27.946974843223
"8",0.325660565990753,28.1741187270682
"9",0,25.6207664054722
