"","obs","bmi"
"1",0.352944636737869,28.6307160072817
"2",0.322230858980964,28.165115884575
"3",0.33883191516227,28.4013369297027
"4",0.325252623790033,28.1721026933046
"5",0.310809832492725,27.9430182382278
"6",0.247032935293054,27.0762361687692
"7",0.30886764109571,27.928226343772
"8",0.341778069111882,28.3134156564811
"9",0,25.5727822611199
