"","obs","bmi"
"1",0.362565703233077,28.7752816210167
"2",0.332522094871985,28.3197287053454
"3",0.345355648031579,28.4719965323292
"4",0.325556649404298,28.1688236112253
"5",0.306227875111757,27.8657663840314
"6",0.248453775069771,27.1219374515736
"7",0.311138319719782,27.8968857638999
"8",0.331476031166748,28.2866458009327
"9",0,25.6463544810061
