"","obs","bmi"
"1",0.355573066936849,28.6887228008142
"2",0.325863562351872,28.2303104406116
"3",0.328595347216041,28.3327496154495
"4",0.297130914069578,27.9769372693324
"5",0.269517670565146,27.6212896633296
"6",0.248301086877279,27.1075279018639
"7",0.301344303916135,27.8517576016996
"8",0.336308284485933,28.3282664619624
"9",0,25.6048406124099
