"","obs","bmi"
"1",0.364731616367085,28.7130003378765
"2",0.332957590306132,28.2483021955143
"3",0.337397794288283,28.3459462206943
"4",0.308143678739163,27.9790380301531
"5",0.28151907295653,27.6122792637966
"6",0.255220143642942,27.1579463980297
"7",0.302360975361117,27.862321549157
"8",0.331127163557118,28.2172410964779
"9",0,25.5951887432779
