"","obs","bmi"
"1",0.354779642081625,28.6571960999139
"2",0.324414343340528,28.19614373835
"3",0.334689190838056,28.364062720223
"4",0.314803353895937,28.0710687941286
"5",0.297942998590831,27.7782193445715
"6",0.238869350424007,26.9910441539886
"7",0.317236008493858,28.0066298244302
"8",0.329766686883353,28.2505990407155
"9",0,25.5673907730612
