"","obs","bmi"
"1",0.358083772726262,28.6663929050836
"2",0.330883586855973,28.2052618890554
"3",0.338533016741622,28.3958141741252
"4",0.314789645429744,28.1253438753796
"5",0.291772643892592,27.8549844726536
"6",0.241861450570378,27.0938323382851
"7",0.304778548608851,27.8661805364855
"8",0.340789153851039,28.3535372710894
"9",0,25.6285838065952
