"","obs","bmi"
"1",0.355049609317951,28.6708306335618
"2",0.325357819793507,28.2172912637209
"3",0.322869284835291,28.3147235764267
"4",0.285495035398273,27.9586850115264
"5",0.253140554586258,27.6027131913175
"6",0.246419279812168,27.0739272163836
"7",0.307721897077319,27.8912000313543
"8",0.326865147122097,28.1927816250691
"9",0,25.6195547298864
