"","obs","bmi"
"1",0.362190125904472,28.6895837791484
"2",0.332909967156318,28.2256954840598
"3",0.341046219818626,28.3100295844663
"4",0.3134136970598,27.9309218667369
"5",0.289906813502316,27.5522904023336
"6",0.242440334757048,27.0358416292755
"7",0.313109609486933,27.9732511240624
"8",0.335923190438369,28.2960923370641
"9",0,25.6056953343662
