"","obs","bmi"
"1",0.352589280137029,28.6425580747812
"2",0.323552356562935,28.1798550412068
"3",0.336125640330712,28.3248901914696
"4",0.318564540608619,28.007551242713
"5",0.295420054467413,27.6905595177294
"6",0.242329634899003,27.0253177233319
"7",0.307414369182464,27.880746792592
"8",0.339186318302036,28.3055839723735
"9",0,25.5733301238816
