"","obs","bmi"
"1",0.358819508244924,28.6828501429886
"2",0.326058476482515,28.2192215091133
"3",0.332367013393835,28.3215598831049
"4",0.302843160575761,27.9604629030829
"5",0.275042959329616,27.5995652303063
"6",0.24094280353766,27.058009305357
"7",0.311406801066837,27.9418449940067
"8",0.329704704180494,28.2541210750907
"9",0,25.6057274296512
