"","obs","bmi"
"1",0.35751516094252,28.6707016950197
"2",0.32941173921069,28.2151586148991
"3",0.338349569059987,28.3017605006799
"4",0.315122089634943,27.9332339492147
"5",0.290884582253595,27.5651494352829
"6",0.241907240743576,27.0279640795788
"7",0.310943562657131,27.9277324592875
"8",0.341429019421978,28.3128259907376
"9",0,25.5891982647981
