"","obs","bmi"
"1",0.358570601247863,28.6657255274947
"2",0.327507744850699,28.1998043014441
"3",0.336546452063385,28.4361627552339
"4",0.315425722546484,28.2066431897016
"5",0.293944914122749,27.9771670794083
"6",0.244538484950895,27.0625772886746
"7",0.303560247412574,27.8601336439744
"8",0.3236528344443,28.2097765839566
"9",0,25.5713493528446
