"","obs","bmi"
"1",0.359983707526313,28.6845156606544
"2",0.329770858204017,28.2346601718599
"3",0.340266863057872,28.4165156828489
"4",0.321964423967926,28.1486341954965
"5",0.300041086208902,27.8808750487424
"6",0.248830959700724,27.0989735646206
"7",0.311790698654571,27.9067499562494
"8",0.328813862849049,28.2494884171457
"9",0,25.5855260465758
