"","obs","bmi"
"1",0.364097754836011,28.700515054456
"2",0.334538741180774,28.2405808697018
"3",0.345111512496443,28.4251818687101
"4",0.327992378187556,28.1499782084991
"5",0.304775790853912,27.8749091600253
"6",0.247868060322634,27.1136242868249
"7",0.304897195815816,27.8514559877208
"8",0.338471343448391,28.2860414911578
"9",0,25.5845543775831
