"","obs","bmi"
"1",0.366469937311445,28.7303046857201
"2",0.334226550310914,28.2631686994207
"3",0.34562300438353,28.3354516799219
"4",0.320224794104277,27.9408438433625
"5",0.297170036648696,27.5464927474887
"6",0.242890770960352,27.0667083919808
"7",0.309812726590097,27.9261461530529
"8",0.330107653557479,28.2332244990705
"9",0,25.5847944433725
