"","obs","bmi"
"1",0.359359510360505,28.7429634001872
"2",0.331042887972835,28.2820222855546
"3",0.34491698045778,28.5087771497931
"4",0.329375869255026,28.2747885909712
"5",0.308612793458212,28.0410066989232
"6",0.244125040087109,27.0805246284097
"7",0.310944158916809,27.9751515976574
"8",0.339420653806961,28.3434041560321
"9",0,25.5863290098815
