"","obs","bmi"
"1",0.364118317951935,28.726114758376
"2",0.334327465032496,28.2623542909404
"3",0.334408577300049,28.3920858203667
"4",0.300477370101717,28.0582030767831
"5",0.269362619088749,27.7244693122294
"6",0.241883695534544,27.076796099209
"7",0.303430601011687,27.8856404584218
"8",0.335004623491039,28.27884432616
"9",0,25.5607473525464
