"","obs","bmi"
"1",0.354768937939532,28.6789088379895
"2",0.32373995223457,28.2243628459787
"3",0.333568536435204,28.368138789619
"4",0.310003424873607,28.0576994789722
"5",0.286330291930564,27.7476109086762
"6",0.241066039478526,27.0337215674902
"7",0.305940410443494,27.8836422107568
"8",0.34106532752229,28.3342588874369
"9",0,25.6538555032579
