"","obs","bmi"
"1",0.355152807328888,28.6766734623694
"2",0.326254601063305,28.2235756068098
"3",0.334955622469356,28.383746216564
"4",0.313254762839081,28.0910516719596
"5",0.28788605818544,27.7985995459228
"6",0.246222475976654,27.0892795495865
"7",0.308455716715023,27.9012160701753
"8",0.3330304147432,28.2722675877543
"9",0,25.5733450533483
