"","obs","bmi"
"1",0.363925162560996,28.7359713134792
"2",0.335142637811414,28.2726605023781
"3",0.347075949580017,28.3952128108579
"4",0.325883757442761,28.0546945701098
"5",0.306472941493408,27.7144271183056
"6",0.244524009581517,27.0506384287784
"7",0.308456563232659,27.906800431253
"8",0.335547200696675,28.2909807368003
"9",0,25.6266182874009
