"","obs","bmi"
"1",0.359484547307245,28.6828682061289
"2",0.330332090808187,28.2226905688199
"3",0.3359700619649,28.358430874313
"4",0.310936233214841,28.0341368181528
"5",0.286533910630137,27.7099893750252
"6",0.246206117927785,27.0709335046433
"7",0.311135613322917,27.9501143984471
"8",0.327413065217877,28.2212878163295
"9",0,25.5726306352739
