"","obs","bmi"
"1",0.355164805918697,28.6260233299428
"2",0.327026585954696,28.1657694184206
"3",0.330543399100531,28.2821039007095
"4",0.301173484798315,27.9384242627954
"5",0.270222914861908,27.5949954921646
"6",0.244787401812923,27.0791851604584
"7",0.302028457071282,27.839301357633
"8",0.329130850970716,28.2684625613172
"9",0,25.5991222610902
