"","obs","bmi"
"1",0.357332409166168,28.6804101717026
"2",0.328049934828526,28.2252568200015
"3",0.339425790229075,28.4186439629728
"4",0.319624294980241,28.1570050770691
"5",0.298820353467799,27.8954987076009
"6",0.241627485073733,27.0362938028874
"7",0.305538830070928,27.887815193814
"8",0.337450366720859,28.3373866175025
"9",0,25.6038717973854
