"","obs","bmi"
"1",0.35652498044867,28.707458616846
"2",0.328987331553245,28.2523671869995
"3",0.336225804180459,28.4081453850293
"4",0.313584740207016,28.1089173094212
"5",0.285778760058759,27.8097747328504
"6",0.238957382636813,27.0379232953424
"7",0.309531457992006,27.95929079878
"8",0.327446536025464,28.2151039458877
"9",0,25.5923225391836
