"","obs","bmi"
"1",0.353031552427698,28.6536161755538
"2",0.323361369648885,28.2073511634737
"3",0.331086908890424,28.3170710744687
"4",0.308810746767494,27.9807209431503
"5",0.286467127886158,27.6445713801972
"6",0.247410305982777,27.0867252324701
"7",0.306404409244536,27.917525280855
"8",0.334188975620309,28.3027792927187
"9",0,25.5958707273573
