"","obs","bmi"
"1",0.359126099945074,28.7089398169158
"2",0.329354965828028,28.2479125516624
"3",0.340802349137994,28.3128540488814
"4",0.320117919133337,27.9172654797682
"5",0.29970140623697,27.5222073267194
"6",0.244870760560734,27.0379887256771
"7",0.303421215154231,27.8464243438006
"8",0.334639516884484,28.2958469810875
"9",0,25.5763281094019
