"","obs","bmi"
"1",0.359771268808848,28.7021835545061
"2",0.330892443002453,28.2399441539291
"3",0.342460222060152,28.3961612799727
"4",0.322443013641662,28.0903713827076
"5",0.303423279395656,27.7848242439069
"6",0.242854006975673,27.0738217123662
"7",0.31232962451215,27.9555333034651
"8",0.331544792049415,28.2544354569415
"9",0,25.5697992663946
