"","obs","bmi"
"1",0.359905179837481,28.7219547158011
"2",0.331117071014591,28.259068035931
"3",0.348654100092706,28.435041264531
"4",0.33598765451656,28.1485167734153
"5",0.321542868587575,27.8624063497187
"6",0.24478699199151,27.0932674957452
"7",0.314718751834121,27.9826841970644
"8",0.334163168396538,28.2801065746876
"9",0,25.5980994454999
