"","obs","bmi"
"1",0.361317624725726,28.7191350200495
"2",0.330313071759192,28.2643644009303
"3",0.344554999458148,28.434830372073
"4",0.329099018217528,28.1507233312714
"5",0.311366773160871,27.8668220132915
"6",0.239256511999695,27.0387710804806
"7",0.309881209901876,27.8606768912554
"8",0.337769415401267,28.2848978407423
"9",0,25.544883065664
