"","obs","bmi"
"1",0.351098780401901,28.6905066954323
"2",0.321857092641185,28.2268767861616
"3",0.331311369345813,28.363286526478
"4",0.308458818615353,28.0362508120571
"5",0.288405304799666,27.7094059023043
"6",0.248801033793083,27.0801382087525
"7",0.300060250669136,27.818250391348
"8",0.334206693908546,28.2788181906019
"9",0,25.6336055603612
