"","obs","bmi"
"1",0.360586272799871,28.7555510816221
"2",0.333087195295277,28.2905427372518
"3",0.333500261273531,28.3792414791222
"4",0.30179359963524,28.0031525938421
"5",0.270828174114253,27.6272914877065
"6",0.241556134547919,27.0450339580982
"7",0.30590671323566,27.9043217164961
"8",0.341049656914929,28.3077129176675
"9",0,25.6305322974896
