"","obs","bmi"
"1",0.360473154975606,28.675934077184
"2",0.32982058261357,28.2251801989971
"3",0.342340834887723,28.3871688139542
"4",0.324026187754662,28.0986962393182
"5",0.303874954950677,27.8105323564314
"6",0.24307612932743,27.034315005272
"7",0.306929965746071,27.8889544074294
"8",0.336123904139775,28.302117876497
"9",0,25.577694154887
