"","obs","bmi"
"1",0.365385011844632,28.7291609097902
"2",0.336866948202717,28.2750559909189
"3",0.352605523128484,28.4345004659769
"4",0.340338312054436,28.140067935445
"5",0.326892991789485,27.8458730486311
"6",0.246074413754895,27.0824502621349
"7",0.306488808686871,27.8992941690389
"8",0.33724319016768,28.3137327548827
"9",0,25.5646831133243
