"","obs","bmi"
"1",0.368695522312554,28.7805495518299
"2",0.336948377846064,28.3114225438765
"3",0.356493464944973,28.4225281699692
"4",0.340274225843294,28.0648318940795
"5",0.326417598877455,27.7074771369227
"6",0.239667040336252,27.0391763400683
"7",0.30815081631349,27.8862541525609
"8",0.334466326216717,28.2997534520678
"9",0,25.5776541959194
