"","obs","bmi"
"1",0.356917419353985,28.6797709570809
"2",0.330983989028805,28.2235584551884
"3",0.340891453107167,28.4032694418347
"4",0.324235747240578,28.126909125774
"5",0.305026934705875,27.8506939923162
"6",0.242675336170344,27.0457409021541
"7",0.307618744396643,27.9187531852572
"8",0.328605243944998,28.2283724538677
"9",0,25.5939947024697
