"","obs","bmi"
"1",0.358235439999234,28.6925087576847
"2",0.329203534313933,28.2369911893051
"3",0.344766397225684,28.377327637142
"4",0.327214313308683,28.0623666326607
"5",0.310564522251955,27.7476348254567
"6",0.250242283364049,27.1527600794165
"7",0.313087824980454,27.9700538917797
"8",0.335933899687116,28.2769621006354
"9",0,25.5688304040404
