"","obs","bmi"
"1",0.356764129750427,28.6497362969424
"2",0.326918121807557,28.1846934224348
"3",0.335981123964047,28.2301264968536
"4",0.316162032705448,27.810988363205
"5",0.292779135455146,27.3923557317546
"6",0.242605397837846,27.1006857605456
"7",0.299922430493185,27.8625934661675
"8",0.325736922166061,28.2420406614428
"9",0,25.5656158871793
