"","obs","bmi"
"1",0.360016327619514,28.6869433271138
"2",0.330787761899976,28.2314470952396
"3",0.347255764713935,28.4037312300309
"4",0.334010826978278,28.1206473928274
"5",0.317481281444434,27.8376955378177
"6",0.246066657337332,27.0984599000586
"7",0.304246437818657,27.884460708746
"8",0.330979642684195,28.2724800649314
"9",0,25.5850346210112
