"","obs","bmi"
"1",0.35871695973179,28.6787773036847
"2",0.329546904644243,28.2182894285702
"3",0.343011756091365,28.3570670764476
"4",0.32528926224969,28.0357318666168
"5",0.309075625847702,27.7147941569331
"6",0.243897914789042,27.0683303301563
"7",0.306433411123305,27.8620920427917
"8",0.335148244167373,28.2935337472545
"9",0,25.580019705575
