"","obs","bmi"
"1",0.363881519217535,28.7440985325344
"2",0.331504241555388,28.281068105305
"3",0.33464037331865,28.3632740032902
"4",0.306147449936611,27.9826093749992
"5",0.277525484755711,27.602109270611
"6",0.241104468976857,27.0220906925969
"7",0.305935487476244,27.8905340128469
"8",0.33347478043494,28.2897105865549
"9",0,25.5997418489806
