"","obs","bmi"
"1",0.358509735226647,28.6791703508788
"2",0.329424064371289,28.2222892481861
"3",0.343383482725527,28.3909192187529
"4",0.330767327777767,28.1029173827942
"5",0.316135050319998,27.8151774166262
"6",0.241926538854374,27.0329027121192
"7",0.311210902860923,27.9090017680414
"8",0.337549167119239,28.3523106163335
"9",0,25.5912006803301
