"","obs","bmi"
"1",0.363241206949028,28.7782462115735
"2",0.335912704235305,28.3214257072604
"3",0.344808373099935,28.4334986133229
"4",0.323048478885652,28.0890850358632
"5",0.301727767145352,27.7450239227414
"6",0.243412925250395,27.0998615660176
"7",0.300294872646619,27.7391906315904
"8",0.337770189851309,28.310091034827
"9",0,25.6134212088373
