"","obs","bmi"
"1",0.361773286659981,28.7504177034807
"2",0.331938530224061,28.2902738366115
"3",0.353663184334347,28.5570659442988
"4",0.346472822351992,28.3638800634621
"5",0.339908926096753,28.170866803881
"6",0.242424563306564,27.1099821544356
"7",0.307472974166655,27.893092157773
"8",0.336004796398239,28.2666979767546
"9",0,25.5935826896819
