"","obs","bmi"
"1",0.360403834406812,28.7305958972386
"2",0.329105535772779,28.265527327224
"3",0.352374139727757,28.5176794708877
"4",0.344848486022134,28.3048866281168
"5",0.3371302796465,28.0922217883546
"6",0.245741954699787,27.0584624485226
"7",0.312779310137674,27.9677406886871
"8",0.336650202849032,28.3032524608259
"9",0,25.6222597021203
