"","obs","bmi"
"1",0.361983300624384,28.7282757739362
"2",0.331855358917085,28.2623508485959
"3",0.34865749365523,28.4327838692347
"4",0.336011826512853,28.1375065803593
"5",0.322558910167967,27.8424525266283
"6",0.246727749637616,27.0990148356926
"7",0.308911848011946,27.9350273906009
"8",0.337822757284618,28.3437318021636
"9",0,25.5928784189067
