"","obs","bmi"
"1",0.360837882047603,28.654839109494
"2",0.331408483561017,28.2020111737876
"3",0.340343453399599,28.3873101863225
"4",0.320770032046055,28.1198901121247
"5",0.296679159282932,27.8525828182242
"6",0.242569420069457,27.1108973021786
"7",0.304160431586181,27.8831718971764
"8",0.329019750021323,28.2128716102357
"9",0,25.5290465908222
