"","obs","bmi"
"1",0.363370027898469,28.7356098427271
"2",0.333892583116317,28.2758844304859
"3",0.334440353626305,28.3070393206609
"4",0.303475143852352,27.8788237470344
"5",0.274294537632386,27.4509800239265
"6",0.246559387216025,27.0537472232253
"7",0.305374364495104,27.8862969710767
"8",0.332116411586946,28.265203621213
"9",0,25.5939731324658
