"","obs","bmi"
"1",0.359118220287542,28.7011953287547
"2",0.328700974136037,28.2402142600651
"3",0.340972632559692,28.3423687815157
"4",0.320821996327927,27.9837949249725
"5",0.300732431311521,27.6254851367836
"6",0.244491542356778,27.0458226558457
"7",0.30836796543298,27.940679833372
"8",0.338682677995231,28.3152500603427
"9",0,25.5727647192273
