"","obs","bmi"
"1",0.362377940602983,28.7263994948182
"2",0.333408095147225,28.2811063773615
"3",0.337562190798045,28.4870140396212
"4",0.3116988806946,28.2477236005787
"5",0.285982916227879,28.0085300135994
"6",0.249239663348212,27.1556694479279
"7",0.306315798704865,27.9261781535454
"8",0.336837497726257,28.3385197043961
"9",0,25.5744159296629
