"","obs","bmi"
"1",0.355399151136128,28.6548435086459
"2",0.32504769567689,28.1977045130676
"3",0.337298817141878,28.2998384802586
"4",0.317396326798022,27.9451927043039
"5",0.298682073908997,27.5909261193397
"6",0.247324184326153,27.0596917048383
"7",0.310936962463902,27.9512302287003
"8",0.334085650789164,28.3149465586058
"9",0,25.6031793414314
