"","obs","bmi"
"1",0.366322957151884,28.7396633026622
"2",0.339356769243119,28.2848821682506
"3",0.345290540980347,28.3710062272956
"4",0.319227007092676,28.0026426985343
"5",0.295729563358057,27.6345872142823
"6",0.246531399951953,27.0743234212748
"7",0.308012922648358,27.940858956188
"8",0.336690385946222,28.2989800635735
"9",0,25.5674801766998
