"","obs","bmi"
"1",0.361820071350847,28.7667071626631
"2",0.332992660245091,28.3096418501606
"3",0.34224063530173,28.5427391902193
"4",0.324803231475469,28.3188665400477
"5",0.303810353450945,28.0950915334052
"6",0.24311030951358,27.0478727010949
"7",0.302473010604946,27.8824693606112
"8",0.336646898838835,28.2737039984574
"9",0,25.6135556377604
