"","obs","bmi"
"1",0.356575391048622,28.6711355715669
"2",0.326783320108246,28.2077843714358
"3",0.344395154778498,28.3880101235403
"4",0.331804565590759,28.1050535236969
"5",0.318641905307438,27.8222714382505
"6",0.240974143127499,27.0484547816615
"7",0.309465167771839,27.9164210761588
"8",0.33305839019508,28.2645924090038
"9",0,25.6118687943681
