"","obs","bmi"
"1",0.359585740021124,28.6311244271494
"2",0.331274365340294,28.167332190175
"3",0.346453724622332,28.3744028322979
"4",0.330852535841708,28.1178691556369
"5",0.314404123276061,27.8615308544655
"6",0.245752565858269,27.0748867180456
"7",0.307370333715804,27.9517707506458
"8",0.334752404003829,28.2419996834218
"9",0,25.5504267596026
