"","obs","bmi"
"1",0.361841039451186,28.7087532195833
"2",0.332281892600723,28.2518938829578
"3",0.341812047266139,28.4482610045693
"4",0.322854116415402,28.187894193719
"5",0.305882173012387,27.9276561284358
"6",0.242204857612115,27.0811928215003
"7",0.309495544084363,27.9205859322031
"8",0.340129098918086,28.3396288205443
"9",0,25.5644231573653
