"","obs","bmi"
"1",0.355428385375841,28.6820411872577
"2",0.328244833655447,28.2296247884137
"3",0.336515367746715,28.392728891378
"4",0.316097368590753,28.1035672858221
"5",0.292008886648133,27.8145605443847
"6",0.242148806367143,27.0825023018631
"7",0.30816826881244,27.8833540705592
"8",0.32887881686062,28.2079848360378
"9",0,25.6069746946413
