"","obs","bmi"
"1",0.363681535323599,28.7145726051257
"2",0.33315199093013,28.263052390549
"3",0.340446132512639,28.3729738450363
"4",0.314262691526776,28.031663599221
"5",0.289337697523825,27.6906566356897
"6",0.243269588530758,27.0562360527695
"7",0.305659576667928,27.8996380368361
"8",0.335904287815753,28.3264373580877
"9",0,25.5971028160509
