"","obs","bmi"
"1",0.368556529680201,28.7904101077359
"2",0.339693282830844,28.3273693613318
"3",0.355153546525402,28.57981510423
"4",0.338413416133561,28.3693112362224
"5",0.32219367322281,28.15890051362
"6",0.245581292767169,27.095384596347
"7",0.300248368530094,27.8329054406757
"8",0.336074580658583,28.3001613858786
"9",0,25.6189298510542
