"","obs","bmi"
"1",0.359837569732807,28.69490555271
"2",0.329638456631465,28.2382760577688
"3",0.336367016167763,28.3579551940511
"4",0.311466342403155,28.0213575137313
"5",0.288133027680204,27.6851340877089
"6",0.247458999091844,27.1106003343907
"7",0.307264998407334,27.9054870747566
"8",0.335994761704235,28.3131631266662
"9",0,25.5777259018926
