"","obs","bmi"
"1",0.356659730573764,28.7160898064485
"2",0.327350483444782,28.2630968324557
"3",0.344638363736492,28.4621851413389
"4",0.33245502865172,28.2084889141109
"5",0.31908821875685,27.9550105338393
"6",0.238997188260209,27.0224012615903
"7",0.313404687127308,27.9664057493111
"8",0.333528946395046,28.2733988643782
"9",0,25.5976454948396
