"","obs","bmi"
"1",0.362626290558522,28.6963112913639
"2",0.334213324951314,28.2383609702675
"3",0.355906258340858,28.3416397169414
"4",0.348361727916654,27.9875534455102
"5",0.33881937125525,27.6340974677639
"6",0.243767770982217,27.0175405423153
"7",0.309977832548962,27.9417818807568
"8",0.333609409679208,28.2507570352763
"9",0,25.5383609260636
