"","obs","bmi"
"1",0.358700225227329,28.6579477606591
"2",0.32827573474523,28.1967043385759
"3",0.334784735225375,28.3383781035427
"4",0.311719080096482,28.0189686773393
"5",0.289039116933034,27.6997241105005
"6",0.244352913582222,27.0903980776989
"7",0.305300966977739,27.8720377770178
"8",0.334101563042212,28.2536441821419
"9",0,25.5500936586203
