"","obs","bmi"
"1",0.362244743792797,28.7558201074829
"2",0.331420861993751,28.2975942842114
"3",0.343943464148565,28.4239857809696
"4",0.328746790676847,28.0924565061059
"5",0.311689562149889,27.7612481013785
"6",0.244725449889573,27.0637790663623
"7",0.301089248897205,27.8337836042911
"8",0.337458763959696,28.2804224757261
"9",0,25.5955239595582
