"","obs","bmi"
"1",0.357457887260619,28.6831064085964
"2",0.328489268291692,28.2186770534719
"3",0.338323456594919,28.3914257075306
"4",0.320139907228093,28.0998716626472
"5",0.297434947911158,27.8084491039545
"6",0.246364512278252,27.0836156851057
"7",0.308205180016714,27.9072242995098
"8",0.333287188200313,28.2492656459069
"9",0,25.59392591495
