"","obs","bmi"
"1",0.355141689565258,28.6404677942264
"2",0.326784040466633,28.1827917698261
"3",0.330217720703681,28.2344813469973
"4",0.304229369013121,27.8287384752241
"5",0.279008714488818,27.4232484797416
"6",0.24117747242333,27.07698127856
"7",0.309408396060642,27.8810340686867
"8",0.329068445481311,28.2501894705293
"9",0,25.5911723116576
