"","obs","bmi"
"1",0.357010825179846,28.6711347003065
"2",0.328266871848393,28.2135552970104
"3",0.329103149158813,28.2776562128808
"4",0.297744813684941,27.8845140033006
"5",0.27028905951856,27.4917275547873
"6",0.241145342939627,26.9950602671332
"7",0.305248495769912,27.9092470190592
"8",0.338520070869445,28.2991151506233
"9",0,25.6174715948466
