"","obs","bmi"
"1",0.362448746570681,28.7429187394914
"2",0.333241010038042,28.2863130290694
"3",0.347501231991777,28.485487828789
"4",0.33221708279549,28.2282375926214
"5",0.320120843459909,27.9711747642836
"6",0.242565945663329,27.04417804902
"7",0.313034869609492,27.9098809037323
"8",0.339844533998265,28.2978915424408
"9",0,25.5814837105653
