"","obs","bmi"
"1",0.359879374156543,28.6922400657754
"2",0.332574950932757,28.2373968163982
"3",0.344605115833659,28.4735444604611
"4",0.327279012601518,28.2549145854896
"5",0.311342694299016,28.03635177962
"6",0.242506043860579,27.0315193424682
"7",0.304666978921082,27.8642919026327
"8",0.334358903042558,28.2699101794521
"9",0,25.5936872036129
