"","obs","bmi"
"1",0.367462779673741,28.8049665570935
"2",0.337528304644703,28.3483413191179
"3",0.347486861786248,28.4486426952833
"4",0.325612380551582,28.0925834320263
"5",0.302968400026211,27.7368006346112
"6",0.244658123658446,27.0595260422382
"7",0.314014864775252,27.9373347181778
"8",0.339014859758607,28.3377916567039
"9",0,25.6453917194944
