"","obs","bmi"
"1",0.359879374156543,28.6922400657754
"2",0.331494215713658,28.2353892443777
"3",0.337034322118987,28.3329283050752
"4",0.311802810554357,27.9739454747391
"5",0.287252139509155,27.6153096698775
"6",0.242506043860579,27.0315193424682
"7",0.304666978921082,27.8642919026327
"8",0.334358903042558,28.2699101794521
"9",0,25.5936872036129
