"","obs","bmi"
"1",0.362457084917997,28.6720165613834
"2",0.33216933130178,28.2162665450138
"3",0.348831755430228,28.4146888386714
"4",0.333243239251271,28.1575296033969
"5",0.320197293140113,27.9005446403815
"6",0.245845612947879,27.0671098865825
"7",0.301992573233795,27.8566047664167
"8",0.333207044502711,28.2949977567633
"9",0,25.5787649506683
