"","obs","bmi"
"1",0.360449422523583,28.6936909039406
"2",0.329895443397071,28.2375363094584
"3",0.333268389976345,28.3212797356028
"4",0.303713897297077,27.9490262165491
"5",0.274348988402025,27.5769339323792
"6",0.246727675164483,27.0889700527785
"7",0.309005251166039,27.9047088760138
"8",0.335310841055187,28.2959591635829
"9",0,25.5758643805621
