"","obs","bmi"
"1",0.357237384557242,28.7103434254455
"2",0.330477212746514,28.2483459195875
"3",0.3312351091766,28.3357684757435
"4",0.301036072643453,27.9613818845383
"5",0.271975417548287,27.5871888461698
"6",0.236876152970508,27.022686869963
"7",0.313433846425967,27.9271704878856
"8",0.335445129204708,28.2924362099379
"9",0,25.5352697534097
