"","obs","bmi"
"1",0.358887851006578,28.6885193468094
"2",0.330499409493273,28.2271049085998
"3",0.330012733664741,28.3059158236477
"4",0.29622808265154,27.9235392004927
"5",0.269380184748704,27.5413965909137
"6",0.239667474206383,27.0395974763304
"7",0.306211630505637,27.8240706225752
"8",0.335064572205187,28.2914608614739
"9",0,25.6302518892589
