"","obs","bmi"
"1",0.360112035948633,28.7217223751681
"2",0.331321069026511,28.2632706722629
"3",0.338282520462427,28.4151380082767
"4",0.312363388046051,28.1086594760537
"5",0.287573120789041,27.8022883525322
"6",0.241946991314521,27.0089781169727
"7",0.30665479380577,27.878582567255
"8",0.332775326654252,28.2629316229379
"9",0,25.6123222656881
