"","obs","bmi"
"1",0.360278011500778,28.687489761984
"2",0.328231543543945,28.2126115924535
"3",0.344011725441845,28.3606135853636
"4",0.328389792995928,28.0339648740101
"5",0.312935682088804,27.7075530856267
"6",0.244794338454103,27.0475664668582
"7",0.303049087998587,27.8741183074181
"8",0.331753210256607,28.2505909126367
"9",0,25.6000693572365
