"","obs","bmi"
"1",0.355798996285303,28.625730358866
"2",0.325039232996194,28.1673077174961
"3",0.339942822300984,28.3728539151744
"4",0.326042539609644,28.1201821558084
"5",0.309131590399572,27.8677239598953
"6",0.246432118511183,27.0753434977809
"7",0.314675629223931,27.9568270445218
"8",0.335039305816215,28.2850297762939
"9",0,25.5238242905131
