"","obs","bmi"
"1",0.360368301339068,28.6689147336604
"2",0.332288057592456,28.2136268642348
"3",0.344776646349472,28.4090005481122
"4",0.330470358279081,28.1491909381434
"5",0.311788786044469,27.8894892747255
"6",0.244040319216837,27.0839700261745
"7",0.306683215283579,27.8953043723082
"8",0.338129242288464,28.3089632331581
"9",0,25.590941275308
