"","obs","bmi"
"1",0.360112035948633,28.7217223751681
"2",0.332825548419229,28.271850771765
"3",0.339368201815113,28.4165659948172
"4",0.314450067016765,28.1116633818597
"5",0.290818147250974,27.8070257979944
"6",0.241946991314521,27.0089781169727
"7",0.30665479380577,27.878582567255
"8",0.332775326654252,28.2629316229379
"9",0,25.6123222656881
