"","obs","bmi"
"1",0.35934631194296,28.6880769228658
"2",0.326161831807598,28.2296271990543
"3",0.328069890496753,28.3070159574297
"4",0.297007223876885,27.926181225659
"5",0.269917002234236,27.5455804526777
"6",0.245049662068166,27.0550625393817
"7",0.305827553126008,27.8873716047473
"8",0.334800018026679,28.2683193381863
"9",0,25.5727902851354
