"","obs","bmi"
"1",0.368647207303669,28.7740999910953
"2",0.337820200142039,28.3075202991238
"3",0.348040482785659,28.5049054069384
"4",0.329386786077778,28.2358214663967
"5",0.311293830622024,27.9668510002176
"6",0.246209305569418,27.1126363244681
"7",0.302442378426669,27.8427734970996
"8",0.337901407879589,28.3067190433202
"9",0,25.5511265845067
