"","obs","bmi"
"1",0.351048165314417,28.6481082410303
"2",0.321658221937391,28.1927144349866
"3",0.332425463612405,28.3640086705781
"4",0.310954715394901,28.0800400487437
"5",0.290567566479543,27.7962060550935
"6",0.241744896411424,27.0705646081013
"7",0.305066069281925,27.8602590244259
"8",0.331526541321582,28.2765704217124
"9",0,25.6276434172277
