"","obs","bmi"
"1",0.362099123341866,28.6788689090479
"2",0.332279105029465,28.2201194967753
"3",0.342789986719491,28.4007598740086
"4",0.320703774081599,28.1228704530835
"5",0.300838439983746,27.8452110991616
"6",0.248157215634501,27.0753816025499
"7",0.313056507547706,27.9877297070425
"8",0.331198126220338,28.2623393913339
"9",0,25.541904948087
