"","obs","bmi"
"1",0.360345570700363,28.7076868446499
"2",0.329814530441549,28.2487539293027
"3",0.330242855526272,28.2806004453835
"4",0.298132191292249,27.8538798712162
"5",0.26518677866644,27.4275447762769
"6",0.241141820698666,27.0560322874955
"7",0.307536940775311,27.8261884371918
"8",0.335624371073341,28.2469918513439
"9",0,25.5645580157643
