"","obs","bmi"
"1",0.361408631878394,28.7754391402673
"2",0.33384643235668,28.3191804555427
"3",0.338440566400545,28.4811837472006
"4",0.311993016128735,28.1870392058404
"5",0.283752148610539,27.8930074900751
"6",0.241702695615252,27.0524857959808
"7",0.304612708191876,27.8967501064608
"8",0.340120387255509,28.3228046179037
"9",0,25.644794558171
