"","obs","bmi"
"1",0.36229663540199,28.7102126455066
"2",0.332834439545072,28.2560866527333
"3",0.345971594457982,28.396258168212
"4",0.329165866755624,28.0824486611382
"5",0.306726514958342,27.7687890731454
"6",0.241742803198646,27.0274439487984
"7",0.305846866897864,27.8613764987804
"8",0.337122415543512,28.3316434962686
"9",0,25.556370429046
