"","obs","bmi"
"1",0.355321024059965,28.6989920680495
"2",0.326273153857368,28.2450996354474
"3",0.33885642126622,28.3933328613008
"4",0.321189818093417,28.0879039880893
"5",0.303194117078711,27.7827155297675
"6",0.249562335889775,27.136992694315
"7",0.309723348213703,27.9370577857708
"8",0.336576875476721,28.2915378899839
"9",0,25.6492538628225
