"","obs","bmi"
"1",0.362087659535833,28.7484944799243
"2",0.334527157922967,28.2977966837817
"3",0.344182022735014,28.4015901247065
"4",0.322255548590377,28.0548888987642
"5",0.306469680014005,27.7083980965398
"6",0.245013330660972,27.0504889199249
"7",0.312923549787288,27.9247388125386
"8",0.333190494803652,28.2286669280494
"9",0,25.6002438522909
