"","obs","bmi"
"1",0.367151532050259,28.7624441508287
"2",0.33605518751671,28.2986743025032
"3",0.347160047599535,28.4459797622028
"4",0.329276002501449,28.1296436362163
"5",0.308557140781993,27.813439795054
"6",0.249330928081219,27.0941609695451
"7",0.307051711880126,27.8986354694604
"8",0.336921744380799,28.3589861142387
"9",0,25.6180642186023
