"","obs","bmi"
"1",0.362026439828707,28.7289547837244
"2",0.330404094038902,28.2725903350989
"3",0.34580419435725,28.4341380057005
"4",0.327630756278289,28.1395242020539
"5",0.30890154205775,27.8451213962857
"6",0.243330525843573,27.0784185106721
"7",0.307552002213038,27.9144308781854
"8",0.338759660370644,28.3333678602067
"9",0,25.5996459281566
