"","obs","bmi"
"1",0.356912864383283,28.655597158398
"2",0.326991295002563,28.1991988272684
"3",0.340846588100374,28.3771031852929
"4",0.325194262991529,28.0987917099844
"5",0.311879791396804,27.8206691741819
"6",0.239881344433321,26.9958932433403
"7",0.30309962166804,27.8571254057161
"8",0.337393955819484,28.2693604504041
"9",0,25.6129682333931
