"","obs","bmi"
"1",0.362651465366686,28.8034278126355
"2",0.33402464556148,28.3407716536635
"3",0.340815499060886,28.4493918891353
"4",0.3173205422778,28.0955199909574
"5",0.296336517020458,27.741816625226
"6",0.24559484543023,27.1047570690718
"7",0.304284945753414,27.9153274617781
"8",0.342952460870214,28.3355721957331
"9",0,25.682493976482
