"","obs","bmi"
"1",0.360909260061673,28.6863642763419
"2",0.330579229092422,28.2309812666234
"3",0.341437692221423,28.3420100095674
"4",0.319001330144933,27.9979492218516
"5",0.301561412556648,27.6541966886893
"6",0.248891150823746,27.1112541896274
"7",0.30212842668616,27.882327155297
"8",0.331008101675047,28.1957794586929
"9",0,25.6181239584936
