"","obs","bmi"
"1",0.355361480663489,28.6201130582688
"2",0.325998374115655,28.1586202148245
"3",0.331403401590423,28.2330421276355
"4",0.302820315060111,27.8463028210051
"5",0.273946791793832,27.4599117219338
"6",0.242511959753461,27.0546900538307
"7",0.310275250041327,27.8962921122323
"8",0.33458249911977,28.2487928770171
"9",0,25.563621212874
