"","obs","bmi"
"1",0.353419349485414,28.6232909455807
"2",0.323331908214745,28.155607964577
"3",0.329800017374066,28.286965229148
"4",0.303581913860953,27.9508693297519
"5",0.275101499323089,27.6150119992154
"6",0.240459051539253,27.0551255555259
"7",0.304425739088136,27.9199920641903
"8",0.336251714903142,28.3229816593633
"9",0,25.5870974041594
