"","obs","bmi"
"1",0.368867090378773,28.7439806592874
"2",0.337239343056486,28.2806405453223
"3",0.345220592549027,28.4116353755073
"4",0.31850918049312,28.0796185302767
"5",0.293071484980619,27.7479497665253
"6",0.241733533523054,27.0269965968471
"7",0.304360092952611,27.879137085242
"8",0.336920505457158,28.3217078001514
"9",0,25.5836670199849
