"","obs","bmi"
"1",0.366521928218446,28.7560794994047
"2",0.336746037363437,28.2943625645118
"3",0.331941316868609,28.3077644300217
"4",0.288344128158029,27.8597541866645
"5",0.254504518323966,27.412061011748
"6",0.245156206018872,27.0645225325775
"7",0.307040668377601,27.8935397153528
"8",0.335076893550398,28.3063280631537
"9",0,25.5912458883596
