"","obs","bmi"
"1",0.363640957699845,28.6976817804223
"2",0.333238609848916,28.2425612106445
"3",0.337455258133032,28.3684998545346
"4",0.309908937151009,28.0394206422191
"5",0.281494986604183,27.7104459440296
"6",0.239087011500079,27.0328875609222
"7",0.307495578637803,27.897240855047
"8",0.333558444892591,28.3095471629412
"9",0,25.5533210799901
