"","obs","bmi"
"1",0.361641597281765,28.7210079768602
"2",0.333127943862829,28.2616212167489
"3",0.3406003065989,28.3530994692854
"4",0.318711280453776,27.9854210918211
"5",0.296915022726015,27.6179825449284
"6",0.243192458856859,27.0801447628036
"7",0.305336036533296,27.9159505037692
"8",0.334874779712229,28.2574611586633
"9",0,25.5635811673205
