"","obs","bmi"
"1",0.363349095788444,28.7065829045188
"2",0.331902794853761,28.2432295465552
"3",0.338219790245028,28.3489835890846
"4",0.311171565117517,27.9915342790397
"5",0.285616898310229,27.6342384380939
"6",0.248491044105627,27.101769341311
"7",0.311094092125683,27.9136575065805
"8",0.333525120380689,28.2628878715339
"9",0,25.5454237318579
