"","obs","bmi"
"1",0.362529163193441,28.7417515437601
"2",0.33368555356882,28.2800781451793
"3",0.340602251788072,28.4544957580972
"4",0.319363468270176,28.1675302795003
"5",0.297418109621842,27.8808710823238
"6",0.244704981483241,27.0614299790762
"7",0.302779104398819,27.8561228597345
"8",0.326248824643738,28.170354282739
"9",0,25.6115951942194
