"","obs","bmi"
"1",0.355161419510609,28.6922859443548
"2",0.327600411489764,28.2225712595351
"3",0.335147077937803,28.3308762340102
"4",0.310978697751401,27.9696498744322
"5",0.28521123673316,27.6086142942945
"6",0.243892096510875,27.0410769699272
"7",0.310142986021003,27.9414364163066
"8",0.330558869169496,28.2279129406967
"9",0,25.572302779785
