"","obs","bmi"
"1",0.359971486260853,28.6585687015323
"2",0.329317734880882,28.1948197246955
"3",0.341898705288943,28.4015464048562
"4",0.321968083803462,28.1446039860058
"5",0.30214444859781,27.8877437129022
"6",0.247785561554474,27.0911821848844
"7",0.306004913873294,27.8908527180244
"8",0.340234564058204,28.3530330388277
"9",0,25.5043000224042
