"","obs","bmi"
"1",0.361251428562456,28.6850575783005
"2",0.330140372682421,28.2284598672211
"3",0.344215549018732,28.4139749322779
"4",0.328775541261644,28.142999191725
"5",0.311219562356958,27.8721328750803
"6",0.244215039361921,27.0276437042335
"7",0.306674460448086,27.9081554088929
"8",0.331495724118982,28.2471492928347
"9",0,25.5434736055426
