"","obs","bmi"
"1",0.363368479943066,28.7381155785756
"2",0.333130212014654,28.2817690368279
"3",0.348638568080889,28.5743942231824
"4",0.333237159607399,28.4106966476622
"5",0.319502595862052,28.2470226282673
"6",0.247491994306951,27.0991295974914
"7",0.305357079266037,27.9121899595004
"8",0.339563928352863,28.3520142024705
"9",0,25.6198253921724
