"","obs","bmi"
"1",0.356273424871663,28.6728490080112
"2",0.32959562194843,28.2245712091356
"3",0.332177242865046,28.3669658814244
"4",0.302992416741931,28.0612267452231
"5",0.274938675220692,27.7556346844204
"6",0.241623558734202,27.0006354519983
"7",0.303852337726153,27.8502488511823
"8",0.338357300803011,28.3714466208806
"9",0,25.5736802149967
