"","obs","bmi"
"1",0.358125749340734,28.6703401405913
"2",0.328967003158416,28.2125984979529
"3",0.348223816426477,28.4518506282671
"4",0.337007632536589,28.2334878768725
"5",0.324704951462753,28.01525540548
"6",0.245421171815287,27.0803088239845
"7",0.304469964516599,27.829344961689
"8",0.332854279418243,28.290631467436
"9",0,25.5648546958199
