"","obs","bmi"
"1",0.360605975616869,28.6549553705118
"2",0.330176550604391,28.1965290217244
"3",0.340057188547205,28.3657714714904
"4",0.317435964754824,28.0766884116915
"5",0.292097830282022,27.7877078904508
"6",0.241603645578499,27.0352438234165
"7",0.307177073595353,27.8975009949428
"8",0.331271133433125,28.2201905987322
"9",0,25.5653642846088
