"","obs","bmi"
"1",0.359849465636313,28.7099943130403
"2",0.331045027859537,28.2521841921745
"3",0.348054399769623,28.4300462979877
"4",0.33318087689633,28.15030310711
"5",0.322073726614345,27.8707728365265
"6",0.248344588422964,27.0793847212871
"7",0.311444901789867,27.9125267040965
"8",0.329924488455269,28.2519596349936
"9",0,25.6224634120367
