"","obs","bmi"
"1",0.359208060787887,28.6970636656204
"2",0.330553929128674,28.2428742910851
"3",0.346045370667253,28.4534820907441
"4",0.332536523593976,28.2100380006363
"5",0.319540039983885,27.9667354528561
"6",0.247560569137599,27.0269311565851
"7",0.306827876783299,27.937377560099
"8",0.336895484619856,28.3077427186894
"9",0,25.6060976136847
