"","obs","bmi"
"1",0.363294313506138,28.7500702360017
"2",0.334144503108073,28.288690172198
"3",0.335629122479312,28.3418208284051
"4",0.30303276230977,27.9337654566345
"5",0.273193059786423,27.5259108772595
"6",0.241369023261052,27.0548601491728
"7",0.311597079678325,27.9349860144228
"8",0.33197351884497,28.2431078112407
"9",0,25.5728469177495
