"","obs","bmi"
"1",0.355505784543825,28.6694700115254
"2",0.324981815934311,28.2189720600554
"3",0.337212925462103,28.3975986287759
"4",0.318772201067408,28.1258350238138
"5",0.301054016569573,27.8541821031141
"6",0.24371282877663,27.0341118366573
"7",0.304366818561464,27.9024104425272
"8",0.337815334282649,28.2911483253853
"9",0,25.5940457244697
