"","obs","bmi"
"1",0.356186802444792,28.6588237859489
"2",0.328154133340301,28.2035439387728
"3",0.342300081330839,28.2918223764746
"4",0.330288287245627,27.925242894086
"5",0.316890171966392,27.5591116565911
"6",0.244450104285057,27.103422816239
"7",0.309288301207302,27.915791038226
"8",0.334091857624047,28.2655601082191
"9",0,25.6004308302924
