"","obs","bmi"
"1",0.35993718994146,28.7164087816455
"2",0.328963081671465,28.256006923663
"3",0.333741301460394,28.4370691098072
"4",0.310197526337557,28.1577944929349
"5",0.28492217007694,27.8785850587571
"6",0.243998057008196,27.0610232850661
"7",0.304949014667635,27.8374219676084
"8",0.3314010629933,28.2404495051828
"9",0,25.5966931356455
