"","obs","bmi"
"1",0.357886705210485,28.6933792613265
"2",0.329675082693829,28.244394184134
"3",0.338915680663847,28.3293169049199
"4",0.315973153975808,27.9654948525993
"5",0.294067978988256,27.601925102972
"6",0.245766722154728,27.0801278761123
"7",0.313530135460425,27.9530181107146
"8",0.331325966031595,28.2882154175172
"9",0,25.5806282259855
