"","obs","bmi"
"1",0.361302097978665,28.7404513465926
"2",0.332739652048878,28.2798157132178
"3",0.342347790208503,28.4507454178719
"4",0.32128525280005,28.1612581908169
"5",0.295985858314298,27.8719988854084
"6",0.235960904922224,26.9782002613786
"7",0.312557600182309,27.9732949702111
"8",0.332963927239742,28.2606023528904
"9",0,25.5864461557714
