"","obs","bmi"
"1",0.361467738302584,28.7464916096224
"2",0.329812818481835,28.27441284835
"3",0.343448721672958,28.4375847930422
"4",0.326615043420088,28.1288014734573
"5",0.306319474549795,27.8201457560051
"6",0.246015195154327,27.1221828842304
"7",0.312547650590328,27.9478693143081
"8",0.334601653749187,28.3333297452381
"9",0,25.5912389862202
