"","obs","bmi"
"1",0.361804150974951,28.7062893240493
"2",0.328375658527583,28.2500724379105
"3",0.347384973976384,28.4590340311352
"4",0.328981732141269,28.2120020349483
"5",0.312466147502698,27.9652036719032
"6",0.244014805829536,27.1243101726395
"7",0.302600403384959,27.9027365358511
"8",0.334529128487014,28.3340389560626
"9",0,25.6023222810331
