"","obs","bmi"
"1",0.360847645274107,28.678222210169
"2",0.330359003095503,28.2120636475159
"3",0.329771931390817,28.3059756892574
"4",0.295225372559573,27.9338944472842
"5",0.26296687429096,27.5619823375944
"6",0.250672012671132,27.1121646764434
"7",0.307531795277333,27.86393832035
"8",0.328869314680802,28.2208121028461
"9",0,25.6240882529906
