"","obs","bmi"
"1",0.36061107371786,28.7075838185693
"2",0.329547119694501,28.2462630126936
"3",0.335033446542464,28.327105693192
"4",0.309250721715127,27.9469063817179
"5",0.28538302653632,27.5669990319647
"6",0.249729550060339,27.121892748547
"7",0.310188408370287,27.9101650499546
"8",0.332016692590768,28.289605277337
"9",0,25.625815574981
