"","obs","bmi"
"1",0.356651969622403,28.6318710536044
"2",0.327042920381794,28.1767266921159
"3",0.339740309635659,28.420744567095
"4",0.323147763802347,28.2097813674684
"5",0.305232617556096,27.9989881129749
"6",0.251994471578753,27.1625258733281
"7",0.308433178146048,27.9104413618474
"8",0.333321715698082,28.2779360000224
"9",0,25.5310536037308
