"","obs","bmi"
"1",0.364392267741063,28.6749675849945
"2",0.335066059991913,28.219594901859
"3",0.339035101369066,28.2937972405529
"4",0.310273688322878,27.9128881671065
"5",0.281700237296612,27.5322522532531
"6",0.245509471758132,27.0410015657064
"7",0.309057784063891,27.9409607765148
"8",0.33799527725333,28.3127013047827
"9",0,25.5814750470129
