"","obs","bmi"
"1",0.359882277828667,28.6788896819378
"2",0.330820067840729,28.226128648015
"3",0.347007105808701,28.407650128121
"4",0.332720754677639,28.1365519436357
"5",0.319020937216634,27.8655998438329
"6",0.245144526330695,27.0620075507405
"7",0.30824822780519,27.9352565530598
"8",0.335199654249639,28.2836078613149
"9",0,25.6189215255242
