"","obs","bmi"
"1",0.3632324731153,28.7041965248098
"2",0.332150994589893,28.2385724332975
"3",0.340512216058748,28.3559073187451
"4",0.314022514530552,28.0077630955275
"5",0.287485106552741,27.6597671078388
"6",0.238975123102803,27.0401442972918
"7",0.306260276277232,27.8914954040538
"8",0.331080747257415,28.2055238570313
"9",0,25.5261148388846
