"","obs","bmi"
"1",0.358468501009026,28.6835096484088
"2",0.327512270961515,28.2295124115074
"3",0.344072284250949,28.435970275321
"4",0.332765688271623,28.1885347494331
"5",0.319715414057832,27.9412057599315
"6",0.246057959229668,27.0844460765022
"7",0.307793671835949,27.9332056279094
"8",0.333254711404866,28.2527897325964
"9",0,25.6058194327545
