"","obs","bmi"
"1",0.36077464204224,28.7169159148606
"2",0.332738423822237,28.2600892271912
"3",0.336001786343162,28.4213567025433
"4",0.306019674583338,28.1258811722908
"5",0.274821049780389,27.8304894719318
"6",0.239531941947973,27.0133611300547
"7",0.307438541176703,27.8958275966879
"8",0.329764998366967,28.2324488513618
"9",0,25.6014075323603
