"","obs","bmi"
"1",0.363667320944028,28.7219705682357
"2",0.332828277768442,28.2543500295481
"3",0.3477264166888,28.4895281272255
"4",0.331379572270302,28.2571978903075
"5",0.313413196381071,28.0249830577694
"6",0.247389108246056,27.0730941357377
"7",0.301614162573194,27.8914722001217
"8",0.334160200627595,28.2622485305045
"9",0,25.5725542839322
