"","obs","bmi"
"1",0.361870998197021,28.6668880578707
"2",0.333829052433798,28.2128361781871
"3",0.33904883036276,28.3974652862739
"4",0.314052406018398,28.1281338312604
"5",0.289725163708385,27.8588968651519
"6",0.242329374640635,27.071659894247
"7",0.306792726097633,27.8666033058361
"8",0.336883964635687,28.3338058238622
"9",0,25.550997719727
