"","obs","bmi"
"1",0.35709723624504,28.6596481054929
"2",0.327645572797535,28.1980528125891
"3",0.334038914050791,28.2830121508034
"4",0.305445240619786,27.9067455420623
"5",0.280158759119464,27.5308696334048
"6",0.246781796746105,27.0580786416097
"7",0.304201383271235,27.8772135648362
"8",0.33268283269281,28.2351402031696
"9",0,25.609493298948
