"","obs","bmi"
"1",0.358496587165658,28.6847250196264
"2",0.329720281932844,28.2299676216715
"3",0.321317839854815,28.2697831418433
"4",0.282896932227285,27.8550964986243
"5",0.250295839433652,27.4406722864749
"6",0.240991656876422,27.0522502596766
"7",0.309729689255269,27.8840237510362
"8",0.32676804385682,28.1704759934974
"9",0,25.6041768847515
