"","obs","bmi"
"1",0.35538767182906,28.636953185
"2",0.326165608226532,28.1763128499622
"3",0.341764117836379,28.3253507300149
"4",0.324193019075285,28.0140385253335
"5",0.309369672364878,27.7030311516447
"6",0.243062344924457,27.0478714711861
"7",0.302965135394826,27.8934335610841
"8",0.337287212496821,28.2911967062341
"9",0,25.5907293061333
