"","obs","bmi"
"1",0.35682528045847,28.6810643087027
"2",0.327041645104655,28.2208691214804
"3",0.339391644162029,28.394257927123
"4",0.317268396503791,28.1075383004652
"5",0.296825624095525,27.8209070228084
"6",0.243458532145969,27.0765462759496
"7",0.312899924007187,27.9373095717726
"8",0.330289883783754,28.2503118090326
"9",0,25.6415497784562
