"","obs","bmi"
"1",0.362092903680054,28.7212326219991
"2",0.329285204934334,28.2577441371994
"3",0.331698663331834,28.3495232899289
"4",0.30007128740225,27.9779653257432
"5",0.271064152334158,27.6065601457786
"6",0.242344709460847,27.0731342825874
"7",0.304675503503621,27.860424787612
"8",0.338495765521843,28.3192719633031
"9",0,25.5843216861564
