"","obs","bmi"
"1",0.361999978909994,28.7545554129133
"2",0.333339337521806,28.2952774746731
"3",0.343434141651068,28.3888146307844
"4",0.321566696037496,28.0235490082316
"5",0.30321432459732,27.6587913587146
"6",0.243663389933526,27.0999051912314
"7",0.301654356393996,27.8329725473204
"8",0.335962124434038,28.2711938182295
"9",0,25.5747336459267
