"","obs","bmi"
"1",0.361233916111879,28.7450049125767
"2",0.331553880552772,28.2915291792896
"3",0.347250380471349,28.4556198211379
"4",0.330509767583015,28.1665378817376
"5",0.315135429028085,27.8777760757127
"6",0.244551510316846,27.1145335985029
"7",0.299835930256992,27.8761445894192
"8",0.3320041375429,28.2593533963899
"9",0,25.6497424116339
