"","obs","bmi"
"1",0.362850308657439,28.7251853194804
"2",0.332281903836216,28.2622545850603
"3",0.335555571382546,28.456478852519
"4",0.304962967692932,28.1878272882845
"5",0.2809142769268,27.9192311495221
"6",0.243237500799225,27.0784721256417
"7",0.310998470953501,27.921718929987
"8",0.329622783812986,28.2369752328234
"9",0,25.6045623952666
