"","obs","bmi"
"1",0.355567895226271,28.6319237350429
"2",0.32697946463972,28.1741993456958
"3",0.340307018774489,28.3305247907012
"4",0.324566500002342,28.0293152306432
"5",0.306866399354593,27.7283016354168
"6",0.241871779528095,27.0265264197369
"7",0.309685001796875,27.9269631585285
"8",0.335791957175243,28.295081399177
"9",0,25.5977942098032
