"","obs","bmi"
"1",0.365857497295527,28.735321230608
"2",0.336351117577727,28.2814851472913
"3",0.354814537872954,28.4154345203565
"4",0.34345653798946,28.0959098695504
"5",0.332633820175849,27.7767682311287
"6",0.248209177011827,27.0825458155101
"7",0.30869340186648,27.8926426273282
"8",0.343139789921024,28.3395769481044
"9",0,25.6017266321521
