"","obs","bmi"
"1",0.356343050843777,28.6424454633486
"2",0.325669964689745,28.1752010150078
"3",0.337577254358682,28.3586539921521
"4",0.31855884094898,28.0749856716991
"5",0.296316627059917,27.7914437444677
"6",0.240322173556149,26.9933319480526
"7",0.310484286275061,27.9325573894483
"8",0.334215851633242,28.2768060575391
"9",0,25.5798015474341
