"","obs","bmi"
"1",0.360765514716836,28.706254611732
"2",0.330106128987577,28.2448990284065
"3",0.345509764965423,28.4805903463669
"4",0.33057371045132,28.2549970798418
"5",0.317801032938655,28.0294763304171
"6",0.246363606092132,27.0878860868011
"7",0.307873092251918,27.8946889414537
"8",0.331772037916346,28.2665932894503
"9",0,25.57145976029
