"","obs","bmi"
"1",0.354401245103439,28.6772981174476
"2",0.324571615859675,28.2154913019694
"3",0.332389190501776,28.3335218367558
"4",0.306645338591943,27.990083478354
"5",0.283060484540427,27.647002399043
"6",0.24343587097051,27.0373266318073
"7",0.312882675118874,27.9342149386257
"8",0.33023746385592,28.2597438792158
"9",0,25.6387537408384
