"","obs","bmi"
"1",0.356682989496938,28.7024464251489
"2",0.328784439909479,28.2419664101964
"3",0.335695071286341,28.3662450491815
"4",0.310254995929424,28.0302204878348
"5",0.28328171092854,27.6943785415027
"6",0.241795231613627,27.0936458309621
"7",0.303257795164312,27.8402049296217
"8",0.329607427557102,28.2875901742425
"9",0,25.6418864746922
