"","obs","bmi"
"1",0.361010071157448,28.7046762148645
"2",0.331635075304643,28.2423775336472
"3",0.337523109632174,28.3945981207481
"4",0.30706866925391,28.084619811322
"5",0.281246850532772,27.7747427144637
"6",0.246940353205663,27.0885223455425
"7",0.304830943840814,27.8231868524214
"8",0.328006055368817,28.2191386093508
"9",0,25.5912189174103
