"","obs","bmi"
"1",0.353655002508611,28.6243646790132
"2",0.323957551599249,28.1694973769353
"3",0.336996303597679,28.3080092807977
"4",0.317229138155207,27.9918310589759
"5",0.298770030841184,27.6758363578772
"6",0.246563654430214,27.0963721071243
"7",0.303706911965763,27.9209835580832
"8",0.333013387695125,28.2567659591495
"9",0,25.6235072277188
