"","obs","bmi"
"1",0.356736947296894,28.6973442127417
"2",0.327663080742119,28.2325449181097
"3",0.349437895087688,28.3680919250143
"4",0.338774494791792,28.0391437868619
"5",0.328094027231186,27.7105154573705
"6",0.240915799215517,27.0151146745923
"7",0.302151917562546,27.8980761913594
"8",0.340258348226421,28.3362820825198
"9",0,25.6056005357317
