"","obs","bmi"
"1",0.361924505534099,28.7332136656162
"2",0.332985513856175,28.2787574548785
"3",0.338753282343216,28.3480125485872
"4",0.312421632834138,27.9630186798003
"5",0.289451418986157,27.5782395584042
"6",0.247975019249844,27.1225002160349
"7",0.303888830473212,27.924284071352
"8",0.334362348220707,28.2962888584808
"9",0,25.5849124710204
