"","obs","bmi"
"1",0.360946159671836,28.6684095235924
"2",0.331649053050516,28.2069514340122
"3",0.339812366078389,28.317720025555
"4",0.316323131638029,27.9672827095781
"5",0.291707925204273,27.6171067536622
"6",0.240537904540891,27.0196746680537
"7",0.306471864055315,27.9150441985346
"8",0.33194732986385,28.2650547212671
"9",0,25.5230556822987
