"","obs","bmi"
"1",0.359044930976527,28.6492593449959
"2",0.328421579396961,28.1914835583984
"3",0.336982498013239,28.2941103754439
"4",0.317153362055646,27.9395496053964
"5",0.295994867724194,27.5856287272973
"6",0.2458211319312,27.0947821873613
"7",0.309082908031052,27.9307297914378
"8",0.333588896625967,28.2481906291253
"9",0,25.5813379736304
