"","obs","bmi"
"1",0.361215258055518,28.6871427039176
"2",0.331761492353496,28.2250632704286
"3",0.341160384265139,28.3620631937929
"4",0.319430865037242,28.0371328237395
"5",0.291909498559882,27.7123556190029
"6",0.243302400213473,27.0472696346486
"7",0.300454502451219,27.8699638509312
"8",0.335193970356619,28.3494151352336
"9",0,25.5942204508611
