"","obs","bmi"
"1",0.359546436080429,28.6872697664284
"2",0.327928904811687,28.2286489047341
"3",0.339819151843226,28.4075372871286
"4",0.31669574649411,28.1279534242047
"5",0.298023824438397,27.8485224943159
"6",0.238849314839498,26.9905427866783
"7",0.309189862741916,27.8892681240132
"8",0.332914551742491,28.2811295162191
"9",0,25.594552330488
