"","obs","bmi"
"1",0.363971764651702,28.7227931835629
"2",0.333277674897212,28.2581188314742
"3",0.358960736971361,28.4718068445411
"4",0.354322181157042,28.2211505679368
"5",0.349769481057843,27.9708430718221
"6",0.246344215473877,27.0846689068397
"7",0.309398027053001,27.9075198063409
"8",0.339598337865955,28.3317094382438
"9",0,25.6237777534011
