"","obs","bmi"
"1",0.354398885198958,28.6896048835995
"2",0.324261363855428,28.2278899389113
"3",0.333557751901415,28.3709127016994
"4",0.312608172908029,28.0524369202771
"5",0.290014519736542,27.7341869381958
"6",0.243844109480704,27.0545080112839
"7",0.31013613969176,27.8486882986071
"8",0.332961585578817,28.3075487355289
"9",0,25.5879461300131
