"","obs","bmi"
"1",0.360370051598868,28.7529211725959
"2",0.332084632424645,28.2960913071188
"3",0.34153332103561,28.3842812024835
"4",0.324820870222084,28.0158833131192
"5",0.301494576291631,27.6477392428744
"6",0.238992668956438,27.0394467969456
"7",0.313654647939345,27.9857807195142
"8",0.335435483712775,28.3188932145478
"9",0,25.6902094844394
