"","obs","bmi"
"1",0.356378357629478,28.6806504226739
"2",0.325679842806599,28.2242629996984
"3",0.340255980918624,28.4103765024683
"4",0.322814341221929,28.1404240892386
"5",0.303771714744578,27.8708132116944
"6",0.242953495861759,27.0877275541643
"7",0.303688893171762,27.8532751916808
"8",0.335643399921268,28.317456449401
"9",0,25.6138165141361
