"","obs","bmi"
"1",0.353872530300997,28.5944022394286
"2",0.321758442425462,28.1304178882915
"3",0.330983365915302,28.2897369740591
"4",0.306649851748987,27.9853297677687
"5",0.284700321223861,27.6811946864016
"6",0.245142853280338,27.0956719102774
"7",0.305382215931504,27.9021420410276
"8",0.334934743928073,28.2886275200166
"9",0,25.5694287877199
