"","obs","bmi"
"1",0.359527968289243,28.6986107938883
"2",0.330873852821789,28.2422982926024
"3",0.350087800215209,28.4301757498519
"4",0.339148317581426,28.1619338232861
"5",0.327282075484531,27.8938930718818
"6",0.244185290203279,27.10478680674
"7",0.306642880365805,27.8814979089449
"8",0.334837818378263,28.2770067515662
"9",0,25.5896401395967
