"","obs","bmi"
"1",0.36279515626798,28.6753745383207
"2",0.331104897522739,28.2143467676818
"3",0.340103140543212,28.3575771006224
"4",0.315535072188179,28.039929265529
"5",0.29093035161187,27.7224348899562
"6",0.238144649953835,27.0006785588994
"7",0.309776377884156,27.8848562091237
"8",0.340219886390418,28.3817245014327
"9",0,25.5534912694587
