"","obs","bmi"
"1",0.355850272773698,28.6494021355366
"2",0.32832651415835,28.1889703989928
"3",0.327965890701624,28.2975935099272
"4",0.296580690712519,27.9458815682891
"5",0.265478869438437,27.5942639362205
"6",0.246893888342133,27.0798441989141
"7",0.299018560800279,27.824025972625
"8",0.336084243606429,28.2982546772245
"9",0,25.5556012388086
