"","obs","bmi"
"1",0.368319323329007,28.7919806924746
"2",0.33828352695163,28.333857233164
"3",0.355727902535219,28.5340274298007
"4",0.341696823878572,28.2761922137513
"5",0.327623618244123,28.0184783755364
"6",0.241324723311931,27.0565867293359
"7",0.30943522557882,27.8908510344906
"8",0.33564286194974,28.2322132936123
"9",0,25.6042065187258
