"","obs","bmi"
"1",0.35936783865918,28.686653176128
"2",0.329070096639426,28.2261169171395
"3",0.32687965885234,28.269939994587
"4",0.29239053358457,27.8534558705821
"5",0.263339916408746,27.4372080845323
"6",0.252427731284228,27.1703400536104
"7",0.306765710103112,27.9339462731653
"8",0.331680077057513,28.2676247035829
"9",0,25.5610704665725
