"","obs","bmi"
"1",0.359417445391695,28.718453820293
"2",0.332220588145067,28.2535352189348
"3",0.344626175648919,28.3691185256135
"4",0.32603754425977,28.0200546777689
"5",0.30630335604394,27.671275125122
"6",0.244446695225863,27.0787279511497
"7",0.304595338065881,27.8921279475467
"8",0.333716170177445,28.2872096174423
"9",0,25.6095291299637
