"","obs","bmi"
"1",0.357481073548169,28.6729982724783
"2",0.327597248150238,28.2032307427313
"3",0.350006021974247,28.4489127855537
"4",0.34029380123563,28.2251852414104
"5",0.331911062319885,28.0018390131567
"6",0.244571525862739,27.0353925231913
"7",0.314653807913439,27.9723378010954
"8",0.335150666068737,28.2502421093471
"9",0,25.5693585846271
