"","obs","bmi"
"1",0.356307531031948,28.6612419947309
"2",0.32873732171724,28.209842909727
"3",0.331674440277547,28.3862431864349
"4",0.303128752286532,28.1113710953512
"5",0.275773615856639,27.8366312507187
"6",0.241389053310667,27.0359102872993
"7",0.313000340887769,27.9465618522034
"8",0.334170997670569,28.2956742138154
"9",0,25.5487773862554
