"","obs","bmi"
"1",0.367462779673741,28.8049665570935
"2",0.336683214421948,28.3410348299116
"3",0.352570684282295,28.5872622347744
"4",0.338670849411913,28.3696556237494
"5",0.322311884223261,28.1521488161699
"6",0.244658123658446,27.0595260422382
"7",0.314014864775252,27.9373347181778
"8",0.339014859758607,28.3377916567039
"9",0,25.6453917194944
