"","obs","bmi"
"1",0.356606484447737,28.6784563352525
"2",0.324759362024164,28.2195947787665
"3",0.332318126539299,28.3567880499976
"4",0.305542090364634,28.0352894003638
"5",0.275140311680276,27.7139646387731
"6",0.249570845567813,27.1237701201583
"7",0.305794580816726,27.8552085709556
"8",0.332991606179856,28.2755117435463
"9",0,25.6026085446104
