"","obs","bmi"
"1",0.359421588440497,28.7053810895063
"2",0.331307938095971,28.2515415441812
"3",0.336221614649709,28.3669698100307
"4",0.311053361936061,28.0287953815712
"5",0.286107355586853,27.6908679605433
"6",0.246117288877523,27.0870339269392
"7",0.311246355020091,27.8741251853309
"8",0.334964932845931,28.2679302430002
"9",0,25.6043145359729
