"","obs","bmi"
"1",0.362448746570681,28.7429187394914
"2",0.333123114084904,28.2860470882728
"3",0.346175330211511,28.4836689386231
"4",0.331812196510008,28.2245124424909
"5",0.31294654125153,27.9654514533924
"6",0.242565945663329,27.04417804902
"7",0.313034869609492,27.9098809037323
"8",0.339844533998265,28.2978915424408
"9",0,25.5814837105653
