"","obs","bmi"
"1",0.358246454982081,28.6966199408566
"2",0.329543945547306,28.2321374967747
"3",0.341536312960856,28.2957459429929
"4",0.320863273736463,27.8952235626823
"5",0.302163777945408,27.4950713620521
"6",0.240663514681293,27.0107786143131
"7",0.310592963095026,27.9292731913151
"8",0.333326829422112,28.2900768117099
"9",0,25.6374309178615
