"","obs","bmi"
"1",0.362219472962789,28.6569007648316
"2",0.331264843242173,28.1948856839526
"3",0.346527813655851,28.4045171447274
"4",0.331561303962027,28.1522629168889
"5",0.315466718287458,27.9001417890213
"6",0.240984419236333,27.0582916346733
"7",0.308991755961568,27.9278870482474
"8",0.335470340621783,28.2933220108627
"9",0,25.5761992035752
