"","obs","bmi"
"1",0.365633451752199,28.8000256633032
"2",0.332805888150076,28.3426628149772
"3",0.35096190924007,28.5451547656081
"4",0.336924264412398,28.2905239509481
"5",0.322734007916987,28.0361449797973
"6",0.244878620017563,27.1051483845391
"7",0.312851126831237,27.9446370728028
"8",0.333783371586844,28.2995744162899
"9",0,25.6632577758912
