"","obs","bmi"
"1",0.356753551766782,28.6322028564659
"2",0.327018062571556,28.1735721219177
"3",0.339216877541084,28.3222248323955
"4",0.320819778783255,28.012511427828
"5",0.30298023414661,27.7030752946786
"6",0.242663836250945,27.0791723090738
"7",0.310595014256933,27.9342576605815
"8",0.330800044477864,28.2769362276491
"9",0,25.5580690343094
