"","obs","bmi"
"1",0.354401845603747,28.6311183167512
"2",0.324243717481454,28.1690062314969
"3",0.337989291873505,28.3398282230537
"4",0.318540075706884,28.0487271918717
"5",0.300251926371113,27.7578223727299
"6",0.244329714055748,27.0894994014441
"7",0.307391562718655,27.924430678331
"8",0.337552447413288,28.3125298319416
"9",0,25.5534245668817
