"","obs","bmi"
"1",0.362212064748984,28.7465082203152
"2",0.331460119709578,28.2859532340874
"3",0.332640822201295,28.4113183513315
"4",0.301586268116225,28.0762338566646
"5",0.27752224538679,27.7412514569764
"6",0.241805947688897,27.0364357384146
"7",0.314584627870491,27.9521152471785
"8",0.338864122108961,28.3773365743174
"9",0,25.5916466435231
