"","obs","bmi"
"1",0.360213513504404,28.6778192929647
"2",0.331860269373284,28.2247574838654
"3",0.344775998707371,28.371287384262
"4",0.326973760458412,28.0649388828233
"5",0.307702144661401,27.758780356485
"6",0.250407696381862,27.1335657357767
"7",0.304428440865882,27.8521214502481
"8",0.336854945726869,28.3097416874643
"9",0,25.5624794540979
