"","obs","bmi"
"1",0.359280370327518,28.7215824480803
"2",0.33017733024583,28.2691743134668
"3",0.348493894942928,28.4184490086518
"4",0.337284931532954,28.1155904436581
"5",0.330061988617681,27.8130204928582
"6",0.247811876708142,27.0937748452647
"7",0.3093328182646,27.9136627504961
"8",0.336861541710016,28.2937297324961
"9",0,25.6199562000045
