"","obs","bmi"
"1",0.365771074139208,28.7546349299307
"2",0.333831358155039,28.2950268788902
"3",0.335792602546595,28.4508563214708
"4",0.300706265254564,28.1471695254345
"5",0.270071920612577,27.8435752102809
"6",0.248213053662016,27.1039153312622
"7",0.3088204277909,27.9416769230513
"8",0.330341172485178,28.2114625243148
"9",0,25.5981456373265
