"","obs","bmi"
"1",0.360441220292249,28.6841096763846
"2",0.334706219865669,28.2267789721722
"3",0.333112642051206,28.2616926733319
"4",0.300572544597239,27.8396135102869
"5",0.271035645258974,27.4178887504533
"6",0.242398531972889,27.0521103748979
"7",0.30248236296398,27.8757340358493
"8",0.330712982482312,28.2434264535914
"9",0,25.5277903199229
