"","obs","bmi"
"1",0.362415852368438,28.68202302126
"2",0.330280356044613,28.2301441611058
"3",0.345299464458457,28.4921576917505
"4",0.329674309247583,28.3023929296171
"5",0.311647187145559,28.1127328256783
"6",0.247285042749992,27.0977650489544
"7",0.312927984750814,27.9443464295698
"8",0.342250163571947,28.3432076566891
"9",0,25.5534801645444
