"","obs","bmi"
"1",0.362612841787475,28.7166743573214
"2",0.330824409579957,28.2618852780569
"3",0.333709484353035,28.3299349289685
"4",0.299291650101424,27.9434339617355
"5",0.27375323766638,27.5571804130019
"6",0.244547628352382,27.0808508645018
"7",0.311435153666723,27.9219592181937
"8",0.335481279969886,28.2950338668595
"9",0,25.5391865831023
