"","obs","bmi"
"1",0.362764484370617,28.7245260664952
"2",0.331779675115021,28.2586528771327
"3",0.343686325169484,28.3945378127162
"4",0.322868445313143,28.0647266934349
"5",0.30238157799719,27.7350984844185
"6",0.249550848374038,27.0928145757437
"7",0.308922961063841,27.9151475716899
"8",0.335348626891484,28.2941679713912
"9",0,25.5885734778196
