"","obs","bmi"
"1",0.364616970743467,28.7581589437113
"2",0.332771620948199,28.297729326033
"3",0.347886064595629,28.4509817828304
"4",0.328298073011031,28.1440738345397
"5",0.308290154609817,27.8374479325383
"6",0.246082409150059,27.0895185364075
"7",0.305858846344868,27.8450524380374
"8",0.340104037990861,28.3723023830305
"9",0,25.5961727788877
