"","obs","bmi"
"1",0.362622664757943,28.7786534297847
"2",0.334645930907821,28.3168702654539
"3",0.347106620964487,28.5520072721451
"4",0.328233178126066,28.3254183881807
"5",0.310126340466002,28.0988881144776
"6",0.246216241751903,27.0792131153148
"7",0.305760105126573,27.8958510402558
"8",0.338594872600635,28.3341752159956
"9",0,25.6659494503589
