"","obs","bmi"
"1",0.362294106413601,28.7074269193686
"2",0.330948907017363,28.2460285433484
"3",0.35342722299726,28.4508572365063
"4",0.342693880227761,28.1944410020125
"5",0.332684994447767,27.9381844328106
"6",0.248747870951309,27.1055454744629
"7",0.311798710407714,27.9501424722803
"8",0.332058730415531,28.2951903642113
"9",0,25.5709239065068
