"","obs","bmi"
"1",0.361698995293246,28.7604559141738
"2",0.332790503573555,28.307100388701
"3",0.347758051690229,28.4529776038517
"4",0.332841689340532,28.1457431458014
"5",0.318168967156604,27.838763906675
"6",0.248330469692137,27.106476480643
"7",0.308125301922694,27.89147618729
"8",0.336521210276791,28.2560481147846
"9",0,25.6260907382314
