"","obs","bmi"
"1",0.356532530493452,28.6725392269803
"2",0.32626885663569,28.2151045599189
"3",0.348422305581947,28.3723559383482
"4",0.340295118566497,28.072585880621
"5",0.332916731463837,27.7732548748798
"6",0.243249815652783,27.0389398725929
"7",0.306857032692703,27.9355869231296
"8",0.332467855082762,28.2766747336651
"9",0,25.6073166594712
