"","obs","bmi"
"1",0.363753289178923,28.7368392969932
"2",0.333904656505037,28.2746898968304
"3",0.342153799552879,28.4469160218002
"4",0.318528479426193,28.1570917690868
"5",0.293720723982907,27.8673673861699
"6",0.245443290119288,27.046203916817
"7",0.303781775555833,27.8583902878204
"8",0.336126971905484,28.2957803370965
"9",0,25.5842775559445
