"","obs","bmi"
"1",0.362533934620806,28.7018121022235
"2",0.331471221445159,28.2458043546526
"3",0.353949830372328,28.4867661991771
"4",0.345744349993815,28.2718761193737
"5",0.337855469470537,28.0571475973308
"6",0.238785406534081,27.0185157354606
"7",0.309072846394249,27.888475019002
"8",0.325675023728607,28.2122830268195
"9",0,25.643914962793
