"","obs","bmi"
"1",0.362448746570681,28.7429187394914
"2",0.333217084386299,28.2867494726215
"3",0.347195486283512,28.5000287890198
"4",0.332088461488896,28.2572566015192
"5",0.314877734644749,28.0146073141402
"6",0.242565945663329,27.04417804902
"7",0.313034869609492,27.9098809037323
"8",0.339844533998265,28.2978915424408
"9",0,25.5814837105653
