"","obs","bmi"
"1",0.358378480557006,28.7149088434228
"2",0.328451103717971,28.2609198108049
"3",0.33777548632862,28.402219696423
"4",0.316321145928571,28.0898047440385
"5",0.293987263606286,27.7776769795051
"6",0.245347300699912,27.098421384801
"7",0.303317166368945,27.8348954222817
"8",0.341494282485167,28.3353568073239
"9",0,25.5820349139968
