"","obs","bmi"
"1",0.359640104276551,28.6523401528795
"2",0.329641623203194,28.1930400312135
"3",0.335702884257461,28.2516370497607
"4",0.307057273741709,27.8511946694743
"5",0.279431031288809,27.4510260189712
"6",0.24414135710245,27.0624339614085
"7",0.305146679470081,27.9194039316827
"8",0.339947207479,28.36164628258
"9",0,25.5021330561456
