"","obs","bmi"
"1",0.356606484447737,28.6784563352525
"2",0.325003965462722,28.2169406374386
"3",0.343639234463015,28.403332790631
"4",0.328042838098107,28.1284149368582
"5",0.313940584040954,27.8537108279991
"6",0.249570845567813,27.1237701201583
"7",0.305794580816726,27.8552085709556
"8",0.332991606179856,28.2755117435463
"9",0,25.6026085446104
