"","obs","bmi"
"1",0.359312757948345,28.6551931279641
"2",0.330070908326807,28.1930893359768
"3",0.350261273889209,28.4491624201686
"4",0.340571462084991,28.243242515579
"5",0.332346844232491,28.0374374966191
"6",0.240440371681449,27.0259864877522
"7",0.307862378810036,27.9349136970836
"8",0.333607313702964,28.2976633870684
"9",0,25.5228522629847
