"","obs","bmi"
"1",0.358692988057546,28.71046111375
"2",0.329142585481382,28.2581578149527
"3",0.344439098207125,28.440630513309
"4",0.329068869325918,28.170931392926
"5",0.315716939195663,27.9013689622119
"6",0.241876659085179,26.9889975073968
"7",0.314278383505989,27.9651881763727
"8",0.339874126340565,28.3290704287607
"9",0,25.581496455981
