"","obs","bmi"
"1",0.362689221716097,28.7413723320363
"2",0.334856469622991,28.2841601324052
"3",0.350335079995231,28.5088703335114
"4",0.335377538319513,28.2764817582863
"5",0.321005334150163,28.044210984852
"6",0.245101874891107,27.09985137276
"7",0.311873284759231,27.9375620028622
"8",0.329107385568521,28.237458273308
"9",0,25.6291976560502
