"","obs","bmi"
"1",0.360661084688391,28.6665655709136
"2",0.331555731301262,28.202039311641
"3",0.342148245180733,28.4039383759088
"4",0.31995523796713,28.1414149231018
"5",0.298435976712904,27.8789967387672
"6",0.244782164407944,27.0696569999556
"7",0.309345689912331,27.8771200231515
"8",0.338987322540202,28.2731283612545
"9",0,25.5872757676805
