"","obs","bmi"
"1",0.361215557553345,28.6884075754329
"2",0.328737445048137,28.2258717185774
"3",0.335758699121841,28.3609862347787
"4",0.310442180164312,28.0337271002573
"5",0.283758972977531,27.706634660294
"6",0.252702617044083,27.1465711114571
"7",0.307155248205617,27.9161881735659
"8",0.332868825797119,28.2577425660579
"9",0,25.5809707306663
