"","obs","bmi"
"1",0.359726666636129,28.6721997296225
"2",0.325127753741609,28.2064195594303
"3",0.337112254512455,28.3481969001445
"4",0.31763631903663,28.0244937040762
"5",0.294806194869927,27.7011060125666
"6",0.241848922198887,27.0783969817578
"7",0.307865046125743,27.8842634509341
"8",0.330963864799553,28.2576704077195
"9",0,25.52844545351
