"","obs","bmi"
"1",0.361902668724275,28.723843940343
"2",0.333640164182353,28.2704354177064
"3",0.345061793439664,28.3999528422933
"4",0.326301293040985,28.0762268426769
"5",0.306067461608486,27.7526715071468
"6",0.243435194497001,27.0841541881833
"7",0.30593542168953,27.9362464387595
"8",0.33634318757131,28.2474991617277
"9",0,25.563307531198
