"","obs","bmi"
"1",0.360476371530673,28.72764791188
"2",0.328231175554642,28.2583675064027
"3",0.33431908862221,28.4040508768384
"4",0.304890251285435,28.0806689367344
"5",0.276482903569051,27.7575108205044
"6",0.247681116602024,27.0670367929925
"7",0.301215456555267,27.8805132954856
"8",0.341663950944456,28.3516592088435
"9",0,25.6748441732663
