"","obs","bmi"
"1",0.362777020927604,28.7045127499629
"2",0.33215556731481,28.2501457085078
"3",0.349346195970284,28.3997104996406
"4",0.335753722725244,28.0953319561002
"5",0.321695115661928,27.791405639616
"6",0.244507388218723,27.0376288590811
"7",0.310335673439175,27.8965256405421
"8",0.334291088280798,28.2456925555949
"9",0,25.585249715344
