"","obs","bmi"
"1",0.365254416436235,28.7673621956064
"2",0.335752377345352,28.2991119674797
"3",0.34249214299873,28.4681235189308
"4",0.315922509734077,28.168946235925
"5",0.290362906461469,27.8698296044631
"6",0.250918087931675,27.1665785302914
"7",0.303703361100792,27.8871310881705
"8",0.33610392662512,28.3180972186816
"9",0,25.6078536923494
