"","obs","bmi"
"1",0.357643184439496,28.6670647693945
"2",0.32843193377483,28.2144304761772
"3",0.333378440599185,28.3342541100763
"4",0.305101688122242,28.001572026842
"5",0.275668287764786,27.6690220052325
"6",0.244188676190046,27.0492555034705
"7",0.307712847639465,27.9311237992824
"8",0.330963797126573,28.251828275926
"9",0,25.5722256626553
