"","obs","bmi"
"1",0.360586272799871,28.7555510816221
"2",0.332472770509033,28.2946089038226
"3",0.345453802612962,28.495329805155
"4",0.329981237292629,28.2353278381534
"5",0.310430537934329,27.9755563519942
"6",0.241556134547919,27.0450339580982
"7",0.30590671323566,27.9043217164961
"8",0.341049656914929,28.3077129176675
"9",0,25.6305322974896
