"","obs","bmi"
"1",0.359038905820579,28.6472310076681
"2",0.329019025415987,28.1894885932142
"3",0.336499033566129,28.3136311891455
"4",0.313152846809876,27.9801941852602
"5",0.288570616668662,27.6469258035839
"6",0.248636155106457,27.0815357558796
"7",0.308632519369097,27.8758362386426
"8",0.33614998377027,28.3079941188684
"9",0,25.521069409524
