"","obs","bmi"
"1",0.365193953071722,28.7704547223054
"2",0.335093550359836,28.3094677186677
"3",0.346534221708252,28.4491017113733
"4",0.329492971162744,28.1279827748225
"5",0.309199902926137,27.8071080857882
"6",0.247958792940415,27.0971368283786
"7",0.309360253945134,27.9151017823809
"8",0.334905221847784,28.2798957482091
"9",0,25.6531229391901
