"","obs","bmi"
"1",0.367296421571913,28.7348792494718
"2",0.336566487082157,28.2757800225971
"3",0.355532200761909,28.4585167843389
"4",0.344263038175573,28.182341993306
"5",0.329824609793478,27.9063611286872
"6",0.245752635928914,27.0886480862025
"7",0.309198708717313,27.8930547800865
"8",0.334611171335424,28.2586118538455
"9",0,25.6027978445434
