"","obs","bmi"
"1",0.358084064416205,28.6225156990661
"2",0.328224575560429,28.1665958921759
"3",0.334003866964085,28.3290188567951
"4",0.307594811914361,28.0356354066563
"5",0.280672833120332,27.742367345522
"6",0.243504090759959,27.0871628296295
"7",0.308353041738262,27.8964270767319
"8",0.335352391076645,28.3079149116482
"9",0,25.5302581136907
