"","obs","bmi"
"1",0.359935222246374,28.666408479396
"2",0.328255696802618,28.2024259386861
"3",0.33552647946327,28.3537760516571
"4",0.309146300955586,28.0412352278895
"5",0.289448277713737,27.7287874198266
"6",0.242526701490487,27.0786995005104
"7",0.308794963337516,27.9037554546528
"8",0.332619902518157,28.2888997056962
"9",0,25.5910457704386
