"","obs","bmi"
"1",0.359767904111202,28.708664055279
"2",0.33167903257057,28.2546156050099
"3",0.337786262417212,28.3752449340286
"4",0.314137999061397,28.0419570457971
"5",0.288193537607902,27.7088050363424
"6",0.238291851704405,27.053063455238
"7",0.307327241694399,27.8977010028603
"8",0.335637094743818,28.3126899781134
"9",0,25.5771276881387
