"","obs","bmi"
"1",0.357787638360197,28.6292621077425
"2",0.32726278916968,28.1652140094176
"3",0.340104211269033,28.3752097200815
"4",0.318868981108513,28.1212592129075
"5",0.299570892357371,27.867412889823
"6",0.238719908719087,27.0037258319039
"7",0.308006755990446,27.929597232286
"8",0.333330462440884,28.2832281474631
"9",0,25.5711130767841
