"","obs","bmi"
"1",0.365478410440441,28.7218782469347
"2",0.335330562917022,28.2568112263113
"3",0.35065568240217,28.3856782782407
"4",0.333988085936024,28.0496950441453
"5",0.317796947690058,27.7139370263195
"6",0.238569119674284,27.029883171349
"7",0.308489104910986,27.8963630125306
"8",0.3339250506433,28.293681180347
"9",0,25.6048095827453
