"","obs","bmi"
"1",0.359758605883816,28.6397760243012
"2",0.329418107770663,28.1739538979189
"3",0.334740017040424,28.2173007190826
"4",0.306626194720139,27.7952736999355
"5",0.276829763970107,27.3737213529633
"6",0.242034160093853,27.0237587667263
"7",0.308715382057672,27.9335702502087
"8",0.332552959112736,28.2969393994749
"9",0,25.5290340448092
