"","obs","bmi"
"1",0.357457887260619,28.6831064085964
"2",0.329335327016891,28.2295929647794
"3",0.338534225060274,28.3896400809289
"4",0.318220635096352,28.096282462271
"5",0.29829295794022,27.8030371388794
"6",0.246364512278252,27.0836156851057
"7",0.308205180016714,27.9072242995098
"8",0.333287188200313,28.2492656459069
"9",0,25.59392591495
