"","obs","bmi"
"1",0.36556413160103,28.7050733794169
"2",0.335066079892137,28.2495375086383
"3",0.342687329129166,28.4252483039697
"4",0.31831028662817,28.1455417182558
"5",0.291434440563845,27.8659582705154
"6",0.243467015734685,27.042350144979
"7",0.309657056041618,27.9222301301437
"8",0.33591754539532,28.2875226013661
"9",0,25.569820347272
