"","obs","bmi"
"1",0.357618132638769,28.6835127855
"2",0.327462264846027,28.2168226759586
"3",0.338694639495462,28.3696678095641
"4",0.318849683593406,28.0562020586141
"5",0.299422810348273,27.7431401366208
"6",0.247251133253236,27.0906657233346
"7",0.306099371796617,27.845164119332
"8",0.338599090770443,28.3297246733528
"9",0,25.5493774812198
