"","obs","bmi"
"1",0.359924790140238,28.6900612257033
"2",0.329275766108226,28.234463186013
"3",0.343733102394703,28.413417081075
"4",0.328810769386409,28.1369692662136
"5",0.312820407338399,27.8607259068229
"6",0.241430312777699,27.0470793120789
"7",0.304963179673961,27.8531512404246
"8",0.333396955241544,28.2853284259558
"9",0,25.6047337646743
