"","obs","bmi"
"1",0.367139740843142,28.7245010078466
"2",0.337718161798318,28.2652350359703
"3",0.342443508741584,28.3363906753415
"4",0.314618192453926,27.9486066390638
"5",0.287261535414361,27.5611663872985
"6",0.242938729353082,27.0646538656522
"7",0.308079664887334,27.9210728326649
"8",0.340648888131983,28.3261397020705
"9",0,25.565482270402
