"","obs","bmi"
"1",0.35979454154392,28.6928651794423
"2",0.330931805427666,28.2379164209388
"3",0.344561011294269,28.4166348282582
"4",0.32852044483539,28.1405465974797
"5",0.311069476863124,27.8646049873596
"6",0.241792559303927,27.0525596754625
"7",0.305958644110191,27.902676748832
"8",0.339829438693397,28.3472407670137
"9",0,25.5615097550364
