"","obs","bmi"
"1",0.361161610337404,28.7315619534695
"2",0.331947769659851,28.2781247933984
"3",0.336001930303998,28.3833078609573
"4",0.307879055513237,28.0352540899296
"5",0.276935823381785,27.6874074591994
"6",0.243798430788175,27.0586721534872
"7",0.3057193286565,27.8778425338019
"8",0.333261668410699,28.2730821834374
"9",0,25.655791655274
