"","obs","bmi"
"1",0.358049394874749,28.6933500325296
"2",0.328245244037277,28.227785349321
"3",0.332586562417725,28.3426990647421
"4",0.306411497625011,27.9923625304536
"5",0.277303816341925,27.642357966599
"6",0.238949973790837,27.0190684445505
"7",0.307426138743358,27.9031337910152
"8",0.332167858970676,28.3139382679127
"9",0,25.615771489588
