"","obs","bmi"
"1",0.361348344344869,28.6899915379249
"2",0.331420272507304,28.2269434598883
"3",0.340441355861152,28.3818748518704
"4",0.317795162421018,28.0738875691884
"5",0.293909040423469,27.7660329085129
"6",0.243647691542143,27.0348401994199
"7",0.308229932442036,27.9017073193313
"8",0.339542309183745,28.3604160001478
"9",0,25.6202653106626
