"","obs","bmi"
"1",0.357636926140662,28.6772541692734
"2",0.328188056763987,28.2159603249676
"3",0.323498417297438,28.2926069849409
"4",0.286258088458935,27.9080498676169
"5",0.254679857803202,27.5235814385062
"6",0.240597552007593,27.0434477220351
"7",0.308920385367285,27.9227944404393
"8",0.337713697129193,28.2772592070718
"9",0,25.6014966719813
