"","obs","bmi"
"1",0.355156582798936,28.704515740847
"2",0.325699604244903,28.2395604067093
"3",0.340647173087619,28.4136374215302
"4",0.326460001305781,28.1229603969774
"5",0.309354144186919,27.8324930213499
"6",0.242769803230655,27.0450120574607
"7",0.305823310418486,27.9066951992679
"8",0.335755394412218,28.2580096440029
"9",0,25.6207559491613
