"","obs","bmi"
"1",0.363873830123245,28.7773672675541
"2",0.333770530843583,28.3140231082905
"3",0.339880434921751,28.4826222088282
"4",0.316031465815017,28.1879762384367
"5",0.291205718662922,27.8934308559966
"6",0.245684365316559,27.0648849248439
"7",0.309654166151943,27.8649318186942
"8",0.337980207758244,28.2868796980241
"9",0,25.6334630357743
