"","obs","bmi"
"1",0.352235466402831,28.6559617338636
"2",0.324199995726731,28.1992324620418
"3",0.32969260729226,28.3956874895855
"4",0.309737757291392,28.1354920397041
"5",0.286894881829431,27.8753771428001
"6",0.246239773850272,27.0681446716763
"7",0.305506314111737,27.8753085537893
"8",0.334812895565232,28.3117580714694
"9",0,25.5952095923193
