"","obs","bmi"
"1",0.354633786224106,28.5830042834305
"2",0.325210341092449,28.13182180432
"3",0.339096052081874,28.3211358861972
"4",0.322391790864984,28.0594019169055
"5",0.305210230404621,27.7978058005807
"6",0.238441577258877,26.9606772664978
"7",0.312791449109852,27.9498460762605
"8",0.33939145440623,28.2955831513011
"9",0,25.586160835532
