"","obs","bmi"
"1",0.360800623066046,28.6951016848611
"2",0.332566798045947,28.2423478374059
"3",0.350028775866961,28.4722258844994
"4",0.335853462183592,28.2494874500776
"5",0.326515763336183,28.0268918026212
"6",0.244859526615479,27.0314414155547
"7",0.304616266113728,27.8439439788554
"8",0.3319455944719,28.2446720709865
"9",0,25.6036333222338
