"","obs","bmi"
"1",0.355259436952298,28.6494535985734
"2",0.328310528198588,28.2015884965569
"3",0.342311247974102,28.347972234364
"4",0.330371909473352,28.046889538649
"5",0.314444302859424,27.7462320571345
"6",0.245365693710137,27.0751218530173
"7",0.308314612030063,27.8891190940608
"8",0.338742667960395,28.3475313519207
"9",0,25.5881555337042
