"","obs","bmi"
"1",0.364691220226808,28.7683585020998
"2",0.33555266182673,28.3076330024429
"3",0.342137743196022,28.3935846759896
"4",0.312533129225663,28.0191248471803
"5",0.283667218373743,27.6449949839619
"6",0.243132712985132,27.1102661600483
"7",0.303282820866284,27.8751272645747
"8",0.331567931103206,28.2670155903119
"9",0,25.6167100497806
