"","obs","bmi"
"1",0.357417217434731,28.6571945278855
"2",0.328173567873816,28.1965853555267
"3",0.335943954275423,28.355778399555
"4",0.313880729767624,28.054453086917
"5",0.290455991311575,27.7532203070563
"6",0.243999054899233,27.0289886317867
"7",0.307297754448316,27.9003532656673
"8",0.33486597623445,28.2757055385787
"9",0,25.5446840542521
