"","obs","bmi"
"1",0.358012938317007,28.7060099061904
"2",0.328710884639344,28.2533782688748
"3",0.339802261138815,28.3793126593215
"4",0.318311826109343,28.0528616364065
"5",0.29884181694752,27.726667843943
"6",0.241768733245994,27.0676767590341
"7",0.309374043136285,27.8826920287169
"8",0.338581405752476,28.2761159866409
"9",0,25.6944401928031
