"","obs","bmi"
"1",0.357302982832837,28.6653636997786
"2",0.328472229330267,28.2131112808736
"3",0.345946904033601,28.3890954238966
"4",0.333995158681301,28.112995859409
"5",0.319828499355043,27.8370708204219
"6",0.237209937382157,27.0103605217592
"7",0.31011313844351,27.9270633202894
"8",0.332594831248075,28.2408663462992
"9",0,25.5836146720576
