"","obs","bmi"
"1",0.361469050435036,28.7193740601527
"2",0.334445916118407,28.2718171497655
"3",0.341160117254132,28.4138381804279
"4",0.320310397203038,28.1086222151468
"5",0.298413764930978,27.8037449643119
"6",0.240511928029111,26.9903161416273
"7",0.308449105730706,27.9152053572558
"8",0.339493647777521,28.3019421042905
"9",0,25.604649511335
