"","obs","bmi"
"1",0.358005348037587,28.6970966077468
"2",0.326571389880663,28.2382232620761
"3",0.341852601383487,28.4085962970655
"4",0.325668487060779,28.1202549286228
"5",0.309160903908415,27.8320798072814
"6",0.245768454972674,27.0994347916416
"7",0.309558342014515,27.9509575070019
"8",0.331483956846707,28.2638100572104
"9",0,25.6229195834103
