"","obs","bmi"
"1",0.354203064542626,28.6750941251794
"2",0.324892785357637,28.2131733825945
"3",0.331906132550591,28.3180201960086
"4",0.309002746719145,27.9611131080177
"5",0.285129222689182,27.6043795706003
"6",0.241777704621892,27.088143279224
"7",0.306331524397345,27.9078692161645
"8",0.3370552238571,28.3115503844258
"9",0,25.6275278348162
