"","obs","bmi"
"1",0.355274138846217,28.6258811106406
"2",0.32544077497243,28.1638675602912
"3",0.334780523594431,28.2760830525465
"4",0.312247949054187,27.9266759956483
"5",0.292279823509827,27.5776837824608
"6",0.242470060198517,27.0251088592134
"7",0.304232954268301,27.8768557304408
"8",0.337897281542775,28.2838482005215
"9",0,25.5976779043537
