"","obs","bmi"
"1",0.355623165371328,28.6739047580017
"2",0.328311492486888,28.2136957383872
"3",0.342840943749018,28.4360891664339
"4",0.328978886654147,28.1983521904039
"5",0.314243228310081,27.9606953617275
"6",0.240409261015461,27.0281674488568
"7",0.304839915300709,27.874015458578
"8",0.330329295650175,28.2472041960352
"9",0,25.5950288430283
