"","obs","bmi"
"1",0.360213823831241,28.6880583676266
"2",0.331358282515739,28.2290958221256
"3",0.340710596821745,28.4083319762737
"4",0.319002579368906,28.1287541672614
"5",0.30013154566188,27.8493294961548
"6",0.239067800212486,27.0296655320931
"7",0.30703272542242,27.8924860146935
"8",0.338824087730679,28.2886746298813
"9",0,25.5892164625381
