"","obs","bmi"
"1",0.367226760748331,28.745992848598
"2",0.336582932927653,28.2929442382854
"3",0.345320354144245,28.3455460179294
"4",0.321331813260041,27.9455685570226
"5",0.298327060651245,27.5460916986845
"6",0.240078701595601,26.9934910273823
"7",0.307863944635903,27.9262886433213
"8",0.333886950037486,28.2784850954856
"9",0,25.599113648903
