"","obs","bmi"
"1",0.360141291106987,28.7205028919622
"2",0.329633338383556,28.2625875641155
"3",0.337693150053163,28.3233327494946
"4",0.31368845615109,27.9264237488363
"5",0.290333279326049,27.5297873061787
"6",0.248420352200893,27.1206432204325
"7",0.312953906815056,27.9800072917739
"8",0.333289376737079,28.3021032447346
"9",0,25.5864655228145
