"","obs","bmi"
"1",0.363472054564622,28.7455288606368
"2",0.333616366522197,28.2832094047652
"3",0.335223345258236,28.3957325410255
"4",0.307122989355203,28.0460665109006
"5",0.279458973509746,27.6965334090415
"6",0.252696312779445,27.1340963252739
"7",0.307928986118979,27.9023940906723
"8",0.335288989941106,28.3166528058634
"9",0,25.6069440739449
