"","obs","bmi"
"1",0.363024677694824,28.6875107178896
"2",0.33166241865798,28.2256550376802
"3",0.337431352282966,28.3336619935377
"4",0.307092135993308,27.9800692086255
"5",0.282870308894509,27.6267432727518
"6",0.242244030069027,27.0625597787745
"7",0.311562735392586,27.9011258969326
"8",0.33320961296558,28.290737675833
"9",0,25.5574027534495
