"","obs","bmi"
"1",0.356581939883694,28.7075925267038
"2",0.326964765458788,28.2432338633508
"3",0.340645033296104,28.3745126478559
"4",0.321761712046721,28.0418104216821
"5",0.305746316094616,27.7095083350593
"6",0.242852476710697,27.0334750159961
"7",0.302059113586951,27.8340781591775
"8",0.330293960403555,28.2881229618225
"9",0,25.6035447098978
