"","obs","bmi"
"1",0.353716249611265,28.6097753977983
"2",0.324356028123649,28.1574517463747
"3",0.336325729882269,28.2782402879223
"4",0.317350397452654,27.9469445404163
"5",0.297925478972729,27.6158982094179
"6",0.24746387455251,27.1028189333759
"7",0.31424835534995,28.0220748204869
"8",0.335402604507023,28.3097547138811
"9",0,25.5877791911801
