"","obs","bmi"
"1",0.35992884387254,28.6994204833731
"2",0.330191607676094,28.2335109243943
"3",0.34757981066058,28.4240068373576
"4",0.332174264319788,28.148811950097
"5",0.317631579283066,27.8738457632186
"6",0.23861123872392,27.0032258939
"7",0.308451748021282,27.9258434267004
"8",0.330875978092789,28.215533149807
"9",0,25.6399087232154
