"","obs","bmi"
"1",0.356727932807275,28.6697616770795
"2",0.325989496887909,28.2192373367175
"3",0.337840483689002,28.332798240065
"4",0.318040344654318,27.9960749837295
"5",0.299917290735597,27.6596018927314
"6",0.248012970651356,27.0982312493384
"7",0.304785090699444,27.8857945113741
"8",0.337040156706273,28.2817864385977
"9",0,25.6248601987557
