"","obs","bmi"
"1",0.358318396331856,28.6567844853127
"2",0.328733078918241,28.1956452996043
"3",0.347742872999848,28.4380098166912
"4",0.336459590893989,28.2194259349009
"5",0.325502090878915,28.001041467821
"6",0.246949702700347,27.0801300648292
"7",0.304290605202124,27.8809488836268
"8",0.331536272303317,28.2332339338596
"9",0,25.5537686797167
