"","obs","bmi"
"1",0.36061107371786,28.7075838185693
"2",0.3303965771843,28.2491521029659
"3",0.333760183927657,28.3585965387375
"4",0.304251598903354,28.0098073652587
"5",0.278380091418717,27.6612229692942
"6",0.249729550060339,27.121892748547
"7",0.310188408370287,27.9101650499546
"8",0.332016692590768,28.289605277337
"9",0,25.625815574981
