"","obs","bmi"
"1",0.360546363571603,28.7391840923606
"2",0.333561145272,28.278391279557
"3",0.343076149988954,28.4407069038889
"4",0.322524210285552,28.1423503079081
"5",0.300002880256651,27.8441185388076
"6",0.241583647198823,27.0284893698835
"7",0.310986198177161,27.8915583766547
"8",0.341224373336535,28.3355649094382
"9",0,25.5701776518608
