"","obs","bmi"
"1",0.358494594424155,28.6636288768535
"2",0.328369705470903,28.2025629632346
"3",0.335762349894879,28.3446988768127
"4",0.311163402514523,28.026033470472
"5",0.286953005812199,27.7076460603254
"6",0.250500384019447,27.0959846741442
"7",0.300991552666544,27.8848364985083
"8",0.334670920028188,28.2731710507386
"9",0,25.6051221423505
