"","obs","bmi"
"1",0.362551992131711,28.705408022649
"2",0.331294780532731,28.2419241919643
"3",0.340521113122723,28.3695755520063
"4",0.318007043125886,28.0339016671311
"5",0.291721222524098,27.6983908071847
"6",0.244329129179707,27.0540574583243
"7",0.307621436461769,27.8683455975339
"8",0.328424430984152,28.2206574508459
"9",0,25.5946200393229
