"","obs","bmi"
"1",0.361951578877271,28.6802060662356
"2",0.332358971870078,28.2224311820732
"3",0.343582781506962,28.2625120657429
"4",0.325047962868312,27.8454423868657
"5",0.30531270510611,27.4290482003264
"6",0.244234393876086,27.0492184285191
"7",0.307300166125732,27.9183038227644
"8",0.33011188663936,28.3000297089214
"9",0,25.5532147312826
