"","obs","bmi"
"1",0.359377307220245,28.6441862638074
"2",0.328860937098849,28.1786307589268
"3",0.343733707810197,28.4913611005914
"4",0.32619966829232,28.338576890961
"5",0.306682634640631,28.1858337163162
"6",0.239829349470612,27.0559573345941
"7",0.309463189341159,27.9163474101587
"8",0.336457069408244,28.2711680522322
"9",0,25.5531018864299
