"","obs","bmi"
"1",0.355884978374849,28.6619263210938
"2",0.326485674970139,28.1993755294351
"3",0.335621964382514,28.4084878207087
"4",0.317782699504486,28.1551465510273
"5",0.294895685236826,27.9019048367072
"6",0.24001163235698,27.0630866789144
"7",0.308941244925246,27.9096987062722
"8",0.338523197334222,28.3480982297253
"9",0,25.5757341030553
