"","obs","bmi"
"1",0.361784493813076,28.6732706550835
"2",0.33330267931479,28.2192951243065
"3",0.346810130376969,28.3979123211417
"4",0.330378137091068,28.1226824150418
"5",0.315475329159227,27.8475860954077
"6",0.246413466573903,27.0907683069785
"7",0.308213930272534,27.9052671944996
"8",0.336988831251937,28.3188434338801
"9",0,25.5483319400967
