"","obs","bmi"
"1",0.357655819679226,28.6677242610257
"2",0.328712833447123,28.20423905701
"3",0.340774209338499,28.3477545839233
"4",0.323688017465613,28.0281442658134
"5",0.300777811264713,27.7089158229222
"6",0.240846608849133,27.0525303663185
"7",0.311770780685588,27.9096759708167
"8",0.329170582006056,28.2118968547732
"9",0,25.5666405673463
