"","obs","bmi"
"1",0.363762141654026,28.713632287942
"2",0.334435780182744,28.2624663282916
"3",0.340885474853215,28.4107885613605
"4",0.314935204908423,28.108041911896
"5",0.288408986954165,27.8053938822449
"6",0.234854919751224,26.9964118656733
"7",0.303657049537564,27.8344804861162
"8",0.335230640067191,28.3000582138677
"9",0,25.5990173098936
