"","obs","bmi"
"1",0.361083413875946,28.6973778970377
"2",0.333163404672635,28.2380477495836
"3",0.347338273886579,28.4030980538591
"4",0.33291058755895,28.1090885170775
"5",0.314152947777237,27.8153627292024
"6",0.245975694156969,27.0509306736302
"7",0.307436456147828,27.9050078032919
"8",0.334481885986891,28.3048416022641
"9",0,25.5760300511687
