"","obs","bmi"
"1",0.36227819084572,28.7531176324736
"2",0.331240535495881,28.287575320059
"3",0.337075969760338,28.3960297413435
"4",0.306133200080686,28.0391187539742
"5",0.280729366323227,27.6823902382494
"6",0.247794831182392,27.1154647863369
"7",0.307582036890965,27.910131446967
"8",0.336270949406918,28.2760537159321
"9",0,25.6074969979376
