"","obs","bmi"
"1",0.36417639806568,28.7264231069093
"2",0.33310068487344,28.2686941345079
"3",0.353147990865566,28.4780352858522
"4",0.342563666794627,28.2298595675296
"5",0.328794685668085,27.9819056704366
"6",0.243963461623214,27.0859666853274
"7",0.311853557900298,27.915471918073
"8",0.327807201980679,28.2519833448419
"9",0,25.5677242389039
