"","obs","bmi"
"1",0.35650029878492,28.6951483583507
"2",0.324084519677895,28.2261446728827
"3",0.336893495761976,28.4596040327962
"4",0.318956038442541,28.2241346551175
"5",0.297525860854178,27.9887416205846
"6",0.245960537810872,27.0696000895903
"7",0.307949468962572,27.8652963066993
"8",0.332524433138937,28.2871863100689
"9",0,25.6337294290074
