"","obs","bmi"
"1",0.362918299605017,28.7446534098381
"2",0.331932711854467,28.2737209238555
"3",0.342064717636707,28.4141523509794
"4",0.318589231903399,28.0839285480067
"5",0.295789565391143,27.7539960285798
"6",0.242476652924132,27.0274336974929
"7",0.311410275310734,27.9534012246529
"8",0.332280516760311,28.2361271508684
"9",0,25.6171775616955
