"","obs","bmi"
"1",0.366588158111885,28.7207416586969
"2",0.337664781303392,28.2667339437281
"3",0.35311182675763,28.4287094540028
"4",0.339237593930061,28.1368724736849
"5",0.322094481432423,27.8452399378277
"6",0.241572029519692,27.0725043370467
"7",0.308972996275234,27.9084235605339
"8",0.337831954826401,28.3055013076418
"9",0,25.5780706182898
