"","obs","bmi"
"1",0.362681532132675,28.7164793125568
"2",0.331785266019957,28.2607921714998
"3",0.335251939803037,28.3133186068522
"4",0.305264784905708,27.9104255347764
"5",0.276653037966422,27.5078106275092
"6",0.247316291062658,27.0983489944863
"7",0.31095901481104,27.9078630698996
"8",0.334875391256151,28.2667183048256
"9",0,25.5911737141648
