"","obs","bmi"
"1",0.360723594225117,28.7195743951821
"2",0.330553661047838,28.2675443562909
"3",0.331066733723388,28.3521163323409
"4",0.300143563580327,27.9849328365677
"5",0.270009671452337,27.618036739755
"6",0.242404295095629,27.0254432029752
"7",0.307627313188511,27.9310255024716
"8",0.332324381814986,28.2771245872063
"9",0,25.5704338571442
