"","obs","bmi"
"1",0.356771188320553,28.7028124732466
"2",0.329253443467476,28.2424642270463
"3",0.342902712548523,28.3694805033787
"4",0.327425070434218,28.0364330692993
"5",0.30975066076935,27.7036853245761
"6",0.247186099884203,27.0980406141368
"7",0.306619200021423,27.8503647930497
"8",0.339304403607626,28.3259271108521
"9",0,25.5994131781456
