"","obs","bmi"
"1",0.3609218767925,28.6890256267263
"2",0.331104698686661,28.2217529300902
"3",0.333679456934938,28.3717670145347
"4",0.305041258817933,28.0545702151483
"5",0.273842434663601,27.7374350293786
"6",0.244417654643465,27.0937411211646
"7",0.313337810819766,27.9586319280811
"8",0.325988716373264,28.2452048029304
"9",0,25.5717433931678
