"","obs","bmi"
"1",0.359539611943004,28.698065438448
"2",0.32889116929588,28.2296841446431
"3",0.337720872493722,28.3585968766911
"4",0.312792339906625,28.0194123441648
"5",0.28875223765762,27.6805258499437
"6",0.241007515024151,27.0222191188059
"7",0.304976862717924,27.8699514926663
"8",0.337359300366874,28.3119664304575
"9",0,25.5616120743035
