"","obs","bmi"
"1",0.360260223733004,28.7095977626535
"2",0.330245898194217,28.2557322036937
"3",0.341088588980273,28.4023528206685
"4",0.320229512421918,28.0953341106768
"5",0.303459347835532,27.788551898255
"6",0.240412396854545,27.0188641740599
"7",0.30661967376931,27.9413327063414
"8",0.328715246950497,28.2166842207356
"9",0,25.5971037496674
