"","obs","bmi"
"1",0.365193953071722,28.7704547223054
"2",0.335093550359836,28.3092235691977
"3",0.343289640527871,28.4395363870613
"4",0.322988749009251,28.1087842814375
"5",0.296285058483633,27.7782042198946
"6",0.247958792940415,27.0971368283786
"7",0.309360253945134,27.9151017823809
"8",0.334905221847784,28.2798957482091
"9",0,25.6531229391901
