"","obs","bmi"
"1",0.359104457659952,28.6492908780773
"2",0.332268141087083,28.1952978990829
"3",0.335807288037356,28.3407043503781
"4",0.310290216692131,28.0322514587251
"5",0.27862610173483,27.7239351570642
"6",0.246099391273866,27.0772848669764
"7",0.303844589778119,27.9173985747064
"8",0.330584957140559,28.2162531470129
"9",0,25.5545413543132
