"","obs","bmi"
"1",0.357334850502319,28.7091898756841
"2",0.328646456239454,28.2587135378878
"3",0.331881455068997,28.3186367825111
"4",0.301194458942647,27.9282927414889
"5",0.271170908299786,27.5381643797674
"6",0.245022388981747,27.1104380272155
"7",0.311961917693434,27.958783045092
"8",0.33188264476079,28.2893880664869
"9",0,25.5854780542652
