"","obs","bmi"
"1",0.360716723102795,28.7519857019076
"2",0.330857351303547,28.3000259562398
"3",0.344288576433701,28.4987441022217
"4",0.329071578392141,28.2456037520984
"5",0.312505171930034,27.9925680334819
"6",0.24171490731293,27.0699888127377
"7",0.311420021373038,27.9470479748882
"8",0.333546934579757,28.3074668909053
"9",0,25.609859495494
