"","obs","bmi"
"1",0.353883085658774,28.625066504813
"2",0.324424728116533,28.1687768121885
"3",0.332970866106741,28.3624429728024
"4",0.311680040969639,28.0998997505855
"5",0.2885371916275,27.8374382150268
"6",0.246182980422778,27.0911534126593
"7",0.310824364498815,27.8909727929219
"8",0.329878256544255,28.2715940771147
"9",0,25.5990874870229
