"","obs","bmi"
"1",0.362294106413601,28.7074269193686
"2",0.331047178289833,28.245652644862
"3",0.354754479097611,28.4766127431764
"4",0.346000833284317,28.2461615686448
"5",0.337596972821409,28.0160969077144
"6",0.248747870951309,27.1055454744629
"7",0.311798710407714,27.9501424722803
"8",0.332058730415531,28.2951903642113
"9",0,25.5709239065068
