"","obs","bmi"
"1",0.357937822726382,28.7165152478965
"2",0.330074475660177,28.2600029820912
"3",0.341313966072982,28.3627075926542
"4",0.323283912348032,28.0093087337026
"5",0.307471630080081,27.6563442594428
"6",0.241598258881217,27.0281093892787
"7",0.305512531572774,27.8576119938727
"8",0.334517557562336,28.2562073594651
"9",0,25.5765141461904
