"","obs","bmi"
"1",0.360112035948633,28.7217223751681
"2",0.33144271921537,28.2663862915065
"3",0.342140406228549,28.4659979076351
"4",0.323053327574499,28.2103584190771
"5",0.303757888652619,27.9548057882703
"6",0.241946991314521,27.0089781169727
"7",0.30665479380577,27.878582567255
"8",0.332775326654252,28.2629316229379
"9",0,25.6123222656881
