"","obs","bmi"
"1",0.359208060787887,28.6970636656204
"2",0.330092357107825,28.2403969562068
"3",0.345950288936789,28.412490907775
"4",0.336270462232448,28.1281557605393
"5",0.322053506888563,27.844069699509
"6",0.247560569137599,27.0269311565851
"7",0.306827876783299,27.937377560099
"8",0.336895484619856,28.3077427186894
"9",0,25.6060976136847
