"","obs","bmi"
"1",0.368491056357017,28.8584944122344
"2",0.339749889095727,28.4023071505459
"3",0.33753471093968,28.4723900539643
"4",0.305382988528955,28.0865139830721
"5",0.278137166470206,27.7008724112592
"6",0.242906339991363,27.0735794088345
"7",0.301940112750408,27.8498196103639
"8",0.335018420567614,28.2702504318908
"9",0,25.6149339126874
