"","obs","bmi"
"1",0.364783460815273,28.7452361029706
"2",0.334835889670234,28.2806007706813
"3",0.349363795379852,28.4271336963009
"4",0.329959907510242,28.1092673882497
"5",0.313478420674932,27.7916445154602
"6",0.250051367801318,27.1131032645781
"7",0.313905994991323,27.9907192600285
"8",0.332333390657529,28.2613283596188
"9",0,25.5682831381976
