"","obs","bmi"
"1",0.358791592364461,28.7213649382741
"2",0.328668967152581,28.2559293054717
"3",0.341623233356676,28.4518929347061
"4",0.32389474414091,28.1825551199906
"5",0.308891686251514,27.9133551829067
"6",0.24704296934721,27.0896571791037
"7",0.304720532833891,27.8657704754252
"8",0.330791666786427,28.2646071051791
"9",0,25.6283256704408
