"","obs","bmi"
"1",0.358731197270625,28.7024071151453
"2",0.328646210289541,28.2429322424093
"3",0.347599430960061,28.4505834456111
"4",0.333321169301948,28.1989031526592
"5",0.318941735218255,27.9473710891232
"6",0.23854954970473,27.0182975699751
"7",0.309622541841339,27.9294598396561
"8",0.336188631877449,28.2506209900999
"9",0,25.6088594095349
