"","obs","bmi"
"1",0.355675275244895,28.6435913513867
"2",0.325027938090554,28.1762147735242
"3",0.334662545881741,28.2831758135365
"4",0.309703151805657,27.9229573995543
"5",0.286445815968473,27.5629424686613
"6",0.243750672495256,27.0565663803257
"7",0.312341677352507,27.9827147380252
"8",0.336870909118937,28.3031331250539
"9",0,25.6471951816028
