"","obs","bmi"
"1",0.360509304901711,28.7682976699074
"2",0.330602229786912,28.3043911376688
"3",0.340522204004577,28.4478712639127
"4",0.322487388067599,28.1276070996234
"5",0.300834805570073,27.8075105482867
"6",0.241320234306765,27.016132021688
"7",0.301760188413766,27.8714655063621
"8",0.335310103535167,28.2989632312884
"9",0,25.6203223718633
