"","obs","bmi"
"1",0.35340632293836,28.6300906921517
"2",0.32438738098321,28.1764639694742
"3",0.336204257449258,28.2162401877282
"4",0.312950737951117,27.8027865639418
"5",0.293254001468155,27.3897524276234
"6",0.248921915890978,27.0743910808278
"7",0.314544530217059,27.9193604192689
"8",0.337068689333787,28.3159366962568
"9",0,25.5542129044798
