"","obs","bmi"
"1",0.366612627088154,28.7441872389181
"2",0.335440794033759,28.2846193716099
"3",0.350556479772105,28.4181793322618
"4",0.333658077340744,28.0924407919911
"5",0.315918209381093,27.7669855358406
"6",0.24219336382574,27.0524322608278
"7",0.309220023779163,27.9393835030076
"8",0.335151835317941,28.2507181628148
"9",0,25.6116167956128
