"","obs","bmi"
"1",0.362629074646699,28.7760013040307
"2",0.333825243858937,28.3157926522109
"3",0.340476556680116,28.452465714716
"4",0.315397376803557,28.1291634753567
"5",0.29363531633783,27.8061044358206
"6",0.243866413972571,27.072305259011
"7",0.304950494009445,27.8755940436555
"8",0.331586951653945,28.2195387636921
"9",0,25.570150592877
