"","obs","bmi"
"1",0.364809456083955,28.7731643019293
"2",0.33521604923136,28.3187980269571
"3",0.347309085847843,28.4603032130633
"4",0.327698290439896,28.1476036545929
"5",0.303752240222516,27.8350714219146
"6",0.242990290926378,27.0703282478363
"7",0.30669760583578,27.8798402194619
"8",0.342829829417237,28.3547982843344
"9",0,25.6154034030255
