"","obs","bmi"
"1",0.361450205706834,28.7546020270699
"2",0.333840703108145,28.2933290821255
"3",0.352754276025177,28.4904703188562
"4",0.34317159664295,28.2265390255058
"5",0.331311037384444,27.9628165838618
"6",0.243245661040558,27.0561309164273
"7",0.307811598706198,27.9041730310376
"8",0.334828825880303,28.3237796920923
"9",0,25.6053670718161
