"","obs","bmi"
"1",0.365216711008478,28.7552487015846
"2",0.33457882663219,28.2999943017747
"3",0.341543591050345,28.4503480403174
"4",0.31359914619683,28.1455667259842
"5",0.29090330045466,27.8409077559872
"6",0.247047477210686,27.1070458423008
"7",0.307572776572817,27.918490171732
"8",0.335838741370722,28.3000843769964
"9",0,25.5559209362447
