"","obs","bmi"
"1",0.362691365630926,28.7073629883199
"2",0.332980000454914,28.2530015075764
"3",0.33668969075566,28.3404110778046
"4",0.308343353249271,27.9737017938916
"5",0.280046227894569,27.6072452206919
"6",0.245711401055601,27.0821577544849
"7",0.311515519171056,27.9790799028223
"8",0.329429415919366,28.2273523306699
"9",0,25.5756542178717
