"","obs","bmi"
"1",0.35986702373045,28.730856467057
"2",0.330222342351423,28.2759844553629
"3",0.337996244964199,28.440218117339
"4",0.313557940771435,28.1497432683155
"5",0.290358755152871,27.8594369289385
"6",0.241085131970609,27.041837941365
"7",0.309443227319145,27.909053786829
"8",0.333365219503929,28.2606782394169
"9",0,25.6454920390409
