"","obs","bmi"
"1",0.359686676207616,28.6446091042149
"2",0.330159546023951,28.19470819492
"3",0.343180263682773,28.3670748660825
"4",0.324739788981049,28.0897657399261
"5",0.305618407120588,27.8126918412051
"6",0.243584243847146,27.0789263962202
"7",0.303490084898046,27.858085298629
"8",0.335604363960796,28.2828364679645
"9",0,25.5542897179068
