"","obs","bmi"
"1",0.3623972680102,28.6975531760263
"2",0.334096636330298,28.2368688312663
"3",0.349685458591714,28.4447255012307
"4",0.336758717992112,28.1920444444157
"5",0.322110082579597,27.9395148291904
"6",0.247831003550789,27.1111176131494
"7",0.305175380013796,27.8388682933443
"8",0.338522520780521,28.3192818893438
"9",0,25.5384480195865
