"","obs","bmi"
"1",0.359478037589577,28.6638213723131
"2",0.331013208704775,28.2065260418403
"3",0.350028770801599,28.3595562597877
"4",0.339579850674893,28.0555620817593
"5",0.327693270827794,27.7518515391716
"6",0.243431324577992,27.0077649111906
"7",0.303546131668087,27.8253656042933
"8",0.335885887404046,28.3420203704148
"9",0,25.580855221266
