"","obs","bmi"
"1",0.356898898711559,28.6594823602437
"2",0.328571501718173,28.1960044378267
"3",0.327697329198549,28.3092162774158
"4",0.292760402256779,27.9591702454565
"5",0.262274949537674,27.6093524832494
"6",0.243898212366919,27.069028002908
"7",0.311593923909111,27.9457044371676
"8",0.333002410487606,28.2998732298396
"9",0,25.5892282030316
