"","obs","bmi"
"1",0.365606569768897,28.7600728185202
"2",0.336520583762557,28.2975024389045
"3",0.346974565999043,28.4713615417236
"4",0.327178574153116,28.1827544197225
"5",0.305717946501153,27.8942531483186
"6",0.244032215622049,27.0473826957418
"7",0.307987122698067,27.9016149214739
"8",0.33265925416666,28.237236469058
"9",0,25.6044786962177
