"","obs","bmi"
"1",0.361876695687496,28.7285372015605
"2",0.33322487439014,28.2773262794024
"3",0.334878847458041,28.3568847899052
"4",0.304515407036277,27.9855371451528
"5",0.277099029461752,27.6145104705955
"6",0.246206170410555,27.0857129527661
"7",0.307414695874031,27.9414080594315
"8",0.337746395094468,28.2954529098155
"9",0,25.6211270551434
