"","obs","bmi"
"1",0.359933167629697,28.6610166666316
"2",0.331039578550822,28.2068324958128
"3",0.34256328571344,28.4005584368115
"4",0.321672588489229,28.1402196946406
"5",0.302155390563748,27.8800055945244
"6",0.244385049606986,27.0666195372886
"7",0.307647883095099,27.9093632514173
"8",0.332562355284637,28.2629512784756
"9",0,25.5857691335098
