"","obs","bmi"
"1",0.364473890424864,28.6982591813503
"2",0.333240816661976,28.2368963596764
"3",0.349108029014604,28.4711049634369
"4",0.329057704858669,28.2440978786097
"5",0.310582196761223,28.0172422234323
"6",0.24608128057858,27.0731537340231
"7",0.30315859584436,27.8473436146232
"8",0.335800409468376,28.3124072785631
"9",0,25.5566760040931
