"","obs","bmi"
"1",0.364809456083955,28.7731643019293
"2",0.335895908645831,28.3158254339457
"3",0.336655788584006,28.3531288120142
"4",0.305981767237116,27.9333244778477
"5",0.276677988916458,27.5137592748932
"6",0.242990290926378,27.0703282478363
"7",0.30669760583578,27.8798402194619
"8",0.342829829417237,28.3547982843344
"9",0,25.6154034030255
