"","obs","bmi"
"1",0.36253233100958,28.6946905401583
"2",0.332422089967569,28.2304111435134
"3",0.341956537585337,28.3809015259458
"4",0.321441330906046,28.0672843915155
"5",0.296902877483447,27.7538446445166
"6",0.24202283652594,27.048408772898
"7",0.309105264550093,27.9041423913659
"8",0.330395372206379,28.2287236211362
"9",0,25.5706455849825
