"","obs","bmi"
"1",0.359386313923046,28.7279123946805
"2",0.330660050815697,28.2785554217047
"3",0.344101203374281,28.4321721631923
"4",0.326161096800209,28.1366300048667
"5",0.305032797099826,27.8412938687817
"6",0.246682696339066,27.1309563371562
"7",0.303741002578326,27.819055115077
"8",0.335931948148236,28.3129681414327
"9",0,25.6031900449017
