"","obs","bmi"
"1",0.361739199451615,28.7541572648236
"2",0.333356068258913,28.2985379103373
"3",0.341015373946078,28.4108763075867
"4",0.31925209612509,28.0677799351059
"5",0.295840961260836,27.7248734860627
"6",0.243417638433264,27.0696601335963
"7",0.309157070661878,27.9621791501448
"8",0.340521477480658,28.3035154521003
"9",0,25.6245937831237
