"","obs","bmi"
"1",0.359210775807545,28.6502593731024
"2",0.325747331825521,28.1937282479115
"3",0.337950311874936,28.3442967794938
"4",0.31611280097596,28.0384733276112
"5",0.29633051574962,27.7327951145059
"6",0.24847028708235,27.0827235614146
"7",0.309119263110181,27.9330792497243
"8",0.339219362100873,28.3809251716154
"9",0,25.6176865906653
