"","obs","bmi"
"1",0.357687519964073,28.6639962112011
"2",0.328141433909385,28.2065984096275
"3",0.331937840681604,28.341197167258
"4",0.301553247304573,28.0184953713409
"5",0.272262116747702,27.6958922343211
"6",0.245170172915862,27.0690500490215
"7",0.308594936437255,27.9098073979702
"8",0.336388594049992,28.3103429876166
"9",0,25.6027126006719
