"","obs","bmi"
"1",0.360721703856928,28.7078593453648
"2",0.330850057136759,28.2514077333624
"3",0.325748038095368,28.2985196281228
"4",0.289917997722405,27.889318487026
"5",0.256489561049188,27.4802573728231
"6",0.248471131480357,27.1129962930394
"7",0.31253741144371,27.9544436743755
"8",0.333384847848525,28.3281363439195
"9",0,25.5670424706982
