"","obs","bmi"
"1",0.354515490084902,28.6809953921771
"2",0.323622132370885,28.2209373227048
"3",0.336346852853807,28.3828186315515
"4",0.317265917558949,28.0850848523365
"5",0.29983989834352,27.7878258468776
"6",0.24768513753199,27.0686003517677
"7",0.309361543517242,27.8982451005523
"8",0.336827278678081,28.3573073335439
"9",0,25.6240591700493
