"","obs","bmi"
"1",0.362551992131711,28.705408022649
"2",0.331863446743185,28.2467011625875
"3",0.34252065798164,28.3830591310084
"4",0.323364789602079,28.0610551126078
"5",0.303133702941578,27.7394174376099
"6",0.244329129179707,27.0540574583243
"7",0.307621436461769,27.8683455975339
"8",0.328424430984152,28.2206574508459
"9",0,25.5946200393229
