"","obs","bmi"
"1",0.358158435703327,28.7006493610669
"2",0.328326380781005,28.2452641999499
"3",0.343930303567487,28.4651857413068
"4",0.328241584095316,28.229794248895
"5",0.312372705140292,27.9944761194182
"6",0.242761118454526,27.065953997994
"7",0.30596038660301,27.9083074148207
"8",0.337120365356485,28.3261973599699
"9",0,25.5848969018845
