"","obs","bmi"
"1",0.361078082569558,28.7616843834359
"2",0.330183963292758,28.2950223069863
"3",0.344528140799929,28.4767354184828
"4",0.326004580772353,28.1919246524239
"5",0.306160112978597,27.9072555145146
"6",0.244137680150974,27.0827418963677
"7",0.311901948756429,27.9817110095021
"8",0.340674406350552,28.3606937309479
"9",0,25.6384722290649
