"","obs","bmi"
"1",0.358659145834118,28.6721903024932
"2",0.329416455766153,28.2164813428264
"3",0.336296177543829,28.3538230699318
"4",0.308695893648755,28.0355709887292
"5",0.281711106903622,27.7174353308292
"6",0.246159905011938,27.0244191731658
"7",0.305586008125455,27.8395271307814
"8",0.334688361528591,28.2369136354588
"9",0,25.5969357395648
