"","obs","bmi"
"1",0.354641100678029,28.6848704305518
"2",0.32541354515127,28.2248203234813
"3",0.335862757827029,28.3591998688328
"4",0.31402536156785,28.0337249151541
"5",0.293327782146751,27.7084520624751
"6",0.246944721294816,27.0539503623156
"7",0.30263842772384,27.8321556917555
"8",0.329719337442171,28.2890743301617
"9",0,25.6017658123755
