"","obs","bmi"
"1",0.364087067828964,28.7659093639288
"2",0.336286964781653,28.3125270325147
"3",0.347272699634184,28.535821731648
"4",0.325106809421739,28.3058301529273
"5",0.304882477273783,28.0759367014615
"6",0.244206833938633,27.0464939574681
"7",0.307983258490538,27.9092284853941
"8",0.333234915261983,28.2818169006709
"9",0,25.543566109243
