"","obs","bmi"
"1",0.357125750346344,28.6851721998066
"2",0.326326146364774,28.2319247991017
"3",0.331817185750328,28.3801202192616
"4",0.304025418014639,28.0751422049188
"5",0.276786505407595,27.7702383410987
"6",0.250257379073594,27.1272535155492
"7",0.307415774711749,27.8942542794001
"8",0.337047032126842,28.3309901351592
"9",0,25.5911192828565
