"","obs","bmi"
"1",0.363304361204737,28.7256269519787
"2",0.331511593441315,28.2577874457516
"3",0.344074024080571,28.398182683883
"4",0.321293672456893,28.0710019117278
"5",0.300319371764074,27.7440973278027
"6",0.241234857559145,27.0107579290928
"7",0.305047861418477,27.8856412052907
"8",0.331013740532509,28.2682522759875
"9",0,25.576495551336
