"","obs","bmi"
"1",0.362338077700198,28.7457204572627
"2",0.33245395680978,28.2878838818127
"3",0.343724198820212,28.4009966306268
"4",0.323080433197072,28.0564977038628
"5",0.299349742509021,27.7122329240427
"6",0.244548666320949,27.0954743258644
"7",0.30388019618769,27.8562654890036
"8",0.338048783234677,28.3090239585604
"9",0,25.6106440640124
