"","obs","bmi"
"1",0.365570677824974,28.7555625943903
"2",0.335036931938979,28.2985527584646
"3",0.349997641452794,28.4449916374278
"4",0.328856733296466,28.134626918536
"5",0.313232965147081,27.8244759650068
"6",0.245907704433532,27.0828043681834
"7",0.308421685153361,27.8899114446002
"8",0.32884823308406,28.2749826985869
"9",0,25.6150956252832
