"","obs","bmi"
"1",0.363662320747158,28.75504129826
"2",0.336112326889118,28.2954816263723
"3",0.355849531835459,28.4692787444288
"4",0.34614140997165,28.1837909619664
"5",0.335107095221204,27.8985914471823
"6",0.244178446589721,27.0424897783909
"7",0.309840372952659,27.9005424751816
"8",0.332400781834951,28.2753516643995
"9",0,25.6126262868936
