"","obs","bmi"
"1",0.361455930046027,28.7450538798239
"2",0.33012254290592,28.2808546926106
"3",0.349247410647644,28.5017954917873
"4",0.335616297696405,28.2587869473941
"5",0.325701177422561,28.0160396706122
"6",0.250394553476113,27.1284255620462
"7",0.311072336399691,27.9513493335437
"8",0.338160931743427,28.3007737724725
"9",0,25.6865044380382
