"","obs","bmi"
"1",0.361714082342056,28.6887296937579
"2",0.332773997445474,28.2367574311415
"3",0.341255042919583,28.4262225483373
"4",0.32212936111681,28.163795288086
"5",0.299369200611626,27.9014491050975
"6",0.248956797373221,27.0507773405694
"7",0.309523062789198,27.9287218695789
"8",0.333380428165316,28.2564828151276
"9",0,25.5470481214039
