"","obs","bmi"
"1",0.356224716536116,28.6342413983117
"2",0.325194683785155,28.1788835679061
"3",0.343333042279336,28.371969942783
"4",0.330533617650939,28.1099303938487
"5",0.317812586920802,27.8481340036894
"6",0.245036054998692,27.0762718829518
"7",0.303379761571181,27.868232751181
"8",0.337694401667202,28.3201859784808
"9",0,25.5891894785574
