"","obs","bmi"
"1",0.358287766567289,28.6773599944225
"2",0.328126181558313,28.2196541266335
"3",0.340988827219741,28.3779133484615
"4",0.320988681688586,28.0786944706818
"5",0.303654511432914,27.7797121735553
"6",0.246919390865684,27.0918457997676
"7",0.303740615476966,27.9034564329242
"8",0.33441654876521,28.2748960343299
"9",0,25.5612600432993
