"","obs","bmi"
"1",0.356994822343622,28.6234085554957
"2",0.327937364350566,28.1663501897859
"3",0.33929066226618,28.3118346901062
"4",0.321399806544415,28.0004628396221
"5",0.302168611168794,27.6893011504142
"6",0.2433482622483,27.0980650863768
"7",0.305782634711846,27.8969207258411
"8",0.334967770895779,28.2698689733513
"9",0,25.5489038583416
