"","obs","bmi"
"1",0.363192580906998,28.7076631186638
"2",0.333438812338314,28.2524831841665
"3",0.335396337749584,28.3104163104948
"4",0.304912627132316,27.913401730064
"5",0.277553585842591,27.5166277915298
"6",0.243576946334498,27.0308241700171
"7",0.307856230834066,27.9495594528806
"8",0.330656472444392,28.2220502571556
"9",0,25.5434861819639
