"","obs","bmi"
"1",0.362651465366686,28.8034278126355
"2",0.333484320218717,28.3391238148446
"3",0.350011756131392,28.5308338712506
"4",0.334325412929873,28.258425258432
"5",0.319292231122194,27.9862083384076
"6",0.24559484543023,27.1047570690718
"7",0.304284945753414,27.9153274617781
"8",0.342952460870214,28.3355721957331
"9",0,25.682493976482
