"","obs","bmi"
"1",0.364087067828964,28.7659093639288
"2",0.335756547407122,28.2966054237878
"3",0.343432919669045,28.454892129405
"4",0.319789189723066,28.1440293248418
"5",0.29799364178462,27.8333252026364
"6",0.244206833938633,27.0464939574681
"7",0.307983258490538,27.9092284853941
"8",0.333234915261983,28.2818169006709
"9",0,25.543566109243
