"","obs","bmi"
"1",0.35914821181091,28.7335034891922
"2",0.332849139451659,28.272412660479
"3",0.341143186737958,28.4380050054989
"4",0.318892407225361,28.1427605812019
"5",0.29809234688179,27.8477829576981
"6",0.240651307060973,27.0214564835332
"7",0.311174171997359,27.9492978245377
"8",0.328340037795988,28.2311978339335
"9",0,25.5795400304484
