"","obs","bmi"
"1",0.356572445418792,28.6333510155907
"2",0.32634803051406,28.1735681257329
"3",0.334939550459748,28.3744732986869
"4",0.311118262696285,28.1157226331722
"5",0.286491816272797,27.8571018815659
"6",0.243487780108945,27.0544409380759
"7",0.312800268517814,27.9209426743485
"8",0.331202644063027,28.2233579597745
"9",0,25.5946024340275
