"","obs","bmi"
"1",0.365413478198595,28.7114699305512
"2",0.336148188571261,28.2506089092165
"3",0.354689739790088,28.4530931087633
"4",0.341761245909078,28.1948343246605
"5",0.328255694218424,27.9366968535414
"6",0.247488823922291,27.043946211253
"7",0.310949109374713,27.9492687495183
"8",0.335775318247038,28.2797090971008
"9",0,25.5947306345948
