"","obs","bmi"
"1",0.365777145746035,28.7726699724114
"2",0.336596452327844,28.318281782904
"3",0.344078341877887,28.4366028003324
"4",0.32390905725782,28.1007061401264
"5",0.300496157504722,27.7649854971209
"6",0.245009544816598,27.0945050359631
"7",0.30910457638119,27.9182238353072
"8",0.331737454331383,28.2215809766847
"9",0,25.6291360126552
