"","obs","bmi"
"1",0.362199586032784,28.6698379603565
"2",0.332183118538657,28.2062650326958
"3",0.3402155919987,28.3322146217371
"4",0.314815488521641,27.9949718274801
"5",0.288321083905379,27.6581327354336
"6",0.245018879095591,27.0728462874212
"7",0.307804749097649,27.9323965146074
"8",0.339472961400072,28.2874428058176
"9",0,25.5595602943794
