"","obs","bmi"
"1",0.363797706548587,28.7551411877927
"2",0.335840056802645,28.3002045951383
"3",0.336372648284183,28.4261304564387
"4",0.30865642441124,28.0972081843211
"5",0.282255419513261,27.7683749635726
"6",0.247908465142922,27.0876365409846
"7",0.306955548714476,27.9185712371181
"8",0.33906403447924,28.3188740345813
"9",0,25.5917687057945
