"","obs","bmi"
"1",0.360242304538022,28.6945641356726
"2",0.330910106975847,28.235590914351
"3",0.336068825383538,28.3698798310746
"4",0.307849920403499,28.0454025783795
"5",0.27949830126907,27.7211408296411
"6",0.247623914816313,27.0764696770337
"7",0.304861037867818,27.8735283477782
"8",0.333840704846018,28.2654887020746
"9",0,25.6292666132845
