"","obs","bmi"
"1",0.358006880464658,28.6593124814544
"2",0.330872684950241,28.2034857635497
"3",0.336938540644249,28.3222995330288
"4",0.312344063339601,27.9854496978209
"5",0.285864387872381,27.6487678233615
"6",0.244770017008459,27.0695938998587
"7",0.308431335012389,27.9358903372943
"8",0.332041458926098,28.2282298899881
"9",0,25.5691231945923
