"","obs","bmi"
"1",0.357122906215922,28.6864914551465
"2",0.328800874189377,28.228031430127
"3",0.32845332254009,28.3546170895655
"4",0.29368286034086,28.0228383744543
"5",0.264114869222021,27.6911563193725
"6",0.243835239495469,27.0783412512678
"7",0.3080577627792,27.915784626802
"8",0.334250592331727,28.2571753930317
"9",0,25.6072436080608
