"","obs","bmi"
"1",0.362897845017235,28.6542390759256
"2",0.331030381941373,28.1926220466632
"3",0.342804804341421,28.2928754053301
"4",0.318347592115689,27.9317643757568
"5",0.291849170252254,27.5709163714945
"6",0.248483510437397,27.1563983606378
"7",0.307751767909885,27.9109111782074
"8",0.337369335903575,28.2830855805325
"9",0,25.5377673491599
