"","obs","bmi"
"1",0.369235546985625,28.8074088900012
"2",0.336674683769436,28.3430909759258
"3",0.339128640388602,28.4341772430034
"4",0.305750913609896,28.0611073242113
"5",0.275527609216187,27.6882022127911
"6",0.24319757844921,27.0475514418962
"7",0.315083077061157,27.9573896478976
"8",0.326724480384108,28.2330143772224
"9",0,25.6289206163609
