"","obs","bmi"
"1",0.360022957341328,28.697886631352
"2",0.327719156474393,28.2357861422519
"3",0.33678394726791,28.4085228716794
"4",0.31468289713999,28.1193508358973
"5",0.291479291712231,27.8303790170241
"6",0.244824058998415,27.0956775848176
"7",0.30906948734015,27.9153302485987
"8",0.341633097207421,28.3247326156035
"9",0,25.6246560496315
