"","obs","bmi"
"1",0.358431095633685,28.6972443339912
"2",0.32786503932338,28.2339752149062
"3",0.327729631591847,28.2800212314854
"4",0.294671330722656,27.8630832846726
"5",0.265231040230135,27.4464426478643
"6",0.244372245507704,27.0338442626481
"7",0.304108707343518,27.8848253916847
"8",0.336183901225041,28.2948828325506
"9",0,25.5957908574361
