"","obs","bmi"
"1",0.357973971154266,28.7320967847087
"2",0.328383978003672,28.2711158770292
"3",0.346850869139838,28.5227880235043
"4",0.335862079881065,28.3136184473335
"5",0.321797537955985,28.1045928857571
"6",0.250812424989354,27.1272485395533
"7",0.308041313360302,27.9326676386921
"8",0.326234531136239,28.2524458845202
"9",0,25.6614018248239
