"","obs","bmi"
"1",0.356739769440466,28.6356021795475
"2",0.324334562916303,28.1715192261765
"3",0.329269983831857,28.263922295715
"4",0.298359423395647,27.8925602216807
"5",0.269478120612946,27.5215325551375
"6",0.248504434911393,27.1022823726854
"7",0.310391178415351,27.894556566719
"8",0.331553030639845,28.2639076732959
"9",0,25.6191923368424
