"","obs","bmi"
"1",0.359277660117062,28.6941940332787
"2",0.329343720744149,28.2385585660121
"3",0.335741579216768,28.3068952769193
"4",0.310259739839702,27.9197981734094
"5",0.282553783328617,27.5329091331063
"6",0.244439419617078,27.0678304684251
"7",0.309806023963853,27.903446681181
"8",0.332620525410202,28.2834552018959
"9",0,25.6000611996211
