"","obs","bmi"
"1",0.360153362813234,28.7079317429246
"2",0.332221767938975,28.2535062390836
"3",0.340438196136486,28.3636844715946
"4",0.319684777085843,28.0196798900302
"5",0.296112820824361,27.6759282666104
"6",0.244254650024431,27.1029322239967
"7",0.301895042901767,27.8713436396629
"8",0.331195809822079,28.2402465637811
"9",0,25.6063639314568
