"","obs","bmi"
"1",0.36611519409184,28.7699575747718
"2",0.333942293278622,28.3161253385895
"3",0.341938385898805,28.4116629899671
"4",0.317347177799341,28.053644612809
"5",0.292717147134766,27.6959139853715
"6",0.244395159281348,27.07262341968
"7",0.305348649276183,27.8862946608367
"8",0.334287433578033,28.2597869984406
"9",0,25.6526154786258
