"","obs","bmi"
"1",0.355725687725572,28.6671032305408
"2",0.325994772518899,28.2122201255145
"3",0.343013580843667,28.4802254441341
"4",0.3304212746749,28.2934182741038
"5",0.315381083798242,28.1066830237064
"6",0.246055741795378,27.1113546453589
"7",0.30656553192923,27.9031374260616
"8",0.330354608722236,28.281017602701
"9",0,25.6152533531832
