"","obs","bmi"
"1",0.360438206212208,28.7237059544454
"2",0.330407306436017,28.2703785725947
"3",0.340606739674106,28.4143910594521
"4",0.319423691649789,28.1052560566467
"5",0.299130318516825,27.7963074904383
"6",0.24680490163171,27.0531855890796
"7",0.303619941516885,27.8559553325325
"8",0.333181074371265,28.2568909141748
"9",0,25.6198648990042
