"","obs","bmi"
"1",0.354083865130872,28.657238055906
"2",0.326651704932154,28.2034624076014
"3",0.341519278541814,28.3903973024139
"4",0.329880709324898,28.1237796970837
"5",0.317781435219806,27.8573950319823
"6",0.247115733219082,27.1089356569175
"7",0.310379858819872,27.9428055393344
"8",0.32959514476549,28.216010133635
"9",0,25.582464051958
