"","obs","bmi"
"1",0.361955722938347,28.7095100441249
"2",0.332169361548106,28.255771379612
"3",0.334266601935114,28.3430526071169
"4",0.303452424743025,27.9767410194598
"5",0.272664606676619,27.6105799203337
"6",0.24163353103535,27.0512863484239
"7",0.308488926748821,27.8879951607421
"8",0.334829649269998,28.2735545660476
"9",0,25.5922103032177
