"","obs","bmi"
"1",0.357293553224692,28.6891945562909
"2",0.32834380701528,28.2383399439762
"3",0.326514376156531,28.2543423311856
"4",0.294436536550095,27.8197392306578
"5",0.26530752180739,27.3853940246573
"6",0.244389514255929,27.0959574487491
"7",0.306072454379977,27.8784064513261
"8",0.331318754371778,28.2952171663432
"9",0,25.6115037024062
