"","obs","bmi"
"1",0.355623165371328,28.6739047580017
"2",0.32902883158535,28.2239075120574
"3",0.352491028741264,28.5204065138642
"4",0.348599156481785,28.3670804401214
"5",0.344446869066696,28.2139333031621
"6",0.240409261015461,27.0281674488568
"7",0.304839915300709,27.874015458578
"8",0.330329295650175,28.2472041960352
"9",0,25.5950288430283
