"","obs","bmi"
"1",0.369235546985625,28.8074088900012
"2",0.336678807107099,28.3505377365218
"3",0.351258078260806,28.5150019149371
"4",0.334938607435566,28.2228052740854
"5",0.318006488383777,27.9308277126921
"6",0.24319757844921,27.0475514418962
"7",0.315083077061157,27.9573896478976
"8",0.326724480384108,28.2330143772224
"9",0,25.6289206163609
