"","obs","bmi"
"1",0.362199586032784,28.6698379603565
"2",0.33215786665005,28.2055429498869
"3",0.336962962163534,28.3181555482231
"4",0.30856232458966,27.9666190107491
"5",0.282118996204471,27.6152316656536
"6",0.245018879095591,27.0728462874212
"7",0.307804749097649,27.9323965146074
"8",0.339472961400072,28.2874428058176
"9",0,25.5595602943794
