"","obs","bmi"
"1",0.366601789291132,28.7505325641714
"2",0.335269278785879,28.2919394298256
"3",0.347412505688432,28.5197494583474
"4",0.328778670608813,28.2891207223872
"5",0.309280359694763,28.0586531262878
"6",0.248217436969692,27.0924028931083
"7",0.310273084521619,27.9579520316373
"8",0.332532400870962,28.2824998844599
"9",0,25.5560939089959
