"","obs","bmi"
"1",0.357830280222442,28.6876672335272
"2",0.326468570313955,28.2273996054318
"3",0.349145561572477,28.5020556775393
"4",0.339089212288783,28.3165179417171
"5",0.328794698855263,28.1310553601116
"6",0.240662253925443,27.1255106139791
"7",0.305419639505059,27.8854559517205
"8",0.326491060197705,28.2111052551894
"9",0,25.6044568182561
