"","obs","bmi"
"1",0.359735975260643,28.634654244422
"2",0.329510404793428,28.179853555871
"3",0.336729268645831,28.295690580301
"4",0.307253733547349,27.9568975836825
"5",0.28588458324937,27.6182802068628
"6",0.236098853782566,27.0228122895197
"7",0.31167841749833,27.9667229104737
"8",0.334495776404287,28.1976780025757
"9",0,25.5040164280622
