"","obs","bmi"
"1",0.361010576020101,28.7590057519869
"2",0.330071728592897,28.2982006690873
"3",0.341971040170449,28.3787944854626
"4",0.321704182819453,27.9990451697966
"5",0.303082699708097,27.6197882020839
"6",0.243658463103337,27.110420004619
"7",0.314051659666498,27.9256468747578
"8",0.329522857605149,28.226653705564
"9",0,25.61742951296
