"","obs","bmi"
"1",0.364720738180197,28.7750369972498
"2",0.332952294642542,28.323274186557
"3",0.341435241076564,28.4459129606497
"4",0.316022226851244,28.1169086146122
"5",0.291764833783442,27.7880266496215
"6",0.247997043263711,27.098500921797
"7",0.307967560974869,27.9167062431374
"8",0.335776052512148,28.2842033688113
"9",0,25.6302016605405
