"","obs","bmi"
"1",0.362457084917997,28.6720165613834
"2",0.331819898700982,28.210556886071
"3",0.355228016145238,28.4966953210551
"4",0.348017728407849,28.3216870266624
"5",0.342245949907826,28.1470124303253
"6",0.245845612947879,27.0671098865825
"7",0.301992573233795,27.8566047664167
"8",0.333207044502711,28.2949977567633
"9",0,25.5787649506683
