"","obs","bmi"
"1",0.362313393493801,28.7038185005317
"2",0.330447678207689,28.2469718149207
"3",0.339818836751897,28.3440245137179
"4",0.315277185917573,27.984449625646
"5",0.288405253719355,27.6251055936302
"6",0.23606871753349,27.0192068311258
"7",0.31091324232601,27.8740384615001
"8",0.329220596453372,28.1992195752889
"9",0,25.5966319041305
