"","obs","bmi"
"1",0.359358691574639,28.7046779105561
"2",0.328520771863634,28.2563113212086
"3",0.341601361448708,28.4241613658388
"4",0.323175406843305,28.1438850602568
"5",0.306306632356145,27.8638606006503
"6",0.241069270792304,27.0640194753366
"7",0.305751117127669,27.8795100219714
"8",0.335700412492707,28.2605137827083
"9",0,25.5955367487194
