"","obs","bmi"
"1",0.361512501915193,28.6834976154014
"2",0.331986731097079,28.2237185897435
"3",0.328085240868957,28.3253798304803
"4",0.2906379432951,27.9673750761543
"5",0.257734614829188,27.6094840676722
"6",0.246062198525767,27.0856690592233
"7",0.304364979718901,27.9182862982882
"8",0.331346682566066,28.2386945556776
"9",0,25.5744534820014
