"","obs","bmi"
"1",0.363572047939135,28.7837527756592
"2",0.334501194474934,28.3351208111171
"3",0.332837015602621,28.4159938227412
"4",0.299781430932207,28.0483564132171
"5",0.266444766825842,27.680843116113
"6",0.248378223985609,27.0813564196738
"7",0.304123879882509,27.8569354092268
"8",0.337840527201767,28.3320100687063
"9",0,25.6337048323998
