"","obs","bmi"
"1",0.356653460565761,28.6685800463175
"2",0.325995837744873,28.2077788501367
"3",0.343868496379275,28.4998887019686
"4",0.331669454423227,28.3312884619795
"5",0.316688432790884,28.162781556554
"6",0.242513420707604,27.0556547966658
"7",0.304783609950715,27.887093615431
"8",0.330799214139974,28.2610794011528
"9",0,25.5875090009654
