"","obs","bmi"
"1",0.362809656885809,28.7497015476186
"2",0.331973188249728,28.2866054752834
"3",0.347496359467332,28.4873671230082
"4",0.327151460774977,28.225208695537
"5",0.312003981829725,27.9632333750348
"6",0.243028189005859,27.0416328762914
"7",0.308846921027683,27.9286769564367
"8",0.331738272152825,28.2829272532046
"9",0,25.6075857050311
