"","obs","bmi"
"1",0.359715885754855,28.7012496993021
"2",0.3311980337286,28.239844339996
"3",0.355137548261508,28.4117668996035
"4",0.34834277584944,28.1228881030411
"5",0.343534271754418,27.8346667681689
"6",0.243153136514779,27.0576397107029
"7",0.307301523818972,27.8935721129914
"8",0.336143775528366,28.317656540998
"9",0,25.577959835472
