"","obs","bmi"
"1",0.361260534774105,28.7155658486835
"2",0.332025096466468,28.2551609354956
"3",0.342411988894933,28.4138437676182
"4",0.324018601333973,28.1123782340715
"5",0.302854256998952,27.8111827895739
"6",0.24373761300213,27.0975742837566
"7",0.30533270506232,27.9078522142769
"8",0.331988741298688,28.2403877265928
"9",0,25.5687383062146
