"","obs","bmi"
"1",0.361854708769602,28.7162086571686
"2",0.331714847620207,28.2528082466997
"3",0.340791124823543,28.3463673577634
"4",0.316750219097202,27.9767682158483
"5",0.290295248896962,27.6074222154157
"6",0.242521149219366,27.0170191335933
"7",0.313535579454731,27.9132364479229
"8",0.33370132661615,28.256484950586
"9",0,25.6389060249108
