"","obs","bmi"
"1",0.362715302242253,28.7110569079175
"2",0.331909794782877,28.2554299821307
"3",0.330627712619269,28.3869463885138
"4",0.293290739139018,28.0628783100528
"5",0.261772517893301,27.7388498368032
"6",0.24613495468605,27.0855639165825
"7",0.307613363643684,27.8905375002797
"8",0.329798389607936,28.2600308016764
"9",0,25.6091475107318
