"","obs","bmi"
"1",0.365014038480201,28.6989753748872
"2",0.332893460504822,28.2398410659771
"3",0.353855644838056,28.5124351688494
"4",0.341261385791118,28.3260071446694
"5",0.328201972371375,28.1396950702226
"6",0.243936889097956,27.0360948285994
"7",0.306039567597466,27.9058016517472
"8",0.333010827405293,28.2888168229722
"9",0,25.5920235358303
