"","obs","bmi"
"1",0.364066249236585,28.728567817712
"2",0.335036768289711,28.273782330278
"3",0.347350778886914,28.4623619204763
"4",0.3320561503529,28.1962794379187
"5",0.313515587986563,27.9303253379898
"6",0.246349336492961,27.0952442808202
"7",0.306107684583388,27.8538773022547
"8",0.330298800704981,28.2050677994135
"9",0,25.6162866438095
