"","obs","bmi"
"1",0.362337581621809,28.73476090848
"2",0.330302489539718,28.274463680923
"3",0.343019345009359,28.3825500936515
"4",0.324386024417868,28.030852890037
"5",0.302931952986149,27.6797096202549
"6",0.252778635350346,27.1609234404321
"7",0.309529848148105,27.9293281176793
"8",0.33606185918825,28.3120081565814
"9",0,25.6047649323225
