"","obs","bmi"
"1",0.354843981882829,28.6275529749154
"2",0.326279606185959,28.169039586157
"3",0.338868961526896,28.3896504955801
"4",0.319507383852453,28.1518734128385
"5",0.299336652711959,27.9142256318428
"6",0.23917795512521,27.0046630912181
"7",0.302854685573863,27.8492024445846
"8",0.333625945197685,28.3185517332112
"9",0,25.505232889405
