"","obs","bmi"
"1",0.363230144662368,28.7594566387739
"2",0.332034501386661,28.3061180888848
"3",0.346968332548,28.457465502851
"4",0.329017127843714,28.1556194776331
"5",0.311991387550554,27.853923278669
"6",0.249666310346598,27.1325417544616
"7",0.308439196857184,27.9426339459672
"8",0.333907595991664,28.3302824273289
"9",0,25.6666612357884
