"","obs","bmi"
"1",0.359391209752075,28.6659348658462
"2",0.330353339483029,28.2106510187233
"3",0.346251927666367,28.4210597382294
"4",0.334012305932476,28.1763043726398
"5",0.318700580643805,27.931671996012
"6",0.245436094666215,27.1332158692831
"7",0.307344407585918,27.8827959944632
"8",0.335475511519017,28.3509850899473
"9",0,25.5719992669693
