"","obs","bmi"
"1",0.362943293821533,28.7368901745506
"2",0.334374958407553,28.274840174695
"3",0.347716449082905,28.4652412773687
"4",0.329003969604243,28.1937330572001
"5",0.309687526013626,27.9223699673794
"6",0.243162990723952,27.0582743566655
"7",0.311797613916466,27.9510738564707
"8",0.329448137416269,28.198079606888
"9",0,25.5891528492612
