"","obs","bmi"
"1",0.361665575416609,28.7647225873602
"2",0.333754700862564,28.3024081296042
"3",0.339719532107272,28.3512538593919
"4",0.312123584244671,27.9380723653152
"5",0.288331272893207,27.5251934680353
"6",0.238977527445285,27.0068090310093
"7",0.305956971791383,27.8869786778167
"8",0.32829843387328,28.2721834508256
"9",0,25.606455067084
