"","obs","bmi"
"1",0.362348914705118,28.7540164688571
"2",0.334087596267179,28.3053368653764
"3",0.336110389157915,28.4339376426562
"4",0.311904993298567,28.1140674653188
"5",0.285333545874081,27.794414407618
"6",0.242629805109273,27.0737935298555
"7",0.3014688826031,27.8605077046299
"8",0.333929338428024,28.2903424995042
"9",0,25.6140741424692
