"","obs","bmi"
"1",0.36420145828979,28.7360017124228
"2",0.334701653060835,28.2782110795564
"3",0.344423905032577,28.4564829856253
"4",0.325820901474044,28.1771643489007
"5",0.303050311182411,27.8980543432458
"6",0.24669943719455,27.0737868619953
"7",0.300789417585017,27.8508674613599
"8",0.336213254830409,28.3340940450226
"9",0,25.6243054778155
