"","obs","bmi"
"1",0.357839491377144,28.6736500136017
"2",0.330117377213532,28.2243356053613
"3",0.345789562203434,28.3835202961393
"4",0.331620041342037,28.0935347012297
"5",0.319751245275536,27.8036986787316
"6",0.244197185788324,27.1190163735837
"7",0.312230303370319,27.9388205273652
"8",0.33695235834711,28.289888987233
"9",0,25.5789031897271
