"","obs","bmi"
"1",0.358497220919686,28.7088646739744
"2",0.330122755237924,28.251720106389
"3",0.339082114976976,28.4157551456165
"4",0.31678394341212,28.1228106016484
"5",0.294615523953101,27.8300361431912
"6",0.241979999058178,27.038901556575
"7",0.309212333637286,27.9371269062985
"8",0.335184247326254,28.2915202350143
"9",0,25.6163835044133
