"","obs","bmi"
"1",0.364742421935325,28.7476043999136
"2",0.334847418250345,28.2975739499606
"3",0.348567040623996,28.4291706891215
"4",0.33371057001372,28.1109458870631
"5",0.314215560784102,27.7929386246349
"6",0.251488949442318,27.167980426089
"7",0.308808882222185,27.8881367393243
"8",0.335557205729944,28.2818272366211
"9",0,25.5887945418333
