"","obs","bmi"
"1",0.356656250765562,28.6483649820173
"2",0.326559769553322,28.1902271842263
"3",0.338899022781536,28.3016431685219
"4",0.321624562348332,27.9554178457049
"5",0.301192166424654,27.6097250010121
"6",0.245334000835873,27.0941697716037
"7",0.308977077193436,27.9255048507282
"8",0.333678397982178,28.2641771821221
"9",0,25.5779004611313
