"","obs","bmi"
"1",0.364814673652817,28.7109883918701
"2",0.334195195281732,28.2518133461736
"3",0.333123147847524,28.3597171057446
"4",0.299134547897583,28.0086160680268
"5",0.266916807106276,27.6576898816664
"6",0.244535853116165,27.0817052370665
"7",0.310204987925295,27.8563205577108
"8",0.337233029002503,28.282353122373
"9",0,25.5918489296131
