"","obs","bmi"
"1",0.359135599416761,28.6612747693095
"2",0.331484578040973,28.2022871410229
"3",0.341474293503985,28.3569285376205
"4",0.318394400611847,28.0527055526884
"5",0.297071320669677,27.7486104679425
"6",0.243615576305391,27.0650716664997
"7",0.303591851361454,27.948820648909
"8",0.330793747618191,28.2787996430626
"9",0,25.5596478780428
