"","obs","bmi"
"1",0.357488264939991,28.6740650596178
"2",0.326737162260678,28.2057621226975
"3",0.334625040666704,28.3754550297996
"4",0.306958694433473,28.0769533739668
"5",0.282727351881384,27.7785621662254
"6",0.2486133907684,27.0979126246491
"7",0.302176962504372,27.8637249312691
"8",0.331951745741816,28.2592053873161
"9",0,25.5862410030027
