"","obs","bmi"
"1",0.360485796369537,28.6749743373386
"2",0.331499160298411,28.2121602202991
"3",0.346944525729626,28.4125133765386
"4",0.334249942189354,28.150184007176
"5",0.317917581808803,27.8879920274746
"6",0.242524319649022,27.0387800779799
"7",0.313061468215913,27.9532620750024
"8",0.329869657199487,28.2194324252187
"9",0,25.5604127546166
