"","obs","bmi"
"1",0.361422942075476,28.7634589831131
"2",0.331834724300844,28.30746279386
"3",0.339899664285115,28.4853062188903
"4",0.317251104551282,28.2072412586773
"5",0.290667672537385,27.9292657673972
"6",0.241359770230292,27.0488760005882
"7",0.310449335272575,27.9090241738067
"8",0.339033616437874,28.2802196916978
"9",0,25.6484967686416
