"","obs","bmi"
"1",0.361512000088993,28.707103207289
"2",0.329736721368142,28.2481535263813
"3",0.343531840172472,28.4024898708142
"4",0.328800213308715,28.0980724459353
"5",0.314615283779907,27.7938589797865
"6",0.2433847280036,27.0589399128633
"7",0.31355717112237,27.928672823073
"8",0.336773719815163,28.297096458307
"9",0,25.5729479767093
