"","obs","bmi"
"1",0.355241651182309,28.642575298765
"2",0.325183577015127,28.1907040887119
"3",0.33295681546983,28.3406117667278
"4",0.310807121928553,28.0387933413486
"5",0.28761229670232,27.7371238589366
"6",0.246231301086857,27.072515524204
"7",0.301466112136454,27.8233772101626
"8",0.337682754205758,28.3211401663873
"9",0,25.6077042768696
