"","obs","bmi"
"1",0.357587660448042,28.6493144351756
"2",0.32941586250174,28.1912053296205
"3",0.343657151836117,28.3590972995997
"4",0.329174554498301,28.0692061148444
"5",0.313387453514017,27.7796616096714
"6",0.245747778346199,27.0818140333849
"7",0.312414620981268,27.9107956425084
"8",0.337831891174728,28.3456890174281
"9",0,25.5705289908228
