"","obs","bmi"
"1",0.358319079422364,28.7154920822591
"2",0.330721940717596,28.2532015032545
"3",0.346577529648754,28.3926671225286
"4",0.332320608751839,28.0703470802894
"5",0.315225657452778,27.7485716394277
"6",0.236921609109092,26.9917552334828
"7",0.302679989678761,27.9117995905392
"8",0.333098298500809,28.2735731555919
"9",0,25.5973828912865
