"","obs","bmi"
"1",0.360790891389984,28.6802334986202
"2",0.331430487674636,28.2184385116818
"3",0.35010329268228,28.4097232194142
"4",0.338165094109988,28.1394314335284
"5",0.326836064917541,27.8693679238022
"6",0.242098532995758,27.0837942221723
"7",0.309202532869643,27.9110576036036
"8",0.334779206532396,28.2511061466642
"9",0,25.5721544641574
