"","obs","bmi"
"1",0.358005348037587,28.6970966077468
"2",0.325649627317309,28.2231622320567
"3",0.331554423631541,28.4241100378061
"4",0.302267493241548,28.1511718995863
"5",0.273467401559316,27.8782808896843
"6",0.245768454972674,27.0994347916416
"7",0.309558342014515,27.9509575070019
"8",0.331483956846707,28.2638100572104
"9",0,25.6229195834103
