"","obs","bmi"
"1",0.357334850502319,28.7091898756841
"2",0.327556471191726,28.249500564512
"3",0.339141336206431,28.351278915701
"4",0.321903564212953,27.9936920791452
"5",0.302579124573687,27.6364469576291
"6",0.245022388981747,27.1104380272155
"7",0.311961917693434,27.958783045092
"8",0.33188264476079,28.2893880664869
"9",0,25.5854780542652
