"","obs","bmi"
"1",0.357349316213297,28.6879468513553
"2",0.329555304892695,28.2347077980461
"3",0.334296566499722,28.3370873760217
"4",0.307922142593887,27.9864569908684
"5",0.283945492481118,27.6360650363929
"6",0.248008785664591,27.112678711364
"7",0.308337702990781,27.8861908188195
"8",0.335657293014703,28.2938834294621
"9",0,25.5815385738677
