"","obs","bmi"
"1",0.361804150974951,28.7062893240493
"2",0.328911186349869,28.2538347725271
"3",0.338955421600593,28.4963292619934
"4",0.315008659122964,28.2864109634964
"5",0.293843474968379,28.0765339129409
"6",0.244014805829536,27.1243101726395
"7",0.302600403384959,27.9027365358511
"8",0.334529128487014,28.3340389560626
"9",0,25.6023222810331
