"","obs","bmi"
"1",0.361926109157094,28.7020189840769
"2",0.33061910220504,28.2478145535897
"3",0.349753039736596,28.4833087914531
"4",0.338484168812494,28.2647189059442
"5",0.326892964372279,28.0462532266684
"6",0.248911786520177,27.118811862753
"7",0.307620748018037,27.9132627794905
"8",0.336737264936263,28.2765758972819
"9",0,25.5926641300461
