"","obs","bmi"
"1",0.354782282230967,28.6845300662724
"2",0.325736874108007,28.2332328988453
"3",0.326912350989069,28.2346992720808
"4",0.29450075038455,27.7853345512745
"5",0.267398167948049,27.3364654786953
"6",0.247589757447024,27.0708022581601
"7",0.306378822611493,27.8569504136134
"8",0.333300481708618,28.2448231330704
"9",0,25.622838712494
