"","obs","bmi"
"1",0.358692988057546,28.71046111375
"2",0.32821352573926,28.2586525458148
"3",0.338070270511829,28.3893981259907
"4",0.314494159553605,28.0685471672088
"5",0.294370517763813,27.7479151154626
"6",0.241876659085179,26.9889975073968
"7",0.314278383505989,27.9651881763727
"8",0.339874126340565,28.3290704287607
"9",0,25.581496455981
