"","obs","bmi"
"1",0.365939704256885,28.7901121768931
"2",0.338235154358983,28.3372523039582
"3",0.344941499226201,28.4379554029446
"4",0.322106777907582,28.0860369603413
"5",0.295379859833719,27.7343667496469
"6",0.243869642005441,27.0779050760512
"7",0.309488883082574,27.9278467467187
"8",0.336838127004704,28.280822153556
"9",0,25.6357897415883
