"","obs","bmi"
"1",0.35921284259621,28.6947573041372
"2",0.325693429046707,28.2301727674877
"3",0.331381741975311,28.391711931582
"4",0.301935258754397,28.0887503405584
"5",0.277154358052164,27.7858739416606
"6",0.238764122996598,27.0244161940232
"7",0.310634946357205,27.9589682639832
"8",0.331665235029602,28.2472845210096
"9",0,25.6208380870919
