"","obs","bmi"
"1",0.36262150160529,28.724250584708
"2",0.334428060497341,28.26627008424
"3",0.350197875833122,28.5177784572374
"4",0.333880038436205,28.3113552821704
"5",0.317969345505361,28.104981761718
"6",0.246789268783455,27.0844939642231
"7",0.311278547397709,27.9460385181852
"8",0.336565979449085,28.3493512978827
"9",0,25.5579502638804
