"","obs","bmi"
"1",0.363292067379841,28.7513696583278
"2",0.333484164295815,28.2988146262586
"3",0.340133205006447,28.4771073791522
"4",0.312259297492173,28.2028977357208
"5",0.289265792713693,27.9287397312123
"6",0.244139633595965,27.045618819812
"7",0.304701355420758,27.8814242719708
"8",0.331249905440615,28.2188129362019
"9",0,25.6104255932479
