"","obs","bmi"
"1",0.357463509560674,28.651204917169
"2",0.32787329627105,28.1924946477797
"3",0.330590650591831,28.2571754929411
"4",0.299724731549068,27.8634621250896
"5",0.267536755142084,27.4700803365542
"6",0.241434702312493,27.0581520971689
"7",0.305718946309596,27.873317647535
"8",0.326616473840092,28.2100456441815
"9",0,25.5851586998639
