"","obs","bmi"
"1",0.357889419791614,28.7477023845506
"2",0.331524484839038,28.2869099529097
"3",0.345566783475789,28.4333732709539
"4",0.331698287461224,28.1194586325389
"5",0.318026565724699,27.8059868776229
"6",0.247113771409679,27.0650353348123
"7",0.305656904039439,27.9060660742609
"8",0.334362735551907,28.2469475123109
"9",0,25.6219394339562
