"","obs","bmi"
"1",0.358124176469436,28.6659199216654
"2",0.330210585058922,28.206628412163
"3",0.348066980021763,28.4514190860326
"4",0.337841909841144,28.2371780744549
"5",0.326846470775155,28.0232107303318
"6",0.242419117452493,27.0499298316883
"7",0.309481019270391,27.9326839107357
"8",0.335510510294378,28.3137038397908
"9",0,25.609177149754
