"","obs","bmi"
"1",0.358640224806806,28.6821511553878
"2",0.330166112407747,28.2229166518802
"3",0.33282358361127,28.2805811828686
"4",0.301370632604046,27.8793539694529
"5",0.273769292534968,27.4784884919641
"6",0.250216222203062,27.0976828516432
"7",0.307459573253741,27.8917977352275
"8",0.335191753135914,28.2832955002207
"9",0,25.600968448355
