"","obs","bmi"
"1",0.363438977537941,28.7415758554271
"2",0.33375389104594,28.2755335025109
"3",0.345751407632718,28.4590505120628
"4",0.322860786240871,28.176615474817
"5",0.305463017358061,27.8942725371487
"6",0.245301512009593,27.0836963441205
"7",0.308665539537096,27.9416122330903
"8",0.333936876110265,28.2643945163257
"9",0,25.5664022960424
