"","obs","bmi"
"1",0.362388909207794,28.7266597448343
"2",0.335826429420598,28.2652202121201
"3",0.349679976036533,28.4334485960785
"4",0.335872298012902,28.1403687113288
"5",0.315866754930702,27.8474256974562
"6",0.244052948388103,27.0811132026988
"7",0.307088278056635,27.8921141008942
"8",0.331864098107219,28.2619133328818
"9",0,25.5705259100838
