"","obs","bmi"
"1",0.366521928218446,28.7560794994047
"2",0.336179103887296,28.2925121614197
"3",0.346829097051331,28.4150578269672
"4",0.328983671603866,28.0744426079864
"5",0.304738433012359,27.7342603587007
"6",0.245156206018872,27.0645225325775
"7",0.307040668377601,27.8935397153528
"8",0.335076893550398,28.3063280631537
"9",0,25.5912458883596
