"","obs","bmi"
"1",0.36225971526013,28.72720950697
"2",0.334194470752253,28.2773724228123
"3",0.348267613936127,28.3950055623762
"4",0.329780174271501,28.063048405705
"5",0.31242930175815,27.7313524652442
"6",0.243698414901252,27.0756023406266
"7",0.309418142168321,27.8958255098506
"8",0.333590990147039,28.2977838012076
"9",0,25.5978576121122
