"","obs","bmi"
"1",0.361136250601642,28.6975854077249
"2",0.331990030689435,28.2388471517888
"3",0.338296201421386,28.4020563615584
"4",0.313512493962745,28.1066899008677
"5",0.290055218650759,27.8114920111002
"6",0.242698358556212,27.064144027301
"7",0.306384061647651,27.920344606871
"8",0.336520608262516,28.2739198407956
"9",0,25.6146869716203
