"","obs","bmi"
"1",0.359280370327518,28.7215824480803
"2",0.331831665424955,28.266136979644
"3",0.340803647031416,28.4769025075974
"4",0.321323129286745,28.2324557594659
"5",0.302744195104345,27.9882547310498
"6",0.247811876708142,27.0937748452647
"7",0.3093328182646,27.9136627504961
"8",0.336861541710016,28.2937297324961
"9",0,25.6199562000045
