"","obs","bmi"
"1",0.362626290558522,28.6963112913639
"2",0.334078589825665,28.2406673670188
"3",0.3427397344957,28.3411514811895
"4",0.319330463404168,27.986266913953
"5",0.297790015131219,27.6316701772632
"6",0.243767770982217,27.0175405423153
"7",0.309977832548962,27.9417818807568
"8",0.333609409679208,28.2507570352763
"9",0,25.5383609260636
