"","obs","bmi"
"1",0.357891982938746,28.7083540296772
"2",0.329240902901279,28.2580724433997
"3",0.341618123193608,28.4154169287719
"4",0.323797093067488,28.1228200060245
"5",0.304683518037368,27.8305842864706
"6",0.241856699137446,27.0346346078321
"7",0.303705513186263,27.8483312777148
"8",0.338088762293165,28.392300647954
"9",0,25.6368202210346
