"","obs","bmi"
"1",0.365249653525444,28.7272637937971
"2",0.334016131700755,28.2744479190988
"3",0.349534200448712,28.5014519424675
"4",0.33255039521661,28.2757732291541
"5",0.314576027873992,28.0502321880603
"6",0.245527374312363,27.0641370040879
"7",0.307977776976974,27.9146165915952
"8",0.338111648953452,28.303537087442
"9",0,25.55485620881
