"","obs","bmi"
"1",0.355202772491683,28.6667427148025
"2",0.325520920095015,28.2069963139735
"3",0.326863361603497,28.343958272534
"4",0.294571002081311,28.0212571472217
"5",0.265711215536477,27.698639773616
"6",0.241899613918987,27.0215139682609
"7",0.304524395753058,27.8593812198172
"8",0.326124616999947,28.1975427447501
"9",0,25.5446932031276
