"","obs","bmi"
"1",0.359297986533771,28.7141739888993
"2",0.327812974353161,28.2580840567052
"3",0.336432181517337,28.4209432693986
"4",0.311828590140038,28.1278733094069
"5",0.285890592482207,27.8349688695243
"6",0.247609598011962,27.1050896554743
"7",0.305495164576916,27.9096994373945
"8",0.329119661996118,28.250730178066
"9",0,25.6365103146138
