"","obs","bmi"
"1",0.360013778592356,28.6993611176581
"2",0.333036741016812,28.2426899414526
"3",0.334851672009015,28.3972585002748
"4",0.303306103371232,28.0953334130198
"5",0.272459491926422,27.7935920877703
"6",0.243777950238384,27.0917646735698
"7",0.31166550376028,27.8951822489862
"8",0.335733527176884,28.3218798696619
"9",0,25.5858042398324
