"","obs","bmi"
"1",0.360923138753669,28.688682543203
"2",0.331470402046408,28.2292627902777
"3",0.336116277403069,28.3723617921829
"4",0.309807416537658,28.0561746510698
"5",0.276658876145259,27.7401247196409
"6",0.240558600613274,27.0311743814962
"7",0.303294899143188,27.8547325424868
"8",0.333653986710937,28.263963061969
"9",0,25.6247705900639
