"","obs","bmi"
"1",0.361784493813076,28.6732706550835
"2",0.332609259631127,28.2086027148513
"3",0.331221850572655,28.2655793215184
"4",0.297420019525533,27.8581235053911
"5",0.265343424485304,27.4509102030805
"6",0.246413466573903,27.0907683069785
"7",0.308213930272534,27.9052671944996
"8",0.336988831251937,28.3188434338801
"9",0,25.5483319400967
