"","obs","bmi"
"1",0.364203488189931,28.7800936484549
"2",0.335990468375282,28.3208808533502
"3",0.354087371566145,28.5198886979325
"4",0.343049997744318,28.2598253195385
"5",0.332675032049672,27.999908296384
"6",0.2391988718744,27.0518361436142
"7",0.296952497905826,27.8338025599928
"8",0.33209222172723,28.2565988955568
"9",0,25.6566111662668
