"","obs","bmi"
"1",0.36639421668827,28.768119857706
"2",0.337245172158745,28.308909052277
"3",0.342594889057027,28.4004124578072
"4",0.314781370333865,28.0328910686958
"5",0.290770513090375,27.6655618791465
"6",0.242096064772066,27.0647475757102
"7",0.303700337009963,27.8711690855797
"8",0.327928490532909,28.2399839848045
"9",0,25.5957533074929
