"","obs","bmi"
"1",0.361665575416609,28.7647225873602
"2",0.333808918051644,28.3082493962242
"3",0.347194978550639,28.475111446836
"4",0.331125400373748,28.1856979693715
"5",0.313290119936895,27.8964900706336
"6",0.238977527445285,27.0068090310093
"7",0.305956971791383,27.8869786778167
"8",0.32829843387328,28.2721834508256
"9",0,25.606455067084
