"","obs","bmi"
"1",0.35835915350094,28.6723458140818
"2",0.329782081863623,28.2169595092855
"3",0.340080191142531,28.3962415718134
"4",0.322600685359302,28.1203388271296
"5",0.299624819300856,27.8446450813993
"6",0.244117331589586,27.0900107898251
"7",0.307711559289091,27.9042532953507
"8",0.337056485223461,28.312103370864
"9",0,25.598730749056
