"","obs","bmi"
"1",0.361506419522661,28.7175956623364
"2",0.331464362631036,28.2686448864384
"3",0.343746349098453,28.4630975082514
"4",0.324656687469873,28.2086895136832
"5",0.305593461356363,27.9543746486904
"6",0.247562732630972,27.093737568073
"7",0.308870386718472,27.9158596109789
"8",0.345003403021694,28.3790206831975
"9",0,25.5579672218308
