"","obs","bmi"
"1",0.358829819486821,28.7309608867034
"2",0.331643958223253,28.2792431943121
"3",0.342570901526124,28.384960037116
"4",0.326765629358377,28.0392493594581
"5",0.309700717282249,27.6938412268263
"6",0.246428207209381,27.0856876547876
"7",0.310458143454013,27.9390524022113
"8",0.334487543382941,28.3002204515248
"9",0,25.6419789239985
