"","obs","bmi"
"1",0.369235546985625,28.8074088900012
"2",0.338500483431983,28.3609717571567
"3",0.349267129658677,28.5455086895765
"4",0.327426332298863,28.2837709354613
"5",0.308249582259448,28.0222013974587
"6",0.24319757844921,27.0475514418962
"7",0.315083077061157,27.9573896478976
"8",0.326724480384108,28.2330143772224
"9",0,25.6289206163609
