"","obs","bmi"
"1",0.362715302242253,28.7110569079175
"2",0.332211441200757,28.2585003317715
"3",0.329533753473687,28.3315364020498
"4",0.291095684946824,27.9521418471111
"5",0.258088094208456,27.5728732948734
"6",0.24613495468605,27.0855639165825
"7",0.307613363643684,27.8905375002797
"8",0.329798389607936,28.2600308016764
"9",0,25.6091475107318
