"","obs","bmi"
"1",0.355694989174676,28.6644890754739
"2",0.324424442751493,28.2041765938067
"3",0.337766927620551,28.3023277003318
"4",0.317660503681676,27.9406063225728
"5",0.298490424359266,27.5793530618272
"6",0.246137678479742,27.096481164913
"7",0.307870219185341,27.8873971621725
"8",0.337918047244118,28.3439645242361
"9",0,25.5785034210459
