"","obs","bmi"
"1",0.360797249643083,28.7138238354889
"2",0.331778957123842,28.253853028047
"3",0.348618774981824,28.4377716742138
"4",0.335875757198727,28.1618907957337
"5",0.323844800337445,27.8861875145819
"6",0.248644225301201,27.1332170942782
"7",0.307737128354488,27.9247950176765
"8",0.336331609573414,28.2785632182699
"9",0,25.5555541859243
