"","obs","bmi"
"1",0.360757034845983,28.7012573492562
"2",0.331566883543863,28.2449061945803
"3",0.333480094815526,28.3055252755999
"4",0.305188283557136,27.9101697083359
"5",0.280921870188375,27.5152122991595
"6",0.245161030185791,27.0901059437486
"7",0.307940305294276,27.921691418395
"8",0.330762625948998,28.2679780958653
"9",0,25.5665163329729
