"","obs","bmi"
"1",0.359754665951105,28.6174993169928
"2",0.329594384547718,28.1561995910224
"3",0.342548878288275,28.4099005704447
"4",0.322438335631956,28.20235349016
"5",0.298764562123604,27.9948589581856
"6",0.245384594011955,27.1067444463671
"7",0.311434200023157,27.9306420723437
"8",0.334768539130984,28.3125611079689
"9",0,25.5172443373583
