"","obs","bmi"
"1",0.353300234858699,28.6734952921514
"2",0.325478989237336,28.218374792872
"3",0.34091272007187,28.4212212440288
"4",0.324869752769443,28.1691815209003
"5",0.310230960408206,27.917387718791
"6",0.242025048162497,27.0631638979681
"7",0.304161459636408,27.8445055850081
"8",0.332691259745218,28.2327772534937
"9",0,25.5998136325977
