"","obs","bmi"
"1",0.359771268808848,28.7021835545061
"2",0.331238324924543,28.2413047158109
"3",0.344055099157211,28.4180437875794
"4",0.331252615121135,28.1340824531085
"5",0.315017446752405,27.8503060016256
"6",0.242854006975673,27.0738217123662
"7",0.31232962451215,27.9555333034651
"8",0.331544792049415,28.2544354569415
"9",0,25.5697992663946
