"","obs","bmi"
"1",0.359005229603572,28.735625552949
"2",0.329831219000784,28.2777245021794
"3",0.332932370633614,28.3600083256629
"4",0.302365367436043,27.9845342850902
"5",0.277372799547819,27.6092074919138
"6",0.242754443615612,27.1085183063191
"7",0.303206126674653,27.8160559459772
"8",0.336107647372408,28.3005775984283
"9",0,25.6564924981888
