"","obs","bmi"
"1",0.360141291106987,28.7205028919622
"2",0.329880613210677,28.2681551140512
"3",0.341558444592944,28.3442271650182
"4",0.320754055592976,27.9682383646072
"5",0.2974749436847,27.5925507760241
"6",0.248420352200893,27.1206432204325
"7",0.312953906815056,27.9800072917739
"8",0.333289376737079,28.3021032447346
"9",0,25.5864655228145
