"","obs","bmi"
"1",0.359484547307245,28.6828682061289
"2",0.330064911892065,28.2252088963321
"3",0.34205267532145,28.4932221880525
"4",0.326899431412417,28.3036451488915
"5",0.309758136703284,28.1141375037313
"6",0.246206117927785,27.0709335046433
"7",0.311135613322917,27.9501143984471
"8",0.327413065217877,28.2212878163295
"9",0,25.5726306352739
