"","obs","bmi"
"1",0.36585235830689,28.778899772313
"2",0.335995494325868,28.3241897007936
"3",0.357646717874278,28.5982873379614
"4",0.34774121375148,28.417741475085
"5",0.33636290159744,28.2372635425677
"6",0.240182322906937,26.9830646837839
"7",0.310732496685673,27.9051811930574
"8",0.337471876352463,28.3105284385495
"9",0,25.6337735652213
