"","obs","bmi"
"1",0.358395380880219,28.6568250353921
"2",0.329117918735084,28.2032695796803
"3",0.334492346210214,28.3160725902539
"4",0.311549640963508,27.9757196322946
"5",0.28949809593735,27.6357927927809
"6",0.244461222853498,27.0757697221191
"7",0.308962189010836,27.9136349494492
"8",0.330704630520679,28.2692731014638
"9",0,25.6043779816464
