"","obs","bmi"
"1",0.360031251118879,28.6536585284126
"2",0.329305655993101,28.1937394948536
"3",0.34957764559327,28.4690016484451
"4",0.339219507586109,28.2844423151061
"5",0.328666681722247,28.0999833883577
"6",0.245985940173488,27.0786852743883
"7",0.3131092719658,27.9167691832455
"8",0.332980659651166,28.2678787460474
"9",0,25.5560792334532
