"","obs","bmi"
"1",0.361422942075476,28.7634589831131
"2",0.332126130311934,28.3091872513999
"3",0.343770958709022,28.4231733529942
"4",0.324761756960888,28.0833023748045
"5",0.304273752658013,27.7438729138525
"6",0.241359770230292,27.0488760005882
"7",0.310449335272575,27.9090241738067
"8",0.339033616437874,28.2802196916978
"9",0,25.6484967686416
