"","obs","bmi"
"1",0.363700910933376,28.6945755837715
"2",0.330719112159088,28.2337746214005
"3",0.357441445073729,28.4233277930876
"4",0.35095191186497,28.1524726846979
"5",0.343737534183641,27.8820338913611
"6",0.245017443164026,27.0392015565295
"7",0.306389027465735,27.9357312205607
"8",0.337890038206985,28.3351191427677
"9",0,25.574707328256
