"","obs","bmi"
"1",0.361874235251614,28.7085204368162
"2",0.331456261219483,28.2505637003578
"3",0.346627063338663,28.3953502006817
"4",0.329739814153805,28.0824681903629
"5",0.314838881568571,27.7698890939139
"6",0.240033153437558,27.0106734243203
"7",0.310452030841122,27.9328656392179
"8",0.33319172165775,28.2601605112579
"9",0,25.57298260278
