"","obs","bmi"
"1",0.354022332494025,28.6544211053428
"2",0.323271722248751,28.1962255583978
"3",0.33099108529301,28.3421256223338
"4",0.308487219702642,28.0299436465218
"5",0.286783049053827,27.7178791884381
"6",0.24594774548611,27.0721051536774
"7",0.314159148033722,27.9877397192492
"8",0.333447721846181,28.3151996161046
"9",0,25.5851480768583
