"","obs","bmi"
"1",0.361417610040671,28.7362223772655
"2",0.331973525087397,28.280705315541
"3",0.331845754479887,28.3481241524929
"4",0.299549873208416,27.9602137936924
"5",0.269437433030744,27.5724968712016
"6",0.245419162719778,27.0786452341381
"7",0.305871884923737,27.9042456031954
"8",0.331025748544989,28.2743227872073
"9",0,25.5825257574586
