"","obs","bmi"
"1",0.360426952180371,28.6848102977436
"2",0.33016661713252,28.2148588656301
"3",0.341199771084747,28.3415635928234
"4",0.318355294500797,27.9986649108002
"5",0.296647120433129,27.6561364949738
"6",0.244111650973406,27.0956540575337
"7",0.31439154546037,27.9777539725907
"8",0.336671000260906,28.3018762575224
"9",0,25.5638294428727
