"","obs","bmi"
"1",0.365595527031819,28.7389002984843
"2",0.3350292555034,28.2780506844292
"3",0.339512052992293,28.4782796730892
"4",0.316001065634154,28.2177602379361
"5",0.287144277599129,27.9573444752131
"6",0.242749660462209,27.0908728897251
"7",0.309801575964487,27.9326265851515
"8",0.328902778211969,28.243200397369
"9",0,25.5773350092999
