"","obs","bmi"
"1",0.361272312591443,28.66105726514
"2",0.331585234429117,28.2026671395447
"3",0.347840975357565,28.3843299292874
"4",0.334343846256475,28.1077354043937
"5",0.322973996035465,27.8312785857835
"6",0.239193353945045,27.0253241549727
"7",0.3094608693967,27.9116396136787
"8",0.335509499964264,28.2718978307783
"9",0,25.5432926798256
