"","obs","bmi"
"1",0.361749831412628,28.6987401310174
"2",0.332301062291941,28.2450600289678
"3",0.338762899779574,28.4077893715796
"4",0.313207755026022,28.1169391686417
"5",0.287293655768313,27.8261924017983
"6",0.247390256898702,27.0642245631385
"7",0.309049362087537,27.8572687222724
"8",0.339950881109773,28.3102357130437
"9",0,25.5854607068038
