"","obs","bmi"
"1",0.362446174452507,28.7168598686799
"2",0.331373369117454,28.2581781327039
"3",0.345046573994798,28.4076551033442
"4",0.328538824359825,28.0986995728255
"5",0.311119516207538,27.790004433888
"6",0.24582988460173,27.0848741303607
"7",0.310119881804591,27.9369625468954
"8",0.331887850584326,28.2584607009205
"9",0,25.6014331412968
