"","obs","bmi"
"1",0.361520011534257,28.7033835899525
"2",0.332738677482278,28.2477079134394
"3",0.34284089004634,28.4236873647633
"4",0.322405801746467,28.1440798604242
"5",0.299488488340843,27.8645626319994
"6",0.244183464952549,27.0430229290683
"7",0.313068042860041,27.9182964244672
"8",0.331239800565599,28.2379885779423
"9",0,25.5949276460895
