"","obs","bmi"
"1",0.363326792904081,28.6971277469659
"2",0.331216871248614,28.236621989624
"3",0.339007424355129,28.3182029042309
"4",0.315419487435001,27.9395492811391
"5",0.287370073431108,27.5611779135878
"6",0.24071042983982,27.0359818863391
"7",0.308874151336585,27.923279180561
"8",0.336659841615427,28.2536862831185
"9",0,25.5272235801364
