"","obs","bmi"
"1",0.359715885754855,28.7012496993021
"2",0.331832848714482,28.2458186612412
"3",0.339035299534947,28.3753794099597
"4",0.316057451282577,28.0497446942759
"5",0.293738738403563,27.7243550503251
"6",0.243153136514779,27.0576397107029
"7",0.307301523818972,27.8935721129914
"8",0.336143775528366,28.317656540998
"9",0,25.577959835472
