"","obs","bmi"
"1",0.366633672219458,28.7908146161075
"2",0.336384161265572,28.3336105305041
"3",0.340831040903419,28.4153950779806
"4",0.310081729249555,28.0402045665687
"5",0.28182703958555,27.6652517296852
"6",0.240589869211497,27.0563194141218
"7",0.306615208157861,27.9068728622158
"8",0.335707885880175,28.2582914016456
"9",0,25.6456384787547
