"","obs","bmi"
"1",0.351463609800008,28.6080279365409
"2",0.323806266692877,28.1542503660531
"3",0.34036326451411,28.2792811047234
"4",0.325394286439991,27.9509457714315
"5",0.30930718931785,27.6230468225938
"6",0.244898508861273,27.0672016907888
"7",0.30058598239476,27.7811706564077
"8",0.333390158095308,28.2341163103186
"9",0,25.5446843886565
