"","obs","bmi"
"1",0.356146731490483,28.6941108856208
"2",0.326967465259725,28.2348691259015
"3",0.337384048398965,28.3963588711386
"4",0.31980052375787,28.0988423755501
"5",0.301706331111245,27.8015727692363
"6",0.246113133953243,27.0764778657252
"7",0.305800345814444,27.8900359451224
"8",0.332667722131958,28.2670777413149
"9",0,25.6563826160682
