"","obs","bmi"
"1",0.360946159671836,28.6684095235924
"2",0.332064958684053,28.2094855399193
"3",0.341835417729225,28.3562370902985
"4",0.323879325708336,28.0441884452513
"5",0.304298233026069,27.7322669856053
"6",0.240537904540891,27.0196746680537
"7",0.306471864055315,27.9150441985346
"8",0.33194732986385,28.2650547212671
"9",0,25.5230556822987
