"","obs","bmi"
"1",0.355513576360246,28.6317060731308
"2",0.328911316834495,28.1764986951502
"3",0.338387143585584,28.3893960364215
"4",0.318602571361287,28.1471514600619
"5",0.29726423733636,27.9049723366659
"6",0.249139543381672,27.1301015446882
"7",0.30585131828336,27.8761014071689
"8",0.335061630433841,28.2773796467053
"9",0,25.5544901133733
