"","obs","bmi"
"1",0.359711326888148,28.6861466684495
"2",0.329541650180437,28.2312777598728
"3",0.33602614018247,28.3406529844819
"4",0.310590698591371,27.9954518816298
"5",0.283191322796753,27.6505583296623
"6",0.241316706344952,27.0241229585998
"7",0.308141105374026,27.9232357550763
"8",0.331163290251134,28.3213287049875
"9",0,25.5651264779907
