"","obs","bmi"
"1",0.366398219290933,28.8021417789487
"2",0.337852136182867,28.3399293051726
"3",0.348482844981909,28.5274932076151
"4",0.328031290866926,28.2530852151033
"5",0.306973102513251,27.9789295167605
"6",0.245713367581738,27.059448753617
"7",0.301984921020779,27.840116034847
"8",0.338027053942206,28.2799468163067
"9",0,25.6325050279563
