"","obs","bmi"
"1",0.359585740021124,28.6311244271494
"2",0.329684540450429,28.1736490309625
"3",0.352936285893247,28.4288690488062
"4",0.344477931192317,28.2267162913453
"5",0.334329921453747,28.0246693522471
"6",0.245752565858269,27.0748867180456
"7",0.307370333715804,27.9517707506458
"8",0.334752404003829,28.2419996834218
"9",0,25.5504267596026
