"","obs","bmi"
"1",0.359657592993795,28.7034582220341
"2",0.332743802450642,28.2453117172661
"3",0.349350283711082,28.441060143153
"4",0.33857602817435,28.1789482258597
"5",0.323890589476279,27.9171385536612
"6",0.245641648512573,27.0886436695083
"7",0.313011319851207,27.9533507993305
"8",0.333011333406914,28.2833860264471
"9",0,25.5942452317274
