"","obs","bmi"
"1",0.358309350589379,28.6919645983262
"2",0.327597378231927,28.2321817259858
"3",0.346505884101604,28.378955582242
"4",0.33412781826974,28.0662126205182
"5",0.321205689309245,27.7537476454189
"6",0.247251370833522,27.101769786002
"7",0.303080605519103,27.9129630417564
"8",0.333899582295956,28.2685935583455
"9",0,25.5870765132297
