"","obs","bmi"
"1",0.35650029878492,28.6951483583507
"2",0.324904602215021,28.2369669523624
"3",0.344254636497781,28.4461930467572
"4",0.331638064001417,28.1974355929323
"5",0.320800734299606,27.9488843901119
"6",0.245960537810872,27.0696000895903
"7",0.307949468962572,27.8652963066993
"8",0.332524433138937,28.2871863100689
"9",0,25.6337294290074
