"","obs","bmi"
"1",0.357427073696175,28.6492026010736
"2",0.32606394705854,28.1872932429192
"3",0.342827990620465,28.3590443866242
"4",0.326859492301672,28.0690397747637
"5",0.311017557677217,27.7791939945404
"6",0.239222259146229,27.0374510692664
"7",0.310466797215545,27.904487108145
"8",0.331050621513343,28.2705197327196
"9",0,25.5552409114079
