"","obs","bmi"
"1",0.362536239497686,28.7284248332516
"2",0.331601685156458,28.2735919621759
"3",0.342061771182247,28.3706974191775
"4",0.320679132801955,28.0131873287102
"5",0.298463801218533,27.655903792753
"6",0.242753514763101,27.0862653326414
"7",0.303949314624518,27.8499873458432
"8",0.331123318676136,28.2464535207712
"9",0,25.5779876552413
