"","obs","bmi"
"1",0.364834062451445,28.760935108508
"2",0.333192342337592,28.2979038639763
"3",0.339446757055823,28.4757222350154
"4",0.312106649240581,28.1905685606046
"5",0.288262710767952,27.905472672918
"6",0.24533155114577,27.0969234573034
"7",0.308420052554269,27.8775097666111
"8",0.33600971591381,28.3101820715091
"9",0,25.6018190552704
