"","obs","bmi"
"1",0.359951973952499,28.7127940731335
"2",0.328300713223628,28.2504504007357
"3",0.337540971211913,28.3768526346025
"4",0.31549349431795,28.0410789425993
"5",0.292137867834715,27.7054790767137
"6",0.244454749359245,27.0562991324806
"7",0.307800550491759,27.887870422917
"8",0.338592444923673,28.2776255036711
"9",0,25.5609537747681
