"","obs","bmi"
"1",0.35438503529037,28.6635869757262
"2",0.3251048126589,28.2110653416954
"3",0.325428370712777,28.2642974352145
"4",0.293202716481424,27.8652689892069
"5",0.264421604244581,27.4665119838957
"6",0.244781733121784,27.0661324815289
"7",0.308380325601552,27.890130524799
"8",0.333224731172287,28.2556924711797
"9",0,25.608019643376
