"","obs","bmi"
"1",0.356769177935838,28.6463120924784
"2",0.326752164002855,28.1922337135022
"3",0.337047643869952,28.3323234700214
"4",0.316591974737463,28.0187185877733
"5",0.296871115911436,27.7055224443927
"6",0.240830848408849,27.0923522749438
"7",0.311695543040246,27.9594570349163
"8",0.342468966915317,28.3455188865097
"9",0,25.5593071251306
