"","obs","bmi"
"1",0.364766983013744,28.7307813687011
"2",0.334625545891921,28.2750774019839
"3",0.337800334733861,28.42022316475
"4",0.304846880871683,28.1098593592849
"5",0.277283340426435,27.7996965047853
"6",0.243533445255361,27.0874318085809
"7",0.307029769844136,27.8850451396725
"8",0.33395409995164,28.2828802210919
"9",0,25.576736363691
