"","obs","bmi"
"1",0.363024831067197,28.7757274071775
"2",0.335098639865314,28.3142977024906
"3",0.346942746753866,28.4345266548412
"4",0.329175535129762,28.0936770514871
"5",0.311949951166669,27.753197693012
"6",0.247028089530985,27.078341458806
"7",0.310065170275003,27.9317134435661
"8",0.342214074445042,28.4262812080192
"9",0,25.639725905792
