"","obs","bmi"
"1",0.361761493678685,28.7230050789881
"2",0.331642479745263,28.2628964996578
"3",0.336835609997807,28.3286087170871
"4",0.310099839710405,27.9345641017556
"5",0.280281416678347,27.5408900879893
"6",0.240564838095743,27.0531358075773
"7",0.311511139690834,27.9392982833239
"8",0.327794378591186,28.2061360639353
"9",0,25.6070384812685
