"","obs","bmi"
"1",0.35859725038266,28.6586700787162
"2",0.328544340751975,28.2055398753893
"3",0.335625710834366,28.3619720649902
"4",0.31156935262653,28.0653751779635
"5",0.285785597702336,27.7688801326813
"6",0.245830074293765,27.0433490165963
"7",0.307495566570244,27.9092271662431
"8",0.332157229817668,28.2656835800423
"9",0,25.6147086256219
