"","obs","bmi"
"1",0.358757089775004,28.7224996890479
"2",0.330245303835077,28.2625492767448
"3",0.345141979783674,28.4596839116459
"4",0.329313004099169,28.1969612284233
"5",0.314214866292819,27.9343347821414
"6",0.24616466277734,27.0539703982012
"7",0.310432186270651,27.895956362253
"8",0.331812204271558,28.260162973986
"9",0,25.5746918366363
