"","obs","bmi"
"1",0.362190125904472,28.6895837791484
"2",0.332460238799083,28.2265517520383
"3",0.340412473973243,28.3931126480725
"4",0.31512032719939,28.0967761536078
"5",0.292813538359712,27.80057948893
"6",0.242440334757048,27.0358416292755
"7",0.313109609486933,27.9732511240624
"8",0.335923190438369,28.2960923370641
"9",0,25.6056953343662
