"","obs","bmi"
"1",0.365503174776452,28.7361192330919
"2",0.3354209242751,28.2740715812459
"3",0.345112364606919,28.4246945731412
"4",0.326046254040855,28.1134499332974
"5",0.300172058038774,27.8023922634111
"6",0.244220413798377,27.1100752201616
"7",0.30811819295217,27.9147603337414
"8",0.333969084120392,28.3301381219794
"9",0,25.5920307095687
