"","obs","bmi"
"1",0.362572137492396,28.6898620664738
"2",0.331374280464054,28.220379822649
"3",0.336608097746446,28.2502437720102
"4",0.309545487652612,27.8112057590169
"5",0.283695679449155,27.3727951850753
"6",0.24414676674224,27.0500438034058
"7",0.306720674905215,27.8538178038386
"8",0.340390722763713,28.3397517478919
"9",0,25.5718580631376
