"","obs","bmi"
"1",0.354040234222273,28.6082207277536
"2",0.322013459559154,28.155174469668
"3",0.330718254435372,28.2553243107109
"4",0.311086697086493,27.9027386707612
"5",0.28907659595435,27.5504798950004
"6",0.247395093511587,27.1035433060787
"7",0.312097962548348,27.9368315527652
"8",0.33594480456213,28.3465430825571
"9",0,25.5439897477788
