"","obs","bmi"
"1",0.362990952377295,28.7100278968841
"2",0.334597041348455,28.2493276757533
"3",0.34600622425724,28.3169394107878
"4",0.327832402032514,27.9242009924846
"5",0.304153319260876,27.5318320639807
"6",0.241750237091278,27.0406084368586
"7",0.312413749241252,27.9420294390578
"8",0.334133620158921,28.2920871082256
"9",0,25.5922858951395
