"","obs","bmi"
"1",0.360714836078793,28.7171639460614
"2",0.32998184423722,28.2527660752316
"3",0.337741634774983,28.3916958864951
"4",0.313829634775634,28.0663303936961
"5",0.287789024079389,27.7410686026178
"6",0.240808218655433,26.9979301924864
"7",0.305061772193276,27.9037249109497
"8",0.337582990874299,28.3227811179416
"9",0,25.5953297344469
