"","obs","bmi"
"1",0.361317293032613,28.7130321285675
"2",0.329216963699112,28.2615594513183
"3",0.34149952625564,28.4107697706647
"4",0.319826997281814,28.108738219825
"5",0.298355354277407,27.8069475922818
"6",0.241418794710014,27.0579335862368
"7",0.305251486805858,27.8965994011147
"8",0.329954412318604,28.2720059346401
"9",0,25.6155276203566
