"","obs","bmi"
"1",0.355441388924084,28.6905973326893
"2",0.327226483817972,28.2306167771596
"3",0.347368025211808,28.5368234066071
"4",0.337885230789894,28.3831048494989
"5",0.328103012720235,28.229442845608
"6",0.247965687844792,27.1064767080989
"7",0.302549589213621,27.9082019746095
"8",0.330530305561368,28.2877771968887
"9",0,25.6345145280402
