"","obs","bmi"
"1",0.360721703856928,28.7078593453648
"2",0.331090293913369,28.2460682751869
"3",0.330075887979227,28.3130344024571
"4",0.297486204858313,27.9184353767022
"5",0.267289641256468,27.5240704410974
"6",0.248471131480357,27.1129962930394
"7",0.31253741144371,27.9544436743755
"8",0.333384847848525,28.3281363439195
"9",0,25.5670424706982
