"","obs","bmi"
"1",0.357428120100257,28.6446568779989
"2",0.327541772127119,28.1892792079894
"3",0.333641322580269,28.2114834641942
"4",0.306475753377779,27.7787583016526
"5",0.282589440062584,27.3465099838016
"6",0.244623954066798,27.0933430575212
"7",0.310659407778824,27.9620655551658
"8",0.334926995123166,28.2994172911841
"9",0,25.5417872270785
