"","obs","bmi"
"1",0.356556284791367,28.6599925586241
"2",0.329544706826911,28.2053119901225
"3",0.332483052848908,28.1681261599224
"4",0.306309732635792,27.6767639523102
"5",0.280579167684122,27.1859437869775
"6",0.245896512606301,27.0825213451755
"7",0.305320750076561,27.8636784304064
"8",0.335087131507621,28.3320203426612
"9",0,25.577498308172
