"","obs","bmi"
"1",0.35438503529037,28.6635869757262
"2",0.325717992568263,28.213250979235
"3",0.338226980963603,28.3972869844873
"4",0.321387169523093,28.131106138428
"5",0.302365915084541,27.8650475447175
"6",0.244781733121784,27.0661324815289
"7",0.308380325601552,27.890130524799
"8",0.333224731172287,28.2556924711797
"9",0,25.608019643376
