"","obs","bmi"
"1",0.362455154650953,28.7343512401426
"2",0.334263026769855,28.2804844911226
"3",0.346604709372772,28.3641123461613
"4",0.331086336321009,27.9941086573509
"5",0.317572666878316,27.6243522536328
"6",0.2417492361636,27.0278085858053
"7",0.309667818570154,27.9040512351055
"8",0.337130423086134,28.3101176392308
"9",0,25.5910545023336
