"","obs","bmi"
"1",0.362478789802449,28.7243803245972
"2",0.333779874814385,28.2619758906243
"3",0.334874776810773,28.4258128793888
"4",0.301258361685568,28.1273416680312
"5",0.270752255971482,27.8289659059016
"6",0.249074893321454,27.0895804558614
"7",0.305199234884265,27.8549209501955
"8",0.337569688887109,28.3306233731089
"9",0,25.5546974432078
