"","obs","bmi"
"1",0.362654191702154,28.718121254966
"2",0.332066210306894,28.2576708499607
"3",0.341293417027586,28.4401146842515
"4",0.318360130643956,28.1623328881254
"5",0.298851069566293,27.8847861698194
"6",0.249092296161641,27.0874247849846
"7",0.305848449833255,27.9082001192298
"8",0.333946641791269,28.3216535530144
"9",0,25.6219391007225
