"","obs","bmi"
"1",0.360460500855885,28.6707194553569
"2",0.329335259754968,28.2039571619219
"3",0.341347422502006,28.3711006427827
"4",0.32118070732897,28.0715855488096
"5",0.298303385007302,27.7721774358571
"6",0.242063239894588,27.0690660675301
"7",0.297282841892867,27.8302906813072
"8",0.337108592338905,28.2730549049937
"9",0,25.5529093534875
