"","obs","bmi"
"1",0.359706505400708,28.7396572158548
"2",0.331455661358338,28.2849122877707
"3",0.34520548916595,28.4953166119987
"4",0.330615104324663,28.2510770855141
"5",0.309280698545628,28.0069420685194
"6",0.245370951204935,27.0996454405296
"7",0.305708570666671,27.860158966769
"8",0.331333030920754,28.257286223763
"9",0,25.6164763441396
