"","obs","bmi"
"1",0.364454941307509,28.7157038717242
"2",0.333598187111768,28.2531014454696
"3",0.347698411478999,28.3910289574799
"4",0.329574995397446,28.0666234973568
"5",0.312313988221159,27.7424998162752
"6",0.247936192480416,27.094042934836
"7",0.310124022200016,27.9243780890244
"8",0.342269949115039,28.3325831947285
"9",0,25.5176513295975
