"","obs","bmi"
"1",0.361480265395653,28.7037940267231
"2",0.331784048962401,28.2430654118764
"3",0.344136339608571,28.4346714087467
"4",0.326544972577229,28.1656795178371
"5",0.308353313301279,27.8968218970317
"6",0.239128681436979,27.0277941569991
"7",0.308433994845222,27.889337542686
"8",0.333850782575358,28.3014076270638
"9",0,25.5811827191179
