"","obs","bmi"
"1",0.358775639425983,28.6970836783006
"2",0.329060766277648,28.237319368259
"3",0.337818840263177,28.3524287030391
"4",0.313639385354862,28.0081905354412
"5",0.289215477511884,27.6643976094253
"6",0.246816738141849,27.1033363977042
"7",0.307577340249473,27.9319239575816
"8",0.336763482419822,28.2479099393555
"9",0,25.6182503726424
