"","obs","bmi"
"1",0.360019496175123,28.6638909891733
"2",0.330137625631221,28.2056302684432
"3",0.336108023405219,28.3636400115532
"4",0.301512041604407,28.0635491763914
"5",0.273320696954132,27.7636215959783
"6",0.239207903791794,27.0247470754735
"7",0.307823817111579,27.9032010420361
"8",0.33586672648288,28.2959231675436
"9",0,25.5845012656773
