"","obs","bmi"
"1",0.353200506186747,28.6426933083415
"2",0.32167849880017,28.1823289353271
"3",0.322788997385556,28.3437221570048
"4",0.292304539903712,28.044887767851
"5",0.263942561379359,27.7461953307239
"6",0.247209596828327,27.0933521654563
"7",0.309668092291853,27.9111951584326
"8",0.336306803693349,28.28879129822
"9",0,25.5622257858845
