"","obs","bmi"
"1",0.363070049668053,28.676180552429
"2",0.333407521116746,28.2195745887963
"3",0.344512594025837,28.41508845986
"4",0.324096920627978,28.1540883702763
"5",0.304019838947155,27.8931815740476
"6",0.244719366233471,27.0953649246237
"7",0.304950286467597,27.8635364098175
"8",0.332931066569638,28.2387081970703
"9",0,25.5564817447905
