"","obs","bmi"
"1",0.365968579137744,28.7313850211699
"2",0.333849969224626,28.2723803215466
"3",0.341511403702334,28.3593360866226
"4",0.319765483210747,27.9875179056969
"5",0.296073636273013,27.6159395473679
"6",0.244606011118319,27.0926417299542
"7",0.303748633025634,27.8549833335866
"8",0.34080717585024,28.3451640612092
"9",0,25.6295896307904
