"","obs","bmi"
"1",0.358700225227329,28.6579477606591
"2",0.32827573474523,28.2050935037144
"3",0.343833007931625,28.3505434861725
"4",0.329111878228012,28.0433449017803
"5",0.312349704937834,27.7363603710674
"6",0.244352913582222,27.0903980776989
"7",0.305300966977739,27.8720377770178
"8",0.334101563042212,28.2536441821419
"9",0,25.5500936586203
