"","obs","bmi"
"1",0.359665958060678,28.6688562831203
"2",0.329677659247006,28.2028235092837
"3",0.337336284139741,28.3153339355312
"4",0.316695727530176,27.9621132902349
"5",0.294298791286218,27.6092101650185
"6",0.242080480382728,27.060499391538
"7",0.306144640622867,27.8881432680861
"8",0.331461415982054,28.2561783980391
"9",0,25.5626847381224
