"","obs","bmi"
"1",0.356305355928299,28.6514330324012
"2",0.327065192319788,28.1899540740962
"3",0.335344876223301,28.2858227490861
"4",0.314185684066671,27.920637044759
"5",0.294950719837371,27.555903371465
"6",0.240553957566812,27.0853117188223
"7",0.312533600204386,27.9498671102301
"8",0.340137103312629,28.3329705176867
"9",0,25.6003558980401
