"","obs","bmi"
"1",0.365704290633003,28.7416642251362
"2",0.33646390654102,28.283016596055
"3",0.348835294915925,28.4122443870909
"4",0.32876507586151,28.0831648804606
"5",0.308478745729826,27.7544449781314
"6",0.243099200762364,27.0979160015983
"7",0.312615017237871,27.9811625602118
"8",0.334477612954495,28.237540254811
"9",0,25.6338528126708
