"","obs","bmi"
"1",0.356507820208202,28.6893586788681
"2",0.327524287597358,28.2284263280417
"3",0.332077379767377,28.3261840264565
"4",0.307330994027287,27.9633394998164
"5",0.281734790113745,27.6008439318766
"6",0.243756676654237,27.0434046666663
"7",0.304568163097299,27.9070548148387
"8",0.337062504686474,28.3247922941556
"9",0,25.6152043627647
