"","obs","bmi"
"1",0.362018547719032,28.7051620015665
"2",0.331883235916189,28.2406500040512
"3",0.350927670126595,28.4849815510167
"4",0.340532949478537,28.2648935563455
"5",0.327361037943116,28.0449010743579
"6",0.243697387196577,27.0632606433173
"7",0.307703894184304,27.8981150291086
"8",0.333575391502779,28.2653808547372
"9",0,25.6196441858778
