"","obs","bmi"
"1",0.357882860532329,28.6613430257671
"2",0.33003658170458,28.2011884551386
"3",0.334616698477826,28.3469500943765
"4",0.307318475570278,28.032764831493
"5",0.278241605451972,27.7187938473386
"6",0.244902941882951,27.0307523724358
"7",0.313169736627459,27.9323353674667
"8",0.334501624832529,28.3095465988315
"9",0,25.5705115146611
