"","obs","bmi"
"1",0.360277068005296,28.6983417564661
"2",0.330578962245832,28.2422687155014
"3",0.344072079544166,28.4418785506899
"4",0.324758804667644,28.1856925180496
"5",0.307114135268269,27.9297972782182
"6",0.245264068472141,27.0700933761278
"7",0.309652654183641,27.9294187219723
"8",0.336501710310069,28.3193804148085
"9",0,25.5659991098252
