"","obs","bmi"
"1",0.359135599416761,28.6612747693095
"2",0.330513006533282,28.1998373050307
"3",0.339121435958595,28.2902786966075
"4",0.315013965402638,27.9197075580265
"5",0.289363157663863,27.5495905438208
"6",0.243615576305391,27.0650716664997
"7",0.303591851361454,27.948820648909
"8",0.330793747618191,28.2787996430626
"9",0,25.5596478780428
