"","obs","bmi"
"1",0.3541860081775,28.6432527196779
"2",0.326433992538199,28.1911049872671
"3",0.341885915127189,28.3913474787392
"4",0.328698065704307,28.1396664567384
"5",0.313477319258949,27.8882198978313
"6",0.248261072648,27.0801339122337
"7",0.302570485333138,27.8659633222403
"8",0.338646580023735,28.2476722725649
"9",0,25.5668386942477
