"","obs","bmi"
"1",0.362313393493801,28.7038185005317
"2",0.330912851603713,28.2453730253182
"3",0.346130326550143,28.3787170708301
"4",0.329327380815435,28.0538374676198
"5",0.308476865319258,27.7291890790005
"6",0.23606871753349,27.0192068311258
"7",0.31091324232601,27.8740384615001
"8",0.329220596453372,28.1992195752889
"9",0,25.5966319041305
