"","obs","bmi"
"1",0.358020358309155,28.6758012684864
"2",0.326827681859428,28.2144832710755
"3",0.341193316966132,28.3322604539994
"4",0.325004508033108,27.9889257816316
"5",0.302685427672346,27.6458057205668
"6",0.246136304176822,27.0453748195105
"7",0.312395677581107,27.9342541176473
"8",0.340129848420491,28.3076290005282
"9",0,25.6374813538476
