"","obs","bmi"
"1",0.358165109812792,28.6605940603457
"2",0.327486088251238,28.1988015012086
"3",0.33601865711482,28.3124912412512
"4",0.309513111014233,27.9646678192467
"5",0.284556119688023,27.6171382000782
"6",0.242721115607265,27.1051000738448
"7",0.305594682841078,27.8907114662819
"8",0.333683510002848,28.2604118385212
"9",0,25.5819939589739
