"","obs","bmi"
"1",0.362016793859036,28.7231532136289
"2",0.330670665117007,28.2580495018318
"3",0.341955419941437,28.4074484301172
"4",0.318163238333612,28.0920823863831
"5",0.299942839449341,27.777076688504
"6",0.240192901590624,27.042856328266
"7",0.308051819353309,27.8945211543052
"8",0.329778845114727,28.2496599936709
"9",0,25.6184506977208
