"","obs","bmi"
"1",0.357344422324054,28.6949015388695
"2",0.329360790366389,28.2375919969668
"3",0.340239885942631,28.3744618156796
"4",0.321995651469987,28.0543221848008
"5",0.298504443141879,27.7344994437762
"6",0.248272689501381,27.0882094532123
"7",0.306961218444078,27.8873247891915
"8",0.339341924278048,28.3436475652913
"9",0,25.6318202462056
