"","obs","bmi"
"1",0.360780256303025,28.7167145420872
"2",0.332061854142888,28.2519426271657
"3",0.331859657531396,28.3414436444962
"4",0.29596196052601,27.9663091626761
"5",0.263990377388131,27.5913111923338
"6",0.245111801777595,27.0721242630796
"7",0.309066529721491,27.9228325332918
"8",0.338837346453656,28.2968027787967
"9",0,25.606056580166
