"","obs","bmi"
"1",0.35677001355327,28.721744859349
"2",0.327196620126986,28.267329429706
"3",0.340430616334685,28.3863806983524
"4",0.321441635522196,28.0513610928971
"5",0.305377046790333,27.7167044026242
"6",0.247356020053877,27.0850944153724
"7",0.316047450194485,27.9856191379937
"8",0.332055324824958,28.2776657119886
"9",0,25.5977578820588
