"","obs","bmi"
"1",0.357293553224692,28.6891945562909
"2",0.328390736492534,28.2265258575907
"3",0.336673307695786,28.4471484992461
"4",0.312777106750214,28.2052214071878
"5",0.288920680158227,27.9634166987488
"6",0.244389514255929,27.0959574487491
"7",0.306072454379977,27.8784064513261
"8",0.331318754371778,28.2952171663432
"9",0,25.6115037024062
