"","obs","bmi"
"1",0.365985363637008,28.7343081265373
"2",0.33301301761477,28.2751157725612
"3",0.354197733979259,28.5045110486948
"4",0.344055551333642,28.2748896600198
"5",0.333020596732083,28.045451132599
"6",0.243417431864523,27.0845060600319
"7",0.315010719581841,27.9458362604616
"8",0.333398999918192,28.2838080156077
"9",0,25.6102287227449
