"","obs","bmi"
"1",0.359840016615952,28.6885444570688
"2",0.331162197632755,28.2364227171656
"3",0.350583855765946,28.4569765338536
"4",0.338684075715798,28.2255976620685
"5",0.326581991416053,27.9944153431853
"6",0.240370629243817,27.0458458927339
"7",0.303911568919044,27.8766658167835
"8",0.331389361952487,28.2349547455808
"9",0,25.5463030030108
