"","obs","bmi"
"1",0.357623836077872,28.6539325280204
"2",0.327771267589616,28.18971873925
"3",0.343866728115078,28.4081090357357
"4",0.328516146657559,28.1624324132673
"5",0.313652909238521,27.9169072363012
"6",0.245413669661801,27.0644052769218
"7",0.309093177720347,27.9229074838617
"8",0.335014233029314,28.3062712285087
"9",0,25.6114695132385
