"","obs","bmi"
"1",0.361233916111879,28.7450049125767
"2",0.332132555549487,28.2878450119523
"3",0.343676666147405,28.4389510775267
"4",0.326085354072612,28.133089055148
"5",0.303807739299667,27.8274262844509
"6",0.244551510316846,27.1145335985029
"7",0.299835930256992,27.8761445894192
"8",0.3320041375429,28.2593533963899
"9",0,25.6497424116339
