"","obs","bmi"
"1",0.357787638360197,28.6292621077425
"2",0.328317547748766,28.1715364530616
"3",0.351888881752474,28.3414872017478
"4",0.346492403238733,28.0540460175079
"5",0.339850610997183,27.7669564360205
"6",0.238719908719087,27.0037258319039
"7",0.308006755990446,27.929597232286
"8",0.333330462440884,28.2832281474631
"9",0,25.5711130767841
