"","obs","bmi"
"1",0.36226820488337,28.7370492197556
"2",0.331176739388326,28.2762005041784
"3",0.343337959856741,28.4188389765125
"4",0.319500601032246,28.1007894930071
"5",0.296872396653935,27.7829085253442
"6",0.24209797285829,27.0249685732703
"7",0.309883165403013,27.8753806120173
"8",0.335934832657864,28.3421191501794
"9",0,25.604023877697
