"","obs","bmi"
"1",0.364341095411782,28.7558859873459
"2",0.334718163850153,28.3038673648898
"3",0.335441552678639,28.3770535696711
"4",0.302982169666394,27.998508001941
"5",0.270838933024972,27.6202636179433
"6",0.243892199709547,27.0613389434514
"7",0.310534152464027,27.8984149260551
"8",0.330747030678082,28.2320708220561
"9",0,25.5723540885896
