"","obs","bmi"
"1",0.361056859815137,28.7183858449367
"2",0.328224183595889,28.2561666058102
"3",0.354202698439599,28.4579335473716
"4",0.346166356078644,28.1977453837882
"5",0.337717315011851,27.9378345505571
"6",0.249471953865373,27.1174364422633
"7",0.305195861704543,27.8904237041783
"8",0.342594047341149,28.3501827601388
"9",0,25.6094154192238
