"","obs","bmi"
"1",0.356664341481408,28.6613329176761
"2",0.326576054106292,28.1988644192987
"3",0.340950366950546,28.4547041389997
"4",0.320467747950639,28.2481290834871
"5",0.304117546563252,28.0416089175936
"6",0.244986156767458,27.0811918479921
"7",0.306436360860151,27.889401795486
"8",0.33361160175074,28.2746660231738
"9",0,25.5884902647173
