"","obs","bmi"
"1",0.365874067593852,28.7883141740293
"2",0.3338735075129,28.3227421175025
"3",0.348701333459076,28.4779367495488
"4",0.330451422988457,28.167918714984
"5",0.309738631885854,27.8582817060331
"6",0.245885429145396,27.0763557846049
"7",0.301232397739268,27.874357127592
"8",0.342951439841753,28.3708928699704
"9",0,25.6079284569129
