"","obs","bmi"
"1",0.366614486856486,28.7573716019535
"2",0.337282202265696,28.2955046531788
"3",0.351635597343097,28.4912206217781
"4",0.336578442085247,28.2253690228843
"5",0.319127393831513,27.9598348706265
"6",0.242090878290609,27.046565785553
"7",0.310334420089279,27.9337188060888
"8",0.33748688827767,28.2966024434286
"9",0,25.5788195058995
