"","obs","bmi"
"1",0.355714493254756,28.6541230411605
"2",0.327440159963146,28.195911424376
"3",0.340363234487315,28.3758960690473
"4",0.319342521982319,28.0979052303613
"5",0.299241451511891,27.8201614682789
"6",0.244081664161049,27.0435332596152
"7",0.307774144935269,27.9206234210628
"8",0.326221239701999,28.2010534804673
"9",0,25.5977382450729
