"","obs","bmi"
"1",0.35577275334673,28.6929873765073
"2",0.32529813886135,28.2338722896679
"3",0.34460483324659,28.48356121552
"4",0.332729155387791,28.2742307613865
"5",0.321376690359701,28.0649981678678
"6",0.245217869207603,27.134121032771
"7",0.309310053154505,27.9155495605272
"8",0.3364225890304,28.2972499116633
"9",0,25.5948753983235
