"","obs","bmi"
"1",0.353553335972915,28.6263146605031
"2",0.323836101999824,28.1677211692115
"3",0.335626779872214,28.2793903569526
"4",0.317065942803795,27.93265876377
"5",0.297942662965912,27.5861273035172
"6",0.239019657544793,27.0201915982078
"7",0.309004176717871,27.9176630774168
"8",0.334595806719753,28.2886981132338
"9",0,25.5441716242662
