"","obs","bmi"
"1",0.362536399754637,28.7118455502562
"2",0.333851685721766,28.2527703901822
"3",0.343091867064103,28.3787760117703
"4",0.321406482571928,28.0460561581909
"5",0.29776770276911,27.713706299592
"6",0.250768649036839,27.1448351832133
"7",0.307478324026645,27.8862037103051
"8",0.333503441135372,28.2659155589491
"9",0,25.578968545156
