"","obs","bmi"
"1",0.359080483408634,28.7386025678015
"2",0.329925239295918,28.2764283533532
"3",0.342913964353313,28.4584867531738
"4",0.324871027440293,28.1784936877799
"5",0.305989218478476,27.8986262647875
"6",0.24319813139459,27.0691670165178
"7",0.306662283656894,27.9115352058589
"8",0.333443841391299,28.2597825755111
"9",0,25.5986370859404
