"","obs","bmi"
"1",0.36287834217462,28.7059779592872
"2",0.332988483490223,28.2508465132371
"3",0.341989376060478,28.3840725585056
"4",0.321196592142929,28.0622946707778
"5",0.301118220959704,27.7406476288834
"6",0.241510831174469,27.0676842490589
"7",0.310988541950005,27.9494305861541
"8",0.329940229486654,28.2863887780554
"9",0,25.5537330070576
