"","obs","bmi"
"1",0.363368479943066,28.7381155785756
"2",0.332807160458602,28.2803348294598
"3",0.348364467493981,28.487569449204
"4",0.33270526940148,28.2372004961552
"5",0.316105157218577,27.9870151674556
"6",0.247491994306951,27.0991295974914
"7",0.305357079266037,27.9121899595004
"8",0.339563928352863,28.3520142024705
"9",0,25.6198253921724
