"","obs","bmi"
"1",0.364082343525614,28.7362735814626
"2",0.336421254384538,28.2828747647116
"3",0.342280764914019,28.4768760066029
"4",0.32313351000842,28.2175688920172
"5",0.297362441789838,27.9583520807822
"6",0.245977970058589,27.1005089604411
"7",0.302717404202707,27.841274534722
"8",0.334960955081678,28.2433394236663
"9",0,25.599233015613
