"","obs","bmi"
"1",0.3593374057814,28.7093938986032
"2",0.33114279622494,28.2511457922998
"3",0.332553635956974,28.3669404429874
"4",0.305122417111845,28.0246273844458
"5",0.273995713594123,27.6824576760351
"6",0.245409485578341,27.0690906661627
"7",0.307348755433944,27.9100655672247
"8",0.330332722801044,28.239758077346
"9",0,25.5883588003946
