"","obs","bmi"
"1",0.363863410286125,28.6974537083618
"2",0.333849281041174,28.2393405260974
"3",0.350648376396896,28.4292559606674
"4",0.338200070302175,28.1613086851176
"5",0.324118743358122,27.893624374012
"6",0.241343300202008,27.0502408788526
"7",0.309867017161625,27.9516589783627
"8",0.331547164560995,28.2737328840994
"9",0,25.5561146141375
