"","obs","bmi"
"1",0.357056792373441,28.6538644381704
"2",0.328372316506276,28.1936530674371
"3",0.34338521174552,28.3882886601233
"4",0.326728683573066,28.1228583136568
"5",0.310205296899486,27.8575780974079
"6",0.240830805279774,27.024937793905
"7",0.3077204734003,27.878282529372
"8",0.333588523646902,28.2512571933398
"9",0,25.5651591356574
