"","obs","bmi"
"1",0.365521237183894,28.7155327190685
"2",0.335090806078232,28.260806184517
"3",0.353920825117794,28.4775172439079
"4",0.340704675829473,28.2396415989043
"5",0.325794085730433,28.0019103379799
"6",0.241637740573698,27.0508740673089
"7",0.309171578415967,27.9207030470063
"8",0.329528060567594,28.2222635527295
"9",0,25.5824221947005
