"","obs","bmi"
"1",0.355816453800841,28.6664201646102
"2",0.326536380954808,28.2091128284274
"3",0.338048298035359,28.423944110774
"4",0.321958083370034,28.1815800669527
"5",0.303478651602241,27.9393312534284
"6",0.246086766359369,27.1131519018948
"7",0.308251733261876,27.8651766966122
"8",0.327453743003739,28.2572011603566
"9",0,25.5773036997218
