"","obs","bmi"
"1",0.362856705183761,28.738581680993
"2",0.334076931610674,28.2843674959682
"3",0.347550103106483,28.4327397578511
"4",0.331995042279095,28.1271898817499
"5",0.315776035642493,27.8219480865452
"6",0.248588895188637,27.0891244082349
"7",0.30243213801716,27.8890163625791
"8",0.331954062373966,28.2866688646334
"9",0,25.5993838532081
