"","obs","bmi"
"1",0.362232032407176,28.7461981600942
"2",0.334438743515176,28.2908299358311
"3",0.347964647903253,28.4709699672452
"4",0.331572721418132,28.1958590679811
"5",0.31388697130904,27.9208702121554
"6",0.241977772043151,27.065705916561
"7",0.305859303332201,27.9258147111139
"8",0.328954313189041,28.212430335118
"9",0,25.6223926868243
