"","obs","bmi"
"1",0.35564065007053,28.7318450269813
"2",0.327556033550694,28.2739280821551
"3",0.331178454882497,28.3860884248685
"4",0.302858540979529,28.0405285032534
"5",0.276466181846822,27.6951714782811
"6",0.248537825613987,27.1157723666469
"7",0.305702379442664,27.8683475435555
"8",0.331085058529246,28.210319885412
"9",0,25.6628052589134
