"","obs","bmi"
"1",0.361820071350847,28.7667071626631
"2",0.332732372401031,28.3108593059629
"3",0.343929535442368,28.437235655331
"4",0.323150681413159,28.1080063512819
"5",0.304623124539157,27.7790297925945
"6",0.24311030951358,27.0478727010949
"7",0.302473010604946,27.8824693606112
"8",0.336646898838835,28.2737039984574
"9",0,25.6135556377604
