"","obs","bmi"
"1",0.360359228826321,28.6855317340578
"2",0.332066687037639,28.2285413407568
"3",0.344019428000559,28.3914714418931
"4",0.328293223270572,28.0975853401642
"5",0.310618153444475,27.803879738978
"6",0.243769331806674,27.0880910188723
"7",0.310080729304429,27.8967325990996
"8",0.340230840819381,28.3507607056631
"9",0,25.6008441230406
