"","obs","bmi"
"1",0.358673474232922,28.6927058243136
"2",0.32773332857793,28.2313542614968
"3",0.341246842275436,28.4762212739479
"4",0.321916622770806,28.259837282269
"5",0.304239158045842,28.0435565542113
"6",0.241148630171819,27.0339338805933
"7",0.299793855654367,27.8668843664899
"8",0.330793445725697,28.2482139762299
"9",0,25.6002955948714
