"","obs","bmi"
"1",0.359184837147752,28.6522154846611
"2",0.328990444449981,28.1952332769993
"3",0.340031806075373,28.3152882851237
"4",0.31960445046132,27.9789117676396
"5",0.300068934321073,27.6431316360809
"6",0.243103258032589,27.0584078028648
"7",0.30447203798175,27.8841597650936
"8",0.341159482117417,28.3793694116565
"9",0,25.5685231414706
