"","obs","bmi"
"1",0.36442426315113,28.7548343735582
"2",0.333049618544608,28.2958283810524
"3",0.342149944361414,28.4091316395083
"4",0.322310486931109,28.0637392069824
"5",0.302516820433283,27.7186730695501
"6",0.241847068570338,27.050287471641
"7",0.307085404253681,27.9007077044994
"8",0.335788515934129,28.278673800302
"9",0,25.5758960943063
