"","obs","bmi"
"1",0.356108744164805,28.6365775164372
"2",0.326415170582376,28.1737920443526
"3",0.326472884597864,28.2692312106489
"4",0.294364614288801,27.902048386614
"5",0.267502468234282,27.5350326591737
"6",0.244580105362508,27.0572895630446
"7",0.304245497568882,27.8540708499175
"8",0.334627476501687,28.2829910055961
"9",0,25.5909119578866
