"","obs","bmi"
"1",0.35959877950863,28.672529186413
"2",0.330964442329119,28.2160350682967
"3",0.354801667239237,28.497457695888
"4",0.348628951297848,28.322466462854
"5",0.345286988723724,28.1475578790575
"6",0.241764194832723,27.0771296852167
"7",0.311528471467965,27.9269135437732
"8",0.333754941158025,28.3076666840458
"9",0,25.6014337071335
