"","obs","bmi"
"1",0.362431013611261,28.7104358777474
"2",0.330559570484885,28.2636217893413
"3",0.338495781835854,28.4118494968296
"4",0.315564270014671,28.1133707030737
"5",0.289902512642924,27.8150019128745
"6",0.246306179828093,27.0821986558806
"7",0.306878988633687,27.9228509602166
"8",0.338437817420426,28.3222459390891
"9",0,25.5833574111618
