"","obs","bmi"
"1",0.356049275494834,28.690603261932
"2",0.326879700844027,28.2311063337
"3",0.342484744200498,28.409051823792
"4",0.325997352589455,28.1277803568285
"5",0.311775354447898,27.8468038317663
"6",0.239156537695122,27.027681815993
"7",0.306379050552807,27.9271170305112
"8",0.337399318510857,28.3043322667077
"9",0,25.5993059013302
