"","obs","bmi"
"1",0.35513044260019,28.669023346363
"2",0.325160321159429,28.2175553032407
"3",0.327979229256163,28.3263235726507
"4",0.301841105700735,27.9839103236904
"5",0.273718705307442,27.6417987601846
"6",0.251262234162821,27.1870968284028
"7",0.311704719420188,27.9217333296349
"8",0.340385223488158,28.307887033724
"9",0,25.5733737422625
