"","obs","bmi"
"1",0.362142771529847,28.7036601624172
"2",0.32855049608998,28.2412400519204
"3",0.34492984970082,28.3673267913763
"4",0.324249263198618,28.0313482384201
"5",0.304061068429317,27.6957453164742
"6",0.247336264851999,27.1205542628979
"7",0.309133934021042,27.9366323851866
"8",0.337476197395997,28.3338653433514
"9",0,25.5794149596511
