"","obs","bmi"
"1",0.358700225227329,28.6579477606591
"2",0.328245092026019,28.1980615812289
"3",0.343712116216262,28.4508227564513
"4",0.330731211853337,28.2437590729673
"5",0.313013229195093,28.0367577233577
"6",0.244352913582222,27.0903980776989
"7",0.305300966977739,27.8720377770178
"8",0.334101563042212,28.2536441821419
"9",0,25.5500936586203
