"","obs","bmi"
"1",0.369197775980091,28.7927322607527
"2",0.339322771206512,28.3310322708535
"3",0.353330761340381,28.514412221534
"4",0.336475765122297,28.2362961290035
"5",0.31874701412648,27.9583927864219
"6",0.247254168590796,27.0810583048683
"7",0.303576832306793,27.8800963086559
"8",0.327997061728033,28.2171733630418
"9",0,25.6255629699168
