"","obs","bmi"
"1",0.359826059341876,28.7029334357359
"2",0.330711368914284,28.2426906678778
"3",0.341169669376213,28.3857809542947
"4",0.320972009471124,28.0689244075277
"5",0.301733723347824,27.7523785748329
"6",0.242990401911506,27.0816868043167
"7",0.305988169941712,27.9038095288594
"8",0.333520417011584,28.2320027255249
"9",0,25.5380619035013
