"","obs","bmi"
"1",0.356984132512105,28.6644879872105
"2",0.32884736722788,28.2081105896026
"3",0.33649340031282,28.2965715129647
"4",0.315625362429524,27.9289763330902
"5",0.292464669752746,27.5617191450362
"6",0.247146866556307,27.0779046614673
"7",0.309624073860538,27.9050602143287
"8",0.335211633170714,28.3062140175309
"9",0,25.5806293334598
