"","obs","bmi"
"1",0.365097989425371,28.7149736993987
"2",0.333993370341021,28.2546245466415
"3",0.344564159441457,28.3405855074328
"4",0.324013928341777,27.9663957751661
"5",0.306353711246877,27.5924114589045
"6",0.239763099632101,27.0350767875192
"7",0.30642634921355,27.9083316393053
"8",0.336676573184788,28.2771792397378
"9",0,25.5720460044033
