"","obs","bmi"
"1",0.364647449251039,28.7608092523499
"2",0.331537161095697,28.2926340140855
"3",0.347696779908596,28.4975559573535
"4",0.331571285560829,28.2344264997346
"5",0.312393640828445,27.9714250242155
"6",0.240104367943801,27.0127260915903
"7",0.312319855964547,28.0025141529014
"8",0.328176729974813,28.242120394106
"9",0,25.628142799182
