"","obs","bmi"
"1",0.360042128808066,28.6808763041532
"2",0.329105041395943,28.2164867514009
"3",0.338182946103802,28.3909689343708
"4",0.317620800030831,28.1012655166004
"5",0.296515474631284,27.8117742880898
"6",0.244962370892002,27.0580796327704
"7",0.306640804430406,27.9108816201599
"8",0.335030772241279,28.2997059363144
"9",0,25.5664405319067
