"","obs","bmi"
"1",0.368050493777298,28.7528663065013
"2",0.33565142699039,28.3042914151361
"3",0.342019777305604,28.4019268769138
"4",0.312163728180152,28.05127416942
"5",0.28596827269508,27.7009221809022
"6",0.238743496057388,26.9897104474063
"7",0.311399650431267,27.9102363105626
"8",0.338713557904185,28.2888484261649
"9",0,25.6219871176975
