"","obs","bmi"
"1",0.36466636442276,28.7273900355052
"2",0.334824405935484,28.2704426533756
"3",0.345459797567196,28.3674907471735
"4",0.32811009503169,28.0078367019339
"5",0.304849061789975,27.6484385009949
"6",0.243908005054768,27.0654669177414
"7",0.3114275121497,27.9640250905606
"8",0.330404719349673,28.2493561556974
"9",0,25.5844787672142
