"","obs","bmi"
"1",0.358057420802995,28.6847616824004
"2",0.328030899574272,28.2265185748453
"3",0.334204797612127,28.3939127785433
"4",0.312549102742183,28.1031540197528
"5",0.287768717295035,27.8124869058899
"6",0.236382289364093,27.0369030424669
"7",0.308113021446584,27.8950202396026
"8",0.330915640479674,28.2231208818158
"9",0,25.591984820991
