"","obs","bmi"
"1",0.366393608095201,28.7589523226909
"2",0.33860529442478,28.297127907955
"3",0.359256659225541,28.5178072818041
"4",0.350328384888695,28.2768366756565
"5",0.340889689201891,28.0360468957727
"6",0.247277272404311,27.1050728714334
"7",0.303102506699292,27.8833101923624
"8",0.338827754707062,28.3180475224917
"9",0,25.604529261216
