"","obs","bmi"
"1",0.366641416627406,28.7095163497926
"2",0.33625885947183,28.2453946457531
"3",0.3533839184834,28.4136280393433
"4",0.339596002948546,28.1179786976689
"5",0.32387644551192,27.8225792065074
"6",0.241361208126969,27.0377070507375
"7",0.310685110196868,27.9151482001004
"8",0.330219554022858,28.225563409682
"9",0,25.5064769207614
