"","obs","bmi"
"1",0.361852429460828,28.6876677743806
"2",0.332057787417894,28.2363941356185
"3",0.344552870933234,28.3334734520033
"4",0.325800599635239,27.9797343511045
"5",0.307404386307793,27.6264808254438
"6",0.239606118540394,27.0363854653173
"7",0.310882636192343,27.9491939698066
"8",0.33169231362945,28.3264943833071
"9",0,25.5860384942543
