"","obs","bmi"
"1",0.361764628039777,28.6885556835351
"2",0.332762972708804,28.2372017073791
"3",0.342015979759233,28.2929155193043
"4",0.322365323977021,27.8977185908225
"5",0.30048171699406,27.5029923028232
"6",0.236307191305097,27.0698956568564
"7",0.307847828077846,27.8289502112901
"8",0.334575553479763,28.3024016940382
"9",0,25.5750340432097
