"","obs","bmi"
"1",0.360003342301868,28.7516419076157
"2",0.333010934777091,28.2929133255897
"3",0.340188439111988,28.4942842035725
"4",0.318349946419139,28.2370157688063
"5",0.294727785148387,27.9798392128913
"6",0.244642902112424,27.0835766634533
"7",0.311269355873846,27.9134064473545
"8",0.336516246724898,28.2771423225981
"9",0,25.6629841845436
