"","obs","bmi"
"1",0.363604766709875,28.7388562932255
"2",0.332758925925662,28.2784280218967
"3",0.339149528524711,28.4277945057493
"4",0.316420893054942,28.1168237390496
"5",0.290229227904053,27.8059456514116
"6",0.244549143545513,27.0418208523352
"7",0.312480609381514,27.9213746430765
"8",0.336221480008375,28.3171477987262
"9",0,25.6142506542022
