"","obs","bmi"
"1",0.356468576494388,28.6665232782529
"2",0.325613968236391,28.206960134575
"3",0.334516001071946,28.3169253199503
"4",0.3098431373015,27.9675129665646
"5",0.285381867187344,27.6182921585994
"6",0.243586547609228,27.0727368632762
"7",0.30463134762976,27.8562436265297
"8",0.333841656440014,28.2914110748851
"9",0,25.5814430837159
