"","obs","bmi"
"1",0.36241367854252,28.6933661753492
"2",0.335998642591929,28.2334284853555
"3",0.34130285345091,28.3586983610427
"4",0.318092012410126,28.0243463454013
"5",0.292757078196919,27.6903272761549
"6",0.243330450046129,27.0738510964969
"7",0.308787411154664,27.9243188799072
"8",0.339244678120228,28.3135418220738
"9",0,25.5791193166035
