"","obs","bmi"
"1",0.359911071346043,28.7065893812228
"2",0.329913362953311,28.2500893376434
"3",0.333773701997354,28.3396651927707
"4",0.306332004423797,27.972939942475
"5",0.276019680946693,27.6064197680515
"6",0.243831908826629,27.1116735724067
"7",0.307504020381439,27.8778041276003
"8",0.340876146730495,28.3325209813015
"9",0,25.6069240113947
