"","obs","bmi"
"1",0.357125750346344,28.6851721998066
"2",0.326048315949937,28.2217495353722
"3",0.344238441296127,28.3996489705001
"4",0.328924960938306,28.1145164467237
"5",0.313402371752544,27.8297999011458
"6",0.250257379073594,27.1272535155492
"7",0.307415774711749,27.8942542794001
"8",0.337047032126842,28.3309901351592
"9",0,25.5911192828565
