"","obs","bmi"
"1",0.35507595142914,28.6410868272394
"2",0.327448238242793,28.1786544903324
"3",0.334976310547187,28.3344428188143
"4",0.312750575704138,28.0279071697113
"5",0.284751273088159,27.7214818633426
"6",0.243971321576091,27.0825393290744
"7",0.303972829135251,27.8790781416839
"8",0.333897037094329,28.3281987778968
"9",0,25.5866052971617
