"","obs","bmi"
"1",0.360780256303025,28.7167145420872
"2",0.332939425938963,28.2566626380965
"3",0.342339604129094,28.3693526259202
"4",0.325447111763474,28.022357185091
"5",0.306494671077869,27.6757503534268
"6",0.245111801777595,27.0721242630796
"7",0.309066529721491,27.9228325332918
"8",0.338837346453656,28.2968027787967
"9",0,25.606056580166
