"","obs","bmi"
"1",0.35785388159044,28.7080590784384
"2",0.328582775684825,28.2534958740117
"3",0.349034283254494,28.4874224907639
"4",0.338439318052016,28.2668953926386
"5",0.326927214778771,28.0464811688818
"6",0.248290665873705,27.0544332739972
"7",0.309111580906911,27.9054487352059
"8",0.327367025705294,28.1988386257113
"9",0,25.6413341957709
