"","obs","bmi"
"1",0.354953014569416,28.6491686312158
"2",0.325964327302781,28.1921140515534
"3",0.340016052871439,28.4255397167293
"4",0.324131078997914,28.2020367779706
"5",0.308543279678158,27.9786626723412
"6",0.245133041399514,27.0752106364025
"7",0.305187664890092,27.895367464627
"8",0.342777280382287,28.3479202247307
"9",0,25.6017343427364
