"","obs","bmi"
"1",0.362605689739615,28.7498742583468
"2",0.332451502695726,28.2843646737265
"3",0.342057204907254,28.3546385989977
"4",0.323239865739023,27.9602550993922
"5",0.300560815312674,27.5668148498715
"6",0.252234631850373,27.1639430820287
"7",0.31113705677467,27.9631260791119
"8",0.33152138070511,28.2521384737383
"9",0,25.5626326274379
