"","obs","bmi"
"1",0.362434110538244,28.6703606299495
"2",0.331850410097038,28.2070402180257
"3",0.340374129998482,28.3097199289407
"4",0.313989975213374,27.9493431997526
"5",0.285459671806203,27.5892426351784
"6",0.245604787883097,27.1003075522405
"7",0.306567535586496,27.9154133321898
"8",0.332377108186796,28.2755594240421
"9",0,25.545598144998
