"","obs","bmi"
"1",0.354641100678029,28.6848704305518
"2",0.32501972254747,28.2244643578662
"3",0.335613250371425,28.3226232609207
"4",0.314173925977249,27.9606569409461
"5",0.294291040621395,27.5989838918938
"6",0.246944721294816,27.0539503623156
"7",0.30263842772384,27.8321556917555
"8",0.329719337442171,28.2890743301617
"9",0,25.6017658123755
