"","obs","bmi"
"1",0.362289647339289,28.7245967922638
"2",0.332329685916201,28.2716166643175
"3",0.348273922260799,28.4030605182127
"4",0.333880756590951,28.0817686341147
"5",0.31689665508218,27.7607319165578
"6",0.247429277917953,27.1274262839621
"7",0.309970506989138,27.8798849191838
"8",0.340271493964135,28.3197726438575
"9",0,25.5980677589821
