"","obs","bmi"
"1",0.355858176320532,28.6122409788082
"2",0.326240890153425,28.1571076864221
"3",0.338093331959537,28.3360386781268
"4",0.321251358329054,28.0599747461573
"5",0.299053136663003,27.7840526373908
"6",0.248868108189955,27.1383807471749
"7",0.309962181132082,27.9497179408251
"8",0.336759954224367,28.3424559682216
"9",0,25.5732170299376
