"","obs","bmi"
"1",0.359312518370496,28.6804411532134
"2",0.330707624384924,28.2259699095329
"3",0.343707544338867,28.3344027263992
"4",0.328142489469764,27.988778189966
"5",0.310248249092259,27.6435953580035
"6",0.241711472818252,27.0441852701011
"7",0.307941129169285,27.9016543485439
"8",0.339709423090354,28.3471634132043
"9",0,25.5816843089273
