"","obs","bmi"
"1",0.363590062916367,28.7338861959343
"2",0.332001018212699,28.2775866981285
"3",0.339891795459563,28.4415969635952
"4",0.314782427646499,28.1493815796708
"5",0.289224852323059,27.857240711573
"6",0.244115384535065,27.092092475988
"7",0.301251112946046,27.8228624109916
"8",0.336155895291994,28.283253869002
"9",0,25.6615817178435
