"","obs","bmi"
"1",0.358251933269699,28.7241410934671
"2",0.327893244199143,28.2657050518219
"3",0.340340805685404,28.4285190313549
"4",0.319045492137739,28.1331592072018
"5",0.297406678564074,27.8380747154144
"6",0.244476601662605,27.0953610615961
"7",0.30580309030104,27.8644786455054
"8",0.330236283694383,28.2010115082221
"9",0,25.5655978182244
