"","obs","bmi"
"1",0.363100807845836,28.745535112519
"2",0.329903875775362,28.2795971011328
"3",0.337865592315314,28.3783606547995
"4",0.31176332008075,28.0113275190477
"5",0.285011730576172,27.644440970438
"6",0.241817858819255,27.066548544267
"7",0.312946188840288,27.8946601299385
"8",0.333163831906134,28.2791620040935
"9",0,25.6075132825633
