"","obs","bmi"
"1",0.365159185242313,28.7357884758076
"2",0.335287851175338,28.2799165120077
"3",0.354245834717991,28.4752844272991
"4",0.342049635063679,28.2149510485621
"5",0.33073302892746,27.9547957936585
"6",0.243415382382765,27.0973147428663
"7",0.314671405700062,27.9266684238137
"8",0.334805387478737,28.2637022370557
"9",0,25.6399342974141
