"","obs","bmi"
"1",0.354825886555457,28.7081591923269
"2",0.324679484613287,28.249355376271
"3",0.34266254432584,28.4204598237812
"4",0.332285030809639,28.1330198064225
"5",0.319325865971357,27.8458515140711
"6",0.245749509053056,27.1197007603112
"7",0.30786769881014,27.9385729076011
"8",0.336552549430438,28.3248551159233
"9",0,25.6418045291972
