"","obs","bmi"
"1",0.36415545537618,28.7594827742986
"2",0.334870200202667,28.3015588512736
"3",0.348445677119483,28.4575982970824
"4",0.330686811921016,28.1560125732159
"5",0.315473214958571,27.8547409748225
"6",0.242806015237609,27.0771924075686
"7",0.305863013122669,27.8382137152182
"8",0.332027689973704,28.2705080639734
"9",0,25.6007875919417
