"","obs","bmi"
"1",0.355681676206121,28.6692711238368
"2",0.325148038967016,28.2124479292939
"3",0.334508033114058,28.4025550641474
"4",0.312217243004959,28.1359400684892
"5",0.288026978482846,27.8694284826672
"6",0.247345403465026,27.0757824929237
"7",0.312014859458864,27.9288607564989
"8",0.335587008995878,28.2649790280538
"9",0,25.6083417059711
