"","obs","bmi"
"1",0.356492469145721,28.669264637967
"2",0.330405835843479,28.2102287807087
"3",0.343560216854154,28.3417557719546
"4",0.331365611479517,28.0145045333666
"5",0.31587113625834,27.6875222975769
"6",0.245159087032212,27.040275365043
"7",0.312089243104507,27.9441811962134
"8",0.331711053596024,28.2608074175696
"9",0,25.5686641617156
