"","obs","bmi"
"1",0.358279263039011,28.6848741710851
"2",0.328223310016047,28.2293858922788
"3",0.330273011496256,28.3409191101761
"4",0.303168715485523,27.9970471925411
"5",0.2797733621211,27.6532598105773
"6",0.24224857893325,27.0342354275764
"7",0.3084491566339,27.8961525394826
"8",0.331586012307481,28.2659471785078
"9",0,25.5486312998059
