"","obs","bmi"
"1",0.354426763901399,28.644043566445
"2",0.32344255903585,28.1819287849898
"3",0.322268411076376,28.317602097402
"4",0.287140491438337,27.9912614531807
"5",0.253800534267478,27.6650198321472
"6",0.244216636442126,27.0780004340164
"7",0.309171274834638,27.9230692243366
"8",0.327315279878972,28.2237061022668
"9",0,25.5937544710305
