"","obs","bmi"
"1",0.356404150942224,28.6791626906127
"2",0.327056061438506,28.2261919492338
"3",0.33845176664055,28.47762350597
"4",0.321464829336598,28.2761769841723
"5",0.30318098800397,28.0748265245661
"6",0.244508043260567,27.096882455773
"7",0.303625645142822,27.8595511862702
"8",0.332357431688287,28.2764560017577
"9",0,25.6296491057353
