"","obs","bmi"
"1",0.357191561224731,28.6601897459588
"2",0.327148982653854,28.1979922514566
"3",0.334679710998076,28.363230941032
"4",0.316283602910492,28.0663640836231
"5",0.292344534732142,27.7695915569476
"6",0.24645893841542,27.108582792076
"7",0.30537529308905,27.8698127183342
"8",0.339420770289504,28.2894111298869
"9",0,25.5833800709561
