"","obs","bmi"
"1",0.356860884109001,28.6596460423647
"2",0.325881761526608,28.1970874863025
"3",0.329754321830367,28.2717739892875
"4",0.298368785299223,27.8841206493335
"5",0.269404642376739,27.4966934795092
"6",0.244885909582595,27.0700018512638
"7",0.307784764961507,27.858116030757
"8",0.338338507245359,28.307969792491
"9",0,25.597429471511
