"","obs","bmi"
"1",0.358271210889536,28.690192637417
"2",0.328893499861343,28.2342827216967
"3",0.343923591453309,28.4079752602687
"4",0.328908896477968,28.1259655062189
"5",0.312899351044477,27.8441726345489
"6",0.240344316307578,27.001155937783
"7",0.31247509577505,27.9387060978991
"8",0.334420177981561,28.2830483967548
"9",0,25.6332843745661
