"","obs","bmi"
"1",0.361201139513695,28.6666043620932
"2",0.328588650519964,28.2090439780436
"3",0.331545711053427,28.2872877223754
"4",0.300603392447483,27.9082248363733
"5",0.269892657475389,27.5294264393471
"6",0.246440582412585,27.0924937097223
"7",0.305794015747018,27.8486754468169
"8",0.341776508548725,28.3576194499313
"9",0,25.5957389972895
