"","obs","bmi"
"1",0.357399008293565,28.7399731758449
"2",0.328762511884838,28.2826388094905
"3",0.338745340694088,28.4797299431485
"4",0.319594040656918,28.2195602297743
"5",0.297976392845295,27.959465447308
"6",0.241803286269708,27.0635143865729
"7",0.308816081768143,27.8992876828238
"8",0.333733830662591,28.2914957765705
"9",0,25.6190487935739
