"","obs","bmi"
"1",0.361584436235302,28.6738497790483
"2",0.332043868556071,28.2176589938767
"3",0.328453335835523,28.2399603085159
"4",0.292600389040597,27.8063389204587
"5",0.25847319692998,27.3729959935915
"6",0.243486048490495,27.049233952686
"7",0.306026347458208,27.9219808845104
"8",0.337005539159167,28.3044126651199
"9",0,25.6256377210259
