"","obs","bmi"
"1",0.356320851619316,28.6594285857287
"2",0.327597942643919,28.2075894097593
"3",0.327848404968898,28.2838723835018
"4",0.295272182501283,27.9084584167837
"5",0.266179856712875,27.5331881947353
"6",0.247275422555658,27.1239233095474
"7",0.302252545688517,27.8442593195415
"8",0.341689477160337,28.3351417991511
"9",0,25.6104139389485
