"","obs","bmi"
"1",0.36226820488337,28.7370492197556
"2",0.331487742142358,28.2769166439585
"3",0.342054911691739,28.3966466713561
"4",0.321299664007647,28.0566093600099
"5",0.296651617167319,27.7169592302521
"6",0.24209797285829,27.0249685732703
"7",0.309883165403013,27.8753806120173
"8",0.335934832657864,28.3421191501794
"9",0,25.604023877697
