"","obs","bmi"
"1",0.358448817710985,28.6512438453114
"2",0.329538208177829,28.1869766542404
"3",0.341409572552433,28.3608634987511
"4",0.326822647164678,28.0706335448193
"5",0.310227425599361,27.7805602753901
"6",0.248407217840681,27.1067944378364
"7",0.304101840291098,27.8354211805228
"8",0.330322502067478,28.22097626451
"9",0,25.5994335637014
