"","obs","bmi"
"1",0.357475197215668,28.6506401398064
"2",0.327490949551754,28.1915763717555
"3",0.348487520372977,28.3909327526884
"4",0.337261658301849,28.131514985847
"5",0.323819443435743,27.8724026458507
"6",0.24905836040651,27.1430947244476
"7",0.304589273443491,27.8842444195757
"8",0.336502495938471,28.3073828277383
"9",0,25.5858788988526
