"","obs","bmi"
"1",0.359604209748039,28.7199212011367
"2",0.331486242546644,28.2609594114141
"3",0.3383173410442,28.3513190407301
"4",0.316050273173169,27.9829724480015
"5",0.287480987593547,27.6148920462211
"6",0.239329286348002,27.0141856103366
"7",0.308248262020614,27.9133463769928
"8",0.332972742926389,28.225232367622
"9",0,25.6094111190189
