"","obs","bmi"
"1",0.35291649773777,28.6150906267902
"2",0.323634347627368,28.1575954730893
"3",0.342786302697455,28.3801836114726
"4",0.330053253301323,28.1454406902074
"5",0.316285152184982,27.9108673053684
"6",0.245489677875655,27.0856115606583
"7",0.309188854046137,27.9495587297382
"8",0.338708809281232,28.3175510625682
"9",0,25.5528809921512
