"","obs","bmi"
"1",0.359912911005888,28.6945589795119
"2",0.330652951975239,28.2350619760738
"3",0.343902220717418,28.3946479094087
"4",0.328021628474758,28.0950435259734
"5",0.313625016862216,27.7957632468133
"6",0.242443628617351,27.0675907236241
"7",0.308918916729879,27.9342270246288
"8",0.33057252988661,28.2429587805191
"9",0,25.5775467743841
