"","obs","bmi"
"1",0.361332277170786,28.6906379333283
"2",0.332618811475922,28.2266516810727
"3",0.350968136115368,28.4009429300397
"4",0.337893297294651,28.1115421916633
"5",0.325349804337976,27.8224514811338
"6",0.249019461389989,27.0867832307538
"7",0.309519658990439,27.9008199306677
"8",0.334576407566835,28.2929963289682
"9",0,25.5870453694602
