"","obs","bmi"
"1",0.369472152148391,28.8117453906712
"2",0.340385369636444,28.3496925220812
"3",0.354384026610623,28.4732588110243
"4",0.339992007858572,28.1351319479066
"5",0.319624571799042,27.7973864926735
"6",0.245199604629348,27.0687259398979
"7",0.313203438433514,27.9383447853592
"8",0.333629825633278,28.2935444779442
"9",0,25.5706492744649
