"","obs","bmi"
"1",0.362377940602983,28.7263994948182
"2",0.332380873686648,28.2731597702351
"3",0.3441360560981,28.4324164564277
"4",0.326495278221608,28.1386082509533
"5",0.308830668172525,27.8449810297522
"6",0.249239663348212,27.1556694479279
"7",0.306315798704865,27.9261781535454
"8",0.336837497726257,28.3385197043961
"9",0,25.5744159296629
