"","obs","bmi"
"1",0.366248199179762,28.7429885713672
"2",0.336721792540167,28.2825283345966
"3",0.346917074614131,28.3782074179027
"4",0.323461090213608,28.013755695637
"5",0.301610968199768,27.64965052189
"6",0.243654352132759,27.0711097963264
"7",0.303720091738841,27.8353157061904
"8",0.333511872187614,28.2755132883361
"9",0,25.6193995222242
