"","obs","bmi"
"1",0.368437764372925,28.7757913038732
"2",0.337415482728855,28.3121175976508
"3",0.343216470977523,28.4572476418715
"4",0.316431741331362,28.1388899322104
"5",0.291626199478408,27.8207251161058
"6",0.248960514973375,27.130421614867
"7",0.304128430710686,27.8416220992123
"8",0.332879300869911,28.2816150431011
"9",0,25.6107989329107
