"","obs","bmi"
"1",0.362536399754637,28.7118455502562
"2",0.334270924666178,28.253915895942
"3",0.357211718722339,28.4344906955784
"4",0.350635330929948,28.1573925623182
"5",0.343711138154589,27.8805632026053
"6",0.250768649036839,27.1448351832133
"7",0.307478324026645,27.8862037103051
"8",0.333503441135372,28.2659155589491
"9",0,25.578968545156
