"","obs","bmi"
"1",0.35848741362279,28.7113392020173
"2",0.329479364819557,28.2559283722992
"3",0.33453829750915,28.4225682832402
"4",0.310258642283856,28.134023860515
"5",0.284132801636937,27.8457166390418
"6",0.243206022137395,27.0253294408005
"7",0.300431307421809,27.8162910158193
"8",0.332804024227099,28.3177908269692
"9",0,25.6285566457762
