"","obs","bmi"
"1",0.35582229154917,28.6959311159254
"2",0.32493860487774,28.233466108365
"3",0.325892006118708,28.3251684199718
"4",0.293665722236399,27.9545476950247
"5",0.266715595781867,27.5840726282409
"6",0.24529636012242,27.0508445706134
"7",0.309560689344327,27.8474180059588
"8",0.331917772043112,28.2989574749489
"9",0,25.6283272099034
