"","obs","bmi"
"1",0.358842347555422,28.7124963900641
"2",0.331331440617728,28.2543164668101
"3",0.343856495151606,28.4735381592973
"4",0.327425209695181,28.2347063116722
"5",0.309554027615696,27.9960040732415
"6",0.246283135740664,27.0511045437631
"7",0.311933320565265,27.9382574976252
"8",0.332740694189717,28.2431886072072
"9",0,25.6159631647314
