"","obs","bmi"
"1",0.360963434174463,28.7014125681892
"2",0.331610577931413,28.2446571971633
"3",0.348259177653784,28.3647409481841
"4",0.33370678270524,28.0283635573348
"5",0.320994333115961,27.6922940978088
"6",0.243696374649747,27.0518846085822
"7",0.308557166467431,27.9025857403327
"8",0.329566867913109,28.2305169047198
"9",0,25.5688534604145
