"","obs","bmi"
"1",0.359125693179233,28.7135650967799
"2",0.331824784554244,28.2489653303453
"3",0.346877921939053,28.4623412743049
"4",0.332871316478314,28.2112219926888
"5",0.321222760436646,27.9602099594333
"6",0.241584673194259,27.0348475491315
"7",0.309983617698077,27.9329964138818
"8",0.338985049259306,28.3407178880031
"9",0,25.6260856466583
