"","obs","bmi"
"1",0.360565631741235,28.6455712962841
"2",0.328569031837651,28.184017957839
"3",0.344933746630738,28.425759584713
"4",0.327646857999906,28.2062054222209
"5",0.311892056985139,27.9869215106034
"6",0.244526038233295,27.0617545748519
"7",0.311160949704961,27.9547272082156
"8",0.337071827787895,28.297365137716
"9",0,25.6050726556476
