"","obs","bmi"
"1",0.368227396272891,28.7675218759714
"2",0.337746782017019,28.3080218411326
"3",0.348319506220954,28.4720998415953
"4",0.325885825445785,28.1768428617622
"5",0.300485199122595,27.8817571457981
"6",0.247290848765598,27.1190148832971
"7",0.309424260540492,27.9032971808997
"8",0.333682356790204,28.2717646151547
"9",0,25.6183559479068
