"","obs","bmi"
"1",0.356898898711559,28.6594823602437
"2",0.328520844235971,28.2030812047274
"3",0.343158458219247,28.3494285999623
"4",0.328033480189241,28.0395656449699
"5",0.309581475820763,27.729901106629
"6",0.243898212366919,27.069028002908
"7",0.311593923909111,27.9457044371676
"8",0.333002410487606,28.2998732298396
"9",0,25.5892282030316
