"","obs","bmi"
"1",0.360486462910863,28.6771322299637
"2",0.329785753545237,28.2155933685476
"3",0.335226062072438,28.3900737040646
"4",0.305890390246926,28.1030714251515
"5",0.278595467705171,27.8161254376802
"6",0.240860790788349,27.0177742356014
"7",0.306065398166717,27.8635237088661
"8",0.334104877029944,28.2484214203683
"9",0,25.5581717893167
