"","obs","bmi"
"1",0.362211816232879,28.7529300491884
"2",0.331907311157192,28.2925291777204
"3",0.350157575521208,28.5112866499387
"4",0.336665665040733,28.2697545721574
"5",0.32079647354438,28.0283368377579
"6",0.24983156711878,27.1144608409404
"7",0.309912999898394,27.8777867903214
"8",0.331211007913385,28.2154116900128
"9",0,25.6426838810448
