"","obs","bmi"
"1",0.362612841787475,28.7166743573214
"2",0.330658296063226,28.2511276171083
"3",0.359391509056206,28.5041605011144
"4",0.353834290471804,28.2919542801795
"5",0.348306525285404,28.0800738340306
"6",0.244547628352382,27.0808508645018
"7",0.311435153666723,27.9219592181937
"8",0.335481279969886,28.2950338668595
"9",0,25.5391865831023
