"","obs","bmi"
"1",0.363204277954337,28.767725698192
"2",0.332870879791767,28.3083947314598
"3",0.339561958718148,28.4063967595749
"4",0.313729316143697,28.0453881264716
"5",0.28581346444446,27.6847173531725
"6",0.245512827401872,27.057378052578
"7",0.308918682612555,27.9465081768604
"8",0.334657071498598,28.3265341864507
"9",0,25.6710347569974
