"","obs","bmi"
"1",0.359712486130648,28.7512550197948
"2",0.330917086637607,28.2937507604754
"3",0.341798766192678,28.4337051453475
"4",0.319961427295785,28.1163175688309
"5",0.297036234822423,27.7990970782735
"6",0.244879391814705,27.0765154911605
"7",0.310725346330697,27.958919069208
"8",0.341388393447414,28.3801600906227
"9",0,25.6003135692225
