"","obs","bmi"
"1",0.357957760727243,28.6756017933149
"2",0.329114430293342,28.2226002460114
"3",0.342090469893251,28.3647716022511
"4",0.325175965207544,28.0541375642461
"5",0.310852209896901,27.7437074144021
"6",0.245178114837099,27.0631105375979
"7",0.311304657716042,27.9332723796387
"8",0.336590784354405,28.3056907695753
"9",0,25.6079113344397
