"","obs","bmi"
"1",0.360200679216081,28.705839627268
"2",0.328441184887715,28.2421031490671
"3",0.349601923551558,28.5154707965139
"4",0.339743669811458,28.3251943419255
"5",0.32825285099346,28.1350124926027
"6",0.247257804627902,27.1252216147037
"7",0.305907287683595,27.8688870420155
"8",0.334141401820708,28.2877519372111
"9",0,25.6218325399291
