"","obs","bmi"
"1",0.359965499607901,28.6899669246745
"2",0.3285161736143,28.2280758122558
"3",0.339634591788923,28.3488054836331
"4",0.315532297413978,28.007827060224
"5",0.291608203613005,27.6670387324113
"6",0.241925319998976,27.0632910384771
"7",0.309145522154522,27.9121696623526
"8",0.336681131656732,28.2800124344616
"9",0,25.6081665367557
