"","obs","bmi"
"1",0.3624458083778,28.7169784482854
"2",0.333560036931297,28.2657537372868
"3",0.342433360245232,28.3169645645205
"4",0.325915582951079,27.9173581557199
"5",0.304655299935355,27.5181830622673
"6",0.24762176869986,27.0808990388344
"7",0.308839289355848,27.877932957715
"8",0.329730743603314,28.209079763605
"9",0,25.5813552104929
