"","obs","bmi"
"1",0.357927856941821,28.7019905209814
"2",0.326930200724396,28.2527213289717
"3",0.337652761119924,28.4518119336809
"4",0.318795508838368,28.2017688811769
"5",0.295074871347352,27.9518656183585
"6",0.240440878233776,27.0303674888066
"7",0.304296510976987,27.8369051298755
"8",0.33461364217086,28.2810380892181
"9",0,25.6154481673163
