"","obs","bmi"
"1",0.362520761897335,28.7317190115748
"2",0.334126929076669,28.2776458387587
"3",0.342525850237965,28.4068326543452
"4",0.319686318647547,28.0821158871671
"5",0.297909127289297,27.7575778654147
"6",0.239413634523687,27.0175635067698
"7",0.305329458625522,27.9066791606215
"8",0.343005814597668,28.3720252012597
"9",0,25.5570994711961
