"","obs","bmi"
"1",0.358734435297777,28.6883591915109
"2",0.329534402896824,28.2298231968103
"3",0.338813525884942,28.3539778237154
"4",0.316025375489116,28.0197924406969
"5",0.293369034861299,27.6858099136857
"6",0.249002427102254,27.1431153731324
"7",0.309676987114732,27.9221953569316
"8",0.334813445713644,28.2771416861384
"9",0,25.6037035299692
