"","obs","bmi"
"1",0.363250479947089,28.7485092963511
"2",0.333164999377767,28.2923039418208
"3",0.347128051916924,28.499925436919
"4",0.32962285346685,28.2514196723673
"5",0.309828201736238,28.0029932287522
"6",0.254140321600275,27.1016864348749
"7",0.304744252178312,27.8867055229203
"8",0.338661893918164,28.2987079713403
"9",0,25.6322028410443
