"","obs","bmi"
"1",0.366831596787574,28.7563297151765
"2",0.335666613186879,28.2939846061221
"3",0.335716337836147,28.4397408598509
"4",0.301330361515215,28.1232093285523
"5",0.269381884288795,27.8067328784282
"6",0.244665702834911,27.0919286737706
"7",0.302794468416663,27.8668919069881
"8",0.334984439074951,28.2638262918408
"9",0,25.5513090041707
