"","obs","bmi"
"1",0.364993898409764,28.7311044545426
"2",0.334154713171286,28.2763675940128
"3",0.345892403108883,28.4050436535588
"4",0.326674878041201,28.0791702456453
"5",0.306069602430287,27.7534908728591
"6",0.248394934669919,27.1425854236308
"7",0.302657483122523,27.8489797251426
"8",0.333116573875925,28.305253648211
"9",0,25.556963690202
