"","obs","bmi"
"1",0.365910031815255,28.6946465663969
"2",0.336930521754333,28.2441279933938
"3",0.34101886416086,28.2991770541995
"4",0.309770141282139,27.9040319054035
"5",0.283726008146224,27.509227092266
"6",0.247389595178608,27.0757257013494
"7",0.307498779573605,27.8775093480095
"8",0.334045499726612,28.2696016367655
"9",0,25.5486800691834
