"","obs","bmi"
"1",0.363028950619315,28.7437674529443
"2",0.334124030656501,28.2925023182635
"3",0.353867446568815,28.5301886293432
"4",0.345599693228193,28.3166966366769
"5",0.337950368202362,28.1032939642291
"6",0.244436337716847,27.0705835157497
"7",0.305254397390869,27.8385811766674
"8",0.339016836193481,28.3438788673666
"9",0,25.5995720991142
