"","obs","bmi"
"1",0.361467738302584,28.7464916096224
"2",0.330026130846991,28.2858683484115
"3",0.345233678235615,28.5509439752155
"4",0.329041137921596,28.3554908238771
"5",0.313124355715831,28.160134663971
"6",0.246015195154327,27.1221828842304
"7",0.312547650590328,27.9478693143081
"8",0.334601653749187,28.3333297452381
"9",0,25.5912389862202
