"","obs","bmi"
"1",0.357488264939991,28.6740650596178
"2",0.327986600769668,28.2220422991588
"3",0.344210216576994,28.3795839754058
"4",0.326989673275911,28.0855567753825
"5",0.311421107689373,27.7920169365787
"6",0.2486133907684,27.0979126246491
"7",0.302176962504372,27.8637249312691
"8",0.331951745741816,28.2592053873161
"9",0,25.5862410030027
