"","obs","bmi"
"1",0.361727235492929,28.7508738325639
"2",0.332423681217099,28.2851454816705
"3",0.336491390981807,28.3485910002421
"4",0.308367365030575,27.946629564709
"5",0.28083555890968,27.5450051285518
"6",0.246466146100516,27.1302485395745
"7",0.309487539108865,27.9281097668401
"8",0.332980331156681,28.270665073459
"9",0,25.5622639100427
