"","obs","bmi"
"1",0.360689615853856,28.7576923937127
"2",0.32981690199648,28.2900422119228
"3",0.35666267563049,28.5920636950051
"4",0.35217594139308,28.4265289002951
"5",0.347190944383122,28.2610926358843
"6",0.245204189118642,27.0665861110214
"7",0.307239231148583,27.8385271521288
"8",0.327953985119838,28.2221086518367
"9",0,25.6405126406898
