"","obs","bmi"
"1",0.362790128589057,28.7099039713545
"2",0.33287267604012,28.2566290036174
"3",0.345104653561661,28.4452106747515
"4",0.325456637440234,28.1806162767029
"5",0.30302505012177,27.9161232214804
"6",0.241597993359429,27.0465271029217
"7",0.305389756639747,27.9014608980796
"8",0.331318354882473,28.2719893449496
"9",0,25.6328013019075
