"","obs","bmi"
"1",0.358323016458724,28.6659314064003
"2",0.32796861709785,28.2052016064766
"3",0.336711138206146,28.3763669796068
"4",0.315833460823493,28.0869199301386
"5",0.293121243034242,27.7975926331395
"6",0.245453691770697,27.0282285076257
"7",0.310462485384147,27.9381757677124
"8",0.319770274682623,28.1720763580584
"9",0,25.5597882419029
