"","obs","bmi"
"1",0.356394023010093,28.6544544831519
"2",0.328779263380983,28.1979387274484
"3",0.336372236509206,28.2996005236372
"4",0.312694830145504,27.9450296941087
"5",0.289257000956228,27.5907549907686
"6",0.251462703508007,27.1398713865709
"7",0.307886271877105,27.9327409246251
"8",0.32993511314439,28.256008681666
"9",0,25.57356820155
