"","obs","bmi"
"1",0.362549965118682,28.7106179411247
"2",0.333081254529878,28.2515879545934
"3",0.338084910343849,28.4321047265902
"4",0.314317564562676,28.1536581161958
"5",0.287134596368447,27.8752782541452
"6",0.246579153381983,27.0774319156795
"7",0.31090451596558,27.9572108644461
"8",0.336922777245621,28.3309817513657
"9",0,25.6135509494954
