"","obs","bmi"
"1",0.356108744164805,28.6365775164372
"2",0.326553643824689,28.176002933302
"3",0.342064165106738,28.4176686631129
"4",0.330227839289149,28.1988543055798
"5",0.316133585835796,27.9801371281523
"6",0.244580105362508,27.0572895630446
"7",0.304245497568882,27.8540708499175
"8",0.334627476501687,28.2829910055961
"9",0,25.5909119578866
