"","obs","bmi"
"1",0.3632687192927,28.7598826830455
"2",0.33351233219924,28.3051168690075
"3",0.342792808070744,28.4975098787344
"4",0.319209928712793,28.2352486630776
"5",0.296517528611471,27.9731015762138
"6",0.241183576488866,26.9816709006233
"7",0.308857799668597,27.9074477793479
"8",0.334606920140969,28.2784526212689
"9",0,25.6086413113943
