"","obs","bmi"
"1",0.360797249643083,28.7138238354889
"2",0.331532488224874,28.2613219714802
"3",0.344495477348388,28.4555784044055
"4",0.327797742650969,28.1974888961675
"5",0.309325290075807,27.9395611652649
"6",0.248644225301201,27.1332170942782
"7",0.307737128354488,27.9247950176765
"8",0.336331609573414,28.2785632182699
"9",0,25.5555541859243
