"","obs","bmi"
"1",0.365968579137744,28.7313850211699
"2",0.334034978402559,28.2696782039491
"3",0.352085276473887,28.4172406336309
"4",0.33893393269401,28.1034317947758
"5",0.327845759150725,27.7899770326813
"6",0.244606011118319,27.0926417299542
"7",0.303748633025634,27.8549833335866
"8",0.34080717585024,28.3451640612092
"9",0,25.6295896307904
