"","obs","bmi"
"1",0.357871360891747,28.6941351051764
"2",0.329178563954497,28.2337021621741
"3",0.339408670890108,28.3891788184053
"4",0.319012159356321,28.084374113423
"5",0.296484589306506,27.7797258627885
"6",0.244597888702676,27.047740628714
"7",0.307358777480907,27.9081653415091
"8",0.337909038920336,28.30271513851
"9",0,25.5627881180414
