"","obs","bmi"
"1",0.358272429255612,28.6210717242288
"2",0.32727884338893,28.1651857337805
"3",0.330870367735782,28.2329115334737
"4",0.304309425542393,27.8450974208803
"5",0.278083059204906,27.4576484278968
"6",0.243672170450504,27.0532977965605
"7",0.308714476048851,27.9035481740348
"8",0.337615042803237,28.303718000203
"9",0,25.5461167964644
