"","obs","bmi"
"1",0.358473551022782,28.6703932957503
"2",0.329046268901787,28.2148014494332
"3",0.335701277332127,28.3048389112607
"4",0.310741982575097,27.9394978628896
"5",0.286019252104711,27.574379836772
"6",0.245215080328867,27.0867467520966
"7",0.307576894161675,27.87075941476
"8",0.336397069436314,28.2742810327105
"9",0,25.5998515415014
