"","obs","bmi"
"1",0.356237941249006,28.6921836309035
"2",0.3270897799379,28.2293902502443
"3",0.346761462073144,28.4273617687689
"4",0.33718654959542,28.1627975778728
"5",0.326995906641289,27.8985035428519
"6",0.248349690931263,27.1071202216861
"7",0.322418524318812,28.013138447875
"8",0.328515344373877,28.2266611425684
"9",0,25.6425383596772
