"","obs","bmi"
"1",0.360150108868927,28.7386213182768
"2",0.329679258372332,28.2797204203798
"3",0.350919805165913,28.5258367818047
"4",0.341060913292412,28.3131861697043
"5",0.329254610138437,28.1006753048235
"6",0.243079706339427,27.0608502605375
"7",0.307825428428127,27.8859424112983
"8",0.337993826416042,28.3166018063193
"9",0,25.6278149782512
