"","obs","bmi"
"1",0.36651300184368,28.7672888086522
"2",0.33726340229424,28.3144592477179
"3",0.350517012745222,28.5327324340635
"4",0.337322943601017,28.2982551490909
"5",0.316669998951371,28.06385922295
"6",0.243772953763333,27.0836395989126
"7",0.309564390927933,27.885197756089
"8",0.332156421645794,28.3121861517166
"9",0,25.6013884822058
