"","obs","bmi"
"1",0.361956502241923,28.7381755713321
"2",0.332379336862349,28.2849201243866
"3",0.340869318070691,28.493186737166
"4",0.31880122014337,28.2482607866059
"5",0.297855682938198,28.0033989368593
"6",0.240037171996112,27.0321550914018
"7",0.300757290932456,27.7883351860079
"8",0.329804387569836,28.2494759705193
"9",0,25.6241960390348
