"","obs","bmi"
"1",0.357516754965278,28.6555974371203
"2",0.32742662875794,28.1982247993715
"3",0.347713017453168,28.3258924627236
"4",0.339358524470377,27.9965360687766
"5",0.32926927582506,27.6675481461006
"6",0.244895514627692,27.0287233187947
"7",0.311490203162731,27.9176557357283
"8",0.333803011359205,28.2796707737678
"9",0,25.5588033000439
