"","obs","bmi"
"1",0.361804150974951,28.7062893240493
"2",0.328168950310332,28.2516005858119
"3",0.328304499285026,28.2628242496456
"4",0.293034695703838,27.8197376977154
"5",0.261269662638773,27.3770494910445
"6",0.244014805829536,27.1243101726395
"7",0.302600403384959,27.9027365358511
"8",0.334529128487014,28.3340389560626
"9",0,25.6023222810331
