"","obs","bmi"
"1",0.358780252701428,28.6608124902183
"2",0.328025878714575,28.2066483540402
"3",0.348652263725083,28.4286776376815
"4",0.336773807462814,28.1967483714458
"5",0.32512949296431,27.9650328158442
"6",0.246784862325253,27.130031526817
"7",0.306311747439895,27.8799218476449
"8",0.334396358458895,28.2879583602565
"9",0,25.546368868294
