"","obs","bmi"
"1",0.35784881455819,28.6584427138921
"2",0.32758384250873,28.1978430202949
"3",0.341544273130062,28.3832676123738
"4",0.323704944468707,28.1081881948284
"5",0.30530020749715,27.833206398543
"6",0.252648797513898,27.1369282195407
"7",0.304048716450875,27.8427421518255
"8",0.33387607107681,28.2806457256258
"9",0,25.5607481199059
