"","obs","bmi"
"1",0.356731535512517,28.629777120933
"2",0.327782368850427,28.1770993125391
"3",0.338173121455202,28.3476818049033
"4",0.321172458379787,28.0657510563856
"5",0.302961445100565,27.7839907192072
"6",0.241972528247519,27.0440954587575
"7",0.306889731647715,27.9678669540328
"8",0.333996390033326,28.2733301676273
"9",0,25.5350478691783
