"","obs","bmi"
"1",0.361464228989441,28.6951337235017
"2",0.332152864689972,28.239575827025
"3",0.341175984313699,28.3597150947946
"4",0.319515496322912,28.0244786359249
"5",0.290613834082882,27.6894299971123
"6",0.246280963431195,27.0710825456147
"7",0.30780283437423,27.882028932987
"8",0.333381125194805,28.2849957912117
"9",0,25.6146883694761
