"","obs","bmi"
"1",0.35859123951943,28.6464742779858
"2",0.32917834762614,28.1980659194585
"3",0.339914407385585,28.3274812982034
"4",0.319038275913802,28.0086866518329
"5",0.300708355617749,27.6900980795605
"6",0.242255871933364,27.0217388271893
"7",0.299935422106542,27.8167258152125
"8",0.333345445678894,28.3045338457765
"9",0,25.6112142879904
