"","obs","bmi"
"1",0.358553922327769,28.7043960854567
"2",0.328748716213128,28.2519398623601
"3",0.339083447551596,28.4292978622546
"4",0.321760669866575,28.1543369856328
"5",0.300882326041137,27.879517984866
"6",0.248061240798894,27.0902998346264
"7",0.308143774603845,27.8631754432922
"8",0.332079333036545,28.2168538016243
"9",0,25.5960989247178
