"","obs","bmi"
"1",0.356117420395169,28.6332279042512
"2",0.328369657998704,28.173849763068
"3",0.337473218853332,28.2750903937077
"4",0.315308371892812,27.9173388653528
"5",0.294128033219663,27.5599970118944
"6",0.244581052544081,27.0494493501525
"7",0.312897006897905,27.9247918908619
"8",0.329803646094651,28.249000976136
"9",0,25.5692474077789
