"","obs","bmi"
"1",0.357482251934916,28.6653206836597
"2",0.328904334822198,28.2084612640894
"3",0.344232423212456,28.4068073174381
"4",0.332563115026462,28.1484374869501
"5",0.318769543180202,27.8902153602286
"6",0.252102889376433,27.1185735458336
"7",0.30633011954812,27.858272438326
"8",0.336503444864523,28.3076077543507
"9",0,25.5793596420544
