"","obs","bmi"
"1",0.356688461835417,28.6846965974197
"2",0.32820616188611,28.2249781871657
"3",0.332041395463853,28.3456695573512
"4",0.304917712273418,28.006942916974
"5",0.275447231544129,27.6685332311298
"6",0.247745519254899,27.1136553545498
"7",0.310241429851885,27.9155925684213
"8",0.337933207700443,28.3459602494781
"9",0,25.6357911619077
