"","obs","bmi"
"1",0.356689551527147,28.7156222823273
"2",0.329449925451772,28.2654139521808
"3",0.339586684298595,28.3513809904804
"4",0.319524344861846,27.9874199920679
"5",0.299627898126149,27.6237516595852
"6",0.245365286233799,27.1065197274992
"7",0.306626648669036,27.880111590412
"8",0.335531889179869,28.3062798529369
"9",0,25.5679044732637
