"","obs","bmi"
"1",0.360650652779672,28.7038230803045
"2",0.33228258386452,28.2471731602249
"3",0.331130712852914,28.3618505554006
"4",0.296839599742059,28.0200407658961
"5",0.269678832977629,27.6783947025774
"6",0.247712191896073,27.1118025554968
"7",0.304673962861495,27.8647219349502
"8",0.335777264719353,28.2685569503894
"9",0,25.5820087225923
