"","obs","bmi"
"1",0.357891982938746,28.7083540296772
"2",0.329377685302657,28.2544457743841
"3",0.333404183412554,28.3624348243533
"4",0.301480640583717,28.0166583420808
"5",0.273545624227921,27.6710277334725
"6",0.241856699137446,27.0346346078321
"7",0.303705513186263,27.8483312777148
"8",0.338088762293165,28.392300647954
"9",0,25.6368202210346
