"","obs","bmi"
"1",0.360726472290929,28.7310590410896
"2",0.329657084526347,28.2707827073282
"3",0.336295994592328,28.3788192146442
"4",0.309846056888366,28.0267847348014
"5",0.281836180205485,27.674964538769
"6",0.246005873000759,27.0668195575237
"7",0.301258093099266,27.8571009700781
"8",0.33640053272358,28.3125403096192
"9",0,25.6362844077227
