"","obs","bmi"
"1",0.3623972680102,28.6975531760263
"2",0.335004181977725,28.2425718932609
"3",0.344500427097257,28.4216448884649
"4",0.327163858108465,28.1458696817024
"5",0.30737369923895,27.8702319763211
"6",0.247831003550789,27.1111176131494
"7",0.305175380013796,27.8388682933443
"8",0.338522520780521,28.3192818893438
"9",0,25.5384480195865
