"","obs","bmi"
"1",0.356574347916047,28.7146045776021
"2",0.326085549880921,28.2560711250757
"3",0.340394517804172,28.4023021608557
"4",0.322814384246583,28.0901860776675
"5",0.303069282163908,27.7782633710365
"6",0.245962265394957,27.1048742662481
"7",0.306431944291897,27.9220728942025
"8",0.332619795793765,28.3253987984481
"9",0,25.5942300509009
