"","obs","bmi"
"1",0.362294106413601,28.7074269193686
"2",0.330426585962648,28.2521029513004
"3",0.331666138359017,28.2941696921486
"4",0.297634270772496,27.881151088703
"5",0.268878745404991,27.4683787614054
"6",0.248747870951309,27.1055454744629
"7",0.311798710407714,27.9501424722803
"8",0.332058730415531,28.2951903642113
"9",0,25.5709239065068
