"","obs","bmi"
"1",0.362375626714972,28.7958031416826
"2",0.331686286189314,28.3316078529434
"3",0.337280319491313,28.4952752590257
"4",0.30980529784157,28.1948750412392
"5",0.276925885664389,27.8946079279293
"6",0.244467282823627,27.0859171654109
"7",0.306520786432789,27.9247295833566
"8",0.338723742824592,28.3183496299391
"9",0,25.6093095568815
