"","obs","bmi"
"1",0.357332409166168,28.6804101717026
"2",0.328218804484993,28.2236046770118
"3",0.340881652309444,28.4240355386802
"4",0.320837046234862,28.1677801299869
"5",0.301660907377955,27.9116470690213
"6",0.241627485073733,27.0362938028874
"7",0.305538830070928,27.887815193814
"8",0.337450366720859,28.3373866175025
"9",0,25.6038717973854
