"","obs","bmi"
"1",0.364774190981278,28.7472657446934
"2",0.335446881694548,28.2782033731254
"3",0.343652296718505,28.5186980158521
"4",0.321537885433758,28.2901966591204
"5",0.299051930715718,28.0617620154613
"6",0.245044744271545,27.0587617976894
"7",0.306771402430865,27.9080505784024
"8",0.330342428243547,28.2615730682695
"9",0,25.5465793475904
