"","obs","bmi"
"1",0.36638091849433,28.7711998554021
"2",0.338149524921599,28.3091638405684
"3",0.35155432227117,28.4809054239163
"4",0.338468229983901,28.1907588472011
"5",0.323007829071504,27.9007659206115
"6",0.248569767085377,27.0701266556686
"7",0.308092174592532,27.9306844308529
"8",0.332330829412774,28.2547951388952
"9",0,25.6076589391279
