"","obs","bmi"
"1",0.360345570700363,28.7076868446499
"2",0.330689743264535,28.2579215715933
"3",0.339684025292414,28.3761670043444
"4",0.314144866612863,28.0448722441913
"5",0.289064245701822,27.713813030272
"6",0.241141820698666,27.0560322874955
"7",0.307536940775311,27.8261884371918
"8",0.335624371073341,28.2469918513439
"9",0,25.5645580157643
