"","obs","bmi"
"1",0.362103643660509,28.75981031233
"2",0.334256418751228,28.3036325369432
"3",0.337189680366619,28.37490418734
"4",0.306137461195893,27.990254532835
"5",0.280022150254279,27.6058720991997
"6",0.246055905555973,27.0740605256638
"7",0.310431405220553,27.8808935496317
"8",0.332155650245387,28.274091394514
"9",0,25.6295806152989
