"","obs","bmi"
"1",0.367675863743347,28.7361115903848
"2",0.337773006334682,28.2791792092011
"3",0.347768634941485,28.3982253311109
"4",0.328888349300491,28.060650376257
"5",0.306714938977205,27.7234030131483
"6",0.251384580865493,27.136700916157
"7",0.305635424618488,27.918736694626
"8",0.331690437523724,28.2992619860443
"9",0,25.5858034019038
