"","obs","bmi"
"1",0.356659730573764,28.7160898064485
"2",0.327297844286218,28.2536020924245
"3",0.349462009409488,28.4335142112673
"4",0.340439821662422,28.1514976027894
"5",0.333457687711605,27.8700874564992
"6",0.238997188260209,27.0224012615903
"7",0.313404687127308,27.9664057493111
"8",0.333528946395046,28.2733988643782
"9",0,25.5976454948396
