"","obs","bmi"
"1",0.360551998934008,28.7033073367452
"2",0.331878174579893,28.2429031063459
"3",0.35051145469402,28.3899247029769
"4",0.342185031419386,28.0768865149817
"5",0.331970845825893,27.7642120039951
"6",0.243824980318716,27.0569229925159
"7",0.309387834362333,27.8832458578931
"8",0.332410427249597,28.2801321697899
"9",0,25.6199969797437
