"","obs","bmi"
"1",0.358087485538627,28.6708346937002
"2",0.329172000281516,28.2176155967794
"3",0.338339470567106,28.4304966035168
"4",0.320383136978215,28.1902403397184
"5",0.299135712077686,27.9500680684372
"6",0.237737302735699,27.0270494935207
"7",0.306082346743211,27.8867984138696
"8",0.340053997376779,28.3592316028958
"9",0,25.5548121122704
