"","obs","bmi"
"1",0.352903630729164,28.5726068853617
"2",0.32291395674943,28.1035134131344
"3",0.333328045698958,28.2483712087285
"4",0.314123026113933,27.9244402083127
"5",0.291192024575519,27.6008310302672
"6",0.242508577336404,27.039172213458
"7",0.30317840253615,27.8416097050913
"8",0.333495627911305,28.2812996927896
"9",0,25.5261568355449
