"","obs","bmi"
"1",0.364557000771983,28.7137026588961
"2",0.332956302388594,28.2502262573215
"3",0.346052911916676,28.4743824077965
"4",0.325004136076265,28.235151872153
"5",0.304263455980057,27.9960124170728
"6",0.248063405992277,27.1068552300694
"7",0.311886682624269,27.9184675657758
"8",0.334338298168953,28.3169960716319
"9",0,25.6253581269643
