"","obs","bmi"
"1",0.359693944413991,28.6756752702419
"2",0.330441875568147,28.2208515332528
"3",0.354886450321679,28.475945605305
"4",0.347923112029777,28.27634602083
"5",0.341899232878542,28.0768804768033
"6",0.248710397706195,27.1336688022031
"7",0.312074097950844,27.9538123895668
"8",0.333275444970398,28.2692267043832
"9",0,25.5752165100727
