"","obs","bmi"
"1",0.359555394595833,28.7018656818591
"2",0.33067460811174,28.248090826582
"3",0.340074180044438,28.3589504914032
"4",0.319962100267838,28.0162324823483
"5",0.296243191043225,27.6737179385712
"6",0.24091820052069,27.0545477193005
"7",0.308331676028965,27.8941237509203
"8",0.335738433837566,28.30620270965
"9",0,25.6160489327872
