"","obs","bmi"
"1",0.354936406884753,28.6809736647762
"2",0.325353004161941,28.2166459151405
"3",0.335938536753669,28.3324927253229
"4",0.313149625625281,27.9842348385375
"5",0.291662038604687,27.6362084893872
"6",0.241103778373888,27.0610151933523
"7",0.311895354440221,27.9532999361832
"8",0.328180677406825,28.205181021057
"9",0,25.5655328348134
