"","obs","bmi"
"1",0.365910031815255,28.6946465663969
"2",0.335255011403099,28.231151925278
"3",0.340223846201684,28.4263529804368
"4",0.311930236713307,28.1581266476032
"5",0.281963423634963,27.8899679002233
"6",0.247389595178608,27.0757257013494
"7",0.307498779573605,27.8775093480095
"8",0.334045499726612,28.2696016367655
"9",0,25.5486800691834
