"","obs","bmi"
"1",0.356567140490983,28.6529339736415
"2",0.328364474543404,28.1920558296296
"3",0.342217174657985,28.3634220013345
"4",0.325187930946666,28.0741095256424
"5",0.305077709136137,27.7850040690609
"6",0.239964110627363,27.0250645426539
"7",0.308379462529181,27.9203057820142
"8",0.33361376366359,28.2859204279972
"9",0,25.5839148117071
