"","obs","bmi"
"1",0.364030040600131,28.782892128826
"2",0.33578485772633,28.3382446855996
"3",0.344829535548712,28.4735937989722
"4",0.322936130831704,28.1644734441142
"5",0.303336519450292,27.8555366724916
"6",0.243865365765987,26.982630588931
"7",0.306622567055227,27.8862003648987
"8",0.333276509338196,28.2636628571456
"9",0,25.5900673990416
