"","obs","bmi"
"1",0.357827058869172,28.7107337967981
"2",0.32959990044436,28.2518825801495
"3",0.339975798382243,28.3368464391194
"4",0.316136538006326,27.9632043866497
"5",0.295614482968859,27.5898182754362
"6",0.244422342482,27.0604529296982
"7",0.310605187767865,27.9609910800689
"8",0.333384341404127,28.3018379818959
"9",0,25.6108464461572
