"","obs","bmi"
"1",0.363744278175389,28.7416711341628
"2",0.334822434796897,28.2828193248315
"3",0.353138618791928,28.5236206462892
"4",0.340242045257668,28.3056793232676
"5",0.323580553025157,28.0878520886244
"6",0.246310851645103,27.0738665128079
"7",0.311845378703529,27.9193096056219
"8",0.331109244630744,28.2080534888042
"9",0,25.557416953447
