"","obs","bmi"
"1",0.361665575416609,28.7647225873602
"2",0.333483888357604,28.3113297115941
"3",0.351623559918902,28.479108650442
"4",0.342428921494977,28.1937319604613
"5",0.332477246322242,27.9086105177658
"6",0.238977527445285,27.0068090310093
"7",0.305956971791383,27.8869786778167
"8",0.32829843387328,28.2721834508256
"9",0,25.606455067084
