"","obs","bmi"
"1",0.360124957783968,28.7030053040716
"2",0.330514340894983,28.2460718430854
"3",0.337515545515941,28.4389600115522
"4",0.313682100770974,28.1750466963241
"5",0.290715194249576,27.9112697352594
"6",0.243980912016514,27.0453559830722
"7",0.306439901300951,27.9166744033513
"8",0.333598735742738,28.2683175865911
"9",0,25.604808952042
