"","obs","bmi"
"1",0.364397054126366,28.7908225738547
"2",0.334468967500827,28.3378957303765
"3",0.339057983511974,28.3933228787911
"4",0.310989443720552,27.9960769746562
"5",0.286524512436839,27.5990963202312
"6",0.24339963931492,26.9946102334746
"7",0.30841934655136,27.8711979491562
"8",0.335587837307838,28.2783873564164
"9",0,25.622899631881
