"","obs","bmi"
"1",0.359876669527616,28.682044142083
"2",0.332566594074387,28.2229034924493
"3",0.344783950728925,28.4198521188585
"4",0.325058985365954,28.1577763616338
"5",0.30548905445208,27.8958193626222
"6",0.237949617932982,27.0536176236595
"7",0.303780504401289,27.8641399468934
"8",0.333398410871219,28.2556889653463
"9",0,25.5608207736017
