"","obs","bmi"
"1",0.358546017985367,28.7154378623819
"2",0.331171336836795,28.2510928128517
"3",0.342683570896649,28.4102396052108
"4",0.328132741910267,28.1054749827305
"5",0.311450152281054,27.8011745795304
"6",0.245053601941439,27.1370161111915
"7",0.300984072694305,27.848493937649
"8",0.336698836394114,28.3418204384147
"9",0,25.635517359335
