"","obs","bmi"
"1",0.366393608095201,28.7589523226909
"2",0.338313299036746,28.2971432038672
"3",0.344926180999553,28.3549266874116
"4",0.31450560122127,27.9512313139505
"5",0.289288366323836,27.5478832701336
"6",0.247277272404311,27.1050728714334
"7",0.303102506699292,27.8833101923624
"8",0.338827754707062,28.3180475224917
"9",0,25.604529261216
