"","obs","bmi"
"1",0.358419048970675,28.6712432084127
"2",0.32977866525025,28.2134441180273
"3",0.33585464283272,28.2938510496923
"4",0.311378926742393,27.9166997764581
"5",0.2857626035417,27.5397985832316
"6",0.24986879511491,27.1665934231255
"7",0.306765107031327,27.9034938520968
"8",0.335076317672202,28.2770386952099
"9",0,25.5540895172938
