"","obs","bmi"
"1",0.35677001355327,28.721744859349
"2",0.326587959189117,28.2616783156038
"3",0.337742729942518,28.4081471501206
"4",0.315732824258497,28.0946933237563
"5",0.296122546274328,27.781386896919
"6",0.247356020053877,27.0850944153724
"7",0.316047450194485,27.9856191379937
"8",0.332055324824958,28.2776657119886
"9",0,25.5977578820588
