"","obs","bmi"
"1",0.358618470625304,28.6934065697251
"2",0.329793415901149,28.2250831587997
"3",0.332946983961941,28.4019859319328
"4",0.304322502025867,28.1107124433514
"5",0.272730144533744,27.8195892096519
"6",0.243531561511943,27.0620031893741
"7",0.315147426315615,27.9567332257758
"8",0.342961418069261,28.3345155943691
"9",0,25.5697919596953
