"","obs","bmi"
"1",0.362396310761529,28.6976850393146
"2",0.332381446998,28.24092480675
"3",0.341927114574415,28.3623765911266
"4",0.320980899405574,28.0273475661483
"5",0.297768635525631,27.6926114748506
"6",0.240563008049922,27.0126497577899
"7",0.308720238939666,27.9182637251973
"8",0.332696849975778,28.3069394749104
"9",0,25.5766928592838
