"","obs","bmi"
"1",0.352783380476774,28.6179830098052
"2",0.323733911272172,28.1620621082184
"3",0.339765566080444,28.3344878890286
"4",0.326545908994066,28.0511273182845
"5",0.308711692506827,27.7679054097255
"6",0.243669686679314,27.1000512728331
"7",0.308354603369213,27.8933064839921
"8",0.328506874021328,28.2436570925362
"9",0,25.5902768035048
