"","obs","bmi"
"1",0.360529778095888,28.6867484200152
"2",0.329862103751408,28.2227644865389
"3",0.331721709763465,28.3185572623632
"4",0.298683781851176,27.9505898294337
"5",0.26822223162247,27.5828547443824
"6",0.243424855396639,27.1355770769575
"7",0.309421267905884,27.9288684440829
"8",0.335735528446314,28.3646076891135
"9",0,25.6330706101876
