"","obs","bmi"
"1",0.354401845603747,28.6311183167512
"2",0.324696671387681,28.1767896411753
"3",0.325618076186825,28.2559117744449
"4",0.293480192276223,27.880905105439
"5",0.263197721645447,27.506103942556
"6",0.244329714055748,27.0894994014441
"7",0.307391562718655,27.924430678331
"8",0.337552447413288,28.3125298319416
"9",0,25.5534245668817
