"","obs","bmi"
"1",0.359311484506883,28.6989961447678
"2",0.32860562722809,28.2413953828099
"3",0.337292343517485,28.3969456317959
"4",0.312296807964917,28.0950073853126
"5",0.288012344668365,27.7931835633909
"6",0.241970722590792,27.0616926463653
"7",0.307710917052489,27.9027658035996
"8",0.334769880006582,28.2909872041083
"9",0,25.6131335150714
