"","obs","bmi"
"1",0.35784881455819,28.6584427138921
"2",0.328651924771787,28.1996591057561
"3",0.327325830810115,28.3024073889025
"4",0.294053697579093,27.9465133417967
"5",0.265103082947957,27.5907624316216
"6",0.252648797513898,27.1369282195407
"7",0.304048716450875,27.8427421518255
"8",0.33387607107681,28.2806457256258
"9",0,25.5607481199059
