"","obs","bmi"
"1",0.359554022070668,28.6951589027005
"2",0.330727749154636,28.2419877927053
"3",0.333281835125743,28.3297920519709
"4",0.306875605548167,27.9647160671581
"5",0.281535483871823,27.5999450050818
"6",0.242183429134602,27.0526842936725
"7",0.308342766126954,27.9103465821825
"8",0.330725404757203,28.2001562473849
"9",0,25.5890758673
