"","obs","bmi"
"1",0.360062300123397,28.734205757073
"2",0.330140461494306,28.2844074223494
"3",0.347483615586367,28.450118710302
"4",0.331224871126934,28.1662323704591
"5",0.314054667722288,27.8825550579664
"6",0.241442823271343,27.0586739044581
"7",0.309463681993573,27.9705126424811
"8",0.338099711896327,28.3370270210703
"9",0,25.6496224706998
