"","obs","bmi"
"1",0.358139165914596,28.6806118230296
"2",0.32852955828179,28.2253614547021
"3",0.336938107627231,28.3539065460433
"4",0.316954593910099,28.0273552923718
"5",0.296168585474327,27.7009627860061
"6",0.246310439292024,27.1494447635016
"7",0.307233526080844,27.8800057618877
"8",0.332198180821759,28.2746637304426
"9",0,25.5788555033951
