"","obs","bmi"
"1",0.358598112080405,28.6806163325238
"2",0.328661143975055,28.230165890069
"3",0.34748384635815,28.4370270310452
"4",0.335253720902928,28.1936128295701
"5",0.321462073155956,27.95038007548
"6",0.245514049286284,27.0897928311518
"7",0.311580192761468,27.9388691988412
"8",0.334729761129021,28.3113109421992
"9",0,25.5523818927147
