"","obs","bmi"
"1",0.361919147638437,28.7313795358888
"2",0.330871214305578,28.2719667801787
"3",0.33857818364297,28.399818812559
"4",0.318702456354305,28.0684422813992
"5",0.295155475410962,27.7372563809571
"6",0.24113615034649,27.0258610029106
"7",0.31330155275842,27.9285055008419
"8",0.3313815569188,28.2575628603669
"9",0,25.6134931541665
