"","obs","bmi"
"1",0.357687519964073,28.6639962112011
"2",0.327745872748977,28.2034764204992
"3",0.341633007618295,28.3548836822361
"4",0.324016838363429,28.0460358978297
"5",0.303255226730558,27.7374655303277
"6",0.245170172915862,27.0690500490215
"7",0.308594936437255,27.9098073979702
"8",0.336388594049992,28.3103429876166
"9",0,25.6027126006719
