"","obs","bmi"
"1",0.363250479947089,28.7485092963511
"2",0.333304588463981,28.2862591442415
"3",0.334276740492826,28.4485783417866
"4",0.29892023222185,28.1487094391303
"5",0.269690349522861,27.8489006000105
"6",0.254140321600275,27.1016864348749
"7",0.304744252178312,27.8867055229203
"8",0.338661893918164,28.2987079713403
"9",0,25.6322028410443
