"","obs","bmi"
"1",0.362393255724987,28.6709996408664
"2",0.331763762361581,28.2169537814185
"3",0.348752236465563,28.4220402277035
"4",0.333466127007752,28.1732178981027
"5",0.319518907520697,27.9245367098838
"6",0.240080784071608,27.0466157743376
"7",0.304274307360287,27.8675867296702
"8",0.33359995991125,28.2531862909923
"9",0,25.5780071869617
