"","obs","bmi"
"1",0.353332672469534,28.6455326497757
"2",0.325214550081643,28.1865405523249
"3",0.334756719777228,28.3665715311687
"4",0.312097187770038,28.0877051160387
"5",0.290082006935861,27.8089347540473
"6",0.242132832173365,27.0725776478012
"7",0.313041929818755,27.9388821589935
"8",0.332408466824965,28.2764717271926
"9",0,25.5755863922066
