"","obs","bmi"
"1",0.364137453803871,28.689989673806
"2",0.334437670877944,28.2365910336257
"3",0.343982335370734,28.3444320551816
"4",0.323772625797932,27.9991594783266
"5",0.301432104946771,27.6541860384571
"6",0.235482705711214,27.0072023308648
"7",0.3052865502723,27.8967414158442
"8",0.335303052371714,28.3008884208413
"9",0,25.5560670737571
