"","obs","bmi"
"1",0.362535772577917,28.6801602527813
"2",0.331698319715838,28.2153377489874
"3",0.346350636304035,28.311365556575
"4",0.330890279538114,27.9428816601414
"5",0.316318245706749,27.5747241023868
"6",0.241903563157787,27.0469285539439
"7",0.308923036257339,27.92408823015
"8",0.335134702454069,28.2653974977564
"9",0,25.5748943491908
