"","obs","bmi"
"1",0.368784116321477,28.7596777874501
"2",0.33818827889389,28.2927856039188
"3",0.360987721126785,28.5311526429815
"4",0.352556072163352,28.3028042003573
"5",0.343347586614477,28.0746386980774
"6",0.25213192578711,27.1571504195998
"7",0.309689807705304,27.9242221271449
"8",0.330545102897468,28.2488110890984
"9",0,25.5241985989773
