"","obs","bmi"
"1",0.360450779171508,28.7094151805349
"2",0.332484755831569,28.2502942615204
"3",0.342830103695674,28.436416737711
"4",0.322818199215097,28.1635064537339
"5",0.299403561828708,27.8906856207623
"6",0.249629672729233,27.1517232150835
"7",0.305250293446547,27.8853759019284
"8",0.339453652569873,28.3264057807697
"9",0,25.5878684613432
