"","obs","bmi"
"1",0.358673474232922,28.6927058243136
"2",0.327734205931141,28.2316883482654
"3",0.331476063216223,28.3154531504926
"4",0.299483186682348,27.9383934203966
"5",0.273306690100148,27.5615349554231
"6",0.241148630171819,27.0339338805933
"7",0.299793855654367,27.8668843664899
"8",0.330793445725697,28.2482139762299
"9",0,25.6002955948714
