"","obs","bmi"
"1",0.359484547307245,28.6828682061289
"2",0.329001914202595,28.2262869405627
"3",0.340688913299429,28.3770717524679
"4",0.318488775198311,28.0714544423243
"5",0.297321500325882,27.766022849033
"6",0.246206117927785,27.0709335046433
"7",0.311135613322917,27.9501143984471
"8",0.327413065217877,28.2212878163295
"9",0,25.5726306352739
