"","obs","bmi"
"1",0.359311484506883,28.6989961447678
"2",0.328333101427551,28.2394410997585
"3",0.338321869181543,28.4347204534373
"4",0.31474580078891,28.1704961237727
"5",0.288967399533073,27.9063223653017
"6",0.241970722590792,27.0616926463653
"7",0.307710917052489,27.9027658035996
"8",0.334769880006582,28.2909872041083
"9",0,25.6131335150714
