"","obs","bmi"
"1",0.358237135957151,28.6541803183816
"2",0.32792613630468,28.2012429456956
"3",0.331220115046882,28.3526966921691
"4",0.299368543670278,28.0513077094818
"5",0.274978071059617,27.7500132992186
"6",0.246043430809361,27.1021332746408
"7",0.304678160021206,27.872344889766
"8",0.331188826305011,28.2907386048019
"9",0,25.5381932923722
