"","obs","bmi"
"1",0.360106702339757,28.6760042963725
"2",0.328992279296382,28.2208992787121
"3",0.34293051381323,28.3838971860231
"4",0.32615079552293,28.0919339239854
"5",0.30898085265654,27.8001196631377
"6",0.245779213979683,27.0773684811042
"7",0.304488482244905,27.8167525818695
"8",0.325379279609047,28.1838403658923
"9",0,25.5350203372645
