"","obs","bmi"
"1",0.361083413875946,28.6973778970377
"2",0.333656637228057,28.2360853946874
"3",0.340903451251979,28.3645811497145
"4",0.315614645015993,28.0320877169248
"5",0.292610623163252,27.6999154940985
"6",0.245975694156969,27.0509306736302
"7",0.307436456147828,27.9050078032919
"8",0.334481885986891,28.3048416022641
"9",0,25.5760300511687
