"","obs","bmi"
"1",0.363139703003287,28.7169479212718
"2",0.333675273457526,28.2620130467456
"3",0.343745772856945,28.4155724911722
"4",0.322424756914563,28.1143403541864
"5",0.303669207893789,27.8132555467907
"6",0.240879237933087,27.0603145986195
"7",0.304627449452024,27.8957655253153
"8",0.334397274139537,28.2682370507087
"9",0,25.5976604928227
