"","obs","bmi"
"1",0.350590266732536,28.6534993420476
"2",0.321385173035657,28.19499518961
"3",0.328995099392189,28.310279541406
"4",0.303009954406495,27.9672360741418
"5",0.277924173647645,27.6243735579048
"6",0.244982240908709,27.0544755970903
"7",0.306588424907508,27.8258309113726
"8",0.331202765546329,28.2552833279093
"9",0,25.6016857135798
