"","obs","bmi"
"1",0.359118220287542,28.7011953287547
"2",0.329124189991596,28.244976539221
"3",0.345498849711831,28.3968009311642
"4",0.330581589675425,28.0925670416597
"5",0.313701212062317,27.7884992593665
"6",0.244491542356778,27.0458226558457
"7",0.30836796543298,27.940679833372
"8",0.338682677995231,28.3152500603427
"9",0,25.5727647192273
