"","obs","bmi"
"1",0.367001223947245,28.738304474412
"2",0.337984157920586,28.2865950743526
"3",0.339792721327985,28.3805765318927
"4",0.309369297441103,28.0231374795705
"5",0.282317459270655,27.6660016720663
"6",0.251312534553437,27.0920654355115
"7",0.314109037259512,27.9394913416395
"8",0.334318923202711,28.3040232608688
"9",0,25.5656801311121
