"","obs","bmi"
"1",0.359808846453455,28.717909501857
"2",0.330035868085251,28.2599990974058
"3",0.330561023100063,28.3781046616541
"4",0.300415953491155,28.0384549418483
"5",0.274965031352131,27.6989642899519
"6",0.240703268821697,27.0470029839385
"7",0.310961315776872,27.9184298289375
"8",0.327478849489934,28.2606213299001
"9",0,25.5868714819467
