"","obs","bmi"
"1",0.365187879217416,28.77368075302
"2",0.336925720786003,28.3118100407425
"3",0.328570382519645,28.2999122080659
"4",0.285933134093923,27.8264253242105
"5",0.248185417276413,27.3532285571631
"6",0.242857780031511,27.0218391977366
"7",0.314765612857999,27.9983753771499
"8",0.331223124167181,28.2874400131916
"9",0,25.620060071517
