"","obs","bmi"
"1",0.357516754965278,28.6555974371203
"2",0.328182575118903,28.2042227541524
"3",0.335961179002346,28.1888558641814
"4",0.313661237442386,27.7229957134139
"5",0.289768668018542,27.2581061976803
"6",0.244895514627692,27.0287233187947
"7",0.311490203162731,27.9176557357283
"8",0.333803011359205,28.2796707737678
"9",0,25.5588033000439
