"","obs","bmi"
"1",0.35507595142914,28.6410868272394
"2",0.326516980808745,28.1813287818761
"3",0.341502881315337,28.4595321258745
"4",0.325941695409019,28.2780471003339
"5",0.308969660462463,28.0966337612949
"6",0.243971321576091,27.0825393290744
"7",0.303972829135251,27.8790781416839
"8",0.333897037094329,28.3281987778968
"9",0,25.5866052971617
