"","obs","bmi"
"1",0.356051804917429,28.6529712345616
"2",0.325817210574233,28.1952621709917
"3",0.343552112541066,28.3606737932799
"4",0.330032479784839,28.068577236034
"5",0.316589173911468,27.7766912140144
"6",0.240693154675829,27.0310486450807
"7",0.311840680037289,27.9212690186159
"8",0.332447240046902,28.2543589574697
"9",0,25.6071141230886
