"","obs","bmi"
"1",0.36375260215346,28.7212224592948
"2",0.332831363851089,28.2609460498847
"3",0.346494305171103,28.4250354108123
"4",0.328591642123738,28.1290521204713
"5",0.309865673687436,27.8332813236075
"6",0.246566367662826,27.0848483309512
"7",0.304357185423987,27.8803977128129
"8",0.33552143654362,28.2962579488219
"9",0,25.5693990179446
