"","obs","bmi"
"1",0.356113874676541,28.6802928291805
"2",0.326090944444093,28.2243924492823
"3",0.334658307633566,28.3248815900524
"4",0.316195865931452,27.9697726909874
"5",0.296691438726755,27.614980210741
"6",0.250455471966449,27.1427499383545
"7",0.303936458961085,27.9190238412283
"8",0.333532775627369,28.2729793717544
"9",0,25.5945681714038
