"","obs","bmi"
"1",0.356860884109001,28.6596460423647
"2",0.326423194045774,28.2085012670749
"3",0.331897727503853,28.3802986146307
"4",0.303295732835603,28.1010373645992
"5",0.273650108122381,27.8218628667298
"6",0.244885909582595,27.0700018512638
"7",0.307784764961507,27.858116030757
"8",0.338338507245359,28.307969792491
"9",0,25.597429471511
