"","obs","bmi"
"1",0.35630403056884,28.6467463495859
"2",0.326703708393197,28.1927416995712
"3",0.335928907284747,28.3269732185621
"4",0.31697545723316,28.0073508580232
"5",0.294838614198345,27.6878827645632
"6",0.238652979879061,27.0031375161687
"7",0.307659767968608,27.8800908101348
"8",0.336203655062108,28.3135106324286
"9",0,25.5595007701961
