"","obs","bmi"
"1",0.359330819428194,28.7133917974155
"2",0.331201094283945,28.2535725718803
"3",0.346950787008301,28.4692843069591
"4",0.334411275508448,28.225284152255
"5",0.321730403478108,27.9813947573307
"6",0.242419864076149,27.0610110318749
"7",0.312821730530621,27.9172741694721
"8",0.332175269545698,28.2688282763066
"9",0,25.6020675426766
