"","obs","bmi"
"1",0.358478740988689,28.6814441488493
"2",0.328365493154195,28.2224683410266
"3",0.34002959171881,28.3931839075567
"4",0.318881530584668,28.105145294932
"5",0.30101503743107,27.8173383691984
"6",0.244927265780026,27.0872007334754
"7",0.311355773841926,27.9860626230048
"8",0.333441014060308,28.314658473368
"9",0,25.5993105804446
