"","obs","bmi"
"1",0.36163133729538,28.7183748095355
"2",0.331700507325361,28.2455362747441
"3",0.341427790817564,28.3763536670041
"4",0.315642031043605,28.0345718068104
"5",0.293882047266286,27.6930386090983
"6",0.239330459857836,27.0697057601086
"7",0.308132128953648,27.878136258379
"8",0.335299287567011,28.3069625721636
"9",0,25.6020094457702
