"","obs","bmi"
"1",0.36055718427335,28.6985728207458
"2",0.331446946986327,28.2425094614302
"3",0.337385097021691,28.3303978392343
"4",0.309587620227544,27.9624701597543
"5",0.284425083023393,27.5948001304681
"6",0.248186921055904,27.0890199613762
"7",0.304257959599942,27.862929383428
"8",0.336494856449986,28.2922471001484
"9",0,25.6228887610694
