"","obs","bmi"
"1",0.358049988424156,28.6501371646298
"2",0.325118489215545,28.1881008610272
"3",0.339966465262681,28.2981374607938
"4",0.317197743248377,27.9464443000541
"5",0.297892427112318,27.595072032142
"6",0.243712199021147,27.0876010001697
"7",0.311217006515812,27.8911712326725
"8",0.332794685331673,28.2754097244217
"9",0,25.5868494352745
