"","obs","bmi"
"1",0.364069089366581,28.7026618904112
"2",0.335722409201826,28.2547475264273
"3",0.347863425388232,28.3859110763629
"4",0.327802360089029,28.0695682239712
"5",0.308881447124574,27.7536597117197
"6",0.2490956880918,27.1124843187363
"7",0.313403039731548,27.9592802360868
"8",0.333875606768707,28.2408029847461
"9",0,25.560717701962
