"","obs","bmi"
"1",0.365851642316949,28.7640212233658
"2",0.335770543523998,28.3049813676344
"3",0.348339936283343,28.5011090280427
"4",0.326753904988325,28.2383340170249
"5",0.305826842942827,27.9757005443118
"6",0.246903113440221,27.107035423683
"7",0.305153967269261,27.8942519737812
"8",0.331202084175206,28.2720553691804
"9",0,25.6076431159863
