"","obs","bmi"
"1",0.359665958060678,28.6688562831203
"2",0.328306114610661,28.2043529970875
"3",0.341210794866273,28.4041839395182
"4",0.323082102326262,28.1397010870424
"5",0.30544319640955,27.8754150490715
"6",0.242080480382728,27.060499391538
"7",0.306144640622867,27.8881432680861
"8",0.331461415982054,28.2561783980391
"9",0,25.5626847381224
