"","obs","bmi"
"1",0.35438503529037,28.6635869757262
"2",0.325088664801071,28.2032585311188
"3",0.345902805963688,28.4621403188048
"4",0.335283353678675,28.2607779135495
"5",0.324572746790212,28.0595022047283
"6",0.244781733121784,27.0661324815289
"7",0.308380325601552,27.890130524799
"8",0.333224731172287,28.2556924711797
"9",0,25.608019643376
