"","obs","bmi"
"1",0.361481887065849,28.7024868409126
"2",0.332901503780218,28.2475033877539
"3",0.350051435067135,28.4615778705174
"4",0.340427603527046,28.2208544516184
"5",0.326485275178015,27.9803240890821
"6",0.241295170717636,27.0605151697989
"7",0.308946623995703,27.8882127666376
"8",0.331458039207806,28.2727868171247
"9",0,25.568852784809
