"","obs","bmi"
"1",0.357616381386075,28.6794411685374
"2",0.326245438121899,28.2177307203952
"3",0.34510612897815,28.4111025865485
"4",0.329518589197611,28.1429381723139
"5",0.315605567326556,27.8749559952579
"6",0.249468477122038,27.1103694843851
"7",0.31121777517368,27.9018610301747
"8",0.331986982080304,28.2784269714862
"9",0,25.6054553403892
