"","obs","bmi"
"1",0.358058914412203,28.666704694425
"2",0.328916418188289,28.2083325000976
"3",0.337726821161952,28.3607922538966
"4",0.313646694114544,28.055010740814
"5",0.290579280959291,27.7493627835095
"6",0.246976013433599,27.1112374165431
"7",0.310282919087853,27.9001194815242
"8",0.334862549609884,28.3161826914202
"9",0,25.5988783684488
