"","obs","bmi"
"1",0.351255326261052,28.5861733359764
"2",0.323263311231157,28.1230603729443
"3",0.334579247463551,28.1986722834187
"4",0.314893667487116,27.8116761475227
"5",0.294182584477025,27.4252203582935
"6",0.248916023611443,27.1196567869145
"7",0.306190318298009,27.8913585142276
"8",0.330761616340606,28.2695420236031
"9",0,25.5575728090756
