"","obs","bmi"
"1",0.35204959911613,28.6232573519825
"2",0.321952854834738,28.1665813897019
"3",0.332311686806708,28.2608929982417
"4",0.311709848327628,27.8987490877496
"5",0.290066894784634,27.5368338908564
"6",0.243058446704227,27.0683249107584
"7",0.309920718276393,27.9295455699336
"8",0.332713518625737,28.2806431949156
"9",0,25.5715969208516
