"","obs","bmi"
"1",0.359756996110825,28.6968718028093
"2",0.330761141990786,28.2344089854733
"3",0.336367687340059,28.3308131056715
"4",0.30856699546061,27.9650381353186
"5",0.280110394871363,27.5995616475194
"6",0.247266492272992,27.0550295677794
"7",0.313909204920249,27.9925903561478
"8",0.329471532748433,28.2286712992062
"9",0,25.5921673885589
