"","obs","bmi"
"1",0.359631054609979,28.7064530009853
"2",0.328784125371676,28.242518086874
"3",0.343979192041717,28.3989382273997
"4",0.328195496675489,28.09161268269
"5",0.31264452090726,27.7844832325723
"6",0.245488400457408,27.0095852628735
"7",0.306907164866086,27.899054099052
"8",0.334382010798748,28.2556645221373
"9",0,25.5907190822172
