"","obs","bmi"
"1",0.357623836077872,28.6539325280204
"2",0.327712141075534,28.1948815211293
"3",0.321793451415785,28.225990442666
"4",0.286946864052103,27.7984313214308
"5",0.253701957629889,27.3712749398118
"6",0.245413669661801,27.0644052769218
"7",0.309093177720347,27.9229074838617
"8",0.335014233029314,28.3062712285087
"9",0,25.6114695132385
