"","obs","bmi"
"1",0.368050493777298,28.7528663065013
"2",0.336131224012959,28.2967696248041
"3",0.350732908742877,28.4206430848483
"4",0.330610751512179,28.0887455564464
"5",0.314267578977249,27.7571912791758
"6",0.238743496057388,26.9897104474063
"7",0.311399650431267,27.9102363105626
"8",0.338713557904185,28.2888484261649
"9",0,25.6219871176975
