"","obs","bmi"
"1",0.36144611631125,28.6728842865515
"2",0.332521629021027,28.2304283912765
"3",0.339996226584252,28.4117026447874
"4",0.320847675128115,28.1506129865756
"5",0.298220789820262,27.8896187515254
"6",0.247176483640272,27.1035900208479
"7",0.313344452685554,27.9521087870962
"8",0.335556541703476,28.3115077802881
"9",0,25.5173542762797
