"","obs","bmi"
"1",0.359725326145911,28.7193357286117
"2",0.331081658481681,28.2648098516251
"3",0.341154489340353,28.3384946713202
"4",0.320942398044413,27.9581145681988
"5",0.297898145542662,27.5782261810796
"6",0.24433833846462,27.0138876452001
"7",0.305447107636586,27.8726657389479
"8",0.33217751794857,28.2424886050417
"9",0,25.6130807385226
