"","obs","bmi"
"1",0.361584436235302,28.6738497790483
"2",0.331485006935972,28.216146109266
"3",0.341246594561915,28.3481610606098
"4",0.319781238596763,28.0226293396979
"5",0.297597072848289,27.6972583584533
"6",0.243486048490495,27.049233952686
"7",0.306026347458208,27.9219808845104
"8",0.337005539159167,28.3044126651199
"9",0,25.6256377210259
