"","obs","bmi"
"1",0.358431409456839,28.6669568879754
"2",0.327764129656977,28.2092019983054
"3",0.344277260450078,28.378068965741
"4",0.329114295507415,28.0893800351014
"5",0.312966399923814,27.8008995321378
"6",0.242384042678321,27.0183694876195
"7",0.310052641092913,27.9326956101321
"8",0.340747545689663,28.3053204882389
"9",0,25.5531410684037
