"","obs","bmi"
"1",0.358142667320469,28.6919902514448
"2",0.329563427771876,28.228923434252
"3",0.346260103304713,28.4286629750673
"4",0.333890384291716,28.1655247876082
"5",0.319186079601497,27.9025834249083
"6",0.245362255361789,27.0630668786933
"7",0.308339310424406,27.9231689547884
"8",0.338761717425305,28.3131345385599
"9",0,25.5917544463742
