"","obs","bmi"
"1",0.360043209091139,28.6862629488561
"2",0.331735269241085,28.2281175105716
"3",0.334675197414265,28.289877704221
"4",0.303789556922263,27.8937239183115
"5",0.2752798226289,27.4978101902086
"6",0.246043779147222,27.0916671598172
"7",0.307738407869708,27.9134799814872
"8",0.337536487490532,28.2920111299241
"9",0,25.6387995796939
