"","obs","bmi"
"1",0.358272429255612,28.6210717242288
"2",0.326603942375155,28.1609976541048
"3",0.337376047159047,28.2269947659146
"4",0.312530607565829,27.8333038119433
"5",0.288423479100123,27.4400205793573
"6",0.243672170450504,27.0532977965605
"7",0.308714476048851,27.9035481740348
"8",0.337615042803237,28.303718000203
"9",0,25.5461167964644
