"","obs","bmi"
"1",0.362600393159089,28.6805945848974
"2",0.332569434916626,28.2319225224572
"3",0.33955951469983,28.3996411312558
"4",0.317898558116322,28.1188047731412
"5",0.29581674083497,27.8380880871715
"6",0.245480572671114,27.0966691698008
"7",0.310655875377616,27.9614857066424
"8",0.337231088015463,28.2936921204504
"9",0,25.4972483144039
