"","obs","bmi"
"1",0.36126592270611,28.7061753216589
"2",0.33023515895507,28.2409795409434
"3",0.336013362516449,28.3265199211724
"4",0.309132732823867,27.9471238771215
"5",0.285518676900792,27.567997965441
"6",0.24579259616242,27.0831005145308
"7",0.309980972184683,27.9338342282659
"8",0.329596274928789,28.2105257583006
"9",0,25.5993058624219
