"","obs","bmi"
"1",0.358628323348834,28.7288776745865
"2",0.329913697177317,28.2569670815612
"3",0.329472701863481,28.4017630027188
"4",0.294314347742721,28.0747143302322
"5",0.265470300993712,27.7477298643523
"6",0.23907517913093,27.0141662641849
"7",0.311499384224729,27.9683017848365
"8",0.336673279755081,28.3086292974509
"9",0,25.615651910866
