"","obs","bmi"
"1",0.358115798578864,28.7094391269858
"2",0.33102468766582,28.2479697831342
"3",0.336803209311363,28.3452695196285
"4",0.311231435976758,27.9814096345883
"5",0.288922152676874,27.6178749673739
"6",0.243781258794614,27.0793534332516
"7",0.307147139135305,27.9500351418288
"8",0.333104809321866,28.2454550935392
"9",0,25.6345323581827
