"","obs","bmi"
"1",0.353154790819923,28.6106939034337
"2",0.325535586946661,28.1569185365958
"3",0.329600446034103,28.2770625793091
"4",0.3048766670723,27.9435950253161
"5",0.275440065685173,27.6102961494708
"6",0.244278507789843,27.0513068874091
"7",0.304987513553621,27.8860827141325
"8",0.337296171386885,28.3559039020046
"9",0,25.5456662734615
