"","obs","bmi"
"1",0.361215557553345,28.6884075754329
"2",0.329859500785535,28.2424208788671
"3",0.343612695822444,28.4276946176082
"4",0.328482708127768,28.1670799368635
"5",0.313147300592935,27.9065660061799
"6",0.252702617044083,27.1465711114571
"7",0.307155248205617,27.9161881735659
"8",0.332868825797119,28.2577425660579
"9",0,25.5809707306663
