"","obs","bmi"
"1",0.363320285397372,28.7229161506226
"2",0.333665542789405,28.2636901810793
"3",0.348543449196133,28.4877146862075
"4",0.334529875576579,28.2526166015647
"5",0.316659719055499,28.0176245716578
"6",0.246644720177477,27.0747491567282
"7",0.312574747682419,27.9484495631604
"8",0.337186805305936,28.3089148746081
"9",0,25.5620216343535
