"","obs","bmi"
"1",0.366279367247574,28.7398385924815
"2",0.334246186920899,28.2828710183335
"3",0.341959963744946,28.377661651698
"4",0.319515010179907,28.0157045173318
"5",0.294493398807973,27.653976339579
"6",0.245022507343958,27.1218036049211
"7",0.308513868023849,27.9378126394056
"8",0.335391631422045,28.2418499470389
"9",0,25.5338849932098
