"","obs","bmi"
"1",0.359277660117062,28.6941940332787
"2",0.329007351533119,28.2345278435628
"3",0.343306188324267,28.417274341927
"4",0.327782739340733,28.1405439350847
"5",0.310566381307311,27.8640099698456
"6",0.244439419617078,27.0678304684251
"7",0.309806023963853,27.903446681181
"8",0.332620525410202,28.2834552018959
"9",0,25.6000611996211
