"","obs","bmi"
"1",0.35630947872272,28.6715314050673
"2",0.328448170675257,28.2202958534498
"3",0.341927852286898,28.4371530289326
"4",0.32500380369487,28.20292994857
"5",0.309875030682306,27.9688670086536
"6",0.242656738784115,27.0393069653333
"7",0.310480583260033,27.9089722638861
"8",0.341674000409119,28.3811456313062
"9",0,25.5770274830949
