"","obs","bmi"
"1",0.356124330033721,28.6965562094451
"2",0.329389499849909,28.2315143183661
"3",0.337535615514916,28.426861044412
"4",0.313712739979704,28.1572809603861
"5",0.289050776859589,27.8878189121479
"6",0.245344206582025,27.0183332083395
"7",0.311335628330334,27.9359988314878
"8",0.331698953170281,28.2168935256559
"9",0,25.5953495011586
