"","obs","bmi"
"1",0.360650652779672,28.7038230803045
"2",0.331979463206248,28.2510005529982
"3",0.334920333873205,28.368894171059
"4",0.302279126733146,28.0341228578409
"5",0.272859577363921,27.6995128258216
"6",0.247712191896073,27.1118025554968
"7",0.304673962861495,27.8647219349502
"8",0.335777264719353,28.2685569503894
"9",0,25.5820087225923
