"","obs","bmi"
"1",0.359802901789345,28.7327871368222
"2",0.332300334603124,28.2731753746658
"3",0.351374657308153,28.4958926001283
"4",0.341741892711068,28.2592675486783
"5",0.332000850917669,28.0229269042673
"6",0.245495708393357,27.0983587585457
"7",0.311255795235443,27.9757611230932
"8",0.336081007438623,28.2608456799171
"9",0,25.6050128853292
