"","obs","bmi"
"1",0.356453248070071,28.6160037248501
"2",0.325927248725827,28.1536303265847
"3",0.346095186813188,28.2795399095248
"4",0.334057400832946,27.943471822327
"5",0.32265750851766,27.6078223957113
"6",0.24897124137583,27.1163501934967
"7",0.308391182489405,27.9588533099789
"8",0.33457498054075,28.2950117089397
"9",0,25.5373199404309
