"","obs","bmi"
"1",0.363204277954337,28.767725698192
"2",0.332692254503609,28.3048214692808
"3",0.343455943314055,28.4620966385412
"4",0.326203532302698,28.1566123227415
"5",0.308185252017438,27.8512802712299
"6",0.245512827401872,27.057378052578
"7",0.308918682612555,27.9465081768604
"8",0.334657071498598,28.3265341864507
"9",0,25.6710347569974
