"","obs","bmi"
"1",0.363997323330712,28.72423619687
"2",0.333272153646746,28.2663615072921
"3",0.345856242158738,28.314287977275
"4",0.325225580266194,27.9046835514108
"5",0.305407174027451,27.4954424971709
"6",0.251328734593121,27.1180086608529
"7",0.308651316641573,27.9189749252123
"8",0.333826326147625,28.2432501328761
"9",0,25.6485594704903
