"","obs","bmi"
"1",0.356682989496938,28.7024464251489
"2",0.328736536835458,28.2459815987552
"3",0.333133687774847,28.4231298215518
"4",0.306757246813913,28.1439141407533
"5",0.279663393491404,27.8648010359924
"6",0.241795231613627,27.0936458309621
"7",0.303257795164312,27.8402049296217
"8",0.329607427557102,28.2875901742425
"9",0,25.6418864746922
