"","obs","bmi"
"1",0.360842813119002,28.7256398479677
"2",0.332241021941501,28.2636870610051
"3",0.348009216688781,28.5113540920458
"4",0.335038697473764,28.2971413945533
"5",0.321021367487977,28.083003269769
"6",0.24191954164397,27.0169440784111
"7",0.309699427310042,27.8856440732527
"8",0.334398266502646,28.2988856924066
"9",0,25.5818689648242
