"","obs","bmi"
"1",0.358646416851139,28.6570502631225
"2",0.330898676737285,28.1960306941336
"3",0.330381573749171,28.2765753973015
"4",0.296328341305939,27.8962609926611
"5",0.269054880355887,27.5161105694208
"6",0.249654834009222,27.1449387903248
"7",0.315703408834211,27.9849326771057
"8",0.338795499290129,28.3360928929261
"9",0,25.5928688184349
