"","obs","bmi"
"1",0.361822637028042,28.7246329364492
"2",0.333067508998093,28.2599529111598
"3",0.343515372508297,28.3787146170522
"4",0.324247863054712,28.032996932965
"5",0.301929889924545,27.6874876269305
"6",0.243570250286666,27.0494652223971
"7",0.311797123234857,27.9316734825814
"8",0.340683290515394,28.3518809132525
"9",0,25.5803657975957
