"","obs","bmi"
"1",0.364902770197592,28.6869513816139
"2",0.334774546074276,28.2353081740866
"3",0.339509155965598,28.2213537456122
"4",0.314449228287635,27.7563423587756
"5",0.292080353607875,27.2919601240475
"6",0.240444778829243,27.0306305440584
"7",0.309554461168156,27.9774917904207
"8",0.333778558224172,28.2822118610484
"9",0,25.5379815456252
