"","obs","bmi"
"1",0.368867090378773,28.7439806592874
"2",0.336589592431493,28.2877659002037
"3",0.341030360336555,28.4207133414217
"4",0.310848628615572,28.0975409775753
"5",0.281420393266462,27.7744648160534
"6",0.241733533523054,27.0269965968471
"7",0.304360092952611,27.879137085242
"8",0.336920505457158,28.3217078001514
"9",0,25.5836670199849
