"","obs","bmi"
"1",0.362374209432441,28.7448501328878
"2",0.333329427828276,28.2845734269054
"3",0.342205867238435,28.4308969025168
"4",0.320713982089566,28.1170916306189
"5",0.296537558560638,27.8034398440239
"6",0.24785686309499,27.0954653200589
"7",0.31212898603285,27.9816923893808
"8",0.334316857194241,28.2811461847285
"9",0,25.6049495801773
