"","obs","bmi"
"1",0.353716249611265,28.6097753977983
"2",0.323447041001964,28.1479308530691
"3",0.3325463537285,28.3245997450531
"4",0.308097022332422,28.0397648834655
"5",0.286272576309299,27.7552926508838
"6",0.24746387455251,27.1028189333759
"7",0.31424835534995,28.0220748204869
"8",0.335402604507023,28.3097547138811
"9",0,25.5877791911801
