"","obs","bmi"
"1",0.361689173943866,28.6862164099677
"2",0.330319615705706,28.2298756250901
"3",0.339715011312051,28.3033234874303
"4",0.320710021563217,27.9206858597858
"5",0.296521615193404,27.5383148512234
"6",0.239501238978759,27.0251876984066
"7",0.302744234085323,27.862306336699
"8",0.338772440959687,28.3064016935956
"9",0,25.5260656063151
