"","obs","bmi"
"1",0.362436967042867,28.7302840794193
"2",0.332714472380488,28.2806955667098
"3",0.347168545207659,28.3703266250825
"4",0.330548059303006,28.0107922783499
"5",0.31323802325381,27.6517080777909
"6",0.246760398654027,27.0797490420559
"7",0.313187867210254,27.9431706438739
"8",0.333971644871878,28.2598585449577
"9",0,25.6095900699586
