"","obs","bmi"
"1",0.353013746173618,28.5924966379163
"2",0.323778652336043,28.1296640115798
"3",0.323133573456447,28.2403868631397
"4",0.287910659122355,27.8883859195604
"5",0.256972800077935,27.5364938500787
"6",0.246383658733809,27.0585950578148
"7",0.30111578650619,27.8451227898562
"8",0.335728449096083,28.294106457208
"9",0,25.5318243313447
