"","obs","bmi"
"1",0.35685966767272,28.6767032302669
"2",0.326723826268176,28.2236745142296
"3",0.333510052358651,28.3635935309056
"4",0.307516321536686,28.0506125758801
"5",0.28465430013577,27.7377613341614
"6",0.245056959548778,27.0733334249748
"7",0.305725113810824,27.873172746555
"8",0.336900550330286,28.29259397057
"9",0,25.5994588031249
