"","obs","bmi"
"1",0.358440756636433,28.6851809814085
"2",0.328090169627085,28.2313068459826
"3",0.328898836678989,28.2651237873734
"4",0.296855320925006,27.8453595944242
"5",0.265585424576143,27.4259016215089
"6",0.243229078213064,27.0584280736748
"7",0.309369623920005,27.9505259424933
"8",0.333450787938468,28.3002060231094
"9",0,25.5966613998121
