"","obs","bmi"
"1",0.35921284259621,28.6947573041372
"2",0.326328613166965,28.2344952468907
"3",0.332345625774841,28.2882336653494
"4",0.305052141744837,27.8819990600286
"5",0.27904556785556,27.4760641616731
"6",0.238764122996598,27.0244161940232
"7",0.310634946357205,27.9589682639832
"8",0.331665235029602,28.2472845210096
"9",0,25.6208380870919
