"","obs","bmi"
"1",0.362602097906474,28.8043083388015
"2",0.334158014813327,28.3463179071478
"3",0.340497188917741,28.4784249658721
"4",0.316116110300767,28.1528146224335
"5",0.292494776397862,27.8274909567043
"6",0.244973556522979,27.064124421068
"7",0.305734502706479,27.8425144082421
"8",0.334088032794119,28.2805582319321
"9",0,25.636023414499
