"","obs","bmi"
"1",0.357330334700315,28.6811300124176
"2",0.329924648486838,28.2213824394632
"3",0.334909503825053,28.296970451844
"4",0.309956973672342,27.9130193013257
"5",0.282666596459622,27.5292840005623
"6",0.251042145848471,27.1506840391451
"7",0.316399803660114,27.9284346954375
"8",0.337453898075108,28.3238475825281
"9",0,25.6008978615964
