"","obs","bmi"
"1",0.366746824146603,28.7608287352992
"2",0.33660800016889,28.3119987594429
"3",0.34020477905433,28.4580464103857
"4",0.313086945957247,28.1553220252255
"5",0.288164083806218,27.8526551223209
"6",0.246142754719188,27.0848277445447
"7",0.303489261560564,27.8910645674145
"8",0.334946742197121,28.3011863528488
"9",0,25.6062486504902
