"","obs","bmi"
"1",0.36030006747729,28.6935205480657
"2",0.331224698281133,28.2372933727972
"3",0.337436767781298,28.4141952755349
"4",0.309447292249563,28.1350808518664
"5",0.286083218289034,27.8561863573655
"6",0.244910155343919,27.1128569499035
"7",0.304496043991147,27.879940476405
"8",0.336840174488378,28.2801060152135
"9",0,25.6174973883065
