"","obs","bmi"
"1",0.364828710763428,28.7802586635854
"2",0.335762932127937,28.3222242077159
"3",0.355700578769112,28.5754182704459
"4",0.345057130347751,28.3707625003812
"5",0.33592558735966,28.1663002653847
"6",0.248959735134241,27.07972164708
"7",0.311544726881763,27.8823757064874
"8",0.328493762673454,28.2211888460625
"9",0,25.625156193147
