"","obs","bmi"
"1",0.357274830656163,28.6567936807271
"2",0.327653644568092,28.1940482873041
"3",0.342915581394781,28.3416253775038
"4",0.324042746750524,28.026648430207
"5",0.309586660295849,27.7118687259264
"6",0.239357179308298,27.0162553067142
"7",0.306673995090868,27.8551950934638
"8",0.331373948535659,28.2144518185698
"9",0,25.587089709876
