"","obs","bmi"
"1",0.365425151554898,28.7130700977538
"2",0.332855997349471,28.2592964079978
"3",0.350917081151954,28.4803620975719
"4",0.336462523901543,28.2477343024175
"5",0.318924262991585,28.0151892236422
"6",0.247763026597373,27.1305983759531
"7",0.306623701905272,27.8744175542381
"8",0.336503191940575,28.3110195364615
"9",0,25.6223908085947
