"","obs","bmi"
"1",0.360277068005296,28.6983417564661
"2",0.330896562733215,28.2496053427623
"3",0.341897518144993,28.4055038920161
"4",0.323340952268523,28.1127868461184
"5",0.303178431748353,27.8201935478201
"6",0.245264068472141,27.0700933761278
"7",0.309652654183641,27.9294187219723
"8",0.336501710310069,28.3193804148085
"9",0,25.5659991098252
