"","obs","bmi"
"1",0.360022957341328,28.697886631352
"2",0.326826018701,28.2379278093822
"3",0.346315329255012,28.3960180075138
"4",0.332834215039271,28.0943984788089
"5",0.317322116075812,27.7930392644592
"6",0.244824058998415,27.0956775848176
"7",0.30906948734015,27.9153302485987
"8",0.341633097207421,28.3247326156035
"9",0,25.6246560496315
