"","obs","bmi"
"1",0.361457517910787,28.7542693925837
"2",0.331689086167513,28.299021071964
"3",0.352353181701284,28.4279584523009
"4",0.340484370072184,28.1020070558695
"5",0.33197572531087,27.7764365393482
"6",0.244549528194945,27.0587764081339
"7",0.315408673052545,27.9157695659352
"8",0.332797126943019,28.2609698517779
"9",0,25.6006482893155
