"","obs","bmi"
"1",0.352930908430481,28.6468713132111
"2",0.327003886651869,28.1877872083625
"3",0.338068668820851,28.3796930279032
"4",0.316220051445397,28.1125959049952
"5",0.297128070912094,27.8455812484416
"6",0.24376305784239,27.0104066246889
"7",0.308212387216362,27.8830089863259
"8",0.335748254466697,28.2819601862717
"9",0,25.5941535972908
