"","obs","bmi"
"1",0.362349658515158,28.7265918130664
"2",0.332425449873831,28.269571241364
"3",0.33093867215513,28.3099580909998
"4",0.2917583098247,27.8936401371209
"5",0.261864031562482,27.4776528733941
"6",0.241237799914664,27.0427894459391
"7",0.305099761336513,27.8955384884721
"8",0.329207619712903,28.260155762183
"9",0,25.5707246157244
