"","obs","bmi"
"1",0.354768937939532,28.6789088379895
"2",0.323390873982416,28.2210225810906
"3",0.33744081603416,28.3758143864127
"4",0.322165519370192,28.0729604988663
"5",0.303588872099664,27.7703585582109
"6",0.241066039478526,27.0337215674902
"7",0.305940410443494,27.8836422107568
"8",0.34106532752229,28.3342588874369
"9",0,25.6538555032579
