"","obs","bmi"
"1",0.364672360024757,28.7549169014481
"2",0.334779962955812,28.2856700701281
"3",0.358677558077445,28.5506151206618
"4",0.352883559968671,28.3465335568379
"5",0.345998951435327,28.1426827225602
"6",0.24346381409493,27.0494319051255
"7",0.311028515357502,27.9381675325149
"8",0.336740080927952,28.2978010731257
"9",0,25.6137350384785
