"","obs","bmi"
"1",0.362543007558167,28.7238889125254
"2",0.330684622726525,28.2694332537606
"3",0.339699307981912,28.3811136302492
"4",0.318268501702837,28.0386248830253
"5",0.296238561692637,27.6964369905493
"6",0.242034704464371,27.0410970930136
"7",0.310502084150074,27.9265802486873
"8",0.331256163223056,28.2680055841371
"9",0,25.6143742749427
