"","obs","bmi"
"1",0.356001183648189,28.6645332874701
"2",0.326287081023662,28.2114363123374
"3",0.341194446314941,28.3807094024894
"4",0.323453861166096,28.09713199146
"5",0.307076324793294,27.8138129692141
"6",0.249456538367537,27.0627742627266
"7",0.310405404916526,27.946974843223
"8",0.325660565990753,28.1741187270682
"9",0,25.6207664054722
