"","obs","bmi"
"1",0.356407819578535,28.697090990091
"2",0.326542416119454,28.2369648812023
"3",0.346604491954379,28.4866868207651
"4",0.33697028886877,28.2766157107119
"5",0.329386511642362,28.0668999011976
"6",0.243318942640747,27.0593998484542
"7",0.308750963345549,27.9224519301197
"8",0.3361792353536,28.2957022542171
"9",0,25.6049412076124
