"","obs","bmi"
"1",0.36325920982717,28.7539194465744
"2",0.334078794728306,28.2899458625277
"3",0.349262799639753,28.4684887763588
"4",0.335617854332685,28.1832208567569
"5",0.317770281931253,27.8981209138151
"6",0.24337525449548,27.0603963490491
"7",0.313306382216957,27.9875980257037
"8",0.334958303512526,28.3052828084415
"9",0,25.6663184955325
