"","obs","bmi"
"1",0.363139703003287,28.7169479212718
"2",0.333583968150921,28.2591454991251
"3",0.340900712699081,28.4104081196089
"4",0.314795947155456,28.1041299062305
"5",0.291515353988269,27.7981247198164
"6",0.240879237933087,27.0603145986195
"7",0.304627449452024,27.8957655253153
"8",0.334397274139537,28.2682370507087
"9",0,25.5976604928227
