"","obs","bmi"
"1",0.369890094690519,28.7666313001768
"2",0.340789909977701,28.3125593277359
"3",0.348935545067457,28.4138986651369
"4",0.322987572413287,28.0614168344572
"5",0.298831109630464,27.7091954966297
"6",0.242605130323505,27.0475061735493
"7",0.307243452178341,27.9162849267582
"8",0.331291633284248,28.239566736879
"9",0,25.5867394012856
