"","obs","bmi"
"1",0.361854708769602,28.7162086571686
"2",0.333614903382809,28.261583314815
"3",0.35178180352656,28.4211179333766
"4",0.342722549336608,28.1262988159736
"5",0.335028292643766,27.8317638166773
"6",0.242521149219366,27.0170191335933
"7",0.313535579454731,27.9132364479229
"8",0.33370132661615,28.256484950586
"9",0,25.6389060249108
