"","obs","bmi"
"1",0.359067426218592,28.6936753381907
"2",0.331613014484261,28.2389713218622
"3",0.341321899581311,28.3097038205993
"4",0.32164445657482,27.9260816795665
"5",0.300501360293077,27.5428274159402
"6",0.245819424463434,27.0910572230041
"7",0.309861847117562,27.9308365687796
"8",0.338349466262305,28.32285879496
"9",0,25.6259529176619
