"","obs","bmi"
"1",0.360896026652783,28.644541334569
"2",0.33099521985767,28.1936249588733
"3",0.336964226198162,28.4073758007741
"4",0.310440471800357,28.1702498513446
"5",0.284858866306804,27.9331630805665
"6",0.244025722081608,27.1259561139543
"7",0.304871225774223,27.8846569829899
"8",0.340173992688165,28.2863610778032
"9",0,25.5400384474391
