"","obs","bmi"
"1",0.363872230012555,28.7263157542867
"2",0.332454385208511,28.2621113940432
"3",0.356186563427726,28.4535022993087
"4",0.345345423026262,28.1811328885787
"5",0.335370985851568,27.9092393007067
"6",0.240248966954564,27.0009717592321
"7",0.307067800505767,27.9329992620527
"8",0.336687988465667,28.2600966205974
"9",0,25.6258758816919
