"","obs","bmi"
"1",0.360839599875523,28.7242622058826
"2",0.332295624219307,28.2681946856877
"3",0.338498065000395,28.3703464893342
"4",0.312023822840869,28.0167297438893
"5",0.289376544972569,27.6634258979622
"6",0.241823423973854,27.0874051894369
"7",0.310545051084121,27.9307694987448
"8",0.334302598359045,28.2595603291
"9",0,25.5844908232752
