"","obs","bmi"
"1",0.360438206212208,28.7237059544454
"2",0.329226815399192,28.2628133816547
"3",0.34521737107343,28.490095451823
"4",0.328094375675233,28.2566376398953
"5",0.314884842221048,28.0233389932623
"6",0.24680490163171,27.0531855890796
"7",0.303619941516885,27.8559553325325
"8",0.333181074371265,28.2568909141748
"9",0,25.6198648990042
