"","obs","bmi"
"1",0.364594516616015,28.7340884885974
"2",0.33389983255412,28.2790401240807
"3",0.341222496248245,28.3923154814692
"4",0.316430202879172,28.0508392875462
"5",0.289322704248695,27.709674714799
"6",0.243876738580458,26.9852818504459
"7",0.307107279076475,27.9074870694128
"8",0.333853883389405,28.326019970771
"9",0,25.5976638381763
