"","obs","bmi"
"1",0.359812423322105,28.7037711974427
"2",0.330169876667358,28.2469523474875
"3",0.344087598474119,28.4938049789185
"4",0.323990165663499,28.2838987879545
"5",0.302039382066454,28.0740528726791
"6",0.243239328509641,27.093851295291
"7",0.309062937812014,27.9330416080567
"8",0.339735184587668,28.3312878014898
"9",0,25.6091826917354
