"","obs","bmi"
"1",0.358770338622487,28.7081838455106
"2",0.329851286061547,28.2515776108134
"3",0.336948216734884,28.3243332735294
"4",0.316849743075052,27.9408663999718
"5",0.295914351757459,27.557804701984
"6",0.245272959803811,27.0336597001924
"7",0.309270753446189,27.9133277408138
"8",0.331335750636566,28.2780698651907
"9",0,25.5807040510502
