"","obs","bmi"
"1",0.364291398846092,28.7477828479068
"2",0.332338621842907,28.2879009204179
"3",0.334620022061552,28.3626823864578
"4",0.304684562222113,27.9778399347594
"5",0.275729999029937,27.593266244076
"6",0.243997075740813,27.073371849988
"7",0.313062384054389,27.9542480857152
"8",0.331995835488204,28.2672485469993
"9",0,25.6182391797753
