"","obs","bmi"
"1",0.358367553763609,28.6737462978014
"2",0.329534850490889,28.215775816072
"3",0.345817102597566,28.3766660491344
"4",0.334215649786136,28.0798502976279
"5",0.322926002907786,27.783310829938
"6",0.239311962804061,26.9955591584744
"7",0.310017533622083,27.8775041815665
"8",0.333972061987708,28.2993109782925
"9",0,25.5879874735439
