"","obs","bmi"
"1",0.359498681269501,28.7044620600445
"2",0.332205473720819,28.2517247358061
"3",0.341936715682936,28.3834639246753
"4",0.323782798442939,28.0627236897725
"5",0.299700556969722,27.7422535100909
"6",0.250154500378171,27.1494500171402
"7",0.304772403129276,27.8954026233949
"8",0.334877051796892,28.3276439466723
"9",0,25.6072694521874
