"","obs","bmi"
"1",0.362072492919964,28.7280610964229
"2",0.331817168627967,28.2762809314641
"3",0.347667465028285,28.3868181042961
"4",0.331826692696419,28.0457769987366
"5",0.315186112852579,27.7049466369042
"6",0.249790686488574,27.1246348403373
"7",0.311636619247713,27.9294622219877
"8",0.333043078862737,28.2642469074566
"9",0,25.6346007406852
