"","obs","bmi"
"1",0.359538513368272,28.6754130090786
"2",0.328071959643991,28.2185383602637
"3",0.342859986739318,28.4277711167323
"4",0.32524931264541,28.1802653041526
"5",0.30774601387226,27.9328995953974
"6",0.245073946093503,27.0748587099485
"7",0.308958639043591,27.8660344275864
"8",0.336517334416939,28.2935438909275
"9",0,25.5914772079725
