"","obs","bmi"
"1",0.358501446236484,28.6833865273604
"2",0.330195465663411,28.2232312419028
"3",0.339095524643292,28.3571233456329
"4",0.318610692497726,28.0310041320026
"5",0.296880575075142,27.7050326548839
"6",0.247485066334853,27.1198896760323
"7",0.30850064625486,27.9607076737666
"8",0.340847853298396,28.3459698374794
"9",0,25.5403260195284
