"","obs","bmi"
"1",0.365874067593852,28.7883141740293
"2",0.334627314477177,28.3232519292734
"3",0.340229224835694,28.35624606124
"4",0.31110140570513,27.9246322741275
"5",0.286333599465838,27.4935011471395
"6",0.245885429145396,27.0763557846049
"7",0.301232397739268,27.874357127592
"8",0.342951439841753,28.3708928699704
"9",0,25.6079284569129
