"","obs","bmi"
"1",0.366641416627406,28.7095163497926
"2",0.336375421876266,28.2543077936893
"3",0.337933728590732,28.3118919070314
"4",0.308410042841856,27.9145127636642
"5",0.278020964411565,27.5173884280686
"6",0.241361208126969,27.0377070507375
"7",0.310685110196868,27.9151482001004
"8",0.330219554022858,28.225563409682
"9",0,25.5064769207614
