"","obs","bmi"
"1",0.361802917207444,28.7536703705217
"2",0.333832180218161,28.2945787371937
"3",0.344010598355411,28.4418790810764
"4",0.323584785773827,28.1302315741168
"5",0.303968782383142,27.8187326088988
"6",0.243043001841388,27.084943766511
"7",0.30615692284905,27.8362122678999
"8",0.329230204555519,28.2193123663109
"9",0,25.6386815151923
