"","obs","bmi"
"1",0.355355551259167,28.6385476824742
"2",0.325199218781037,28.1808181551751
"3",0.337687133431612,28.2921886192996
"4",0.316905744176062,27.9461679786583
"5",0.3002267636726,27.6005047227676
"6",0.245789375320012,27.1129556729509
"7",0.309077499155276,27.9156325001128
"8",0.337963742483933,28.3340568363789
"9",0,25.5947256156836
