"","obs","bmi"
"1",0.362219472962789,28.6569007648316
"2",0.33222731513984,28.2061277214212
"3",0.334577772821773,28.256799748351
"4",0.30756462718885,27.8572126449917
"5",0.281060900657468,27.4581794382967
"6",0.240984419236333,27.0582916346733
"7",0.308991755961568,27.9278870482474
"8",0.335470340621783,28.2933220108627
"9",0,25.5761992035752
