"","obs","bmi"
"1",0.361251428562456,28.6850575783005
"2",0.330160192137424,28.2277297841982
"3",0.335141105356182,28.3503256957829
"4",0.307117172252853,28.0157888042311
"5",0.278858117692792,27.6814535118244
"6",0.244215039361921,27.0276437042335
"7",0.306674460448086,27.9081554088929
"8",0.331495724118982,28.2471492928347
"9",0,25.5434736055426
