"","obs","bmi"
"1",0.359037869477873,28.7063927170692
"2",0.329119634659506,28.2570738165946
"3",0.347628169706395,28.4271210840127
"4",0.338423696688873,28.148255911686
"5",0.325801940874955,27.8698241264065
"6",0.239507738453348,27.0453097635163
"7",0.306591283744685,27.8873070262641
"8",0.340704904456971,28.3358444685714
"9",0,25.6333870164959
