"","obs","bmi"
"1",0.362105252865248,28.6902120304266
"2",0.33210248302402,28.229067211392
"3",0.3423800270473,28.3885529296353
"4",0.322588911790067,28.0871549821208
"5",0.300792085678163,27.7860310547954
"6",0.244602688369228,27.0644573327998
"7",0.305796645751495,27.9072986294217
"8",0.326652231326098,28.244017850025
"9",0,25.5798136489154
