"","obs","bmi"
"1",0.361328175325477,28.6895469277376
"2",0.331185547994857,28.2345244878048
"3",0.339097069146113,28.3488158493531
"4",0.314892675271731,28.0084284239511
"5",0.289066690054196,27.6684054095186
"6",0.247411088940988,27.0672915474933
"7",0.310255337921894,27.9556818497902
"8",0.331936724129578,28.2911029271481
"9",0,25.5317629634043
