"","obs","bmi"
"1",0.357431078099482,28.7031760043336
"2",0.329077215420778,28.2534221531344
"3",0.335950252167261,28.3683450935659
"4",0.31078464762975,28.033768942024
"5",0.287447424023264,27.699459791347
"6",0.239520989269044,27.0288298723074
"7",0.30138032043017,27.8556961203069
"8",0.332389710771223,28.2344269333481
"9",0,25.5926828917965
