"","obs","bmi"
"1",0.364828710763428,28.7802586635854
"2",0.336009176113842,28.3181908970736
"3",0.342126551719044,28.4945686744564
"4",0.317511999567119,28.2089423338011
"5",0.293495557624528,27.9233804426172
"6",0.248959735134241,27.07972164708
"7",0.311544726881763,27.8823757064874
"8",0.328493762673454,28.2211888460625
"9",0,25.625156193147
