"","obs","bmi"
"1",0.369679865395551,28.8379351524902
"2",0.341159037806246,28.3710904841476
"3",0.33777058409404,28.4129238794037
"4",0.296725327088389,27.9880622517501
"5",0.264957815609561,27.5633512680024
"6",0.24501185221667,27.0569081036804
"7",0.309990047994952,27.9202114570954
"8",0.334240089149409,28.3151097465525
"9",0,25.6320985681163
