"","obs","bmi"
"1",0.367462779673741,28.8049665570935
"2",0.339397791257917,28.3553056499728
"3",0.357448812289282,28.5447729568253
"4",0.346367046020285,28.2847236188231
"5",0.33546738533062,28.0248256444849
"6",0.244658123658446,27.0595260422382
"7",0.314014864775252,27.9373347181778
"8",0.339014859758607,28.3377916567039
"9",0,25.6453917194944
