"","obs","bmi"
"1",0.367945355008149,28.7500443947004
"2",0.337065195806932,28.3000296946736
"3",0.332452381418766,28.3490753216315
"4",0.297359334987598,27.9482875485626
"5",0.266376673576209,27.547681554757
"6",0.242878106552388,27.0437308576533
"7",0.307248923907247,27.8807640814045
"8",0.329732618086919,28.2576607651744
"9",0,25.5684620059468
