"","obs","bmi"
"1",0.364556522087179,28.7579666825146
"2",0.333670126352123,28.2999610093921
"3",0.342429502172085,28.3956371768683
"4",0.314833243009686,28.0335940765101
"5",0.29028624787209,27.6718502443377
"6",0.241293559303116,27.0707791215144
"7",0.304641538413812,27.8834234099135
"8",0.331639974747084,28.2237677620709
"9",0,25.6342274045593
