"","obs","bmi"
"1",0.35959877950863,28.672529186413
"2",0.32918845253787,28.2146687315967
"3",0.330294806790221,28.2466587680317
"4",0.294943932015005,27.8209806877576
"5",0.264198829739857,27.3954992371003
"6",0.241764194832723,27.0771296852167
"7",0.311528471467965,27.9269135437732
"8",0.333754941158025,28.3076666840458
"9",0,25.6014337071335
