"","obs","bmi"
"1",0.360605975616869,28.6549553705118
"2",0.329447714354206,28.1902074498608
"3",0.336926549518621,28.316999749403
"4",0.309407264809229,27.9791839938927
"5",0.286082937287905,27.6415104197004
"6",0.241603645578499,27.0352438234165
"7",0.307177073595353,27.8975009949428
"8",0.331271133433125,28.2201905987322
"9",0,25.5653642846088
