"","obs","bmi"
"1",0.357270937476489,28.7225400600181
"2",0.327530601635775,28.2555971987384
"3",0.342956377658636,28.4468191416068
"4",0.327706924650432,28.1713296089248
"5",0.313125765732062,27.8960826087442
"6",0.245792680379635,27.0726512428238
"7",0.310270708422543,27.9051760108091
"8",0.333690004358094,28.2839007944935
"9",0,25.6210991923917
