"","obs","bmi"
"1",0.366469937311445,28.7303046857201
"2",0.335407395976503,28.275658495127
"3",0.344810636571637,28.3362745452269
"4",0.318682239945483,27.9425306106717
"5",0.292768050456233,27.5490920166072
"6",0.242890770960352,27.0667083919808
"7",0.309812726590097,27.9261461530529
"8",0.330107653557479,28.2332244990705
"9",0,25.5847944433725
