"","obs","bmi"
"1",0.360110355998218,28.6514310323071
"2",0.328125191678263,28.1930815887936
"3",0.33956657353548,28.4147267613273
"4",0.318550341986,28.1780829117281
"5",0.294048229674666,27.9414997967424
"6",0.249757327725448,27.1844346682053
"7",0.302970696748341,27.8207356224933
"8",0.335496605224659,28.3326637557872
"9",0,25.5567992915904
