"","obs","bmi"
"1",0.35859123951943,28.6464742779858
"2",0.328049653352538,28.1839080218733
"3",0.346609650633675,28.3482598580403
"4",0.331846046913126,28.0501945569487
"5",0.318884745119163,27.7522835986822
"6",0.242255871933364,27.0217388271893
"7",0.299935422106542,27.8167258152125
"8",0.333345445678894,28.3045338457765
"9",0,25.6112142879904
