"","obs","bmi"
"1",0.355509532237662,28.6560532942571
"2",0.327838381221537,28.1986485707438
"3",0.337659980874569,28.3365743549594
"4",0.317111908826355,28.0174042098403
"5",0.295218251179528,27.6985593068914
"6",0.244020537936421,27.0100332180568
"7",0.308988185131863,27.9169306900051
"8",0.336285493040849,28.341100718958
"9",0,25.5731458595406
