"","obs","bmi"
"1",0.358659145834118,28.6721903024932
"2",0.329344294154228,28.207744064524
"3",0.328283052911673,28.2745165752863
"4",0.290520516928288,27.8770984863834
"5",0.258170943585545,27.4799455701898
"6",0.246159905011938,27.0244191731658
"7",0.305586008125455,27.8395271307814
"8",0.334688361528591,28.2369136354588
"9",0,25.5969357395648
