"","obs","bmi"
"1",0.354210992114419,28.6527646916451
"2",0.324403911336372,28.1997813474861
"3",0.329684646378182,28.3115088153319
"4",0.303791583812657,27.9704177598582
"5",0.275817779035017,27.6294956248966
"6",0.243197529806044,27.0831217246387
"7",0.306908645014784,27.9150936226136
"8",0.341117794865661,28.338664953939
"9",0,25.6169898744212
