"","obs","bmi"
"1",0.360663710291578,28.7294463653751
"2",0.330453896593792,28.2724160857179
"3",0.336869887519595,28.3659738580455
"4",0.310378782967541,28.0026584008003
"5",0.28016574370838,27.6395034960124
"6",0.245735865978729,27.0514291572011
"7",0.303108938335622,27.8330487962698
"8",0.335001826484273,28.2868983519106
"9",0,25.5957495427356
