"","obs","bmi"
"1",0.356603479853737,28.6846436095233
"2",0.326008545350017,28.2279541466515
"3",0.339170042210918,28.3990566676603
"4",0.321830951897862,28.113594172035
"5",0.304360179253076,27.8282585622237
"6",0.240864533239845,27.033341033284
"7",0.31054942419182,27.8939607383494
"8",0.333333216036039,28.2994759826891
"9",0,25.5371400970146
