"","obs","bmi"
"1",0.358842347555422,28.7124963900641
"2",0.330733040924333,28.2574770425131
"3",0.340800519769287,28.3991252691707
"4",0.322520783307862,28.0860928693671
"5",0.301403729587033,27.773419925126
"6",0.246283135740664,27.0511045437631
"7",0.311933320565265,27.9382574976252
"8",0.332740694189717,28.2431886072072
"9",0,25.6159631647314
