"","obs","bmi"
"1",0.357173555796483,28.6441150564238
"2",0.327565498685192,28.189476520293
"3",0.334488335531288,28.2897084792688
"4",0.311985316448322,27.9354538945654
"5",0.284478949173489,27.5813549213262
"6",0.24949283539072,27.0790107430374
"7",0.308923911710681,27.8979078924729
"8",0.334309271164312,28.2959793984527
"9",0,25.5800597796106
