"","obs","bmi"
"1",0.361852429460828,28.6876677743806
"2",0.33159623283885,28.2261973698521
"3",0.34791847911522,28.4172991624284
"4",0.334873535129889,28.1471035796634
"5",0.318880454535366,27.8770883710179
"6",0.239606118540394,27.0363854653173
"7",0.310882636192343,27.9491939698066
"8",0.33169231362945,28.3264943833071
"9",0,25.5860384942543
