"","obs","bmi"
"1",0.358627881944292,28.6724765334171
"2",0.328063357361391,28.2095853493673
"3",0.3467422356816,28.4140294148143
"4",0.331467160557752,28.1557221617971
"5",0.314629045121439,27.8975594438615
"6",0.243883239926069,27.0806227421271
"7",0.30384550816595,27.8707949665898
"8",0.338252425931404,28.3805738101889
"9",0,25.5769688063098
