"","obs","bmi"
"1",0.359325930475819,28.6809355324402
"2",0.328244798251933,28.2074436684538
"3",0.336538697228436,28.3425215324476
"4",0.311775605937041,28.0043495136105
"5",0.287149377769908,27.6664303128248
"6",0.243558524786546,27.0664512801651
"7",0.305802106254721,27.9032121977755
"8",0.332943743979936,28.2500934781007
"9",0,25.6071377499498
