"","obs","bmi"
"1",0.361078008344533,28.7217640001652
"2",0.331726086425563,28.262702464834
"3",0.335319274223236,28.4626312443642
"4",0.307001927692159,28.2036087827043
"5",0.280596451937691,27.9446983084704
"6",0.245979364789752,27.0908964974159
"7",0.316693588951023,27.9659606617693
"8",0.329949762744393,28.2479433215267
"9",0,25.5937675464462
