"","obs","bmi"
"1",0.362061780035388,28.7196149264554
"2",0.331530178888407,28.2631925190891
"3",0.34055403173013,28.4164654973074
"4",0.315307635513554,28.1134254285362
"5",0.289155624127253,27.8104963571938
"6",0.238955738422171,27.0066896544461
"7",0.315328523459373,27.9935876099431
"8",0.332426613761936,28.2993805852004
"9",0,25.5737396931707
