"","obs","bmi"
"1",0.36077464204224,28.7169159148606
"2",0.333432620079523,28.2548170216473
"3",0.344693283797981,28.4201033894718
"4",0.325398526109712,28.1234399832253
"5",0.307916768372204,27.8269301472332
"6",0.239531941947973,27.0133611300547
"7",0.307438541176703,27.8958275966879
"8",0.329764998366967,28.2324488513618
"9",0,25.6014075323603
