"","obs","bmi"
"1",0.353419349485414,28.6232909455807
"2",0.323132814854368,28.1682563979222
"3",0.322544539993354,28.266663293532
"4",0.288736943935474,27.91025683756
"5",0.258660488840057,27.5540796562964
"6",0.240459051539253,27.0551255555259
"7",0.304425739088136,27.9199920641903
"8",0.336251714903142,28.3229816593633
"9",0,25.5870974041594
