"","obs","bmi"
"1",0.359717834611125,28.7285056265873
"2",0.329838868847871,28.2717843984683
"3",0.345909099838849,28.4226835064498
"4",0.330291634020218,28.1170435275581
"5",0.31458981474195,27.8115922875999
"6",0.246819935196399,27.1007904444908
"7",0.307535683917085,27.8818334456161
"8",0.342386378419123,28.3455376460745
"9",0,25.6448573245741
