"","obs","bmi"
"1",0.359546436080429,28.6872697664284
"2",0.330080595292146,28.2405646899971
"3",0.333516479018137,28.3418845256033
"4",0.304744249921057,27.9966465388491
"5",0.281405930234116,27.6515590543046
"6",0.238849314839498,26.9905427866783
"7",0.309189862741916,27.8892681240132
"8",0.332914551742491,28.2811295162191
"9",0,25.594552330488
