"","obs","bmi"
"1",0.362734597909029,28.7352474397376
"2",0.332565312839809,28.2733866609853
"3",0.345968174984104,28.4419957807105
"4",0.32716112789793,28.1489048566096
"5",0.305481499721598,27.8559802542533
"6",0.250223340105825,27.1171053269053
"7",0.308655176625753,27.8913994384071
"8",0.34229287967629,28.3631296898388
"9",0,25.6177084676916
