"","obs","bmi"
"1",0.361641597281765,28.7210079768602
"2",0.333374562332326,28.2629196153387
"3",0.338745527557392,28.4464986029543
"4",0.311606298034483,28.1721269845794
"5",0.289870275802983,27.8978960256297
"6",0.243192458856859,27.0801447628036
"7",0.305336036533296,27.9159505037692
"8",0.334874779712229,28.2574611586633
"9",0,25.5635811673205
