"","obs","bmi"
"1",0.362438166989675,28.7583595765725
"2",0.336191886997967,28.306630666676
"3",0.345877867846954,28.440180761093
"4",0.323540366921365,28.1222013131705
"5",0.305728439970886,27.8044289863666
"6",0.245526490610878,27.048067531619
"7",0.311625503132559,27.8949962352919
"8",0.330552809130683,28.2138026958779
"9",0,25.5820762715349
