"","obs","bmi"
"1",0.359429290600631,28.6964217096915
"2",0.330533765256057,28.2404274594883
"3",0.345426002116054,28.4030003889966
"4",0.327622605938507,28.1097271435835
"5",0.309860359343856,27.8166060212071
"6",0.24373574977462,27.0910214861296
"7",0.307380240413817,27.8896852921203
"8",0.331629049948948,28.2886515723995
"9",0,25.5673229020265
