"","obs","bmi"
"1",0.359120327706593,28.6885109230812
"2",0.330225756374199,28.2245875270386
"3",0.336772164880978,28.3661091762375
"4",0.3111206120297,28.0438352334078
"5",0.28394489035531,27.7216916172468
"6",0.241985708428023,27.040463784518
"7",0.307224550492552,27.8859663154384
"8",0.331579104805516,28.263239808851
"9",0,25.5855628488307
