"","obs","bmi"
"1",0.352634131808914,28.6410472991926
"2",0.323548273998642,28.1809137423629
"3",0.330319003871822,28.3271087246061
"4",0.305618808260933,28.013434432881
"5",0.281410601821453,27.7000364891135
"6",0.245213812562014,27.100336561531
"7",0.311575552904714,27.9677470659815
"8",0.336230414061471,28.2808863291569
"9",0,25.6062511356097
