"","obs","bmi"
"1",0.364216811943317,28.7187001530653
"2",0.336823430936036,28.2591327092732
"3",0.350863001698357,28.4254719364116
"4",0.334985439133641,28.1325530164249
"5",0.316097837524783,27.8399591803091
"6",0.244113345952374,27.0631360558571
"7",0.309550754492664,27.9070605712004
"8",0.340662119841297,28.3035708462709
"9",0,25.5846340325377
