"","obs","bmi"
"1",0.357399008293565,28.7399731758449
"2",0.330241726443536,28.2811238026711
"3",0.343514595521602,28.461872884304
"4",0.329527669927245,28.1839655977339
"5",0.314302941916367,27.9062588157919
"6",0.241803286269708,27.0635143865729
"7",0.308816081768143,27.8992876828238
"8",0.333733830662591,28.2914957765705
"9",0,25.6190487935739
