"","obs","bmi"
"1",0.357122906215922,28.6864914551465
"2",0.328579529318647,28.2177073534427
"3",0.337355092429304,28.3618950703795
"4",0.316502996941721,28.037429730962
"5",0.291846347261402,27.7130997595186
"6",0.243835239495469,27.0783412512678
"7",0.3080577627792,27.915784626802
"8",0.334250592331727,28.2571753930317
"9",0,25.6072436080608
