"","obs","bmi"
"1",0.359758202733809,28.666747018177
"2",0.331103941940565,28.2149549153678
"3",0.339258550618753,28.4210088643406
"4",0.319112752502934,28.1753568326477
"5",0.293291763551468,27.9297926616901
"6",0.247089894023985,27.0722716445733
"7",0.309090439191419,27.919931070879
"8",0.335781161982039,28.2780416808218
"9",0,25.5873934056739
