"","obs","bmi"
"1",0.363157943988111,28.6603121668602
"2",0.336565943486258,28.1996206614356
"3",0.343504497541392,28.3670772907169
"4",0.322642887036964,28.0739793296881
"5",0.298895079219443,27.7810220368867
"6",0.245850565448735,27.1116920019188
"7",0.304688071236454,27.8998446818809
"8",0.331534487092784,28.2468159901776
"9",0,25.5532030708947
