"","obs","bmi"
"1",0.366272441740512,28.742825669458
"2",0.334035781526348,28.2840002047205
"3",0.354112148264128,28.4823659741229
"4",0.34139185836534,28.2221118878063
"5",0.328025855246507,27.9620722645432
"6",0.247347014872698,27.1005565199602
"7",0.306414927596818,27.9087894046541
"8",0.34125772541948,28.2978605675564
"9",0,25.5778466997176
