"","obs","bmi"
"1",0.361128931656003,28.6996898721546
"2",0.33292812211972,28.2399011454599
"3",0.350637817756061,28.3769686825738
"4",0.336390109431046,28.0545633776478
"5",0.321692804396309,27.7324906148038
"6",0.245099501204939,27.0647114861612
"7",0.307984087347381,27.8864278069646
"8",0.331346530925194,28.2600562077184
"9",0,25.5862261504497
