"","obs","bmi"
"1",0.358658869083518,28.6486151392303
"2",0.330192974542696,28.1886310833778
"3",0.343797957552483,28.3731252648546
"4",0.327587549379061,28.0977859006132
"5",0.308743236105558,27.8226025578367
"6",0.24961596435783,27.1125780519422
"7",0.311673756425288,27.9373746886059
"8",0.332919987677693,28.2832503360973
"9",0,25.5813069791777
