"","obs","bmi"
"1",0.356453248070071,28.6160037248501
"2",0.326938548634087,28.1619289239918
"3",0.341349787291977,28.2917600557137
"4",0.324055425691415,27.9677741455115
"5",0.308571295254794,27.6440572997891
"6",0.24897124137583,27.1163501934967
"7",0.308391182489405,27.9588533099789
"8",0.33457498054075,28.2950117089397
"9",0,25.5373199404309
