"","obs","bmi"
"1",0.358271210889536,28.690192637417
"2",0.327925965781263,28.2288618925266
"3",0.34076572324459,28.4143901780736
"4",0.321226826829533,28.1389875490523
"5",0.301436055291462,27.864014549562
"6",0.240344316307578,27.001155937783
"7",0.31247509577505,27.9387060978991
"8",0.334420177981561,28.2830483967548
"9",0,25.6332843745661
