"","obs","bmi"
"1",0.361669309520553,28.7071001018687
"2",0.330933753029974,28.2412433430764
"3",0.339972949412416,28.2958082002336
"4",0.315407612302532,27.8847881751164
"5",0.292481612733165,27.4740543288088
"6",0.24303505873853,27.0542029319074
"7",0.303408159329302,27.8915630180339
"8",0.333923478807519,28.2147519075105
"9",0,25.579541268672
