"","obs","bmi"
"1",0.365999888403195,28.7690347390456
"2",0.337584694519722,28.3198439125889
"3",0.35345797440868,28.4985844297
"4",0.340904935658209,28.2282604344793
"5",0.328052265151387,27.958066012964
"6",0.240190788634444,26.9917065120276
"7",0.3053059875597,27.8549492292099
"8",0.328518816484295,28.216605734565
"9",0,25.5734067198184
