"","obs","bmi"
"1",0.357417217434731,28.6571945278855
"2",0.328241681196908,28.1951077022474
"3",0.336656374975404,28.3220462084991
"4",0.315972030135235,27.9871873483079
"5",0.294856265697467,27.6526324265212
"6",0.243999054899233,27.0289886317867
"7",0.307297754448316,27.9003532656673
"8",0.33486597623445,28.2757055385787
"9",0,25.5446840542521
