"","obs","bmi"
"1",0.369630541102531,28.7364277703872
"2",0.336417721296699,28.2723538587556
"3",0.346707994437897,28.4365724143528
"4",0.326790587228152,28.1368863246491
"5",0.305341367789061,27.8373753796829
"6",0.245905511128753,27.1426596090524
"7",0.308245992195415,27.8897926304913
"8",0.333445805688978,28.2815876679803
"9",0,25.5501393327971
