"","obs","bmi"
"1",0.35873859121524,28.712210771398
"2",0.329906964961054,28.25291268044
"3",0.333903753765766,28.4019135013452
"4",0.3050433854166,28.0917556889124
"5",0.276730079060235,27.7817422988002
"6",0.241810514649773,27.0271524122031
"7",0.302482951974141,27.868873781965
"8",0.331775116677124,28.2019175009184
"9",0,25.607586893281
