"","obs","bmi"
"1",0.360359228826321,28.6855317340578
"2",0.332089830815764,28.229832584741
"3",0.344274241771946,28.3859356027299
"4",0.325147521541582,28.0865189636986
"5",0.308313696127855,27.7872881619955
"6",0.243769331806674,27.0880910188723
"7",0.310080729304429,27.8967325990996
"8",0.340230840819381,28.3507607056631
"9",0,25.6008441230406
