"","obs","bmi"
"1",0.355858176320532,28.6122409788082
"2",0.325821586242988,28.1520157381717
"3",0.336402077244969,28.3269385778809
"4",0.31854954300426,28.041792309222
"5",0.295048571749684,27.7568085453175
"6",0.248868108189955,27.1383807471749
"7",0.309962181132082,27.9497179408251
"8",0.336759954224367,28.3424559682216
"9",0,25.5732170299376
