"","obs","bmi"
"1",0.355899385850715,28.6814293063452
"2",0.323818012160645,28.2186553855466
"3",0.33151128970388,28.3799543405157
"4",0.307423995841177,28.078599630511
"5",0.282464687291525,27.7773683379936
"6",0.244891246905499,27.0721233120033
"7",0.309786080908608,27.9167802396054
"8",0.332834570805102,28.3012510768895
"9",0,25.6236686353407
