"","obs","bmi"
"1",0.357105869815867,28.6205250990517
"2",0.326370675847925,28.1607138953439
"3",0.330889746201159,28.2124872611388
"4",0.300483495148714,27.8046989780401
"5",0.273212688702126,27.3971792959258
"6",0.245729060982894,27.0868606693879
"7",0.301296873419475,27.8554420780032
"8",0.337981370156516,28.3646022181518
"9",0,25.5834952385189
