"","obs","bmi"
"1",0.363635696306264,28.7709342545352
"2",0.332510236993698,28.3121144697647
"3",0.343258471816538,28.4697711518557
"4",0.324495970051348,28.1688422866332
"5",0.301583411234538,27.8681585770566
"6",0.253865823247387,27.1230872273576
"7",0.30805085603636,27.9026721779688
"8",0.333313390747425,28.2750334495872
"9",0,25.6287720040277
