"","obs","bmi"
"1",0.360503722009192,28.7034352727961
"2",0.330476768572508,28.2458451796849
"3",0.338014794879909,28.3325932515353
"4",0.313086123282973,27.9621046132991
"5",0.287799051100303,27.5919895677984
"6",0.251054438575151,27.1526116743411
"7",0.31530584746992,27.9878539749111
"8",0.334943789543514,28.2941011717776
"9",0,25.595607318129
