"","obs","bmi"
"1",0.358775639425983,28.6970836783006
"2",0.330054461235516,28.2337638617063
"3",0.341746542760172,28.3346395240108
"4",0.323254173800126,27.972522663273
"5",0.303732599713308,27.6107501569375
"6",0.246816738141849,27.1033363977042
"7",0.307577340249473,27.9319239575816
"8",0.336763482419822,28.2479099393555
"9",0,25.6182503726424
