"","obs","bmi"
"1",0.366495889756717,28.7530353992956
"2",0.337662801883477,28.300986681407
"3",0.343301915215413,28.4288275937966
"4",0.318520952316785,28.1048648109925
"5",0.292671086113577,27.7811584352816
"6",0.247745531620747,27.0951843156297
"7",0.309148815848793,27.9069598727924
"8",0.332701385920434,28.2416937965047
"9",0,25.5686818147909
