"","obs","bmi"
"1",0.356817606033982,28.6974168533515
"2",0.326891002239671,28.2406709200327
"3",0.338394840844444,28.4097908506525
"4",0.319905996852354,28.1223148147483
"5",0.301028045224893,27.8349929421619
"6",0.246754948708164,27.0656946277753
"7",0.310950904247453,27.947920159798
"8",0.333151075549552,28.251011858896
"9",0,25.6072068184409
