"","obs","bmi"
"1",0.363304361204737,28.7256269519787
"2",0.332844299351637,28.2654423016395
"3",0.341317423118471,28.435329578318
"4",0.316621019719046,28.1451659049635
"5",0.300074663387796,27.8551393876038
"6",0.241234857559145,27.0107579290928
"7",0.305047861418477,27.8856412052907
"8",0.331013740532509,28.2682522759875
"9",0,25.576495551336
