"","obs","bmi"
"1",0.366226360004752,28.7543190295548
"2",0.334276274164092,28.2972606916365
"3",0.343284113275266,28.4040406899297
"4",0.321733091352436,28.0539665879487
"5",0.298249435371161,27.7041036018884
"6",0.242671683145924,27.0497406199661
"7",0.308075634335253,27.9028158588561
"8",0.335464875645747,28.2401217011458
"9",0,25.5699974040736
