"","obs","bmi"
"1",0.358207367818382,28.6823203701138
"2",0.328203580101989,28.2275969585232
"3",0.338494407451034,28.3376644864608
"4",0.322368843649842,27.9932112082868
"5",0.302647163962245,27.6489691830094
"6",0.239561885743306,27.056950722916
"7",0.305242600169231,27.8832091725823
"8",0.336886523285453,28.3027841216575
"9",0,25.6263445552405
