"","obs","bmi"
"1",0.356659730573764,28.7160898064485
"2",0.32810361672006,28.2592404817265
"3",0.346524232781766,28.4623375091818
"4",0.337042727706334,28.2087753965943
"5",0.325500495887851,27.9554104059593
"6",0.238997188260209,27.0224012615903
"7",0.313404687127308,27.9664057493111
"8",0.333528946395046,28.2733988643782
"9",0,25.5976454948396
