"","obs","bmi"
"1",0.369197775980091,28.7927322607527
"2",0.338877560831978,28.3288368033688
"3",0.360550241521963,28.5083179442258
"4",0.349561960455797,28.2241963933847
"5",0.340073589095628,27.9403832475063
"6",0.247254168590796,27.0810583048683
"7",0.303576832306793,27.8800963086559
"8",0.327997061728033,28.2171733630418
"9",0,25.6255629699168
