"","obs","bmi"
"1",0.363785064552715,28.7274482676692
"2",0.332741363086568,28.265172573194
"3",0.339021333056269,28.4224911066448
"4",0.312149158302013,28.1178005679852
"5",0.289110512888733,27.8133899818871
"6",0.24033344573553,27.0563860703907
"7",0.305947161069002,27.9356143952277
"8",0.330707043887459,28.2477797241164
"9",0,25.5681919365603
