"","obs","bmi"
"1",0.359980100558305,28.696545002441
"2",0.327734457359771,28.2359547539437
"3",0.332697862448621,28.3913287294355
"4",0.305835736725512,28.0861844129556
"5",0.281021744163596,27.7811122369818
"6",0.247944304065097,27.1014779292969
"7",0.303673579770258,27.9134610410655
"8",0.336266488636459,28.329696959505
"9",0,25.6068963949713
