"","obs","bmi"
"1",0.360345570700363,28.7076868446499
"2",0.33082809315875,28.2477460932297
"3",0.33757698454501,28.4018249729545
"4",0.311084128127787,28.0960630304362
"5",0.284988162669481,27.7904021094991
"6",0.241141820698666,27.0560322874955
"7",0.307536940775311,27.8261884371918
"8",0.335624371073341,28.2469918513439
"9",0,25.5645580157643
