"","obs","bmi"
"1",0.356683787521004,28.6776610887125
"2",0.329733127812146,28.2140832313989
"3",0.342157937037638,28.4337162942557
"4",0.327616286296141,28.1898797077688
"5",0.309993568003514,27.946153328394
"6",0.242778462584385,27.0797869934571
"7",0.309534466700645,27.9113428157075
"8",0.335491059012465,28.2792480628934
"9",0,25.5994587019918
