"","obs","bmi"
"1",0.361439521778325,28.759867572155
"2",0.332781833921784,28.3028978466734
"3",0.339509714737474,28.4632699416905
"4",0.316097612049447,28.1668778512907
"5",0.294096492995908,27.8706998085949
"6",0.246134142720537,27.0950555087701
"7",0.30680346872674,27.9054725537797
"8",0.328812105260163,28.2155776433238
"9",0,25.5846576012238
