"","obs","bmi"
"1",0.360784046524164,28.7207916974583
"2",0.331301408171775,28.2621093931941
"3",0.33482057372841,28.3319940871814
"4",0.30541170300053,27.9435245295348
"5",0.279883891160799,27.5553979360959
"6",0.244857014670602,27.0512253050124
"7",0.309719460142635,27.9412481937281
"8",0.337068457857996,28.2756900499902
"9",0,25.5863271251362
