"","obs","bmi"
"1",0.359725326145911,28.7193357286117
"2",0.332046758067258,28.2659718995525
"3",0.338302342521562,28.4326993853259
"4",0.318534471257673,28.1461443459757
"5",0.295636317601173,27.8596720290596
"6",0.24433833846462,27.0138876452001
"7",0.305447107636586,27.8726657389479
"8",0.33217751794857,28.2424886050417
"9",0,25.6130807385226
