"","obs","bmi"
"1",0.361690169956874,28.7237945373437
"2",0.332827226133456,28.2686815122156
"3",0.335652661409761,28.3572574038916
"4",0.304748151742306,27.9908870009617
"5",0.275266903485389,27.6246888696968
"6",0.244452943130162,27.0627404505729
"7",0.305576451415366,27.8728617849345
"8",0.338153723049866,28.3258647898983
"9",0,25.6182091216169
