"","obs","bmi"
"1",0.356407819578535,28.697090990091
"2",0.326218734365683,28.2326346848822
"3",0.332393104003323,28.3494573233795
"4",0.30562430684657,28.0020293697468
"5",0.281869310946012,27.654815240991
"6",0.243318942640747,27.0593998484542
"7",0.308750963345549,27.9224519301197
"8",0.3361792353536,28.2957022542171
"9",0,25.6049412076124
