"","obs","bmi"
"1",0.357463947260923,28.6822243177458
"2",0.329883658918342,28.2254274680529
"3",0.337367268423491,28.3493279181107
"4",0.318132839035812,28.0168366171764
"5",0.295526848895878,27.6847796410914
"6",0.247618228366974,27.1006664252165
"7",0.309999072760432,27.9135127372031
"8",0.339317256997402,28.2972332249144
"9",0,25.6276541655548
