"","obs","bmi"
"1",0.357522258432671,28.6742194632599
"2",0.329426022804861,28.2164598217277
"3",0.337868531851481,28.3876094081746
"4",0.319432745344461,28.1011156066822
"5",0.298272224479297,27.814741328575
"6",0.247877222131661,27.1605363631812
"7",0.30530374972409,27.8649886733935
"8",0.335740830067016,28.2867693812562
"9",0,25.5644184173367
