"","obs","bmi"
"1",0.354434096379789,28.6824639360513
"2",0.326018564106687,28.2301221622152
"3",0.33649524686964,28.3698708292921
"4",0.310651604618212,28.0575177808367
"5",0.290956794322466,27.7454148484948
"6",0.247969806224578,27.0324173095535
"7",0.309845307155918,27.9156800969314
"8",0.336123901147699,28.3146107402268
"9",0,25.6462785564574
