"","obs","bmi"
"1",0.364136382661814,28.7778426818333
"2",0.335379979257765,28.3165792676174
"3",0.345920878212637,28.5104562877585
"4",0.32777797805598,28.2432247078469
"5",0.304758126225966,27.9761532746565
"6",0.245737697175966,27.0684801201831
"7",0.307160406929012,27.8908893179543
"8",0.335701942425094,28.266437594799
"9",0,25.6043276211677
