"","obs","bmi"
"1",0.363925162560996,28.7359713134792
"2",0.334593529294439,28.2770012753454
"3",0.353649498550521,28.3952396646119
"4",0.341177749983756,28.0549274786061
"5",0.329795614180285,27.7150607567854
"6",0.244524009581517,27.0506384287784
"7",0.308456563232659,27.906800431253
"8",0.335547200696675,28.2909807368003
"9",0,25.6266182874009
