"","obs","bmi"
"1",0.365857011003192,28.7476954621929
"2",0.334688637490408,28.283689199416
"3",0.350139556432449,28.5119222365018
"4",0.337545881166237,28.2762429026592
"5",0.321172593712709,28.0406602661744
"6",0.243174551336539,27.065329179483
"7",0.30797576363372,27.9046902318982
"8",0.336080718623101,28.2785128645615
"9",0,25.5871552118748
