"","obs","bmi"
"1",0.362195230162758,28.746669215526
"2",0.332400525524522,28.2825712565331
"3",0.350400469685773,28.4775364687831
"4",0.340118953713045,28.2085918838284
"5",0.325671146020437,27.939842510622
"6",0.250957541593084,27.1142824437666
"7",0.305419372629236,27.8767433872379
"8",0.330531454528586,28.2319427301984
"9",0,25.6435323081133
