"","obs","bmi"
"1",0.368050493777298,28.7528663065013
"2",0.336766178840856,28.2903574912625
"3",0.344372675745406,28.3837890511104
"4",0.31694306919468,28.0149984649219
"5",0.292682125236716,27.6465083202762
"6",0.238743496057388,26.9897104474063
"7",0.311399650431267,27.9102363105626
"8",0.338713557904185,28.2888484261649
"9",0,25.6219871176975
