"","obs","bmi"
"1",0.357238200283494,28.6795999090148
"2",0.327548323392461,28.2135558422639
"3",0.344209796704131,28.3700346454677
"4",0.329152484534527,28.0609344296911
"5",0.315325276367517,27.7523334832966
"6",0.247611284957668,27.1013606135353
"7",0.306661623427052,27.9254217026527
"8",0.3296770498929,28.2777570413232
"9",0,25.6058140483314
