"","obs","bmi"
"1",0.359886645380513,28.6547602122063
"2",0.331349420023079,28.1936652335394
"3",0.345545487452339,28.3443896579409
"4",0.32845595075807,28.0342424050935
"5",0.313197487606614,27.7243285443419
"6",0.243967979187608,27.0856828173186
"7",0.313473064812848,27.9284032410583
"8",0.337653430461793,28.3477578531155
"9",0,25.5739510853631
