"","obs","bmi"
"1",0.355941528141207,28.6754014642679
"2",0.32827740035975,28.2231416763609
"3",0.344163000754628,28.4785639741764
"4",0.329589114056533,28.2818360298007
"5",0.313484915534798,28.0852208906495
"6",0.246043854364683,27.0760643778972
"7",0.306528369868386,27.855352038799
"8",0.33139909690265,28.2823816555684
"9",0,25.6163377176503
