"","obs","bmi"
"1",0.359337046973217,28.7296239316014
"2",0.330241819249273,28.2760629095577
"3",0.326862225129151,28.3666585967135
"4",0.288548332827945,28.0038149891258
"5",0.257921145794909,27.6410925494466
"6",0.244012811197571,27.0122112760284
"7",0.309895916870994,27.8998091780074
"8",0.335126975974236,28.2528788669122
"9",0,25.6418200261699
