"","obs","bmi"
"1",0.36080185755508,28.7035213989179
"2",0.333538383460823,28.2522582606393
"3",0.338639892932973,28.3761851993006
"4",0.3166347060774,28.0490541091679
"5",0.290148613637651,27.7221363206758
"6",0.244985867970473,27.1141051336477
"7",0.307122311255267,27.9268547813254
"8",0.335583675550924,28.2796144293786
"9",0,25.5709916778631
