"","obs","bmi"
"1",0.363610992716827,28.7519038587151
"2",0.334871249225769,28.2988353967416
"3",0.340934232468871,28.4776104073449
"4",0.318297442685017,28.2035777137113
"5",0.294739324439862,27.9298213498162
"6",0.243254180630045,27.0603882323539
"7",0.302660226148885,27.888270420177
"8",0.334719921659353,28.2654121498917
"9",0,25.6276307076609
