"","obs","bmi"
"1",0.360110355998218,28.6514310323071
"2",0.329047768794632,28.1951793610085
"3",0.338493594964816,28.3377565928525
"4",0.318093573673155,28.0242925212789
"5",0.293687910655119,27.7110474473058
"6",0.249757327725448,27.1844346682053
"7",0.302970696748341,27.8207356224933
"8",0.335496605224659,28.3326637557872
"9",0,25.5567992915904
