"","obs","bmi"
"1",0.357658426435099,28.7214197262271
"2",0.329158161577818,28.2582319289851
"3",0.344286359420416,28.3951897644792
"4",0.329842458472969,28.0691698387533
"5",0.315567461331498,27.7433693617563
"6",0.244195994511608,27.0576166815301
"7",0.301313430057166,27.8236787765255
"8",0.331397042515427,28.2779054897173
"9",0,25.634479355135
