"","obs","bmi"
"1",0.35986702373045,28.730856467057
"2",0.329344914655594,28.2754281631702
"3",0.328155065470143,28.4079866333798
"4",0.293004351953955,28.0851755390523
"5",0.26318136413363,27.762421743505
"6",0.241085131970609,27.041837941365
"7",0.309443227319145,27.909053786829
"8",0.333365219503929,28.2606782394169
"9",0,25.6454920390409
