"","obs","bmi"
"1",0.356567140490983,28.6529339736415
"2",0.327870785841964,28.1866163320338
"3",0.337465399664654,28.3093050251537
"4",0.315542615662784,27.9659431568247
"5",0.295813503424753,27.6228607923206
"6",0.239964110627363,27.0250645426539
"7",0.308379462529181,27.9203057820142
"8",0.33361376366359,28.2859204279972
"9",0,25.5839148117071
