"","obs","bmi"
"1",0.359129144407796,28.6880476809988
"2",0.32883608581679,28.2228121296615
"3",0.342333370114217,28.3500725209399
"4",0.324184877221664,28.0123823400768
"5",0.305941789281438,27.6749904563333
"6",0.245464776462904,27.0608172909794
"7",0.30057550580247,27.8316114090739
"8",0.337221371968109,28.3071356872066
"9",0,25.5893071398323
