"","obs","bmi"
"1",0.36012507410031,28.7347883173598
"2",0.331104403122373,28.2755527581776
"3",0.340015124110686,28.4509149935321
"4",0.314001645110692,28.1671157713251
"5",0.290179385268629,27.8833906119462
"6",0.246115850029802,27.0750877979501
"7",0.311644316982633,27.9381974509831
"8",0.332379141518996,28.2756383309971
"9",0,25.6410991963843
