"","obs","bmi"
"1",0.360278011500778,28.687489761984
"2",0.32920009650853,28.2240901291689
"3",0.343519306178579,28.3909927994177
"4",0.328423278436427,28.0947232574973
"5",0.31158518475991,27.798691228086
"6",0.244794338454103,27.0475664668582
"7",0.303049087998587,27.8741183074181
"8",0.331753210256607,28.2505909126367
"9",0,25.6000693572365
