"","obs","bmi"
"1",0.364096615443156,28.7443499404187
"2",0.33159679897745,28.283270273305
"3",0.334725130001343,28.386785254552
"4",0.30324676626415,28.0294399121891
"5",0.276606519887703,27.6723201018516
"6",0.243328812735201,27.0236278147819
"7",0.311116543147161,27.9330991600349
"8",0.336559071625043,28.2812076303728
"9",0,25.6225276671845
