"","obs","bmi"
"1",0.36262150160529,28.724250584708
"2",0.335617236090831,28.2626072760781
"3",0.339480125778879,28.4362622648311
"4",0.314694586813453,28.1483844832975
"5",0.293505656158156,27.860619395786
"6",0.246789268783455,27.0844939642231
"7",0.311278547397709,27.9460385181852
"8",0.336565979449085,28.3493512978827
"9",0,25.5579502638804
