"","obs","bmi"
"1",0.362730557439654,28.6876641609227
"2",0.333277850369515,28.230996460964
"3",0.335237481726541,28.2971956952598
"4",0.304360723239848,27.9070708651718
"5",0.271924010692724,27.5173083849121
"6",0.247547770396428,27.0810804727759
"7",0.309317003169719,27.8804968741976
"8",0.334769632468835,28.2739446144246
"9",0,25.5828416535937
