"","obs","bmi"
"1",0.363279488894608,28.7102488252067
"2",0.330053251747816,28.2512317484347
"3",0.349096278859788,28.4468089955931
"4",0.332899683381902,28.1835358456028
"5",0.315741479245946,27.9204355485292
"6",0.240916503780223,27.0167508636213
"7",0.31011959700441,27.9175398568298
"8",0.340523624991761,28.3302692547394
"9",0,25.5726483877898
