"","obs","bmi"
"1",0.356421931285196,28.6940548335428
"2",0.326591973931836,28.2349816736227
"3",0.33995636027648,28.4052698399045
"4",0.320490347418041,28.1165903983262
"5",0.302639045419135,27.8280189758775
"6",0.248686474332472,27.1068319730434
"7",0.307470173000138,27.8528893863116
"8",0.337248521757404,28.3509112495388
"9",0,25.6015469628858
