"","obs","bmi"
"1",0.361233909991324,28.7616204661749
"2",0.333791215082784,28.3072405347678
"3",0.348309297599013,28.540047407548
"4",0.3328611183766,28.318668776152
"5",0.316506841120062,28.0974928461374
"6",0.244671498007391,27.0783593280393
"7",0.307299567653774,27.9216954833177
"8",0.344750853823216,28.3747756590546
"9",0,25.6007831972919
