"","obs","bmi"
"1",0.357918110067251,28.7211853948071
"2",0.326739857607677,28.2606125718358
"3",0.335480145942385,28.3578408909715
"4",0.311230206253155,27.994818133692
"5",0.288490895352096,27.632133955743
"6",0.244144920956914,27.0432917151604
"7",0.298637001121584,27.8347486709894
"8",0.336963318734341,28.3094333364481
"9",0,25.625189217063
