"","obs","bmi"
"1",0.366322957151884,28.7396633026622
"2",0.339747811527683,28.2871672718892
"3",0.342703609659319,28.3516648632302
"4",0.315473108574631,27.9640057283478
"5",0.290315829004454,27.5767051859695
"6",0.246531399951953,27.0743234212748
"7",0.308012922648358,27.940858956188
"8",0.336690385946222,28.2989800635735
"9",0,25.5674801766998
