"","obs","bmi"
"1",0.362276794354343,28.7215930153826
"2",0.331597668096838,28.2532574328511
"3",0.335387522015969,28.3713542062946
"4",0.306905257686644,28.0212827994705
"5",0.280106170729083,27.6713827355944
"6",0.246147683916102,27.0924458358242
"7",0.306236634710349,27.9207789519568
"8",0.33395834738712,28.2581982910336
"9",0,25.5792358763593
