"","obs","bmi"
"1",0.365564714929489,28.7448065184404
"2",0.333156011059393,28.2769266252343
"3",0.34596223175103,28.4593518874573
"4",0.323294191720014,28.1740877586195
"5",0.302824040323342,27.8890217892107
"6",0.244804183713914,27.0564480089697
"7",0.313087565587733,27.9508428244954
"8",0.330822947372441,28.2524394308391
"9",0,25.6184406279858
