"","obs","bmi"
"1",0.359253629988288,28.6943512667398
"2",0.330451656509914,28.2325649640866
"3",0.339564583062556,28.4260690235546
"4",0.317727715505064,28.157939779811
"5",0.296968953572228,27.8899684173681
"6",0.244353690711409,27.0644572161551
"7",0.301823595685966,27.8481688852035
"8",0.340141964576814,28.2976052513134
"9",0,25.5945263684046
