"","obs","bmi"
"1",0.359330819428194,28.7133917974155
"2",0.331334569260922,28.256071051774
"3",0.343358164310408,28.4332185914245
"4",0.325654272047083,28.1531684723329
"5",0.307288414215279,27.8732451718236
"6",0.242419864076149,27.0610110318749
"7",0.312821730530621,27.9172741694721
"8",0.332175269545698,28.2688282763066
"9",0,25.6020675426766
