"","obs","bmi"
"1",0.357072551003102,28.6853222281181
"2",0.328837919853635,28.226900284276
"3",0.335962561206003,28.3087336834528
"4",0.3160025328671,27.9324062904108
"5",0.293018730924994,27.5563577360983
"6",0.247692766842464,27.0985003077561
"7",0.307188088902357,27.916474512785
"8",0.329453579933954,28.2032862533765
"9",0,25.5905192611283
