"","obs","bmi"
"1",0.356027580981424,28.7087570396745
"2",0.325482016701853,28.2528983686684
"3",0.332466915515471,28.4421971264868
"4",0.308761383498469,28.1757302833011
"5",0.287730567584989,27.9093569886649
"6",0.249865290264304,27.1284534329781
"7",0.300516458722749,27.8203224301143
"8",0.338304127088007,28.327475290362
"9",0,25.5814780636902
