"","obs","bmi"
"1",0.356955773869814,28.6897480380571
"2",0.328543137995424,28.238228961356
"3",0.344269297044627,28.4189087646961
"4",0.331760433317614,28.1482451465617
"5",0.316788587284107,27.8777641512233
"6",0.240268123792231,27.0416445461208
"7",0.308664158767378,27.9144472514712
"8",0.328089148546518,28.2166610684854
"9",0,25.6369513638937
