"","obs","bmi"
"1",0.360923138753669,28.688682543203
"2",0.330349624766838,28.2206096235977
"3",0.336804079737239,28.3622968512422
"4",0.310966707571313,28.0361905619588
"5",0.287537037141785,27.7103797126364
"6",0.240558600613274,27.0311743814962
"7",0.303294899143188,27.8547325424868
"8",0.333653986710937,28.263963061969
"9",0,25.6247705900639
