"","obs","bmi"
"1",0.361512000088993,28.707103207289
"2",0.329790939840532,28.2487475798319
"3",0.33716311053446,28.4196889995975
"4",0.31354525522686,28.1323497958479
"5",0.289072979292327,27.845086103037
"6",0.2433847280036,27.0589399128633
"7",0.31355717112237,27.928672823073
"8",0.336773719815163,28.297096458307
"9",0,25.5729479767093
