"","obs","bmi"
"1",0.362338077700198,28.7457204572627
"2",0.333261870976139,28.2852011838329
"3",0.345588545249298,28.4987312649783
"4",0.326809658582393,28.2518363211695
"5",0.309783815758958,28.0050397468654
"6",0.244548666320949,27.0954743258644
"7",0.30388019618769,27.8562654890036
"8",0.338048783234677,28.3090239585604
"9",0,25.6106440640124
