"","obs","bmi"
"1",0.359894961104302,28.6973987430155
"2",0.3303462556061,28.2389275861324
"3",0.337688077209594,28.356459482866
"4",0.313185059646929,28.0156434346167
"5",0.287640833808243,27.6749527518495
"6",0.247644747123138,27.0877824422121
"7",0.308976416534419,27.9429775862655
"8",0.339712041169241,28.3407302164325
"9",0,25.5956731361674
