"","obs","bmi"
"1",0.357441027566549,28.6791857807267
"2",0.329355095620222,28.2257033723859
"3",0.325791228024698,28.2986564851838
"4",0.289593556490082,27.9182407014846
"5",0.256681324293852,27.5379380591921
"6",0.244114469666562,27.0809566023187
"7",0.312796978599516,27.9420255286075
"8",0.330768370163866,28.2371297078738
"9",0,25.5581818413811
