"","obs","bmi"
"1",0.364058006819244,28.7261157449305
"2",0.333582550319592,28.2690130695649
"3",0.347315230257641,28.383171972367
"4",0.331904954799786,28.0406944144573
"5",0.313432932105131,27.6987161889286
"6",0.244612115160774,27.1099458220506
"7",0.3054320404325,27.8710761843405
"8",0.335523732693205,28.2957578963138
"9",0,25.5568796023878
