"","obs","bmi"
"1",0.357372835280255,28.6642839875073
"2",0.328522996014547,28.2101257565958
"3",0.336673678954752,28.3427433080369
"4",0.316086009531734,28.0214576832185
"5",0.291519807077148,27.7004393544738
"6",0.243083021350706,27.0670572209896
"7",0.305995781439145,27.9347510133311
"8",0.328635797542089,28.1889087126543
"9",0,25.6322293882718
