"","obs","bmi"
"1",0.36256458333828,28.7369468668462
"2",0.332971379844866,28.2809249495481
"3",0.336368846681359,28.3625534133328
"4",0.302616241741942,27.9883216186097
"5",0.272854763102881,27.614254915968
"6",0.238868768754933,27.0034611495776
"7",0.30471177862791,27.8360712717604
"8",0.334754035933113,28.2933460556116
"9",0,25.5888786821983
