"","obs","bmi"
"1",0.36366767604073,28.7526638589543
"2",0.335132133064015,28.2875326235362
"3",0.343091081469073,28.3820338206735
"4",0.320522975628841,28.0117420738784
"5",0.296952333192722,27.6418080255425
"6",0.246998115382874,27.0853308717608
"7",0.311863665100275,27.9624272024392
"8",0.333185436729664,28.2738422998032
"9",0,25.5704939296267
