"","obs","bmi"
"1",0.362653962420968,28.7077668795804
"2",0.33143749346475,28.2489448901554
"3",0.348492208229821,28.4513858378074
"4",0.334377463034563,28.1952302677232
"5",0.319396014261212,27.9393108995269
"6",0.246776683114578,27.1165080647964
"7",0.308156100003719,27.9145797592365
"8",0.331368179529896,28.2556755233415
"9",0,25.5980260390084
