"","obs","bmi"
"1",0.361467738302584,28.7464916096224
"2",0.331736032330999,28.2951311789563
"3",0.337274973287731,28.4167386175555
"4",0.311197592056113,28.0871169809401
"5",0.28424838278938,27.7576288225989
"6",0.246015195154327,27.1221828842304
"7",0.312547650590328,27.9478693143081
"8",0.334601653749187,28.3333297452381
"9",0,25.5912389862202
