"","obs","bmi"
"1",0.365006220801888,28.7963897951823
"2",0.337138499135519,28.3418157735507
"3",0.356786265318232,28.4696080380767
"4",0.345239716010287,28.1431932560332
"5",0.336180104942827,27.8171681048415
"6",0.243095535125695,27.0857392767404
"7",0.306274714097404,27.9194200354715
"8",0.335879712778077,28.3293919724676
"9",0,25.655666265962
