"","obs","bmi"
"1",0.362943293821533,28.7368901745506
"2",0.335951454971401,28.2793662250246
"3",0.350115238425053,28.4880251855102
"4",0.333672984442012,28.2392612430759
"5",0.317361727973037,27.9906007550128
"6",0.243162990723952,27.0582743566655
"7",0.311797613916466,27.9510738564707
"8",0.329448137416269,28.198079606888
"9",0,25.5891528492612
