"","obs","bmi"
"1",0.36207389308923,28.7352887091245
"2",0.331331285642236,28.270855191036
"3",0.347973849633139,28.4692028568694
"4",0.333337312454701,28.2032661120743
"5",0.318024577198761,27.9374843107665
"6",0.241482346527608,27.0586636077528
"7",0.303132140478646,27.831258728056
"8",0.335255748925491,28.2611006193121
"9",0,25.6334755523445
