"","obs","bmi"
"1",0.361802917207444,28.7536703705217
"2",0.332639262074979,28.2884145893125
"3",0.343282408416777,28.4784822971667
"4",0.324359156352581,28.2034965209536
"5",0.303991487198021,27.9287213230501
"6",0.243043001841388,27.084943766511
"7",0.30615692284905,27.8362122678999
"8",0.329230204555519,28.2193123663109
"9",0,25.6386815151923
