"","obs","bmi"
"1",0.364620512723386,28.7531990593052
"2",0.334162581219856,28.2926316107278
"3",0.351147012924312,28.4626682354732
"4",0.337427119038227,28.1726186589094
"5",0.322979484927089,27.8830890233194
"6",0.246565121851566,27.0735803422228
"7",0.309424392649962,27.912948803933
"8",0.338595908451516,28.3330913736457
"9",0,25.6311408320099
