"","obs","bmi"
"1",0.359973093725948,28.6946662686252
"2",0.33089652576585,28.2378790071229
"3",0.348266538210042,28.4823909001763
"4",0.334135932861717,28.2701743592649
"5",0.321138861156481,28.0580172840786
"6",0.245380411739299,27.0505395177305
"7",0.311718241130554,27.9652986152462
"8",0.338373418824171,28.3410184185983
"9",0,25.5608665471419
