"","obs","bmi"
"1",0.358873994557543,28.6945079259742
"2",0.329659111418064,28.2355940114884
"3",0.337230327103435,28.4001221970732
"4",0.312540116277736,28.1058432984378
"5",0.28743118308572,27.811674081199
"6",0.238299706220608,27.0380629253641
"7",0.312424306993598,27.9340567489885
"8",0.336050233491643,28.3219950087971
"9",0,25.5865554849953
