"","obs","bmi"
"1",0.362715840244213,28.7400807862272
"2",0.334647204272145,28.2851977955066
"3",0.346895338375606,28.4996105190578
"4",0.328537620402113,28.2592728732628
"5",0.310018383840603,28.0190716643741
"6",0.239085245584674,26.9879207070032
"7",0.307350408077715,27.9019182327753
"8",0.334241569443385,28.2473897648001
"9",0,25.5892698368295
