"","obs","bmi"
"1",0.365794489725822,28.7962117966739
"2",0.336451220146167,28.3414940514708
"3",0.343215907982892,28.478258562029
"4",0.317890581960426,28.1605402799188
"5",0.292303075983685,27.8430666744054
"6",0.249117340711897,27.1259288907391
"7",0.308091096887204,27.9536606213125
"8",0.328502000479939,28.2520199881707
"9",0,25.6059348640034
