"","obs","bmi"
"1",0.362072492919964,28.7280610964229
"2",0.331081217922265,28.2660886353627
"3",0.348204407401433,28.5033555838904
"4",0.333578956375877,28.2787062307289
"5",0.318558392317745,28.0541143161383
"6",0.249790686488574,27.1246348403373
"7",0.311636619247713,27.9294622219877
"8",0.333043078862737,28.2642469074566
"9",0,25.6346007406852
