"","obs","bmi"
"1",0.364841009019715,28.7232355461682
"2",0.3352945640038,28.2664982012222
"3",0.338589235173864,28.3759864542863
"4",0.310661527904598,28.0289154472888
"5",0.279422788646773,27.6820282854535
"6",0.245951340005864,27.0789486929273
"7",0.307962463385241,27.8633269299562
"8",0.334598642938434,28.2801161545283
"9",0,25.580560501023
