"","obs","bmi"
"1",0.36126592270611,28.7061753216589
"2",0.331856162832997,28.257318139453
"3",0.335553849174487,28.3970669588222
"4",0.306552221023031,28.0881354467636
"5",0.282311140253633,27.7793867738238
"6",0.24579259616242,27.0831005145308
"7",0.309980972184683,27.9338342282659
"8",0.329596274928789,28.2105257583006
"9",0,25.5993058624219
