"","obs","bmi"
"1",0.356055265194234,28.6518100463852
"2",0.328702605014944,28.1912179703893
"3",0.337694571621126,28.3781985288592
"4",0.318842030680337,28.1047382824201
"5",0.301320400813594,27.8314366956119
"6",0.243988109917578,27.0857919811474
"7",0.308247193119795,27.9188206286023
"8",0.33426899744718,28.2723992199929
"9",0,25.5912175546158
