"","obs","bmi"
"1",0.359882277828667,28.6788896819378
"2",0.3312665421824,28.2271136870654
"3",0.34805182560212,28.3730420528949
"4",0.336303549929268,28.0674082584437
"5",0.323040149240253,27.7619968276318
"6",0.245144526330695,27.0620075507405
"7",0.30824822780519,27.9352565530598
"8",0.335199654249639,28.2836078613149
"9",0,25.6189215255242
