"","obs","bmi"
"1",0.367351216983441,28.763181610973
"2",0.335588371604887,28.3056789464855
"3",0.348858196535269,28.4394677636084
"4",0.326077556580235,28.1159379559028
"5",0.306503421545277,27.7925995167781
"6",0.242028109682767,27.0902666478193
"7",0.312333925669653,27.9247000246928
"8",0.329320340978221,28.2628205091299
"9",0,25.6278977960873
