"","obs","bmi"
"1",0.362489243903486,28.6627291195769
"2",0.33122441515837,28.2041089752687
"3",0.334495107082178,28.3223897641872
"4",0.309465240202315,27.9822327099207
"5",0.278687746203245,27.6422638667746
"6",0.24451116283921,27.0354457179675
"7",0.299401867533963,27.8292215893873
"8",0.330695541809309,28.2433034465158
"9",0,25.5243297133814
