"","obs","bmi"
"1",0.361412491676425,28.6979207487965
"2",0.327759830648245,28.2428187838551
"3",0.350431840631371,28.4358979246737
"4",0.339340646687907,28.1743042919854
"5",0.328587256733954,27.9131717879432
"6",0.24456579950905,27.0768492238686
"7",0.306465560629494,27.8671423209072
"8",0.336746156749227,28.3139774358793
"9",0,25.547888762445
