"","obs","bmi"
"1",0.366769170215147,28.7548035941412
"2",0.337381010808162,28.2888551751673
"3",0.345381442725318,28.3896243596943
"4",0.322723813086179,28.0247903970324
"5",0.295006599006893,27.6603199305714
"6",0.242540134575761,27.0535234589798
"7",0.308129337169766,27.9134660951015
"8",0.32931620275113,28.2276749944563
"9",0,25.5728504624516
