"","obs","bmi"
"1",0.363368479943066,28.7381155785756
"2",0.332292008391944,28.272302956068
"3",0.349536485131343,28.4158072830878
"4",0.334478940336842,28.0938354593866
"5",0.322650838346884,27.7722193652861
"6",0.247491994306951,27.0991295974914
"7",0.305357079266037,27.9121899595004
"8",0.339563928352863,28.3520142024705
"9",0,25.6198253921724
