"","obs","bmi"
"1",0.354434782349859,28.628465313779
"2",0.325309034843198,28.1686149990147
"3",0.3335518826214,28.271065492298
"4",0.312402673872812,27.9140582952521
"5",0.29141517608416,27.5574674829004
"6",0.243797760112186,27.0251901851921
"7",0.305130641021534,27.8496201118524
"8",0.333838690121802,28.2776567691738
"9",0,25.5300777840046
