"","obs","bmi"
"1",0.369023542269419,28.795037222147
"2",0.34004842304913,28.3394963707749
"3",0.344141533694853,28.4175345389302
"4",0.31802883355642,28.0402663767851
"5",0.292548988945881,27.6632421180527
"6",0.244876432010586,27.0378965318442
"7",0.314647460905461,27.9392821557781
"8",0.33447671486813,28.2924002640829
"9",0,25.5826004116596
