"","obs","bmi"
"1",0.366248199179762,28.7429885713672
"2",0.336504737858686,28.275809275258
"3",0.354411412094769,28.4631770552246
"4",0.345966505127758,28.1835499610327
"5",0.330690397600602,27.9041155849816
"6",0.243654352132759,27.0711097963264
"7",0.303720091738841,27.8353157061904
"8",0.333511872187614,28.2755132883361
"9",0,25.6193995222242
