"","obs","bmi"
"1",0.353893484335539,28.6115846824363
"2",0.325164704061568,28.1598531212949
"3",0.338004649566233,28.2993067257925
"4",0.319333613306813,27.9874585783073
"5",0.300021084558858,27.6760708230733
"6",0.246262340300998,27.0358148861751
"7",0.309949509692745,27.9717095190774
"8",0.325118986163571,28.200375273196
"9",0,25.564360214989
