"","obs","bmi"
"1",0.358819508244924,28.6828501429886
"2",0.326156747754985,28.2222308590956
"3",0.344435825962429,28.437719334233
"4",0.329214369618485,28.1927004988628
"5",0.312616490114602,27.9477963942712
"6",0.24094280353766,27.058009305357
"7",0.311406801066837,27.9418449940067
"8",0.329704704180494,28.2541210750907
"9",0,25.6057274296512
