"","obs","bmi"
"1",0.366829244375705,28.7589554055568
"2",0.3367141834529,28.3012633451503
"3",0.356654875864421,28.5183914801644
"4",0.343002072022465,28.2779194590106
"5",0.332555596846171,28.0375424150086
"6",0.243293997332107,27.0590265991788
"7",0.30728269386084,27.9000560506753
"8",0.333782876007849,28.2347004446799
"9",0,25.5993651855734
