"","obs","bmi"
"1",0.360842987185464,28.7057052259189
"2",0.32806427253475,28.2429954497788
"3",0.327405693988526,28.2447152365016
"4",0.288374299117645,27.7841242079932
"5",0.258065714210598,27.323954652569
"6",0.245002972512358,27.0877762158951
"7",0.305057134593784,27.8995894168797
"8",0.334596646843914,28.3034531641032
"9",0,25.5808958910003
