"","obs","bmi"
"1",0.359935222246374,28.666408479396
"2",0.328585744343812,28.2152948787935
"3",0.341663274428137,28.341917329729
"4",0.323812387649353,28.0177280281708
"5",0.304947335681537,27.6938567286418
"6",0.242526701490487,27.0786995005104
"7",0.308794963337516,27.9037554546528
"8",0.332619902518157,28.2888997056962
"9",0,25.5910457704386
