"","obs","bmi"
"1",0.359833047097609,28.6604934638362
"2",0.331233112015261,28.2058613651602
"3",0.341967131166336,28.4509024657573
"4",0.321354956678771,28.2413987082518
"5",0.298633036281919,28.0319847889354
"6",0.248316209445093,27.1389698952355
"7",0.312725940684138,27.9725595936085
"8",0.331203632024026,28.2678272187208
"9",0,25.5628711134086
