"","obs","bmi"
"1",0.362796192035283,28.7076512765294
"2",0.331831077038938,28.2427934962858
"3",0.343188225276954,28.3298602700341
"4",0.322064439085521,27.9523995367587
"5",0.299802460646931,27.5752870857827
"6",0.244210458500174,27.1115895672325
"7",0.305924835242344,27.919874389055
"8",0.339035268160984,28.3105552042339
"9",0,25.5738449006339
