"","obs","bmi"
"1",0.358207367818382,28.6823203701138
"2",0.327569510786089,28.2241623839887
"3",0.338397873696669,28.3246763085654
"4",0.317906357512775,27.9673750153687
"5",0.299480675697655,27.6104358984585
"6",0.239561885743306,27.056950722916
"7",0.305242600169231,27.8832091725823
"8",0.336886523285453,28.3027841216575
"9",0,25.6263445552405
