"","obs","bmi"
"1",0.361056859815137,28.7183858449367
"2",0.32862075113172,28.2599163436764
"3",0.348001658174813,28.4664936525695
"4",0.331726719161722,28.2147085500029
"5",0.318165786253598,27.9630340103863
"6",0.249471953865373,27.1174364422633
"7",0.305195861704543,27.8904237041783
"8",0.342594047341149,28.3501827601388
"9",0,25.6094154192238
