"","obs","bmi"
"1",0.356237941249006,28.6921836309035
"2",0.32818882484191,28.2362591199789
"3",0.338158476297222,28.2949526340189
"4",0.317111972936847,27.8979875548878
"5",0.296831151468174,27.501301208821
"6",0.248349690931263,27.1071202216861
"7",0.322418524318812,28.013138447875
"8",0.328515344373877,28.2266611425684
"9",0,25.6425383596772
