"","obs","bmi"
"1",0.366831596787574,28.7563297151765
"2",0.336461989686526,28.3023839920583
"3",0.342907599087146,28.4408299974526
"4",0.321063555992899,28.1255164083138
"5",0.292350958846337,27.8103957959274
"6",0.244665702834911,27.0919286737706
"7",0.302794468416663,27.8668919069881
"8",0.334984439074951,28.2638262918408
"9",0,25.5513090041707
