"","obs","bmi"
"1",0.360762825065335,28.719006424711
"2",0.330588797671309,28.2611737252738
"3",0.335681134342566,28.3985393033282
"4",0.308828418137402,28.0782448468989
"5",0.280849063863099,27.758128586563
"6",0.240791736489237,26.9517803348484
"7",0.305124242329394,27.9274664076585
"8",0.335228251497298,28.2718092037558
"9",0,25.578135691292
