"","obs","bmi"
"1",0.359312757948345,28.6551931279641
"2",0.330157483737956,28.2032301319041
"3",0.344091832726699,28.4055640431223
"4",0.329347288861714,28.1561242249954
"5",0.312421600338176,27.9068820655267
"6",0.240440371681449,27.0259864877522
"7",0.307862378810036,27.9349136970836
"8",0.333607313702964,28.2976633870684
"9",0,25.5228522629847
