"","obs","bmi"
"1",0.35742606487878,28.6581396462115
"2",0.329163781848608,28.2012559217597
"3",0.349958422293582,28.4754531570782
"4",0.341586065504985,28.2928585126198
"5",0.333604618491266,28.1103596601624
"6",0.239355533970606,27.0096035660765
"7",0.307890741780706,27.8896917597843
"8",0.3314462403678,28.2450139325416
"9",0,25.5687787293295
