"","obs","bmi"
"1",0.362482374041535,28.7291434892369
"2",0.334130366731372,28.2685474784355
"3",0.34500831040457,28.4717947597418
"4",0.328743930845646,28.2146476988941
"5",0.308227117097055,27.9577117149528
"6",0.242902715347572,27.055110431302
"7",0.306945270851518,27.9042048189902
"8",0.33357056257109,28.3344847124354
"9",0,25.5604887784342
