"","obs","bmi"
"1",0.360299079560523,28.6963135958106
"2",0.330558768347089,28.2349866839062
"3",0.337307254322744,28.3769295557886
"4",0.312977470933793,28.0577981492977
"5",0.295479712662939,27.7389319590759
"6",0.240546283793668,27.0248328713488
"7",0.305325321176496,27.8785887860297
"8",0.331281164027416,28.265934563924
"9",0,25.6177653000609
