"","obs","bmi"
"1",0.360703699801475,28.6721451720812
"2",0.32939952642261,28.2076924562001
"3",0.344098645548988,28.3689855041921
"4",0.322989426938741,28.0659798712162
"5",0.306226497252758,27.7631330324735
"6",0.237892295377857,27.0636648947647
"7",0.303638697146953,27.8605416687339
"8",0.3320675502934,28.2602589516363
"9",0,25.5753816581892
