"","obs","bmi"
"1",0.362388909207794,28.7266597448343
"2",0.336051321439495,28.2702267818871
"3",0.350206384905076,28.4327913398292
"4",0.335675390391844,28.1392007476241
"5",0.320851069271665,27.8459005927409
"6",0.244052948388103,27.0811132026988
"7",0.307088278056635,27.8921141008942
"8",0.331864098107219,28.2619133328818
"9",0,25.5705259100838
