"","obs","bmi"
"1",0.366564529993411,28.7519591303982
"2",0.337201659774352,28.2913941265701
"3",0.343783540080484,28.4353272719508
"4",0.316378511949923,28.1188397379682
"5",0.28861367438563,27.8025007997022
"6",0.241078943177589,27.0509983599568
"7",0.31104882721484,27.8938526184374
"8",0.336787050638337,28.3379821698569
"9",0,25.5708399611914
