"","obs","bmi"
"1",0.357877833475689,28.696502983015
"2",0.328981286961405,28.2454879623963
"3",0.341203941017459,28.4041545482598
"4",0.321262199001732,28.1120087632715
"5",0.305351456849051,27.8200738822699
"6",0.246739045532228,27.0850574747824
"7",0.312300347763829,27.9727288619049
"8",0.332597030332765,28.2716451746749
"9",0,25.6167311572172
