"","obs","bmi"
"1",0.360610800058693,28.7288343820347
"2",0.329542111037186,28.2634900849435
"3",0.347183100885651,28.436680374736
"4",0.33318010796656,28.144799618822
"5",0.32064864208728,27.853206383502
"6",0.247595664734104,27.1099501231266
"7",0.30783247326795,27.9121833346949
"8",0.332199422595762,28.2965063289284
"9",0,25.5953179770479
