"","obs","bmi"
"1",0.356235903799641,28.6722750004812
"2",0.327137599323822,28.2100965582706
"3",0.330477640472023,28.2729591551419
"4",0.300443814398751,27.8740283576229
"5",0.273463637818119,27.4755058851227
"6",0.24827411954791,27.0996759178769
"7",0.307154229005104,27.9130411039498
"8",0.340591932962495,28.339348469876
"9",0,25.5801494852342
