"","obs","bmi"
"1",0.362526894953517,28.7148906133114
"2",0.333704999337068,28.2685708219862
"3",0.336242026548465,28.3997483589888
"4",0.307085256553929,28.0847880669482
"5",0.285051528305814,27.7700164003396
"6",0.242257076275234,27.0302473613731
"7",0.304109754593214,27.8735811946536
"8",0.334074578676668,28.2664156215707
"9",0,25.5753651699518
