"","obs","bmi"
"1",0.36585235830689,28.778899772313
"2",0.335521460175496,28.3207222346517
"3",0.349506186149864,28.4837818216867
"4",0.331723950822651,28.1889438199368
"5",0.315089026215052,27.8944012707737
"6",0.240182322906937,26.9830646837839
"7",0.310732496685673,27.9051811930574
"8",0.337471876352463,28.3105284385495
"9",0,25.6337735652213
