"","obs","bmi"
"1",0.365478410440441,28.7218782469347
"2",0.335819407815865,28.2685895039993
"3",0.338582261094351,28.3757792038239
"4",0.309543271370822,28.0300322994306
"5",0.282084929807459,27.6846588638477
"6",0.238569119674284,27.029883171349
"7",0.308489104910986,27.8963630125306
"8",0.3339250506433,28.293681180347
"9",0,25.6048095827453
