"","obs","bmi"
"1",0.359527968289243,28.6986107938883
"2",0.330205467438126,28.241099239004
"3",0.345920643730624,28.412447667033
"4",0.332670816502313,28.1264516055518
"5",0.317037749878802,27.8406291059406
"6",0.244185290203279,27.10478680674
"7",0.306642880365805,27.8814979089449
"8",0.334837818378263,28.2770067515662
"9",0,25.5896401395967
