"","obs","bmi"
"1",0.362749549385185,28.758315226962
"2",0.334409793035075,28.3045187999529
"3",0.352046547257191,28.552445664531
"4",0.340654632356417,28.3466789799499
"5",0.326382632765268,28.1410192008575
"6",0.240654960022566,27.037899671143
"7",0.314513440238951,27.9368631834148
"8",0.330142534432274,28.2355740419546
"9",0,25.6291849324427
