"","obs","bmi"
"1",0.362199586032784,28.6698379603565
"2",0.332382248789691,28.2080723737909
"3",0.345552521989805,28.4190678946861
"4",0.328444817925123,28.1684082853644
"5",0.310529676051204,27.9178640170371
"6",0.245018879095591,27.0728462874212
"7",0.307804749097649,27.9323965146074
"8",0.339472961400072,28.2874428058176
"9",0,25.5595602943794
