"","obs","bmi"
"1",0.36025873344969,28.6923089719696
"2",0.332030055863361,28.2365235945568
"3",0.341418965714172,28.3842166627049
"4",0.320633329029073,28.0763322549685
"5",0.294758285915637,27.7686639368105
"6",0.242225093370059,27.029129374325
"7",0.30970312284568,27.9640093178607
"8",0.333574075088632,28.2748274754428
"9",0,25.5627123445116
