"","obs","bmi"
"1",0.354680685305616,28.6751973508637
"2",0.325555332056963,28.2222647101625
"3",0.342119257896358,28.4543942615374
"4",0.328327217744511,28.2337150571462
"5",0.316442900093337,28.0131640899383
"6",0.239666468037651,27.0220150363825
"7",0.307430752810156,27.8823879288213
"8",0.334154156873381,28.2883843270807
"9",0,25.5601918383971
