"","obs","bmi"
"1",0.359005229603572,28.735625552949
"2",0.330521016283285,28.2749946018269
"3",0.330305199497702,28.3487833545986
"4",0.30044498514392,27.9622696105444
"5",0.268910582993896,27.576102043801
"6",0.242754443615612,27.1085183063191
"7",0.303206126674653,27.8160559459772
"8",0.336107647372408,28.3005775984283
"9",0,25.6564924981888
