"","obs","bmi"
"1",0.355899385850715,28.6814293063452
"2",0.324732237654901,28.2230584557286
"3",0.339366259115229,28.3391198735458
"4",0.322778949834024,27.9972081349966
"5",0.305239820354428,27.6557174012322
"6",0.244891246905499,27.0721233120033
"7",0.309786080908608,27.9167802396054
"8",0.332834570805102,28.3012510768895
"9",0,25.6236686353407
