"","obs","bmi"
"1",0.358049988424156,28.6501371646298
"2",0.324904147711987,28.1942620614901
"3",0.344415694028195,28.4350017878231
"4",0.329948544098432,28.2199398126424
"5",0.312916914504179,28.0049534694712
"6",0.243712199021147,27.0876010001697
"7",0.311217006515812,27.8911712326725
"8",0.332794685331673,28.2754097244217
"9",0,25.5868494352745
