"","obs","bmi"
"1",0.359660165645866,28.7313902562975
"2",0.329812171672205,28.2750918730522
"3",0.335568759906514,28.4243502795776
"4",0.310235094013288,28.1174227839112
"5",0.285234596126152,27.8106104159678
"6",0.242810535028985,27.0919965742827
"7",0.303781548359239,27.834564961622
"8",0.329912906596623,28.2667210227489
"9",0,25.5620879582308
