"","obs","bmi"
"1",0.365593720197605,28.7690530002041
"2",0.336449873952817,28.3084541049272
"3",0.350727100287041,28.4787454842158
"4",0.333606596968877,28.1885723236336
"5",0.31808368420309,27.8985392180147
"6",0.242709839939752,27.0333274924744
"7",0.305257552379604,27.9355622766521
"8",0.333732905284917,28.2559482822187
"9",0,25.6257051863063
