"","obs","bmi"
"1",0.358759351340234,28.6845858004988
"2",0.327200844175163,28.22573143194
"3",0.33194324366708,28.3141610079971
"4",0.306653982548668,27.9440137061914
"5",0.28139311492023,27.5741569769659
"6",0.243761668295413,27.0620785206098
"7",0.308327543410925,27.9066468108554
"8",0.337392051017143,28.2989709629994
"9",0,25.5878253623275
