"","obs","bmi"
"1",0.362904637887694,28.745029264674
"2",0.332785824129176,28.2812672769312
"3",0.342932440075179,28.4127864532048
"4",0.320025849163993,28.0807933645947
"5",0.297404915198058,27.7490611155837
"6",0.240439077348293,27.0288634394081
"7",0.302483635718156,27.8581202080021
"8",0.333206749619071,28.2895139808547
"9",0,25.552744657265
