"","obs","bmi"
"1",0.361114037832955,28.7409817032824
"2",0.333389337765983,28.2948838650696
"3",0.348976413207888,28.4903785913756
"4",0.334240821802924,28.2399055751314
"5",0.317585652159406,27.9895682228824
"6",0.238146927429514,27.0103885377386
"7",0.305792126799461,27.8715848901467
"8",0.338094186207298,28.274925925544
"9",0,25.6005186676999
