"","obs","bmi"
"1",0.358483245833289,28.6712171927923
"2",0.328908312037924,28.2112445273689
"3",0.335965718717667,28.3476987665533
"4",0.308643217461727,28.024324640646
"5",0.278964911129366,27.7010979508448
"6",0.241122975183579,27.0514644102821
"7",0.303377406336772,27.8877421915948
"8",0.33518187522156,28.3007716513528
"9",0,25.5529735351266
