"","obs","bmi"
"1",0.356923489661295,28.6899719723636
"2",0.329507987026129,28.2300485719553
"3",0.342925653200487,28.3973202506945
"4",0.326337615356744,28.1051109457128
"5",0.309235097930297,27.8133762914413
"6",0.248343677472922,27.1069934206427
"7",0.303992234029797,27.8791085019913
"8",0.333069780250932,28.24984701215
"9",0,25.6096385166499
