"","obs","bmi"
"1",0.368126357103077,28.8030002733535
"2",0.338909640802032,28.3434084144462
"3",0.347633491264175,28.5095278255183
"4",0.330137384445716,28.2161860817282
"5",0.31041809554074,27.9229782080905
"6",0.241591545905211,27.0615939915254
"7",0.306328015949424,27.971192834052
"8",0.338527495707008,28.3397748481719
"9",0,25.582675063002
