"","obs","bmi"
"1",0.359067426218592,28.6936753381907
"2",0.330860206810097,28.2297391017849
"3",0.346279939750578,28.4143473331439
"4",0.333184285027233,28.1352065487108
"5",0.322021436083246,27.8562606886385
"6",0.245819424463434,27.0910572230041
"7",0.309861847117562,27.9308365687796
"8",0.338349466262305,28.32285879496
"9",0,25.6259529176619
