"","obs","bmi"
"1",0.3596222154481,28.6852392355786
"2",0.329684231624845,28.2279610400009
"3",0.334387421311883,28.2965876163963
"4",0.310999961626195,27.9085416516061
"5",0.281448305583802,27.5211514715151
"6",0.245893260037144,27.0953738713778
"7",0.304737607938919,27.8742796269758
"8",0.325762297106229,28.1727591213104
"9",0,25.5735844039065
