"","obs","bmi"
"1",0.359360544207182,28.6949766883723
"2",0.331389480143204,28.2362343304427
"3",0.341402582784242,28.3743774666991
"4",0.322263218275633,28.0539579127661
"5",0.301651446361853,27.7337256029821
"6",0.243395813936616,27.009922367091
"7",0.307143010984752,27.9073094295052
"8",0.336038630092273,28.302039938362
"9",0,25.6094175568625
