"","obs","bmi"
"1",0.358249018586064,28.68320826971
"2",0.330825055527762,28.2274654159402
"3",0.344332910151942,28.3699990220685
"4",0.33001684538369,28.0569637645056
"5",0.312288217359435,27.7441087045611
"6",0.244176426223931,27.0613435569723
"7",0.30420501714518,27.898383591372
"8",0.328999390774458,28.257366282898
"9",0,25.5603489500835
