"","obs","bmi"
"1",0.361643484071238,28.7293965380001
"2",0.332448995104949,28.2687559231406
"3",0.346720695330524,28.4319728805554
"4",0.331127415591946,28.1347620964814
"5",0.309958672088393,27.8377732887963
"6",0.241785554858766,27.0825339089132
"7",0.306651445611343,27.8988053972402
"8",0.332422095482156,28.2619146321219
"9",0,25.5848608437051
