"","obs","bmi"
"1",0.355064721287527,28.685532653208
"2",0.323402971275082,28.2219470117219
"3",0.342345720244362,28.4522041065781
"4",0.326233796476519,28.2189520923151
"5",0.313104991730678,27.985778674985
"6",0.246972431559808,27.0798425910595
"7",0.305720431648747,27.8838798862531
"8",0.332368841538889,28.2685665248244
"9",0,25.6449547805225
