"","obs","bmi"
"1",0.357072551003102,28.6853222281181
"2",0.32780384616267,28.2220239604641
"3",0.33156234294926,28.3159981751627
"4",0.303499220247862,27.9469401100114
"5",0.274631288903963,27.5781598649383
"6",0.247692766842464,27.0985003077561
"7",0.307188088902357,27.916474512785
"8",0.329453579933954,28.2032862533765
"9",0,25.5905192611283
