"","obs","bmi"
"1",0.369156209833088,28.7433214791931
"2",0.337609121512914,28.2902051667139
"3",0.35751534318091,28.4976401248479
"4",0.344960973446104,28.2521047921763
"5",0.333727020452251,28.0067231795647
"6",0.244419095032196,27.0829142489511
"7",0.304712381618383,27.8807072368035
"8",0.335329497314616,28.2633671068899
"9",0,25.541481217323
