"","obs","bmi"
"1",0.366746824146603,28.7608287352992
"2",0.337674417435248,28.3017608763015
"3",0.347793510974683,28.4576779892429
"4",0.32583580679211,28.1547881680822
"5",0.303497569251346,27.8521724072597
"6",0.246142754719188,27.0848277445447
"7",0.303489261560564,27.8910645674145
"8",0.334946742197121,28.3011863528488
"9",0,25.6062486504902
