"","obs","bmi"
"1",0.355156582798936,28.704515740847
"2",0.325781397284007,28.2435231502376
"3",0.334586993332931,28.446352882178
"4",0.314096020555944,28.188266360764
"5",0.291793245850753,27.9302584810824
"6",0.242769803230655,27.0450120574607
"7",0.305823310418486,27.9066951992679
"8",0.335755394412218,28.2580096440029
"9",0,25.6207559491613
