"","obs","bmi"
"1",0.35993718994146,28.7164087816455
"2",0.328899712684824,28.2591275800386
"3",0.334146155451289,28.3273719485404
"4",0.306222945168317,27.9388673368559
"5",0.280216187565536,27.5509365378723
"6",0.243998057008196,27.0610232850661
"7",0.304949014667635,27.8374219676084
"8",0.3314010629933,28.2404495051828
"9",0,25.5966931356455
