"","obs","bmi"
"1",0.358221377861738,28.6666500592371
"2",0.329342373525254,28.2109342062964
"3",0.332187956756053,28.244318072236
"4",0.302140015319645,27.8223584074242
"5",0.276136173031013,27.4007928930493
"6",0.242214440258369,27.0258599122039
"7",0.306470011535346,27.9029174344883
"8",0.334773775833261,28.3205963912919
"9",0,25.5846821374238
