"","obs","bmi"
"1",0.360022957341328,28.697886631352
"2",0.328278918688987,28.2364270126465
"3",0.337430008423676,28.4753831902976
"4",0.314342503630083,28.25291590424
"5",0.290352051338353,28.0304841504848
"6",0.244824058998415,27.0956775848176
"7",0.30906948734015,27.9153302485987
"8",0.341633097207421,28.3247326156035
"9",0,25.6246560496315
