"","obs","bmi"
"1",0.362749549385185,28.758315226962
"2",0.334226001251977,28.2998471364781
"3",0.347997252560384,28.491176281516
"4",0.32888286319618,28.2241861805624
"5",0.310441557311171,27.9573498830556
"6",0.240654960022566,27.037899671143
"7",0.314513440238951,27.9368631834148
"8",0.330142534432274,28.2355740419546
"9",0,25.6291849324427
