"","obs","bmi"
"1",0.360790093049816,28.6690437930656
"2",0.327256789170788,28.2121131617546
"3",0.348080585909344,28.426727612421
"4",0.336822519713615,28.1845943432678
"5",0.325854329198822,27.9426515511113
"6",0.23706761216585,27.0327801642411
"7",0.310029555156934,27.9246653383415
"8",0.335172345048555,28.2872285177777
"9",0,25.5953965168561
