"","obs","bmi"
"1",0.361294064257495,28.7203227954634
"2",0.33198811258333,28.2601823283117
"3",0.348565722284404,28.489129879721
"4",0.337343402467812,28.2580717945669
"5",0.327188887778286,28.027153512398
"6",0.244255512415772,27.0566013942905
"7",0.305136352043078,27.9135993808843
"8",0.337170069756288,28.3210159325191
"9",0,25.6001861975819
