"","obs","bmi"
"1",0.35656796697444,28.674351413143
"2",0.329223389177274,28.2224746904332
"3",0.340473779669533,28.3829102581104
"4",0.322769470691461,28.0917238926982
"5",0.303842168726442,27.8008055472274
"6",0.240949531929323,27.0613439650041
"7",0.303319202080594,27.909489602514
"8",0.326593142091677,28.2116340909738
"9",0,25.5939515377371
