"","obs","bmi"
"1",0.364742421935325,28.7476043999136
"2",0.334922124341015,28.2933902466281
"3",0.343659099009714,28.4124074295511
"4",0.320646893987195,28.0773887359738
"5",0.300481397923874,27.7425543557454
"6",0.251488949442318,27.167980426089
"7",0.308808882222185,27.8881367393243
"8",0.335557205729944,28.2818272366211
"9",0,25.5887945418333
