"","obs","bmi"
"1",0.364473890424864,28.6982591813503
"2",0.33387896494208,28.2376838963301
"3",0.320922086996491,28.2761831825458
"4",0.275423980273097,27.8542359792697
"5",0.240483943390935,27.4324146829427
"6",0.24608128057858,27.0731537340231
"7",0.30315859584436,27.8473436146232
"8",0.335800409468376,28.3124072785631
"9",0,25.5566760040931
