"","obs","bmi"
"1",0.360587488099291,28.6339596628639
"2",0.331068801359037,28.1795456224272
"3",0.336423867889338,28.3144536936855
"4",0.310018944507328,27.995065631128
"5",0.284517276963479,27.6757999038318
"6",0.24969803520902,27.1175273382906
"7",0.309255564593492,27.9205234305564
"8",0.338966820757864,28.2997271916351
"9",0,25.5076010112091
