"","obs","bmi"
"1",0.35968840286751,28.6838157616556
"2",0.330582726280092,28.2271547675389
"3",0.340878714542606,28.3256894646596
"4",0.318136180480629,27.9677608173355
"5",0.29417727946172,27.6100360868331
"6",0.250904352051117,27.1249051176488
"7",0.309290918229247,27.9244561037051
"8",0.341604152009495,28.3267986979006
"9",0,25.5871038247033
