"","obs","bmi"
"1",0.361487355148552,28.6982854680078
"2",0.330988528431774,28.2409989607609
"3",0.345439534128209,28.3871787184027
"4",0.330575008331589,28.0762538869672
"5",0.313643767372448,27.7655207569129
"6",0.243498221066632,27.071310279918
"7",0.308794517021885,27.9119744594116
"8",0.337009734500642,28.3053882228199
"9",0,25.5847435897228
