"","obs","bmi"
"1",0.359546139413551,28.6882783464612
"2",0.330932622416916,28.2289111040747
"3",0.340178804195975,28.3615369125836
"4",0.322547293610212,28.035004889699
"5",0.30339806380069,27.7086919524216
"6",0.242474753871383,27.0630784428711
"7",0.311652134793936,27.9464261132178
"8",0.330937973956228,28.2481969689177
"9",0,25.5754449759696
