"","obs","bmi"
"1",0.361068733106027,28.6898671224836
"2",0.330607519237036,28.233880465371
"3",0.34837856032152,28.4163144140606
"4",0.333637616407236,28.143016853544
"5",0.318907896697496,27.8699870314595
"6",0.242064953820757,27.0576469330242
"7",0.308727482143084,27.8932213972029
"8",0.331227404266677,28.295852335383
"9",0,25.5718115805643
