"","obs","bmi"
"1",0.36108781575493,28.7122485949585
"2",0.329079437439367,28.2502597854403
"3",0.340635663170317,28.4070221429333
"4",0.320445656353173,28.1018958822705
"5",0.301248983722214,27.7968722541685
"6",0.240259013816634,27.0599976208054
"7",0.310748258143653,27.9288658493545
"8",0.332621071914426,28.2320434750246
"9",0,25.577709716075
