"","obs","bmi"
"1",0.360019597948214,28.6684772619987
"2",0.329851750984878,28.2151640022266
"3",0.346081335572653,28.4690892307009
"4",0.329543167626633,28.269750207577
"5",0.314216192881825,28.0704607802357
"6",0.24480957340437,27.0486578917958
"7",0.303486608481207,27.8836522753492
"8",0.333184785285588,28.2684343149491
"9",0,25.5886408557932
