"","obs","bmi"
"1",0.362132147876675,28.7061155644215
"2",0.331006621083906,28.2404654692384
"3",0.337038908556595,28.397918821447
"4",0.310651540843177,28.0898069082003
"5",0.281022114535599,27.7817816434873
"6",0.243964586701179,27.0662835401844
"7",0.303636226308837,27.8850634904979
"8",0.335095852924515,28.245288501561
"9",0,25.5788077542593
