"","obs","bmi"
"1",0.362681532132675,28.7164793125568
"2",0.332073538524494,28.2577182055133
"3",0.335770209449827,28.4128606450324
"4",0.307233968146002,28.1093040884609
"5",0.279876493572248,27.8058091285876
"6",0.247316291062658,27.0983489944863
"7",0.31095901481104,27.9078630698996
"8",0.334875391256151,28.2667183048256
"9",0,25.5911737141648
