"","obs","bmi"
"1",0.36024872773763,28.7571832262045
"2",0.330408536905191,28.3022253747907
"3",0.348147581298865,28.428217100266
"4",0.337569896132988,28.0996485698372
"5",0.325140391344608,27.7715023037079
"6",0.243590434079999,27.095225674288
"7",0.304486061342499,27.8438833343223
"8",0.33333350471178,28.2898046423351
"9",0,25.6605608780464
