"","obs","bmi"
"1",0.361932216841043,28.6729272596384
"2",0.332049643815109,28.2095185721128
"3",0.341183339191508,28.4001368557525
"4",0.323908909764697,28.1274740644749
"5",0.303245032331058,27.8549428920758
"6",0.245009374361502,27.0685058426886
"7",0.307349106860297,27.9197367508925
"8",0.343341411942758,28.4036084905641
"9",0,25.5646319454143
