"","obs","bmi"
"1",0.357438744055733,28.6693374540581
"2",0.328834240447205,28.2091531536758
"3",0.331164873197284,28.3381670839808
"4",0.300649932254066,28.0071877019048
"5",0.273524633253199,27.6764057637926
"6",0.245508105445548,27.09888659262
"7",0.297839919291778,27.8271425561396
"8",0.338602018462406,28.3267935118656
"9",0,25.5873564121696
