"","obs","bmi"
"1",0.361092497693206,28.6750373226038
"2",0.331692415403511,28.2142938620682
"3",0.348125281254239,28.4089394458209
"4",0.333735684907277,28.1429758958966
"5",0.319750559223878,27.8771504119769
"6",0.242135731288523,27.0523962782063
"7",0.309514809428476,27.9199073899481
"8",0.328465827677448,28.2239383818599
"9",0,25.5722419329608
