"","obs","bmi"
"1",0.355064721287527,28.685532653208
"2",0.323984741379997,28.2328267714534
"3",0.332562846017293,28.3569800511412
"4",0.309601680418249,28.0286853776966
"5",0.287281720535858,27.700660440542
"6",0.246972431559808,27.0798425910595
"7",0.305720431648747,27.8838798862531
"8",0.332368841538889,28.2685665248244
"9",0,25.6449547805225
