"","obs","bmi"
"1",0.357935415164239,28.6930989554069
"2",0.329076422742617,28.236840800536
"3",0.335087892380805,28.2853336259122
"4",0.311561508936165,27.8779257211945
"5",0.284650524450617,27.4708938023711
"6",0.245469572312097,27.0890192531536
"7",0.313192075388646,27.9229775784681
"8",0.337862428225585,28.2733255950439
"9",0,25.5798986263327
