"","obs","bmi"
"1",0.361336536963227,28.6926898159246
"2",0.332698920395435,28.2292297147448
"3",0.345391241685981,28.4576803381918
"4",0.328097899866473,28.2227951449127
"5",0.311345096821684,27.9880382641233
"6",0.245580918010737,27.0881486913193
"7",0.309430162422224,27.8888167400463
"8",0.344015368218562,28.3494901284298
"9",0,25.5626966129272
