"","obs","bmi"
"1",0.358271210889536,28.690192637417
"2",0.328951781063561,28.2341231328916
"3",0.340741337306874,28.3346009607476
"4",0.320640845200398,27.9793331771695
"5",0.300243014886899,27.62440560623
"6",0.240344316307578,27.001155937783
"7",0.31247509577505,27.9387060978991
"8",0.334420177981561,28.2830483967548
"9",0,25.6332843745661
