"","obs","bmi"
"1",0.359477405606043,28.6890443868043
"2",0.329204525216984,28.2238687857967
"3",0.325423405834491,28.3214240510625
"4",0.290465279721351,27.953930001823
"5",0.258243699381955,27.5865613712954
"6",0.243885852861153,27.053559495522
"7",0.304444245604752,27.895013116023
"8",0.329455981912244,28.3083376222276
"9",0,25.5664761765611
