"","obs","bmi"
"1",0.36241259322169,28.719557887456
"2",0.333189643864952,28.2687646906601
"3",0.345559898825614,28.4002494781564
"4",0.329068658094556,28.081087342424
"5",0.307617354379923,27.7620768021851
"6",0.241740818252407,27.1015732743236
"7",0.305906911936417,27.8967098487686
"8",0.335811113197346,28.2855043144147
"9",0,25.586762855506
