"","obs","bmi"
"1",0.362897845017235,28.6542390759256
"2",0.33217415580882,28.195029719781
"3",0.357219945994368,28.4902319905335
"4",0.353261164669216,28.3263318615182
"5",0.349907143693005,28.162541380039
"6",0.248483510437397,27.1563983606378
"7",0.307751767909885,27.9109111782074
"8",0.337369335903575,28.2830855805325
"9",0,25.5377673491599
