"","obs","bmi"
"1",0.351496100343319,28.6351561618667
"2",0.32262686564431,28.1845972407662
"3",0.33564892227614,28.3724990378707
"4",0.320601414863573,28.1099507793949
"5",0.306002217747335,27.8475138985596
"6",0.245455889476542,27.0686347502492
"7",0.310635203680761,27.9108508720486
"8",0.340730897608677,28.3286957692697
"9",0,25.5679977751252
