"","obs","bmi"
"1",0.358617729556728,28.7087660403015
"2",0.330355117842732,28.2504143817564
"3",0.337875148638565,28.3265119238894
"4",0.313583458405134,27.9444668409063
"5",0.290968826432418,27.5626413489398
"6",0.24151921266178,27.0387136766387
"7",0.31049685591373,27.9279378349033
"8",0.333839707230228,28.2829135161529
"9",0,25.5982857117679
