"","obs","bmi"
"1",0.361043417086199,28.7056675971422
"2",0.332264292562589,28.2528288376137
"3",0.339923633287121,28.3875271848836
"4",0.317883610750335,28.0695522373078
"5",0.295461180518224,27.7517487163673
"6",0.242459020474731,27.0709926948776
"7",0.30928830853301,27.9237570300282
"8",0.328717164456696,28.2314712486996
"9",0,25.6127060893608
