"","obs","bmi"
"1",0.360914644954117,28.6721935588622
"2",0.330151765457567,28.204207940814
"3",0.338123703449809,28.3464044056402
"4",0.313969700469098,28.0207572356276
"5",0.288016050040424,27.6952557767297
"6",0.249690919263168,27.1187453330931
"7",0.310251239226092,27.8783817578993
"8",0.341829302234352,28.338077706697
"9",0,25.5567673857755
