"","obs","bmi"
"1",0.362212064748984,28.7465082203152
"2",0.331818460645764,28.3014583657011
"3",0.329076845086358,28.408227741869
"4",0.291509897811452,28.0700299538511
"5",0.261694828018256,27.7319141131609
"6",0.241805947688897,27.0364357384146
"7",0.314584627870491,27.9521152471785
"8",0.338864122108961,28.3773365743174
"9",0,25.5916466435231
