"","obs","bmi"
"1",0.360723594225117,28.7195743951821
"2",0.330602796684073,28.2603106744609
"3",0.351784701872596,28.4827245259235
"4",0.340677350974856,28.2460134371813
"5",0.33306856973655,28.0094452211065
"6",0.242404295095629,27.0254432029752
"7",0.307627313188511,27.9310255024716
"8",0.332324381814986,28.2771245872063
"9",0,25.5704338571442
