"","obs","bmi"
"1",0.358781981380252,28.7146260797334
"2",0.330831281977654,28.2595327479338
"3",0.342873386518724,28.4708425084045
"4",0.323305686395413,28.2271191296055
"5",0.306712589471753,27.9834567402802
"6",0.246361539577031,27.07914502428
"7",0.308268787015833,27.8833884464882
"8",0.329221088461598,28.2163448732014
"9",0,25.6560096907881
