"","obs","bmi"
"1",0.358795841602066,28.6604592160463
"2",0.329274293969621,28.1983829428156
"3",0.340394668976326,28.372244922179
"4",0.322440076228444,28.0842505684267
"5",0.302048372275211,27.796486763991
"6",0.246023668428234,27.0468266383388
"7",0.310395478866124,27.9048944939049
"8",0.335684539235885,28.3129970467788
"9",0,25.5673120552834
