"","obs","bmi"
"1",0.364628854939705,28.7823483808364
"2",0.335821004133427,28.3227424219977
"3",0.344862024836467,28.4928564690256
"4",0.32321577865437,28.2036068899049
"5",0.30335145703121,27.914610674006
"6",0.246539279028861,27.1017777302403
"7",0.312985930947578,27.9486470306956
"8",0.339233396143736,28.323559951302
"9",0,25.655499289344
