"","obs","bmi"
"1",0.365633451752199,28.8000256633032
"2",0.332904159422546,28.3368067182123
"3",0.340908635007775,28.4923138073308
"4",0.320114902360573,28.1847645284516
"5",0.295551984186506,27.8773829616099
"6",0.244878620017563,27.1051483845391
"7",0.312851126831237,27.9446370728028
"8",0.333783371586844,28.2995744162899
"9",0,25.6632577758912
