"","obs","bmi"
"1",0.363590062916367,28.7338861959343
"2",0.33240246218999,28.2877245551674
"3",0.34107090146685,28.3928961437339
"4",0.317968129534274,28.0522031565351
"5",0.298104181951539,27.7118227560812
"6",0.244115384535065,27.092092475988
"7",0.301251112946046,27.8228624109916
"8",0.336155895291994,28.283253869002
"9",0,25.6615817178435
