"","obs","bmi"
"1",0.360306747332189,28.7185564127562
"2",0.329639904919954,28.2547855236236
"3",0.337164039018606,28.3783523005695
"4",0.311412009371269,28.0383316747943
"5",0.286868351254803,27.6984997362292
"6",0.241439655015153,27.0760326375752
"7",0.308930469886044,27.9065186031101
"8",0.334501885613521,28.2926189622119
"9",0,25.5892529244818
