"","obs","bmi"
"1",0.356512069709727,28.6433816600257
"2",0.326513281354469,28.176235464364
"3",0.340301796308057,28.3611141147823
"4",0.325703730132773,28.0790140862783
"5",0.307726320684806,27.7970866123279
"6",0.246652575674172,27.0985908947087
"7",0.308798249908637,27.8779169171829
"8",0.333661234175723,28.2551168689611
"9",0,25.5770979299488
