"","obs","bmi"
"1",0.361348344344869,28.6899915379249
"2",0.330803846920109,28.2228719377786
"3",0.343059354153813,28.4109036622106
"4",0.326005590561489,28.1319184823346
"5",0.304942007758544,27.8530384524669
"6",0.243647691542143,27.0348401994199
"7",0.308229932442036,27.9017073193313
"8",0.339542309183745,28.3604160001478
"9",0,25.6202653106626
