"","obs","bmi"
"1",0.357996382327871,28.637539125933
"2",0.327402388438091,28.174226005199
"3",0.337780355596352,28.2835642673743
"4",0.321078575507595,27.929943854425
"5",0.300323357318349,27.5766985395588
"6",0.239877087061977,27.0404903442681
"7",0.306715416940432,27.8897314625067
"8",0.338816377424428,28.2935758103328
"9",0,25.5461640262811
