"","obs","bmi"
"1",0.355816453800841,28.6664201646102
"2",0.327214344021216,28.2116063097009
"3",0.332070449694113,28.3330925076712
"4",0.311564331098914,27.9998869343483
"5",0.286100477002026,27.6668086830076
"6",0.246086766359369,27.1131519018948
"7",0.308251733261876,27.8651766966122
"8",0.327453743003739,28.2572011603566
"9",0,25.5773036997218
