"","obs","bmi"
"1",0.355823140973367,28.6736816128438
"2",0.326097386991715,28.2109364202626
"3",0.339876379348694,28.3792157389463
"4",0.324923263941216,28.0848926783963
"5",0.307054090550443,27.7907171334211
"6",0.24571729405074,27.0893677934949
"7",0.309981118289466,27.9601554764835
"8",0.338545322367346,28.279397178776
"9",0,25.5940184044155
