"","obs","bmi"
"1",0.361492576579166,28.7609382968491
"2",0.334469667339959,28.3016917581657
"3",0.346179745454798,28.5154211095571
"4",0.329880128227053,28.2700341172654
"5",0.31257496673048,28.0247815059085
"6",0.245323914016624,27.0732754866029
"7",0.309394610664432,27.9501638740955
"8",0.335326179050408,28.2566040996273
"9",0,25.6263293045554
