"","obs","bmi"
"1",0.354843981882829,28.6275529749154
"2",0.326402978376261,28.16838280638
"3",0.335227238102049,28.2300900794118
"4",0.312303662195879,27.8329640948125
"5",0.292225594784917,27.43619394065
"6",0.23917795512521,27.0046630912181
"7",0.302854685573863,27.8492024445846
"8",0.333625945197685,28.3185517332112
"9",0,25.505232889405
