"","obs","bmi"
"1",0.358348955367187,28.6636759753021
"2",0.330575935491441,28.2090817533055
"3",0.343298824816736,28.3771377736086
"4",0.326690791666353,28.0907365223574
"5",0.306544567019185,27.8044766155983
"6",0.239904157974189,27.0342380580894
"7",0.305910627884646,27.8344320402038
"8",0.333018389108224,28.2662287900744
"9",0,25.5979384935566
