"","obs","bmi"
"1",0.361986256145229,28.7031302708234
"2",0.330560845389394,28.2530685082502
"3",0.334587927244496,28.2840857811336
"4",0.304603067016242,27.8653444134056
"5",0.276113245951969,27.4469217407239
"6",0.246992949593332,27.1079147131348
"7",0.308451109128821,27.9195443103885
"8",0.33298017146469,28.3299822684011
"9",0,25.5771629255528
