"","obs","bmi"
"1",0.354429710894947,28.652920491575
"2",0.326669045720976,28.1949931548249
"3",0.341577552226496,28.4175890111784
"4",0.32933686299,28.1823950848256
"5",0.315627152349525,27.9473466772485
"6",0.241393217945753,27.0569422647333
"7",0.306969958449664,27.8668724339533
"8",0.337354117364056,28.2950907774511
"9",0,25.5290766149183
