"","obs","bmi"
"1",0.367872510771783,28.7961382572872
"2",0.338530638889587,28.3407571323392
"3",0.348389083577445,28.4974078556928
"4",0.330050880922793,28.1988548558315
"5",0.309891396821522,27.9004859364645
"6",0.245162359851762,27.0744978453228
"7",0.305913880903012,27.8823390287475
"8",0.335489185964659,28.3016353929318
"9",0,25.6331149402216
