"","obs","bmi"
"1",0.361302097978665,28.7404513465926
"2",0.333529205289449,28.2772681304249
"3",0.34208615835418,28.3787328454763
"4",0.318953385071889,28.0172574137727
"5",0.296243821719365,27.6560358367205
"6",0.235960904922224,26.9782002613786
"7",0.312557600182309,27.9732949702111
"8",0.332963927239742,28.2606023528904
"9",0,25.5864461557714
