"","obs","bmi"
"1",0.356239566251383,28.6426226931472
"2",0.325495134240531,28.1828717193928
"3",0.333142651412499,28.3254367322582
"4",0.311022730541359,28.0084038907133
"5",0.287484385593405,27.6915287887258
"6",0.244903009395423,27.0708972753474
"7",0.312960936615804,27.9374643441535
"8",0.324299488021436,28.2205738835464
"9",0,25.5319693955095
