"","obs","bmi"
"1",0.36638091849433,28.7711998554021
"2",0.337825292195661,28.3192135434635
"3",0.348869151717612,28.4419796971273
"4",0.331024097102705,28.1129921168426
"5",0.309290897514743,27.7842466584099
"6",0.248569767085377,27.0701266556686
"7",0.308092174592532,27.9306844308529
"8",0.332330829412774,28.2547951388952
"9",0,25.6076589391279
