"","obs","bmi"
"1",0.353571938562377,28.6375772109707
"2",0.322972523726909,28.1808770996999
"3",0.335009502168719,28.2735733029698
"4",0.316362380601205,27.9100985343003
"5",0.297362169909144,27.5471920412822
"6",0.241548775934947,27.0472937031229
"7",0.306971003614169,27.887423545523
"8",0.33567244959036,28.3149969274756
"9",0,25.5745578151458
