"","obs","bmi"
"1",0.362324363650704,28.6841123652274
"2",0.333575382214714,28.230045119278
"3",0.338832846913516,28.3827059048028
"4",0.314354514722368,28.0815564546931
"5",0.289391715012974,27.7806771842986
"6",0.244677042099918,27.0774393952781
"7",0.30736765530984,27.9096034199144
"8",0.337994448343156,28.3445164390775
"9",0,25.5751489750643
