"","obs","bmi"
"1",0.356530391469575,28.6558074535358
"2",0.325784267742127,28.2024234871328
"3",0.340559464306734,28.314639195512
"4",0.325874407022394,27.9738472992896
"5",0.308931619535439,27.6334543969125
"6",0.24277245007646,27.0399183787032
"7",0.303995635287224,27.9275859796079
"8",0.339680844356357,28.3676735566022
"9",0,25.5723805243672
