"","obs","bmi"
"1",0.369235546985625,28.8074088900012
"2",0.335780957809368,28.3403901429172
"3",0.352839936515197,28.5303100288699
"4",0.336121083700714,28.25334136942
"5",0.319895950051314,27.9765063765764
"6",0.24319757844921,27.0475514418962
"7",0.315083077061157,27.9573896478976
"8",0.326724480384108,28.2330143772224
"9",0,25.6289206163609
