"","obs","bmi"
"1",0.358658869083518,28.6486151392303
"2",0.329892081621594,28.1969515301095
"3",0.339641365324142,28.2804888950616
"4",0.320629186044301,27.9127666856758
"5",0.297682792614391,27.5454742402723
"6",0.24961596435783,27.1125780519422
"7",0.311673756425288,27.9373746886059
"8",0.332919987677693,28.2832503360973
"9",0,25.5813069791777
