"","obs","bmi"
"1",0.359837569732807,28.69490555271
"2",0.330021682416771,28.2303459949699
"3",0.343602610816797,28.4115002234006
"4",0.326616158401032,28.1282502963483
"5",0.310658632601772,27.8451606678069
"6",0.247458999091844,27.1106003343907
"7",0.307264998407334,27.9054870747566
"8",0.335994761704235,28.3131631266662
"9",0,25.5777259018926
