"","obs","bmi"
"1",0.359223014743797,28.7305194852684
"2",0.330664708158278,28.2694848594775
"3",0.341621328963407,28.4822091093962
"4",0.32368416160147,28.23405085578
"5",0.306118355597812,27.9860502134696
"6",0.235707997056751,26.9726332049574
"7",0.307086671609797,27.8966297501992
"8",0.336106390125743,28.2709978060669
"9",0,25.6210432877789
