"","obs","bmi"
"1",0.362434110538244,28.6703606299495
"2",0.331850410097038,28.2064553248416
"3",0.340804993883014,28.3737505009398
"4",0.319394246305656,28.0772985203015
"5",0.300161353990925,27.7810095188121
"6",0.245604787883097,27.1003075522405
"7",0.306567535586496,27.9154133321898
"8",0.332377108186796,28.2755594240421
"9",0,25.545598144998
