"","obs","bmi"
"1",0.357344422324054,28.6949015388695
"2",0.328814716918887,28.2348772582954
"3",0.328628723942184,28.3044131025917
"4",0.29854283347669,27.9141678003116
"5",0.2711488745396,27.5241725588715
"6",0.248272689501381,27.0882094532123
"7",0.306961218444078,27.8873247891915
"8",0.339341924278048,28.3436475652913
"9",0,25.6318202462056
