"","obs","bmi"
"1",0.361585231730651,28.7309544972486
"2",0.334251229456165,28.2754116478879
"3",0.346587241237511,28.4212135467324
"4",0.326620434320076,28.1117064448658
"5",0.310522796349648,27.8024440702929
"6",0.244374294067559,27.0706088461745
"7",0.304230894448619,27.8697769085536
"8",0.33878339753302,28.3459021079757
"9",0,25.6068322228585
