"","obs","bmi"
"1",0.356083872507038,28.7092212507697
"2",0.327977061005797,28.2462227009493
"3",0.333537554462825,28.3690966609117
"4",0.307378161516702,28.0291414677786
"5",0.284487513150999,27.6893605792887
"6",0.243767377410387,27.0686151868355
"7",0.307700413002436,27.8799025611819
"8",0.335419933402891,28.2417538759138
"9",0,25.5574537329353
