"","obs","bmi"
"1",0.361591831349955,28.7091072047346
"2",0.331416267869679,28.2489344662254
"3",0.345520580289536,28.4500697055766
"4",0.329048185244833,28.1911457005752
"5",0.311620581799894,27.9323390247561
"6",0.243400002502785,27.0796298279065
"7",0.305070669421765,27.8832638241161
"8",0.338384948701444,28.3350945771466
"9",0,25.5951943390815
