"","obs","bmi"
"1",0.358233705671657,28.7222938334659
"2",0.329536922419724,28.2686290721195
"3",0.334124855275664,28.4434087234447
"4",0.305592345800566,28.164623871934
"5",0.277198280063906,27.8859415077535
"6",0.24055490651652,27.0570289690807
"7",0.309215759970929,27.9075462370435
"8",0.335941222699891,28.2409334112076
"9",0,25.6531548552647
