"","obs","bmi"
"1",0.361408631878394,28.7754391402673
"2",0.333690338188427,28.3078646586364
"3",0.340587679830736,28.519495295565
"4",0.319143289757201,28.2636537578468
"5",0.295947260523557,28.0079171065599
"6",0.241702695615252,27.0524857959808
"7",0.304612708191876,27.8967501064608
"8",0.340120387255509,28.3228046179037
"9",0,25.644794558171
