"","obs","bmi"
"1",0.361396288579797,28.6745064333804
"2",0.33412261274594,28.2241463027091
"3",0.3378240415402,28.2405969437404
"4",0.309648105431901,27.807246816702
"5",0.284620020357371,27.3745020471467
"6",0.242373035178774,27.06263798033
"7",0.311580340222913,27.8948767614915
"8",0.329454475810488,28.2488217454941
"9",0,25.5678880120087
