"","obs","bmi"
"1",0.355761962793471,28.6693261076703
"2",0.325698773554035,28.2066009147215
"3",0.332456970913469,28.4271156260418
"4",0.305471221824715,28.1849446021893
"5",0.282862445182519,27.9428127999211
"6",0.241878520176671,27.0490904966695
"7",0.3115871671909,27.9291275658954
"8",0.337336375993127,28.3100599206461
"9",0,25.6008941373784
