"","obs","bmi"
"1",0.359618680021449,28.7156554351777
"2",0.330483905641982,28.2607911608005
"3",0.344152067227804,28.4065273709561
"4",0.328111605316175,28.097829936516
"5",0.310517693289618,27.7895927854194
"6",0.245044282826683,27.0857196584597
"7",0.313137956111068,27.9505738831113
"8",0.342108528293957,28.3409573914263
"9",0,25.5989629014639
