"","obs","bmi"
"1",0.363595738550823,28.7331973372053
"2",0.334281189574076,28.2749032618266
"3",0.341321518258884,28.4118898514033
"4",0.314983686979379,28.0907241541405
"5",0.290995152464338,27.7697037998505
"6",0.249422860068353,27.1158030970522
"7",0.310439585583144,27.8968164906159
"8",0.329231484677299,28.2084389873553
"9",0,25.5835768709542
