"","obs","bmi"
"1",0.361894139084393,28.7095055150593
"2",0.332655798295532,28.2554578869599
"3",0.344670525655297,28.4255361758283
"4",0.328018307156646,28.1417878426587
"5",0.3091898498573,27.8582699572669
"6",0.249860398943151,27.074595714282
"7",0.308154069872305,27.9011868501864
"8",0.335039718670257,28.2629397682284
"9",0,25.6099789500831
