"","obs","bmi"
"1",0.362078186657521,28.7369834723109
"2",0.333137606864505,28.2793441008249
"3",0.338878238762181,28.4599799862395
"4",0.310348290869501,28.1831011991305
"5",0.286225498917117,27.9063498084066
"6",0.239925428061466,27.0222503343368
"7",0.314905818408048,27.9027617303891
"8",0.33530891702513,28.3320476685591
"9",0,25.6368199340283
