"","obs","bmi"
"1",0.362078272899245,28.7257271703452
"2",0.335016716558227,28.2682797231123
"3",0.347065570196681,28.4112099935648
"4",0.33171349402156,28.0969120352396
"5",0.310340210479309,27.7828424334125
"6",0.244289235525796,27.0618683270698
"7",0.305058726881093,27.9142431699363
"8",0.333609036164026,28.2448235741599
"9",0,25.6319058274862
