"","obs","bmi"
"1",0.362197312356845,28.7321285414391
"2",0.331863975330644,28.2708890979787
"3",0.343250032417085,28.4134354910442
"4",0.327670515310293,28.0950231982252
"5",0.307926284660896,27.7769059510791
"6",0.247431129566235,27.129876118395
"7",0.307114085955728,27.8618967486082
"8",0.331868632886033,28.2570573872022
"9",0,25.5829540188853
