"","obs","bmi"
"1",0.364312800953193,28.7371510835508
"2",0.334439543144485,28.2789733924019
"3",0.333894974916497,28.3402909507584
"4",0.300185324721741,27.9435689137284
"5",0.267497888522073,27.5469870994397
"6",0.238184243751369,27.050265836681
"7",0.310146750762576,27.9032609995146
"8",0.337358755067736,28.3170841393969
"9",0,25.5816500262599
