"","obs","bmi"
"1",0.358058914412203,28.666704694425
"2",0.326538673847491,28.204355038433
"3",0.336266540572394,28.347839116655
"4",0.31510359939748,28.0291812685614
"5",0.292243758955971,27.7107392322721
"6",0.246976013433599,27.1112374165431
"7",0.310282919087853,27.9001194815242
"8",0.334862549609884,28.3161826914202
"9",0,25.5988783684488
