"","obs","bmi"
"1",0.362138077406128,28.6810869146304
"2",0.33243899367983,28.2268581938115
"3",0.353131839212865,28.3785227552941
"4",0.340352665906369,28.076299257689
"5",0.328996791872891,27.7744362384869
"6",0.243555313017026,27.0924625995111
"7",0.309168207577992,27.9456879142697
"8",0.338880454063659,28.3377400707922
"9",0,25.6133359024169
