"","obs","bmi"
"1",0.360163820674984,28.7323050573185
"2",0.331898639267834,28.2793092648016
"3",0.338277602696479,28.4242002982584
"4",0.31574338958978,28.1162708696689
"5",0.289050968231076,27.8085228155632
"6",0.231731125546773,26.9821896740068
"7",0.313313804596868,27.972369474022
"8",0.331567932433016,28.2594006550208
"9",0,25.5880103021888
