"","obs","bmi"
"1",0.349196723977803,28.6176168888226
"2",0.322104978537858,28.1599732489959
"3",0.333634267417846,28.3710856817433
"4",0.316169784322374,28.1247419789176
"5",0.299590109143972,27.8785930827774
"6",0.247793271597568,27.1080829084353
"7",0.30741459985736,27.8948520265426
"8",0.329987171623849,28.2280107543625
"9",0,25.5976300227104
