"","obs","bmi"
"1",0.364774190981278,28.7472657446934
"2",0.337229439995696,28.2946862636858
"3",0.344404488863118,28.4005442081349
"4",0.323945742214255,28.0541352190894
"5",0.299645610077146,27.7080556280587
"6",0.245044744271545,27.0587617976894
"7",0.306771402430865,27.9080505784024
"8",0.330342428243547,28.2615730682695
"9",0,25.5465793475904
