"","obs","bmi"
"1",0.358635120033138,28.7082566897524
"2",0.331757711392793,28.2391783517929
"3",0.345088466497589,28.3913906198006
"4",0.330367780483836,28.0747429781093
"5",0.314301504167278,27.7583222536397
"6",0.246796744779799,27.1072988411846
"7",0.309954671448431,27.9172411704528
"8",0.338513343601516,28.3444143500919
"9",0,25.5454840181487
