"","obs","bmi"
"1",0.363024677694824,28.6875107178896
"2",0.332389855060633,28.2326520706884
"3",0.350332807771066,28.3594447903026
"4",0.33414293043601,28.0316251982693
"5",0.320418906122075,27.7040619688854
"6",0.242244030069027,27.0625597787745
"7",0.311562735392586,27.9011258969326
"8",0.33320961296558,28.290737675833
"9",0,25.5574027534495
