"","obs","bmi"
"1",0.356051804917429,28.6529712345616
"2",0.327740282361464,28.2075314060958
"3",0.337486742647264,28.3308461415641
"4",0.316323817969551,28.0088876296581
"5",0.294759227955972,27.6871018273983
"6",0.240693154675829,27.0310486450807
"7",0.311840680037289,27.9212690186159
"8",0.332447240046902,28.2543589574697
"9",0,25.6071141230886
