"","obs","bmi"
"1",0.361439521778325,28.759867572155
"2",0.332849600892289,28.3022932494718
"3",0.347022602182963,28.5123307783503
"4",0.330738699610865,28.2649543990675
"5",0.312696101044165,28.0177443802953
"6",0.246134142720537,27.0950555087701
"7",0.30680346872674,27.9054725537797
"8",0.328812105260163,28.2155776433238
"9",0,25.5846576012238
