"","obs","bmi"
"1",0.353300234858699,28.6734952921514
"2",0.324924700586634,28.2141049281586
"3",0.329001945582946,28.3358088364439
"4",0.303908343489766,27.9982713084091
"5",0.278959376557397,27.6608868128185
"6",0.242025048162497,27.0631638979681
"7",0.304161459636408,27.8445055850081
"8",0.332691259745218,28.2327772534937
"9",0,25.5998136325977
