"","obs","bmi"
"1",0.362626290558522,28.6963112913639
"2",0.335001318875723,28.2459996374921
"3",0.355298926334012,28.4778967459255
"4",0.343972387941449,28.2595893457142
"5",0.334207695296385,28.0413930554443
"6",0.243767770982217,27.0175405423153
"7",0.309977832548962,27.9417818807568
"8",0.333609409679208,28.2507570352763
"9",0,25.5383609260636
