"","obs","bmi"
"1",0.352036999710365,28.595441904268
"2",0.322091345033982,28.1413822626058
"3",0.337838482417888,28.3271225514935
"4",0.324607287933181,28.0591238829572
"5",0.306113637311189,27.7914652498517
"6",0.24724317650757,27.0923549937627
"7",0.305331255615831,27.8560533947379
"8",0.340318796371721,28.3524226429916
"9",0,25.5853022930409
