"","obs","bmi"
"1",0.357010825179846,28.6711347003065
"2",0.327882785577538,28.2085319545967
"3",0.333274141949644,28.3034867237884
"4",0.304101645221434,27.9361521893236
"5",0.280759407510713,27.5691473584055
"6",0.241145342939627,26.9950602671332
"7",0.305248495769912,27.9092470190592
"8",0.338520070869445,28.2991151506233
"9",0,25.6174715948466
