"","obs","bmi"
"1",0.359070329103501,28.6782547907659
"2",0.327550011926806,28.2207275863163
"3",0.341384306440976,28.4412448789215
"4",0.326503882307633,28.2043263574656
"5",0.309644691651436,27.9675017066205
"6",0.244033576496654,27.0573410528324
"7",0.310549929525407,27.9369236506077
"8",0.335328513102414,28.2956855270334
"9",0,25.6028380771356
