"","obs","bmi"
"1",0.363447476155963,28.7606609597466
"2",0.332574869932295,28.300555866665
"3",0.338419317818606,28.4192330298713
"4",0.313173513975316,28.0779780500584
"5",0.286398084924124,27.7369044160866
"6",0.241818376709509,27.026336075469
"7",0.308226360395133,27.8885093328668
"8",0.32626352030892,28.1866824015116
"9",0,25.6269027636184
