"","obs","bmi"
"1",0.359980100558305,28.696545002441
"2",0.329101068036148,28.2421616424032
"3",0.334716196805492,28.2900174092595
"4",0.306025684875266,27.8838569368103
"5",0.280402146107344,27.4780849548155
"6",0.247944304065097,27.1014779292969
"7",0.303673579770258,27.9134610410655
"8",0.336266488636459,28.329696959505
"9",0,25.6068963949713
