"","obs","bmi"
"1",0.360368301339068,28.6689147336604
"2",0.331348186003795,28.2151582327773
"3",0.344485375697029,28.3681468176199
"4",0.328632138369438,28.0675598659286
"5",0.31118063626052,27.7671604271193
"6",0.244040319216837,27.0839700261745
"7",0.306683215283579,27.8953043723082
"8",0.338129242288464,28.3089632331581
"9",0,25.590941275308
