"","obs","bmi"
"1",0.361088622038081,28.7002769764592
"2",0.33018339640275,28.233647420219
"3",0.34235312940658,28.3520449088538
"4",0.320589509656244,28.0041518315866
"5",0.300437563170457,27.6566168064882
"6",0.236826814672599,26.9422768047604
"7",0.310970496412438,27.9270701747015
"8",0.33453811026011,28.2398857557156
"9",0,25.5891961525473
