"","obs","bmi"
"1",0.36442426315113,28.7548343735582
"2",0.334774666920746,28.3003860072817
"3",0.338643585791719,28.4341851675828
"4",0.314869123339405,28.1136461042555
"5",0.285491099021685,27.7932192345472
"6",0.241847068570338,27.050287471641
"7",0.307085404253681,27.9007077044994
"8",0.335788515934129,28.278673800302
"9",0,25.5758960943063
