"","obs","bmi"
"1",0.360044333281487,28.6716054926612
"2",0.330614558337607,28.2234769019987
"3",0.348966446701419,28.4056253164545
"4",0.338477687454613,28.1399425658084
"5",0.326259558148507,27.8745730618012
"6",0.247019387229344,27.0839486298092
"7",0.298103266535034,27.8595631005348
"8",0.335238420744717,28.30705508827
"9",0,25.5564239410583
