"","obs","bmi"
"1",0.358972228383336,28.7146177289332
"2",0.330467793627556,28.2616909189633
"3",0.337558283744089,28.3393976981295
"4",0.313422181458343,27.9644415268146
"5",0.285721568349736,27.5897601710571
"6",0.242489847467825,27.0850526554691
"7",0.307883237163636,27.9319549923278
"8",0.333891464938401,28.2615868165623
"9",0,25.5812449923897
