"","obs","bmi"
"1",0.356343050843777,28.6424454633486
"2",0.326590594010086,28.1845736403285
"3",0.33748077572294,28.3497315856233
"4",0.315411689074605,28.0574326928151
"5",0.295604728284133,27.7655783167265
"6",0.240322173556149,26.9933319480526
"7",0.310484286275061,27.9325573894483
"8",0.334215851633242,28.2768060575391
"9",0,25.5798015474341
