"","obs","bmi"
"1",0.357105869815867,28.6205250990517
"2",0.327382338090144,28.1666887332231
"3",0.329864178734432,28.2875463198838
"4",0.300500233626066,27.9548524191454
"5",0.272370991280259,27.622458203803
"6",0.245729060982894,27.0868606693879
"7",0.301296873419475,27.8554420780032
"8",0.337981370156516,28.3646022181518
"9",0,25.5834952385189
