"","obs","bmi"
"1",0.361417300464497,28.7326912375938
"2",0.332048622280175,28.27772266396
"3",0.349886274749919,28.4713052894448
"4",0.334755896147615,28.2100361389533
"5",0.321024181199252,27.9488872937295
"6",0.24011660402043,27.0604619835809
"7",0.302420194949683,27.8808988114129
"8",0.342157328362613,28.2910021883393
"9",0,25.6394358233047
