"","obs","bmi"
"1",0.36270883826356,28.7151012734535
"2",0.33197203129801,28.2640955050814
"3",0.350563256225399,28.4579080926733
"4",0.336868410650918,28.2009132739065
"5",0.325883563400814,27.9441252794721
"6",0.246446064272027,27.0741916248193
"7",0.312949982568779,27.9813768177084
"8",0.338534790169825,28.3094928575048
"9",0,25.6240872252101
