"","obs","bmi"
"1",0.361777106468427,28.7160978676004
"2",0.333142726204738,28.2609824567717
"3",0.341715103814861,28.3331265984267
"4",0.319008034676815,27.9505728198808
"5",0.294664182382341,27.5684616179835
"6",0.248912323823399,27.1323504486953
"7",0.30588054201051,27.8874481396275
"8",0.339954949637389,28.3350956331931
"9",0,25.5448694109663
