"","obs","bmi"
"1",0.359244004507338,28.7250501929852
"2",0.331786791450981,28.2676246314025
"3",0.346321420240913,28.4846054465586
"4",0.329418187906583,28.2442243382334
"5",0.313379269962323,28.0039079053175
"6",0.244995783780485,27.0777964038063
"7",0.312458609544426,27.9050542472146
"8",0.326556156477238,28.2012938567795
"9",0,25.623684101105
