"","obs","bmi"
"1",0.364136382661814,28.7778426818333
"2",0.335748520115543,28.3248247225018
"3",0.3491589912801,28.5235522499306
"4",0.336849630404924,28.2694935759569
"5",0.323782351678526,28.0156782805026
"6",0.245737697175966,27.0684801201831
"7",0.307160406929012,27.8908893179543
"8",0.335701942425094,28.266437594799
"9",0,25.6043276211677
