"","obs","bmi"
"1",0.355043630549717,28.6582514179006
"2",0.32521117410241,28.2021424806353
"3",0.331072446560354,28.3110342780323
"4",0.306369436632755,27.9642216795753
"5",0.278427876393516,27.6178412011618
"6",0.241180648595403,27.074615830061
"7",0.306637461702951,27.8862031982191
"8",0.329776850382088,28.2327317435337
"9",0,25.5587606565779
