"","obs","bmi"
"1",0.361817622802742,28.7631079444707
"2",0.334233301887329,28.304508525174
"3",0.337197625650565,28.4570397266423
"4",0.307044713907595,28.1510546458629
"5",0.281045749891853,27.8451545255985
"6",0.244131125353046,27.0837319827054
"7",0.307633245379798,27.893803118345
"8",0.329900443160865,28.2373959773513
"9",0,25.579994615052
