"","obs","bmi"
"1",0.358795841602066,28.6604592160463
"2",0.329969149852798,28.2021430915495
"3",0.33752598888352,28.3394118449104
"4",0.314155896547179,28.0184937406979
"5",0.292302319302731,27.6977077703263
"6",0.246023668428234,27.0468266383388
"7",0.310395478866124,27.9048944939049
"8",0.335684539235885,28.3129970467788
"9",0,25.5673120552834
