"","obs","bmi"
"1",0.36234091988827,28.7016543147569
"2",0.329889681781952,28.2409293909255
"3",0.345873463418278,28.414717954493
"4",0.329321813625561,28.1280130963478
"5",0.313673940503603,27.8415503577327
"6",0.242916089778128,27.0993536588459
"7",0.308364229336486,27.9136105130972
"8",0.335621668821444,28.3374650733289
"9",0,25.6071423336176
