"","obs","bmi"
"1",0.356453248070071,28.6160037248501
"2",0.326259735012894,28.1518649878365
"3",0.339580305888532,28.2918990180072
"4",0.320401386006636,27.9679809436498
"5",0.303809706503207,27.6442559657868
"6",0.24897124137583,27.1163501934967
"7",0.308391182489405,27.9588533099789
"8",0.33457498054075,28.2950117089397
"9",0,25.5373199404309
