"","obs","bmi"
"1",0.364109134860851,28.7491752537936
"2",0.333880273522748,28.2921117603525
"3",0.346835970248863,28.4366297549437
"4",0.326355262654468,28.1244593172688
"5",0.305486411922322,27.8126888800014
"6",0.24321263773664,27.0716145153593
"7",0.310654236757282,27.9181640933145
"8",0.333274809686371,28.3130009368763
"9",0,25.6082137575142
