"","obs","bmi"
"1",0.360842987185464,28.7057052259189
"2",0.329132308278985,28.2506858163621
"3",0.342026953567815,28.3221646013524
"4",0.323552500116263,27.9390578070723
"5",0.307271157536923,27.5564113131349
"6",0.245002972512358,27.0877762158951
"7",0.305057134593784,27.8995894168797
"8",0.334596646843914,28.3034531641032
"9",0,25.5808958910003
