"","obs","bmi"
"1",0.35852004247454,28.6869379729131
"2",0.328718334549688,28.2301080342553
"3",0.332231837544664,28.3451399080272
"4",0.301701801630453,28.0035326868574
"5",0.275335055571132,27.6621230311087
"6",0.239503658331412,27.0656387779607
"7",0.312944653673424,27.9325594014449
"8",0.333135759089709,28.2786785709266
"9",0,25.5793303592308
