"","obs","bmi"
"1",0.362572262784789,28.7501766537019
"2",0.332428030523049,28.2906989722408
"3",0.33876716386599,28.4045602333062
"4",0.315832550079742,28.0591246376337
"5",0.291409979457556,27.7138755753512
"6",0.245508326743242,27.1071570051189
"7",0.314771556846759,27.9662526241022
"8",0.329408752708788,28.274729395151
"9",0,25.6142373416781
