"","obs","bmi"
"1",0.35948628392134,28.6947770883598
"2",0.331769342320738,28.2383505860572
"3",0.335040616429722,28.3149289502847
"4",0.307333010559884,27.9352601326079
"5",0.281330613033473,27.5557766244448
"6",0.245020747427531,27.0705381004605
"7",0.305890731138183,27.8698145489047
"8",0.33065477378369,28.248403387814
"9",0,25.5625768171426
