"","obs","bmi"
"1",0.367447849785395,28.7410990488371
"2",0.339552909721447,28.2886560200569
"3",0.352875756700797,28.5041414233183
"4",0.339408307023857,28.2672832732232
"5",0.324120103962224,28.0305273762603
"6",0.23913009359021,27.0004248344609
"7",0.304894648139198,27.8813066116625
"8",0.330792736479368,28.2217182746629
"9",0,25.5675707542162
