"","obs","bmi"
"1",0.355853997736507,28.6454803813282
"2",0.328710101395119,28.18693027495
"3",0.325619689099833,28.2763423555008
"4",0.296224638257701,27.9073177425512
"5",0.27129476179826,27.5384059593469
"6",0.243357533075157,27.0399475322793
"7",0.313026144539228,27.9784879053497
"8",0.337033789417963,28.3319845542636
"9",0,25.5708967350429
