"","obs","bmi"
"1",0.362289647339289,28.7245967922638
"2",0.332131711153735,28.2673817525908
"3",0.330037463882036,28.2983108786209
"4",0.296300131223053,27.8722370369269
"5",0.26351709559863,27.4463811968277
"6",0.247429277917953,27.1274262839621
"7",0.309970506989138,27.8798849191838
"8",0.340271493964135,28.3197726438575
"9",0,25.5980677589821
