"","obs","bmi"
"1",0.36537640311904,28.7521464077345
"2",0.335384260737533,28.2971388786216
"3",0.344168984890792,28.5067309428088
"4",0.320975688421827,28.2613751190296
"5",0.296776273589197,28.0160790469187
"6",0.250114552830673,27.1206205644647
"7",0.31056717767396,27.941590814247
"8",0.334555084048995,28.293128460204
"9",0,25.565958172954
