"","obs","bmi"
"1",0.355937037447784,28.6317889616767
"2",0.326868253296323,28.1777289359501
"3",0.329929125289787,28.2829592785082
"4",0.302521843871011,27.9344254642638
"5",0.271306838328017,27.5862037249051
"6",0.241584855458986,27.064794717403
"7",0.311294259929996,27.9329809044056
"8",0.332847082814841,28.2555110874387
"9",0,25.616533632465
