"","obs","bmi"
"1",0.361977263907093,28.7210735375708
"2",0.332961954650025,28.2661858338818
"3",0.352917991988847,28.4610697067443
"4",0.341696291027541,28.2013459208441
"5",0.332402380989022,27.9419161713282
"6",0.248386861978604,27.1233227198011
"7",0.311438302749433,27.894428712964
"8",0.337591031176918,28.2320502499877
"9",0,25.5929400289153
