"","obs","bmi"
"1",0.364491897276041,28.7347398348141
"2",0.335872007787737,28.2821390381169
"3",0.336775820171588,28.3040851745044
"4",0.307092233364955,27.873962067901
"5",0.274868975825483,27.4444084146751
"6",0.238929356680388,26.9940866297327
"7",0.305424588938756,27.8706528766475
"8",0.331935138763795,28.2699144176482
"9",0,25.5638767682581
