"","obs","bmi"
"1",0.359126099945074,28.7089398169158
"2",0.329508055859181,28.2587253937822
"3",0.33342049419825,28.3985668192727
"4",0.306247656132368,28.0882561578346
"5",0.280743435267998,27.7780073667222
"6",0.244870760560734,27.0379887256771
"7",0.303421215154231,27.8464243438006
"8",0.334639516884484,28.2958469810875
"9",0,25.5763281094019
