"","obs","bmi"
"1",0.358945252834209,28.6680079387723
"2",0.330065918874766,28.210287709795
"3",0.338791584825031,28.2917344783942
"4",0.317872500696341,27.9157043828741
"5",0.29381801428909,27.5399279057608
"6",0.244351414405327,27.1004719441547
"7",0.30797157571646,27.8898250298688
"8",0.338383859956193,28.3083618577832
"9",0,25.5733671579723
