"","obs","bmi"
"1",0.363681535323599,28.7145726051257
"2",0.332466426064731,28.2519577898596
"3",0.339619686409806,28.3630233498331
"4",0.313998663299103,28.0116651693608
"5",0.289379987327516,27.6605044366751
"6",0.243269588530758,27.0562360527695
"7",0.305659576667928,27.8996380368361
"8",0.335904287815753,28.3264373580877
"9",0,25.5971028160509
