"","obs","bmi"
"1",0.360262640815195,28.7196504102682
"2",0.332718207743395,28.2678683300371
"3",0.345452541242193,28.4280800307745
"4",0.329034140837903,28.1366545227348
"5",0.312464999506087,27.8453777872945
"6",0.245200934293535,27.0917194012291
"7",0.304823586332298,27.8991133652387
"8",0.33936820742828,28.3668279903695
"9",0,25.6046087209534
