"","obs","bmi"
"1",0.358583370856363,28.7228235595122
"2",0.329652739890457,28.2565308336846
"3",0.335673400688687,28.3577065812223
"4",0.311440800088436,27.9927781661429
"5",0.286507202111522,27.6280444393967
"6",0.242345493121058,27.0403630360465
"7",0.311287174821351,27.9264677414945
"8",0.330315173716506,28.1823077475975
"9",0,25.6033728048843
