"","obs","bmi"
"1",0.368926620653432,28.7690710977167
"2",0.34037202117881,28.3187865000184
"3",0.354102845351786,28.4956268088889
"4",0.339647771895206,28.2224879932608
"5",0.325270261595375,27.9496720576959
"6",0.242936489325404,27.0524576522798
"7",0.308883188744863,27.8605141664112
"8",0.331072478855014,28.2144201304091
"9",0,25.5537005454397
