"","obs","bmi"
"1",0.356499430730853,28.6668946928413
"2",0.326853079643455,28.2052567899875
"3",0.333586749752621,28.3268371219582
"4",0.307872054964382,27.9871117151116
"5",0.281807364538949,27.6477373252825
"6",0.242466736519704,27.0790317576698
"7",0.305833383356612,27.8818716711002
"8",0.333630971839583,28.2700587764808
"9",0,25.5842549007596
