"","obs","bmi"
"1",0.360017712071203,28.7000903719775
"2",0.329476482244329,28.2427715822186
"3",0.33746968205032,28.3574955852396
"4",0.312306276755193,28.0151427294667
"5",0.286621231899528,27.6730423132611
"6",0.245129468712952,27.0768770596309
"7",0.30704756588887,27.9105186220135
"8",0.332332189598981,28.2654837671419
"9",0,25.5774723573152
