"","obs","bmi"
"1",0.357658770328661,28.6707046027945
"2",0.329101867638866,28.2064328470935
"3",0.332601411346536,28.3536358112461
"4",0.304887955340465,28.0366591727015
"5",0.279829688625971,27.7197779747172
"6",0.242229629669265,27.0373285974614
"7",0.308639442329168,27.8951006811228
"8",0.332720155078959,28.2519137624643
"9",0,25.5671679348535
