"","obs","bmi"
"1",0.362850308657439,28.7251853194804
"2",0.33224099568413,28.27160036138
"3",0.34094021665635,28.3967673905101
"4",0.31745449933955,28.0685851472179
"5",0.293421941050738,27.7406479580971
"6",0.243237500799225,27.0784721256417
"7",0.310998470953501,27.921718929987
"8",0.329622783812986,28.2369752328234
"9",0,25.6045623952666
