"","obs","bmi"
"1",0.365862684478308,28.747413050984
"2",0.333853518409099,28.2773555299727
"3",0.343306746058046,28.3828424905921
"4",0.321810003151503,28.018562451834
"5",0.299975115321109,27.6545873644749
"6",0.239636712546776,27.0240026738652
"7",0.305208296125961,27.8667804068776
"8",0.328747553225475,28.2388977941542
"9",0,25.5602779621232
