"","obs","bmi"
"1",0.361761493678685,28.7230050789881
"2",0.331638424198717,28.2714017685107
"3",0.346548886601469,28.4342710701831
"4",0.329137518783576,28.1456895191603
"5",0.312839799418201,27.8572645969528
"6",0.240564838095743,27.0531358075773
"7",0.311511139690834,27.9392982833239
"8",0.327794378591186,28.2061360639353
"9",0,25.6070384812685
