"","obs","bmi"
"1",0.362551992131711,28.705408022649
"2",0.331025942696258,28.2399206998555
"3",0.346727035623499,28.3691526184104
"4",0.332517714270706,28.0331657812348
"5",0.31597861272066,27.6974599523702
"6",0.244329129179707,27.0540574583243
"7",0.307621436461769,27.8683455975339
"8",0.328424430984152,28.2206574508459
"9",0,25.5946200393229
