"","obs","bmi"
"1",0.359886645380513,28.6547602122063
"2",0.33153231734946,28.1936474424621
"3",0.346760851937976,28.378166956419
"4",0.332492402221982,28.101682369308
"5",0.315515057735788,27.8253091090677
"6",0.243967979187608,27.0856828173186
"7",0.313473064812848,27.9284032410583
"8",0.337653430461793,28.3477578531155
"9",0,25.5739510853631
