"","obs","bmi"
"1",0.361120683841966,28.7034706853659
"2",0.330711748843197,28.2433072639001
"3",0.331895219759884,28.3587972752934
"4",0.304410386525215,28.0143183608867
"5",0.277978669870388,27.6700379080785
"6",0.245969035390364,27.0711657008836
"7",0.310455429251006,27.9183158592228
"8",0.332286732494174,28.2016940799956
"9",0,25.5573536941619
