"","obs","bmi"
"1",0.352515159779973,28.6137531272582
"2",0.325491527958853,28.1501501185044
"3",0.339163606786101,28.3696481511971
"4",0.323514494927418,28.1256807692921
"5",0.305239632886658,27.8818553903778
"6",0.245967845359784,27.1150789449865
"7",0.31055957795122,27.9154844069667
"8",0.334897418896598,28.3005678891335
"9",0,25.5850711253377
