"","obs","bmi"
"1",0.361464228989441,28.6951337235017
"2",0.331575973677253,28.2337462086754
"3",0.339627364969361,28.3729295438006
"4",0.313560433565633,28.0508832588154
"5",0.287603125341823,27.7289989395479
"6",0.246280963431195,27.0710825456147
"7",0.30780283437423,27.882028932987
"8",0.333381125194805,28.2849957912117
"9",0,25.6146883694761
