"","obs","bmi"
"1",0.354925961889368,28.6774838326934
"2",0.324876709915461,28.2211640713008
"3",0.33876335346665,28.3830855143512
"4",0.321546600340474,28.0888881646438
"5",0.30793632351741,27.7948999991158
"6",0.247897301427818,27.1322580059313
"7",0.308062038425935,27.9230312740867
"8",0.328349216944624,28.178270634966
"9",0,25.6066530045308
