"","obs","bmi"
"1",0.356158760719169,28.6513829205695
"2",0.328772662891461,28.1827870776401
"3",0.343773974030516,28.3020263397755
"4",0.328290151841722,27.9530053576706
"5",0.310545365621494,27.6043375144805
"6",0.247453843786205,27.0858069454659
"7",0.311599169250792,27.8897057424583
"8",0.331902607106701,28.2872741632508
"9",0,25.5674032446467
