"","obs","bmi"
"1",0.357463509560674,28.651204917169
"2",0.327862746197087,28.1974384943873
"3",0.342791683463197,28.4384275647066
"4",0.323404105772758,28.2257793923814
"5",0.305180059445655,28.0132642725374
"6",0.241434702312493,27.0581520971689
"7",0.305718946309596,27.873317647535
"8",0.326616473840092,28.2100456441815
"9",0,25.5851586998639
