"","obs","bmi"
"1",0.362187142967185,28.745921934813
"2",0.334425147019682,28.2921888032674
"3",0.341092124229534,28.361446398926
"4",0.317965736443294,27.9773293909729
"5",0.293191946872127,27.5935900352903
"6",0.251201899966332,27.1557632309116
"7",0.310139568963223,27.9362365696251
"8",0.326591190718808,28.2075330118382
"9",0,25.6586436414624
