"","obs","bmi"
"1",0.358284908357718,28.6577694422526
"2",0.328697420969746,28.2020964095331
"3",0.346954384186065,28.396524938761
"4",0.336104712182219,28.1354230779684
"5",0.32507593386057,27.8744683579339
"6",0.242073548820731,27.0558178687307
"7",0.305690435787914,27.8737019233221
"8",0.335549388444367,28.344127590503
"9",0,25.5430632925048
