"","obs","bmi"
"1",0.353040732552441,28.6445460598882
"2",0.32157949998217,28.1840209376123
"3",0.323066069043159,28.2527905277165
"4",0.290550600656858,27.8613023574116
"5",0.261101094664982,27.4700923995304
"6",0.240356392793346,27.0264350144539
"7",0.310743677399735,27.9410416262728
"8",0.331351344623615,28.2447422032379
"9",0,25.6076628990386
