"","obs","bmi"
"1",0.365097989425371,28.7149736993987
"2",0.334339106134404,28.258600336493
"3",0.348478843398158,28.3876051397289
"4",0.331997940860191,28.0605493697095
"5",0.316005032750944,27.7338229324793
"6",0.239763099632101,27.0350767875192
"7",0.30642634921355,27.9083316393053
"8",0.336676573184788,28.2771792397378
"9",0,25.5720460044033
