"","obs","bmi"
"1",0.358504879804333,28.6951176632013
"2",0.32906608311839,28.2296256020689
"3",0.340921193006848,28.4496090078933
"4",0.320109916772603,28.2042051524793
"5",0.299718621622574,27.9589088588967
"6",0.243233764036941,27.0394757856373
"7",0.30718407485375,27.9211251395137
"8",0.324631704704092,28.18347901478
"9",0,25.6226895612336
