"","obs","bmi"
"1",0.359885929839349,28.6822203479733
"2",0.328719569177874,28.2215630735343
"3",0.34212245061137,28.4049685406942
"4",0.325049137775819,28.1278089742639
"5",0.304809500310295,27.8507436739976
"6",0.24188797834107,27.0223979637285
"7",0.319760753056727,28.0429795754824
"8",0.331924357657469,28.2443975698347
"9",0,25.6074255061516
