"","obs","bmi"
"1",0.357692329001776,28.6405798378156
"2",0.327912411349708,28.1758759102083
"3",0.34534411675338,28.3742693192658
"4",0.329788337722999,28.1081309372154
"5",0.313193031705704,27.8421710828927
"6",0.242537819706874,27.0330919847919
"7",0.31247546056687,27.95043745882
"8",0.326392208972436,28.2088183179545
"9",0,25.6102653726553
