"","obs","bmi"
"1",0.361010071157448,28.7046762148645
"2",0.331347227453097,28.2475153942531
"3",0.345457427612749,28.3544369654323
"4",0.330511761383464,28.0044721395735
"5",0.314274208820223,27.6547950206441
"6",0.246940353205663,27.0885223455425
"7",0.304830943840814,27.8231868524214
"8",0.328006055368817,28.2191386093508
"9",0,25.5912189174103
