"","obs","bmi"
"1",0.361201139513695,28.6666043620932
"2",0.328590211173208,28.208825994752
"3",0.342954454728765,28.3786141374609
"4",0.322218447517598,28.0908090042865
"5",0.303275298118014,27.8031957772692
"6",0.246440582412585,27.0924937097223
"7",0.305794015747018,27.8486754468169
"8",0.341776508548725,28.3576194499313
"9",0,25.5957389972895
