"","obs","bmi"
"1",0.362212064748984,28.7465082203152
"2",0.330613726353965,28.284247455137
"3",0.33258225418629,28.3363613426219
"4",0.297096375436801,27.9264415793361
"5",0.269640341754727,27.5167581553266
"6",0.241805947688897,27.0364357384146
"7",0.314584627870491,27.9521152471785
"8",0.338864122108961,28.3773365743174
"9",0,25.5916466435231
