"","obs","bmi"
"1",0.356977134673314,28.6701863773342
"2",0.326857127770219,28.206953798144
"3",0.34519832496432,28.4172145713326
"4",0.334798854005924,28.1644289722182
"5",0.322691707002236,27.9118368375348
"6",0.247474825821132,27.0908240480519
"7",0.313615261919783,27.9718139541658
"8",0.328680355049056,28.2163519299348
"9",0,25.5789689873072
