"","obs","bmi"
"1",0.358780252701428,28.6608124902183
"2",0.32793457340797,28.2003401287861
"3",0.343995269453335,28.413042958643
"4",0.328146202176939,28.1654434058723
"5",0.313257590416211,27.918020302682
"6",0.246784862325253,27.130031526817
"7",0.306311747439895,27.8799218476449
"8",0.334396358458895,28.2879583602565
"9",0,25.546368868294
