"","obs","bmi"
"1",0.363633787561756,28.7251606796758
"2",0.333907413400003,28.2656194901488
"3",0.347794086511632,28.3813281375584
"4",0.326787824191996,28.0377760980684
"5",0.310483649304217,27.6945185397759
"6",0.240237844251401,27.0758332422435
"7",0.307328289727235,27.8933344236541
"8",0.334772700210324,28.3147147464148
"9",0,25.5647907210531
