"","obs","bmi"
"1",0.358058914412203,28.666704694425
"2",0.326532150296738,28.2073943629925
"3",0.34129061960517,28.3630033800719
"4",0.321945109082655,28.0594950374027
"5",0.303506702078401,27.75618638507
"6",0.246976013433599,27.1112374165431
"7",0.310282919087853,27.9001194815242
"8",0.334862549609884,28.3161826914202
"9",0,25.5988783684488
