"","obs","bmi"
"1",0.366023245632983,28.7820891997648
"2",0.335873847849894,28.315463012259
"3",0.350476965806476,28.5271019397541
"4",0.335142310817698,28.2722203453519
"5",0.315928677582419,28.0174482272917
"6",0.243846394168505,27.0835545926121
"7",0.30893913004755,27.888637074459
"8",0.336332372823762,28.2806542179443
"9",0,25.6247801433875
