"","obs","bmi"
"1",0.357518919988453,28.639493338644
"2",0.327216395060647,28.1768294511841
"3",0.337462300276896,28.2724299886512
"4",0.31285273008039,27.9056822279044
"5",0.293859301677584,27.5392663013194
"6",0.245360861708578,27.1226119847853
"7",0.302919710117298,27.8609874605551
"8",0.331107345169458,28.2615664867409
"9",0,25.5739529762472
