"","obs","bmi"
"1",0.361901622495233,28.7653506547376
"2",0.332810225762376,28.3113262722484
"3",0.33689988011695,28.4038858147592
"4",0.307686106102063,28.0426323746063
"5",0.280461476023567,27.6815974045275
"6",0.243429880526064,27.0785014216504
"7",0.306222060334408,27.9083907176035
"8",0.333058092788786,28.2823500643346
"9",0,25.6060244812901
