"","obs","bmi"
"1",0.360323896026162,28.7375707188934
"2",0.33089056687391,28.2834772414556
"3",0.337264830086558,28.3895547725046
"4",0.312407448264517,28.0418121417666
"5",0.283383320249,27.6943560034833
"6",0.243894180672949,27.0493133820783
"7",0.305368428209733,27.8961014292984
"8",0.33597779440676,28.3190150725858
"9",0,25.5695770221406
