"","obs","bmi"
"1",0.36021027419298,28.6877500389844
"2",0.328068115226155,28.2213154899888
"3",0.339251000595148,28.4324394216143
"4",0.317737704394394,28.1772346853335
"5",0.29760592984443,27.922137881596
"6",0.246002840441499,27.0657429007889
"7",0.310005976896998,27.9474122704881
"8",0.327159787453457,28.2492379575386
"9",0,25.5560975252973
