"","obs","bmi"
"1",0.354522889917741,28.6155705593211
"2",0.324195584616431,28.1550263746405
"3",0.334065852594549,28.2846663115698
"4",0.310166583712679,27.9539386723706
"5",0.285460446060921,27.6233929300851
"6",0.243246259996474,27.1264563205617
"7",0.306777750688286,27.8805629123836
"8",0.334735517673547,28.2866765964716
"9",0,25.5780665977007
