"","obs","bmi"
"1",0.366279367247574,28.7398385924815
"2",0.333620569964971,28.2750497200687
"3",0.33873432232014,28.402478035574
"4",0.313259590367272,28.0652593203897
"5",0.282934942678263,27.728185299892
"6",0.245022507343958,27.1218036049211
"7",0.308513868023849,27.9378126394056
"8",0.335391631422045,28.2418499470389
"9",0,25.5338849932098
