"","obs","bmi"
"1",0.35936783865918,28.686653176128
"2",0.328668317874861,28.223384928881
"3",0.337905026758117,28.3839896902632
"4",0.313709781339141,28.0814532199045
"5",0.288066862158475,27.7790494864485
"6",0.252427731284228,27.1703400536104
"7",0.306765710103112,27.9339462731653
"8",0.331680077057513,28.2676247035829
"9",0,25.5610704665725
