"","obs","bmi"
"1",0.356764129750427,28.6497362969424
"2",0.326888297409616,28.1903727829907
"3",0.325455569386428,28.2742092709765
"4",0.288653384327917,27.8988147335386
"5",0.254726412563905,27.5235526746413
"6",0.242605397837846,27.1006857605456
"7",0.299922430493185,27.8625934661675
"8",0.325736922166061,28.2420406614428
"9",0,25.5656158871793
