"","obs","bmi"
"1",0.356235903799641,28.6722750004812
"2",0.325818161709107,28.2080059890635
"3",0.329046224677014,28.284730147386
"4",0.29807409358051,27.8973562605963
"5",0.269600617472291,27.5101576359586
"6",0.24827411954791,27.0996759178769
"7",0.307154229005104,27.9130411039498
"8",0.340591932962495,28.339348469876
"9",0,25.5801494852342
