"","obs","bmi"
"1",0.362393255724987,28.6709996408664
"2",0.331435989787332,28.2149514197269
"3",0.332927362563007,28.2556273103253
"4",0.299188290199367,27.8404769038259
"5",0.267348125620366,27.425555505717
"6",0.240080784071608,27.0466157743376
"7",0.304274307360287,27.8675867296702
"8",0.33359995991125,28.2531862909923
"9",0,25.5780071869617
