"","obs","bmi"
"1",0.363256827078138,28.7313046419065
"2",0.333047102197194,28.2716585184911
"3",0.339756892944411,28.4626393792066
"4",0.31529066933264,28.1940635354509
"5",0.290660060801088,27.9255786426188
"6",0.246337920398095,27.0807469516149
"7",0.309470920880548,27.915403483644
"8",0.327846106770287,28.229981068213
"9",0,25.5940516777641
