"","obs","bmi"
"1",0.365250695308131,28.7391345008759
"2",0.336718521750939,28.2901311020404
"3",0.350335874855009,28.3713424243067
"4",0.334998036485319,28.0037806668463
"5",0.318176706729747,27.6364591401323
"6",0.244463586931971,27.0882271342553
"7",0.312120188497408,27.9720902993739
"8",0.335381996484897,28.2828914780956
"9",0,25.5664237974416
