"","obs","bmi"
"1",0.360353725617178,28.693234824675
"2",0.330933789837823,28.2375532292155
"3",0.33640837391182,28.2619907299842
"4",0.30782020258975,27.8312789806101
"5",0.284661461873745,27.4011351943206
"6",0.238748553138785,26.9835333797336
"7",0.310426039610078,27.9217731060877
"8",0.339594747584007,28.3283833971482
"9",0,25.5451423365888
