"","obs","bmi"
"1",0.361698995293246,28.7604559141738
"2",0.332618383773394,28.3020004419075
"3",0.336016377425942,28.44454771914
"4",0.305420813661322,28.1287015408053
"5",0.278698328179362,27.8129159446296
"6",0.248330469692137,27.106476480643
"7",0.308125301922694,27.89147618729
"8",0.336521210276791,28.2560481147846
"9",0,25.6260907382314
