"","obs","bmi"
"1",0.368784116321477,28.7596777874501
"2",0.339170967989146,28.3053904941766
"3",0.353686334405787,28.3946661934428
"4",0.336099206717577,28.0299960684483
"5",0.319455236394138,27.6656887468652
"6",0.25213192578711,27.1571504195998
"7",0.309689807705304,27.9242221271449
"8",0.330545102897468,28.2488110890984
"9",0,25.5241985989773
