"","obs","bmi"
"1",0.355156582798936,28.704515740847
"2",0.326329921725973,28.2574148424001
"3",0.332352344440539,28.3751957838567
"4",0.308933486064078,28.0460021664402
"5",0.284882531989212,27.7169393659246
"6",0.242769803230655,27.0450120574607
"7",0.305823310418486,27.9066951992679
"8",0.335755394412218,28.2580096440029
"9",0,25.6207559491613
