"","obs","bmi"
"1",0.363354384417627,28.6911371635815
"2",0.334853204944798,28.2308855439226
"3",0.350225057605376,28.4534530220979
"4",0.336800504214091,28.2158619715422
"5",0.321721243327678,27.9783669053896
"6",0.238983265959177,27.0317152202396
"7",0.309851993157981,27.9604185720331
"8",0.340363739688277,28.3553694554511
"9",0,25.5541658670259
