"","obs","bmi"
"1",0.357950023672328,28.6977436078634
"2",0.329285787973178,28.2472967559527
"3",0.33529376733815,28.3982770380886
"4",0.310478383399034,28.0989181859545
"5",0.285282290638386,27.7996694653375
"6",0.245426134618831,27.0663022165025
"7",0.303431573365889,27.8337528092587
"8",0.329933997138803,28.2644197421848
"9",0,25.6222923191489
