"","obs","bmi"
"1",0.357877833475689,28.696502983015
"2",0.327876881449561,28.2429374496015
"3",0.334635135239013,28.3234464592984
"4",0.305417995211447,27.9506120693426
"5",0.280503765074096,27.578007715655
"6",0.246739045532228,27.0850574747824
"7",0.312300347763829,27.9727288619049
"8",0.332597030332765,28.2716451746749
"9",0,25.6167311572172
