"","obs","bmi"
"1",0.361152275383065,28.7408035369348
"2",0.331140207261369,28.2848705995755
"3",0.339228774609968,28.3777665628409
"4",0.316277903682303,28.0149331791149
"5",0.291811862432811,27.6523107507083
"6",0.245528936040394,27.0773396407471
"7",0.31113650146942,27.9136436333056
"8",0.329386916312105,28.2505974296529
"9",0,25.6304696478945
