"","obs","bmi"
"1",0.358627881944292,28.6724765334171
"2",0.327991667108961,28.215584888285
"3",0.333972025405666,28.3584504303455
"4",0.309596976422609,28.0445488920392
"5",0.282144500818369,27.7307747741408
"6",0.243883239926069,27.0806227421271
"7",0.30384550816595,27.8707949665898
"8",0.338252425931404,28.3805738101889
"9",0,25.5769688063098
