"","obs","bmi"
"1",0.359239472949282,28.6832389071251
"2",0.328643353606817,28.2239396085898
"3",0.345819765633014,28.4563341012697
"4",0.331646125145491,28.2295435226786
"5",0.318161552369757,28.002871324523
"6",0.243426747717723,27.1014332440746
"7",0.310011572237712,27.9345553222002
"8",0.337906497842849,28.3154240308834
"9",0,25.6136161846804
