"","obs","bmi"
"1",0.367122259320233,28.7124523158198
"2",0.336536365784721,28.25368298685
"3",0.339421952804905,28.4132299272237
"4",0.310019039493225,28.114160677398
"5",0.284361831223714,27.8152483284857
"6",0.244859339533249,27.0445480901475
"7",0.309157028839807,27.882951307648
"8",0.335851836658158,28.2982531664323
"9",0,25.5918189624315
