"","obs","bmi"
"1",0.358438125584749,28.6767213235347
"2",0.327805985725148,28.2111961937692
"3",0.340665426904313,28.2608804457627
"4",0.322091306971803,27.8455797206573
"5",0.300862651508701,27.4308579288079
"6",0.241161338309094,27.0191262889267
"7",0.311585230566588,27.9029800762915
"8",0.333168511838667,28.1764831692361
"9",0,25.6117030313578
