"","obs","bmi"
"1",0.364472384034033,28.767093152647
"2",0.336797633566637,28.3086716072462
"3",0.344923098905035,28.4278230303407
"4",0.327595462015342,28.0888771906955
"5",0.304293992874347,27.7502743418197
"6",0.242577675111722,27.0607501602113
"7",0.306947145438517,27.9151668040917
"8",0.338683107586696,28.3497146771967
"9",0,25.5910391302193
