"","obs","bmi"
"1",0.355399151136128,28.6548435086459
"2",0.325263549460124,28.2056305645529
"3",0.331327049707949,28.3650523257002
"4",0.30720869712944,28.0755550000853
"5",0.281653687217518,27.7863680359682
"6",0.247324184326153,27.0596917048383
"7",0.310936962463902,27.9512302287003
"8",0.334085650789164,28.3149465586058
"9",0,25.6031793414314
