"","obs","bmi"
"1",0.369197775980091,28.7927322607527
"2",0.338171830341191,28.3275600223643
"3",0.347217717271982,28.4694553309891
"4",0.325671881157984,28.1462897976648
"5",0.300265529641327,27.8232383498043
"6",0.247254168590796,27.0810583048683
"7",0.303576832306793,27.8800963086559
"8",0.327997061728033,28.2171733630418
"9",0,25.6255629699168
