"","obs","bmi"
"1",0.360817221463473,28.7013159397998
"2",0.331451357762837,28.238299534504
"3",0.338843479571851,28.4102395350246
"4",0.31330996240125,28.1192361974319
"5",0.288183550268088,27.8283062315859
"6",0.24346208279789,26.9964346275093
"7",0.310429007783403,27.9203969282324
"8",0.339360847214068,28.3018694246276
"9",0,25.6193891215321
