"","obs","bmi"
"1",0.364205475396204,28.7274562241234
"2",0.331641550147938,28.2719954588427
"3",0.344464680497403,28.4684157889653
"4",0.323903362214297,28.2094503660994
"5",0.303578142315809,27.9505608628772
"6",0.24380882389431,27.0497269798539
"7",0.308116698660496,27.8893657473295
"8",0.334839411252449,28.2970587287421
"9",0,25.5946462903663
