"","obs","bmi"
"1",0.361306111672162,28.7189254299474
"2",0.333342241460091,28.256806192452
"3",0.336901414002965,28.4628577370301
"4",0.309206685831132,28.206833877873
"5",0.283544281489276,27.9508528809374
"6",0.243305076253806,27.0839772523091
"7",0.3105773291912,27.9483019418902
"8",0.335301779300095,28.2890836677934
"9",0,25.5595445613927
