"","obs","bmi"
"1",0.357294293134745,28.6706219537877
"2",0.330263533312401,28.2181912377244
"3",0.334106329124096,28.2830717017279
"4",0.309023368637061,27.8958155236381
"5",0.285767590214379,27.5088660819428
"6",0.245261097113528,27.0085347643272
"7",0.304820564179067,27.8652813722935
"8",0.336104247705633,28.2907126263304
"9",0,25.5717777794825
