"","obs","bmi"
"1",0.354022019653834,28.6296613280545
"2",0.322647024398143,28.1747759204841
"3",0.339007605606666,28.3867344571358
"4",0.324063417603158,28.1439713901007
"5",0.310787879438965,27.9013780917373
"6",0.250297277375716,27.1020945006051
"7",0.312226098001262,27.9062143873343
"8",0.326642693735148,28.2320643516345
"9",0,25.5900242298592
