"","obs","bmi"
"1",0.35915591734517,28.6302219926699
"2",0.328505303149575,28.1819209000883
"3",0.340813099600559,28.3383979000509
"4",0.32401105073294,28.0467330419332
"5",0.3055399639132,27.7552321694703
"6",0.239718921974245,27.0484568542965
"7",0.303870121082958,27.8750492496962
"8",0.339687207067489,28.3580701422546
"9",0,25.5238759376147
