"","obs","bmi"
"1",0.362602097906474,28.8043083388015
"2",0.333812582936859,28.3450281142322
"3",0.349550264782862,28.5306937902914
"4",0.335754411929064,28.2573609093208
"5",0.32236582371306,27.9843247054601
"6",0.244973556522979,27.064124421068
"7",0.305734502706479,27.8425144082421
"8",0.334088032794119,28.2805582319321
"9",0,25.636023414499
