"","obs","bmi"
"1",0.358406827810138,28.6866734282996
"2",0.328709062418509,28.2284250954886
"3",0.335385156290728,28.3286553274783
"4",0.312885752319923,27.9710399636892
"5",0.288111111364836,27.6138529515445
"6",0.240210119816118,27.0481040189921
"7",0.309655204708732,27.908832436236
"8",0.339500447964121,28.3625869657662
"9",0,25.5868671009363
