"","obs","bmi"
"1",0.360116535506518,28.6565926074718
"2",0.329170070183551,28.1930519603871
"3",0.340757936765089,28.2831883375546
"4",0.319259995857808,27.9100466670343
"5",0.298698125440479,27.5371790219157
"6",0.240507498990308,26.9607531704726
"7",0.307564326273477,27.9044057957659
"8",0.340185389592307,28.3229955868447
"9",0,25.5494440793916
