"","obs","bmi"
"1",0.363730929522015,28.7489145377151
"2",0.335050004356516,28.2982481929748
"3",0.336980601634664,28.4221915520975
"4",0.306558606210805,28.0956257377685
"5",0.281383811868401,27.7692188776955
"6",0.244826460409749,27.0674448617913
"7",0.306088212692037,27.8809757752183
"8",0.335194392054993,28.2738050777947
"9",0,25.6169489798693
