"","obs","bmi"
"1",0.358822468940267,28.6941174597009
"2",0.328971178174081,28.2266799031022
"3",0.34550815898724,28.4163195400099
"4",0.33238522650031,28.1387148818273
"5",0.31983686648955,27.8613108387703
"6",0.242791654299789,27.0627455040041
"7",0.307295484048419,27.8652709940917
"8",0.34230785062928,28.3361899338062
"9",0,25.6123558180327
