"","obs","bmi"
"1",0.356677659210419,28.6128021841477
"2",0.326702442348047,28.1483134962194
"3",0.344958381845817,28.3515762911177
"4",0.330931284592146,28.0904932920539
"5",0.315977155206571,27.8295582868151
"6",0.245690194056538,27.0681249312582
"7",0.310465684649793,27.9416031513558
"8",0.331174554208314,28.251783403359
"9",0,25.5274922947296
