"","obs","bmi"
"1",0.366831596787574,28.7563297151765
"2",0.33589114311643,28.2922338724823
"3",0.34658979902733,28.4709414888135
"4",0.328926586584292,28.1856746317901
"5",0.30786218532537,27.9005347892785
"6",0.244665702834911,27.0919286737706
"7",0.302794468416663,27.8668919069881
"8",0.334984439074951,28.2638262918408
"9",0,25.5513090041707
