"","obs","bmi"
"1",0.363835808046104,28.768066745468
"2",0.336301826359503,28.3139350960404
"3",0.35493201435905,28.5056074447735
"4",0.344785649022804,28.2433556459387
"5",0.332425900462646,27.9813195074058
"6",0.245173639723245,27.0394649459889
"7",0.304595508426697,27.8319879045088
"8",0.332327363241242,28.3325677399741
"9",0,25.5575204327064
