"","obs","bmi"
"1",0.360896026652783,28.644541334569
"2",0.330072341570414,28.1774899917436
"3",0.34543500585136,28.405238683344
"4",0.329329274628834,28.1661180965224
"5",0.310991827918645,27.9271867849497
"6",0.244025722081608,27.1259561139543
"7",0.304871225774223,27.8846569829899
"8",0.340173992688165,28.2863610778032
"9",0,25.5400384474391
