"","obs","bmi"
"1",0.360623236772494,28.7109710392271
"2",0.331438146438814,28.2560756991694
"3",0.341679636140408,28.3575396540481
"4",0.318653962879985,28.0043890316901
"5",0.297115143290292,27.6515319338452
"6",0.242438030541627,27.0522534711842
"7",0.302464582025196,27.8745400763154
"8",0.334119122761609,28.3374956404008
"9",0,25.5831004526512
