"","obs","bmi"
"1",0.361487355148552,28.6982854680078
"2",0.330408845453327,28.2346506753824
"3",0.337266748067962,28.3934580334399
"4",0.314801891102677,28.0888008290155
"5",0.285369755720135,27.7843198067235
"6",0.243498221066632,27.071310279918
"7",0.308794517021885,27.9119744594116
"8",0.337009734500642,28.3053882228199
"9",0,25.5847435897228
