"","obs","bmi"
"1",0.364479554820336,28.7278129032778
"2",0.335114901213634,28.2760136718981
"3",0.34123983957887,28.4705132171505
"4",0.313377468552818,28.2132820821718
"5",0.286986613726673,27.9561205875093
"6",0.243627384805508,27.037164499179
"7",0.305229018042979,27.8704478369528
"8",0.332758688968167,28.2928414740618
"9",0,25.5847603482274
