"","obs","bmi"
"1",0.3609218767925,28.6890256267263
"2",0.331655434671686,28.2329582873088
"3",0.350668852552505,28.5000894398841
"4",0.340867931621757,28.3113263891479
"5",0.329245310460504,28.1227435439625
"6",0.244417654643465,27.0937411211646
"7",0.313337810819766,27.9586319280811
"8",0.325988716373264,28.2452048029304
"9",0,25.5717433931678
