"","obs","bmi"
"1",0.36284594104092,28.7172720230615
"2",0.331612190546801,28.2619731674696
"3",0.349167289298273,28.3980374600507
"4",0.335017441275677,28.0792047976764
"5",0.323114228727022,27.7608001173586
"6",0.242005468361007,27.0110596006323
"7",0.307898306171521,27.89563556774
"8",0.333051296003082,28.231282540778
"9",0,25.5701957851781
