"","obs","bmi"
"1",0.362072272075681,28.7201957364263
"2",0.336771006709558,28.2687798410494
"3",0.352668636180405,28.4302936454334
"4",0.337916856117738,28.1407803248244
"5",0.324917908963364,27.8516828178458
"6",0.23882365903866,27.0003817389385
"7",0.313247916774642,27.9177592085285
"8",0.336231954298486,28.2869863024492
"9",0,25.6006004643723
