"","obs","bmi"
"1",0.354831092179455,28.6753927534181
"2",0.326185425530699,28.2161933031358
"3",0.34544007163004,28.4020682099881
"4",0.337710219540815,28.1290042263363
"5",0.326763315115837,27.8562125815323
"6",0.245803863154908,27.0578428950424
"7",0.309530354706051,27.94799446953
"8",0.333258755319845,28.2908174448136
"9",0,25.5758859608266
