"","obs","bmi"
"1",0.360610800058693,28.7288343820347
"2",0.331109702968312,28.2705765311287
"3",0.344867881123731,28.4884815133207
"4",0.330414238473062,28.2483007296666
"5",0.315559482894003,28.0082987822839
"6",0.247595664734104,27.1099501231266
"7",0.30783247326795,27.9121833346949
"8",0.332199422595762,28.2965063289284
"9",0,25.5953179770479
