"","obs","bmi"
"1",0.360536310348399,28.654408251161
"2",0.33080318669536,28.1930311673246
"3",0.341716306567822,28.4201535130036
"4",0.321077924659377,28.1859464324904
"5",0.303770777138921,27.9517862375302
"6",0.243802347530572,27.051119283614
"7",0.303390294739213,27.8901828140095
"8",0.342134668332427,28.3216549297725
"9",0,25.5703112645101
