"","obs","bmi"
"1",0.360548152316117,28.7045863303585
"2",0.330950348823614,28.2456394490651
"3",0.354003735933192,28.3953631845326
"4",0.345001196447475,28.0864362222673
"5",0.338402745386622,27.7778201545327
"6",0.24411412931179,27.0709620551797
"7",0.307588081224007,27.916824237057
"8",0.339117634464041,28.3010946796842
"9",0,25.5428759873686
