"","obs","bmi"
"1",0.361332277170786,28.6906379333283
"2",0.333166130407492,28.2349762565026
"3",0.343048363914983,28.3347062794424
"4",0.323612643816765,27.9790752066901
"5",0.301945992487991,27.6237595436996
"6",0.249019461389989,27.0867832307538
"7",0.309519658990439,27.9008199306677
"8",0.334576407566835,28.2929963289682
"9",0,25.5870453694602
