"","obs","bmi"
"1",0.356146731490483,28.6941108856208
"2",0.326854747314654,28.2320511065285
"3",0.344646374426198,28.4620173285622
"4",0.331581383446346,28.2300213629174
"5",0.319886604418161,27.9981258232147
"6",0.246113133953243,27.0764778657252
"7",0.305800345814444,27.8900359451224
"8",0.332667722131958,28.2670777413149
"9",0,25.6563826160682
