"","obs","bmi"
"1",0.362967399857982,28.7473596606328
"2",0.333499498784708,28.2862738222555
"3",0.341310397695447,28.4580095999351
"4",0.320087347846144,28.1687961510633
"5",0.296122498971179,27.8797232189334
"6",0.243962460604899,27.0751817421501
"7",0.307375290433836,27.8803682023896
"8",0.334296043402721,28.3420684562676
"9",0,25.5904764117035
