"","obs","bmi"
"1",0.364059473048539,28.7248638266385
"2",0.337725869930105,28.2666746927765
"3",0.346235523410617,28.3848879756349
"4",0.325018857392096,28.0454034924692
"5",0.304085878493847,27.7064458992869
"6",0.246136703569198,27.0909258344673
"7",0.309423813300201,27.9319308540309
"8",0.336016772399891,28.2967562650588
"9",0,25.5542260178083
