"","obs","bmi"
"1",0.357658426435099,28.7214197262271
"2",0.329798481322583,28.2663716333144
"3",0.328283277836352,28.3559720062666
"4",0.294212506046629,27.99064982948
"5",0.260751930651126,27.6254543643614
"6",0.244195994511608,27.0576166815301
"7",0.301313430057166,27.8236787765255
"8",0.331397042515427,28.2779054897173
"9",0,25.634479355135
