"","obs","bmi"
"1",0.361629490904218,28.6900146106484
"2",0.331171326664932,28.2312690140777
"3",0.332187874702561,28.3267760679631
"4",0.301934203417344,27.9637521471681
"5",0.268796279465324,27.6009514898348
"6",0.240172893526536,27.0248591565395
"7",0.30180090474762,27.8649178176518
"8",0.333873802468727,28.2915850828085
"9",0,25.5807597441834
