"","obs","bmi"
"1",0.356051804917429,28.6529712345616
"2",0.326703993219134,28.201412063224
"3",0.346315622622404,28.4152467033223
"4",0.334870514646334,28.1777429334445
"5",0.322764287881613,27.9404698414961
"6",0.240693154675829,27.0310486450807
"7",0.311840680037289,27.9212690186159
"8",0.332447240046902,28.2543589574697
"9",0,25.6071141230886
