"","obs","bmi"
"1",0.360153362813234,28.7079317429246
"2",0.332340625454046,28.2483223696275
"3",0.351726199930078,28.5159428402113
"4",0.341380232918519,28.3242326523702
"5",0.333518855805706,28.1328174325135
"6",0.244254650024431,27.1029322239967
"7",0.301895042901767,27.8713436396629
"8",0.331195809822079,28.2402465637811
"9",0,25.6063639314568
