"","obs","bmi"
"1",0.363881519217535,28.7440985325344
"2",0.332687180408224,28.290790731966
"3",0.341442902121211,28.4507444765385
"4",0.320208627395111,28.1574795187496
"5",0.296791363422858,27.864304462928
"6",0.241104468976857,27.0220906925969
"7",0.305935487476244,27.8905340128469
"8",0.33347478043494,28.2897105865549
"9",0,25.5997418489806
