"","obs","bmi"
"1",0.354398885198958,28.6896048835995
"2",0.32434838736657,28.2348932881535
"3",0.331177644410204,28.4132258294974
"4",0.304293428456012,28.1369818432993
"5",0.283897393217833,27.8608771867234
"6",0.243844109480704,27.0545080112839
"7",0.31013613969176,27.8486882986071
"8",0.332961585578817,28.3075487355289
"9",0,25.5879461300131
