"","obs","bmi"
"1",0.365829274160111,28.7930042774064
"2",0.334668729848731,28.3428865676425
"3",0.352087415292848,28.5200306411595
"4",0.339889922458926,28.2473616056743
"5",0.328274581532417,27.9750134928327
"6",0.243060752257719,27.0624711625827
"7",0.305818232639112,27.9016424903567
"8",0.339655168854538,28.363449839624
"9",0,25.634647231141
