"","obs","bmi"
"1",0.362171124930812,28.7346746588572
"2",0.333263668051211,28.2792175135857
"3",0.353259691638445,28.449047959933
"4",0.34329450758668,28.1637021288212
"5",0.332090633214628,27.8786508765237
"6",0.241155968613104,27.0077182509475
"7",0.311125352114713,27.9146176375106
"8",0.333552802020599,28.3038400202503
"9",0,25.6173571781075
