"","obs","bmi"
"1",0.361329005003471,28.7840283281957
"2",0.330073226497424,28.3128081091358
"3",0.338070158911197,28.4856816269595
"4",0.314529267197798,28.1874596626523
"5",0.289991006037362,27.8893680904682
"6",0.247157331609753,27.1202503912736
"7",0.309192313478249,27.9188845481825
"8",0.33131638302486,28.2714763246723
"9",0,25.6426775808095
