"","obs","bmi"
"1",0.362752397958515,28.7303658905985
"2",0.332056486433323,28.2776131669136
"3",0.344434348634759,28.4769199966934
"4",0.323358223215667,28.223678401104
"5",0.303681475158982,27.9706503341236
"6",0.243452659527837,27.043235071447
"7",0.308464151584294,27.9017996201208
"8",0.332566184095233,28.2357983268144
"9",0,25.6119631391204
