"","obs","bmi"
"1",0.356288373074139,28.7088381588401
"2",0.328948632058115,28.2572877656919
"3",0.340741908268287,28.462238700297
"4",0.323497141315221,28.2157117607042
"5",0.306974150573233,27.969258875175
"6",0.242741854225306,27.009169819189
"7",0.30667296528223,27.8807436778618
"8",0.336667114486666,28.3149429860989
"9",0,25.5760924530835
