"","obs","bmi"
"1",0.358359309328508,28.6600877852428
"2",0.32886400939949,28.2030193371699
"3",0.339826901351815,28.362734736969
"4",0.321328104636481,28.0655640361498
"5",0.296989328507995,27.7685830731299
"6",0.246225707004656,27.076846582458
"7",0.307238568032326,27.8774016880017
"8",0.33615276784549,28.2853841663589
"9",0,25.5967574936445
