"","obs","bmi"
"1",0.36328155261886,28.7194921391534
"2",0.333039803380412,28.2698749121251
"3",0.35119026999053,28.3925084341592
"4",0.338251052774974,28.0657644855289
"5",0.326291621964636,27.7392712592689
"6",0.243355917594657,27.044239450365
"7",0.310472664147574,27.9763190020387
"8",0.339554849357872,28.3657870731493
"9",0,25.57974590881
