"","obs","bmi"
"1",0.359660165645866,28.7313902562975
"2",0.32998328293267,28.2709915791401
"3",0.337396431013984,28.3635181218834
"4",0.315348178381948,27.9959881823756
"5",0.29163833257315,27.6288193963265
"6",0.242810535028985,27.0919965742827
"7",0.303781548359239,27.834564961622
"8",0.329912906596623,28.2667210227489
"9",0,25.5620879582308
