"","obs","bmi"
"1",0.362447502185869,28.73503135855
"2",0.332721966941855,28.2896054771294
"3",0.341981579389727,28.3943836026128
"4",0.318033395258597,28.0541870541378
"5",0.297055985950179,27.7144746412037
"6",0.247434012233521,27.0991183961132
"7",0.308244744995718,27.9527148214957
"8",0.333928680795583,28.2184876970885
"9",0,25.5886898780554
