"","obs","bmi"
"1",0.364556522087179,28.7579666825146
"2",0.33323964098486,28.2923068941422
"3",0.354709156814554,28.5104212057655
"4",0.34237922975284,28.2630006804863
"5",0.333378999187928,28.0157101632912
"6",0.241293559303116,27.0707791215144
"7",0.304641538413812,27.8834234099135
"8",0.331639974747084,28.2237677620709
"9",0,25.6342274045593
