"","obs","bmi"
"1",0.363204277954337,28.767725698192
"2",0.334358239804498,28.3255388494615
"3",0.345720847641326,28.5129432110275
"4",0.326330332402039,28.2582158655539
"5",0.305243578812435,28.0035443932038
"6",0.245512827401872,27.057378052578
"7",0.308918682612555,27.9465081768604
"8",0.334657071498598,28.3265341864507
"9",0,25.6710347569974
