"","obs","bmi"
"1",0.355744588958454,28.7119452083501
"2",0.327251980267765,28.2497848735151
"3",0.336146521881222,28.4088853333354
"4",0.311808137258152,28.1059857536653
"5",0.289948674291166,27.8032523513297
"6",0.250417414937703,27.1304005490981
"7",0.307540849198878,27.9335848341225
"8",0.338161905929154,28.3112661283238
"9",0,25.6301474650793
