"","obs","bmi"
"1",0.361282079689192,28.6979462359142
"2",0.329842490294521,28.2307470360139
"3",0.341138983357194,28.3243010115594
"4",0.32150244368114,27.950971272917
"5",0.299797481761568,27.5779718886699
"6",0.243473182553949,27.0646751863984
"7",0.307624268584854,27.9096795789538
"8",0.331397295544224,28.2592279208288
"9",0,25.5693074898996
