"","obs","bmi"
"1",0.361484575695614,28.7017758272813
"2",0.329031305992247,28.2422702226738
"3",0.334106333084111,28.331173155622
"4",0.303745987731649,27.9607653416145
"5",0.276535484603656,27.5905581032133
"6",0.246240357753682,27.0893260409929
"7",0.306219838797787,27.911203722989
"8",0.333894666850054,28.2759322124871
"9",0,25.5991246618301
