"","obs","bmi"
"1",0.358829819486821,28.7309608867034
"2",0.330889652370026,28.2713825883763
"3",0.336663655992209,28.4464607797558
"4",0.317856452810352,28.1621013260507
"5",0.295513030348046,27.8778858970819
"6",0.246428207209381,27.0856876547876
"7",0.310458143454013,27.9390524022113
"8",0.334487543382941,28.3002204515248
"9",0,25.6419789239985
