"","obs","bmi"
"1",0.362026439828707,28.7289547837244
"2",0.330664870798178,28.2684119743164
"3",0.343319325649858,28.4817177374043
"4",0.320737588981469,28.2346123944326
"5",0.301147355900319,27.9876423376529
"6",0.243330525843573,27.0784185106721
"7",0.307552002213038,27.9144308781854
"8",0.338759660370644,28.3333678602067
"9",0,25.5996459281566
