"","obs","bmi"
"1",0.356027580981424,28.7087570396745
"2",0.324978971623922,28.253231667511
"3",0.333451501226637,28.4216338864094
"4",0.311157240264647,28.1346623459576
"5",0.288880276649631,27.8478469273165
"6",0.249865290264304,27.1284534329781
"7",0.300516458722749,27.8203224301143
"8",0.338304127088007,28.327475290362
"9",0,25.5814780636902
