"","obs","bmi"
"1",0.360438206212208,28.7237059544454
"2",0.329202290336084,28.2609626420614
"3",0.338473903325601,28.4307920740819
"4",0.319659231222988,28.1380377671066
"5",0.299015091507593,27.8454475582547
"6",0.24680490163171,27.0531855890796
"7",0.303619941516885,27.8559553325325
"8",0.333181074371265,28.2568909141748
"9",0,25.6198648990042
