"","obs","bmi"
"1",0.354641419652248,28.6453989103233
"2",0.325525474728809,28.1941670923351
"3",0.338236434985934,28.3514518015684
"4",0.319967549812979,28.0576350216922
"5",0.300805434477988,27.7639526454196
"6",0.246528616231912,27.083345244634
"7",0.308779541169844,27.9372075247584
"8",0.332761643081915,28.2380882541073
"9",0,25.5725220385557
