"","obs","bmi"
"1",0.355064721287527,28.685532653208
"2",0.324929217132011,28.2351626505104
"3",0.340851921985179,28.4028748205584
"4",0.325503263683256,28.1204917026485
"5",0.308926367603317,27.8383972903801
"6",0.246972431559808,27.0798425910595
"7",0.305720431648747,27.8838798862531
"8",0.332368841538889,28.2685665248244
"9",0,25.6449547805225
