"","obs","bmi"
"1",0.364158994961846,28.6974790331612
"2",0.333886156826175,28.2341381877885
"3",0.343310466979185,28.4204794516336
"4",0.321182916711001,28.1435838882911
"5",0.297040478674779,27.866793171939
"6",0.249338675922141,27.1066564547091
"7",0.31164301142262,27.942975447619
"8",0.332697560254538,28.2928471212531
"9",0,25.5402360761
