"","obs","bmi"
"1",0.361698995293246,28.7604559141738
"2",0.333396799955378,28.3020864846438
"3",0.348152622740305,28.5191493711083
"4",0.334928424054216,28.2781641678853
"5",0.318609221434106,28.0375217030631
"6",0.248330469692137,27.106476480643
"7",0.308125301922694,27.89147618729
"8",0.336521210276791,28.2560481147846
"9",0,25.6260907382314
