"","obs","bmi"
"1",0.362348914705118,28.7540164688571
"2",0.33224037501405,28.2905076986534
"3",0.337842853100271,28.461723769429
"4",0.308949025213359,28.1694912460355
"5",0.282542945562098,27.8773191443527
"6",0.242629805109273,27.0737935298555
"7",0.3014688826031,27.8605077046299
"8",0.333929338428024,28.2903424995042
"9",0,25.6140741424692
