"","obs","bmi"
"1",0.358233631970662,28.6602783397697
"2",0.328554848377732,28.1978198155132
"3",0.338689893516845,28.3164140169835
"4",0.31832590666217,27.972908278756
"5",0.298327214647247,27.6297815584417
"6",0.240681211731507,27.0388488679189
"7",0.302981693688381,27.896584157978
"8",0.333753734107109,28.2818009396813
"9",0,25.5629200126996
