"","obs","bmi"
"1",0.359196514515876,28.7112177289103
"2",0.330797168361267,28.248360858845
"3",0.340999211939819,28.4093805917126
"4",0.324634489124064,28.1078119667809
"5",0.306659380619307,27.8065258744049
"6",0.249778562467972,27.109443434644
"7",0.309384298400023,27.9262380304441
"8",0.332677068311663,28.243562455812
"9",0,25.5957378973051
