"","obs","bmi"
"1",0.356507820208202,28.6893586788681
"2",0.32878440464919,28.2343479248967
"3",0.335738199628038,28.3889255816801
"4",0.315103032279511,28.0886015154113
"5",0.292679066026828,27.7883895610594
"6",0.243756676654237,27.0434046666663
"7",0.304568163097299,27.9070548148387
"8",0.337062504686474,28.3247922941556
"9",0,25.6152043627647
