"","obs","bmi"
"1",0.359665958060678,28.6688562831203
"2",0.328872382886377,28.2145413395747
"3",0.338596046783959,28.3760979542082
"4",0.315865477555191,28.0834897656766
"5",0.294651861331474,27.7910362185852
"6",0.242080480382728,27.060499391538
"7",0.306144640622867,27.8881432680861
"8",0.331461415982054,28.2561783980391
"9",0,25.5626847381224
