"","obs","bmi"
"1",0.353217582178164,28.6339186736983
"2",0.324295925501539,28.1791067762749
"3",0.343226468433654,28.3145604681185
"4",0.334146830218637,27.9954957087406
"5",0.324016308197306,27.676739761425
"6",0.245941308758379,27.0879302695013
"7",0.306925277468765,27.8999721019157
"8",0.338222734889803,28.3214961260587
"9",0,25.5471484878457
