"","obs","bmi"
"1",0.360486462910863,28.6771322299637
"2",0.330561179685415,28.2138406644969
"3",0.34233142333635,28.3158797899938
"4",0.324867196798716,27.9549452961332
"5",0.305945869022679,27.5943459085663
"6",0.240860790788349,27.0177742356014
"7",0.306065398166717,27.8635237088661
"8",0.334104877029944,28.2484214203683
"9",0,25.5581717893167
