"","obs","bmi"
"1",0.3632324731153,28.7041965248098
"2",0.333498311416075,28.2455961943105
"3",0.346469721044653,28.4364164041722
"4",0.328881315673583,28.1689146808475
"5",0.313689979536014,27.901706635862
"6",0.238975123102803,27.0401442972918
"7",0.306260276277232,27.8914954040538
"8",0.331080747257415,28.2055238570313
"9",0,25.5261148388846
