"","obs","bmi"
"1",0.360909260061673,28.6863642763419
"2",0.330514390943378,28.2310484174398
"3",0.339237287008849,28.3118235462231
"4",0.310174598076711,27.9375865252491
"5",0.286174668969386,27.5636668745119
"6",0.248891150823746,27.1112541896274
"7",0.30212842668616,27.882327155297
"8",0.331008101675047,28.1957794586929
"9",0,25.6181239584936
