"","obs","bmi"
"1",0.368801845133805,28.7676662534937
"2",0.340525667626102,28.3135879306819
"3",0.355153349354277,28.5600106129834
"4",0.342757329415541,28.3524360749725
"5",0.326200672452704,28.1449456579158
"6",0.242536899300891,27.0047450023793
"7",0.302963102410122,27.8574123159482
"8",0.335025757191374,28.3067187662312
"9",0,25.5792687348965
