"","obs","bmi"
"1",0.355428385375841,28.6820411872577
"2",0.327606256944799,28.219830511592
"3",0.339634018795256,28.3795265025107
"4",0.321648584846789,28.0771756659798
"5",0.305018853902785,27.7749945310938
"6",0.242148806367143,27.0825023018631
"7",0.30816826881244,27.8833540705592
"8",0.32887881686062,28.2079848360378
"9",0,25.6069746946413
