"","obs","bmi"
"1",0.363563240849951,28.7060499234983
"2",0.333899414902687,28.2486492385733
"3",0.337839319917843,28.3863499383713
"4",0.314346438503157,28.0668851891389
"5",0.286428591501584,27.7476677652387
"6",0.245821806399513,27.0744506569003
"7",0.312900837992577,27.9386229255063
"8",0.331027501360927,28.2699623724283
"9",0,25.621681645947
