"","obs","bmi"
"1",0.352002735365358,28.6252554915938
"2",0.321706789744029,28.1618440626689
"3",0.337697081924869,28.3439420802297
"4",0.322176839811069,28.0628745270229
"5",0.304192348628593,27.7820642967392
"6",0.246503958780232,27.128963752265
"7",0.303734826918831,27.8709007475158
"8",0.336013193158557,28.2489230140705
"9",0,25.5968366094366
