"","obs","bmi"
"1",0.365851642316949,28.7640212233658
"2",0.335276076549425,28.3098320952086
"3",0.344009292288409,28.4451307744785
"4",0.322110335902229,28.1264353864197
"5",0.298356452374115,27.8079414336972
"6",0.246903113440221,27.107035423683
"7",0.305153967269261,27.8942519737812
"8",0.331202084175206,28.2720553691804
"9",0,25.6076431159863
