"","obs","bmi"
"1",0.36565554559634,28.7601994896396
"2",0.336640993764265,28.3040519599997
"3",0.339108679904051,28.4219322930263
"4",0.308612633739453,28.083792280006
"5",0.277556654742464,27.7457814816497
"6",0.243131875943661,27.0295431806675
"7",0.304473175633165,27.8672856947835
"8",0.332711046087648,28.2600892237617
"9",0,25.6145759722481
