"","obs","bmi"
"1",0.363206082325199,28.7137037315048
"2",0.333568596740709,28.2616638743751
"3",0.347727789484421,28.4205795860946
"4",0.334312694385954,28.1275929679485
"5",0.318950853228211,27.8347481412709
"6",0.25084975117687,27.1465987120377
"7",0.309863514687216,27.8636804723147
"8",0.333328565431726,28.290410838
"9",0,25.5799335039165
