"","obs","bmi"
"1",0.361068733106027,28.6898671224836
"2",0.33043762123891,28.2263320921859
"3",0.342475854455614,28.4012713669201
"4",0.32346681481969,28.1128379585616
"5",0.305656828189692,27.8245721797822
"6",0.242064953820757,27.0576469330242
"7",0.308727482143084,27.8932213972029
"8",0.331227404266677,28.295852335383
"9",0,25.5718115805643
