"","obs","bmi"
"1",0.358966786169821,28.672624112952
"2",0.32873812498345,28.2125739309316
"3",0.342378827341255,28.3515335797076
"4",0.329209736293482,28.0307494986805
"5",0.31208507972764,27.7102878353711
"6",0.243881997033976,27.0803042909621
"7",0.30700683050542,27.8950173146036
"8",0.336437211527839,28.2714691817702
"9",0,25.5905735526415
