"","obs","bmi"
"1",0.366131973882937,28.7051891430525
"2",0.33786282823251,28.246931788569
"3",0.345814929056807,28.3742308722973
"4",0.326861809440865,28.04346729535
"5",0.306223293798869,27.7129053457563
"6",0.240662806264641,27.0201052052492
"7",0.306162028550586,27.913514769053
"8",0.336301123295006,28.269954728868
"9",0,25.5470082559098
