"","obs","bmi"
"1",0.359249321568737,28.6971104806588
"2",0.329216303068837,28.2355285204922
"3",0.348255143886529,28.4164970190721
"4",0.335444497760975,28.136134769677
"5",0.324206854886129,27.8560361437775
"6",0.247125319979628,27.1120109281991
"7",0.311021029323773,27.9216477644768
"8",0.332947831787682,28.267228112878
"9",0,25.6256104480149
