"","obs","bmi"
"1",0.353796910780723,28.6187597061538
"2",0.324379531740712,28.15320696882
"3",0.344158235986073,28.3725361141304
"4",0.333652597363514,28.1264756684882
"5",0.323926972598314,27.8805829035622
"6",0.249497112721159,27.1063846686779
"7",0.312594680209047,27.9754785528342
"8",0.332710823331794,28.2804231270443
"9",0,25.5531609202665
