"","obs","bmi"
"1",0.356575391048622,28.6711355715669
"2",0.327657568531044,28.2076214142606
"3",0.335001464994637,28.3493265451331
"4",0.313266971639111,28.0278632008108
"5",0.291455652198879,27.7067664944277
"6",0.240974143127499,27.0484547816615
"7",0.309465167771839,27.9164210761588
"8",0.33305839019508,28.2645924090038
"9",0,25.6118687943681
