"","obs","bmi"
"1",0.362497972239467,28.7079879614608
"2",0.334096923371409,28.2533476580147
"3",0.3383036306571,28.3921450012671
"4",0.313188420411078,28.0764371499557
"5",0.286765170231274,27.7608680171332
"6",0.244371898478481,27.0342683927316
"7",0.306672181903275,27.8965791153066
"8",0.3310324210073,28.2644601021449
"9",0,25.5252094747888
