"","obs","bmi"
"1",0.364210063249418,28.7283921364257
"2",0.335621093149138,28.2621249757646
"3",0.346744238979351,28.4095852629087
"4",0.324865280487803,28.0910008857477
"5",0.305801161717416,27.7726484096919
"6",0.244383964976441,27.0477510163753
"7",0.304166371946941,27.879439981666
"8",0.336141915493326,28.344204332903
"9",0,25.5402673622805
