"","obs","bmi"
"1",0.36281692375553,28.7449366503755
"2",0.334905854596282,28.2861499922581
"3",0.34240432882101,28.4387563380887
"4",0.319421483147063,28.1326573647408
"5",0.297189621561492,27.826640608211
"6",0.239066286614084,27.0550872586648
"7",0.300639218935054,27.857595077405
"8",0.334681902955324,28.2253921870413
"9",0,25.608509307908
