"","obs","bmi"
"1",0.359070329103501,28.6782547907659
"2",0.328361089306141,28.2264199446453
"3",0.335993330485244,28.3235996615168
"4",0.314626069042207,27.9693477701681
"5",0.290587883428435,27.6155251304081
"6",0.244033576496654,27.0573410528324
"7",0.310549929525407,27.9369236506077
"8",0.335328513102414,28.2956855270334
"9",0,25.6028380771356
