"","obs","bmi"
"1",0.361152275383065,28.7408035369348
"2",0.332473941247906,28.2881635454145
"3",0.343286809141609,28.4552362214377
"4",0.325507682484862,28.1698049212804
"5",0.307939865218493,27.8845137679767
"6",0.245528936040394,27.0773396407471
"7",0.31113650146942,27.9136436333056
"8",0.329386916312105,28.2505974296529
"9",0,25.6304696478945
