"","obs","bmi"
"1",0.361852429460828,28.6876677743806
"2",0.332263458661155,28.231970345189
"3",0.335045488943731,28.3864646690807
"4",0.312177692830927,28.0853366828761
"5",0.284455873019061,27.7842848612716
"6",0.239606118540394,27.0363854653173
"7",0.310882636192343,27.9491939698066
"8",0.33169231362945,28.3264943833071
"9",0,25.5860384942543
