"","obs","bmi"
"1",0.358494594424155,28.6636288768535
"2",0.328874632107209,28.2095900613832
"3",0.345173114086188,28.3789209869598
"4",0.331956765609242,28.0944119070118
"5",0.317302370447983,27.8101088506997
"6",0.250500384019447,27.0959846741442
"7",0.300991552666544,27.8848364985083
"8",0.334670920028188,28.2731710507386
"9",0,25.6051221423505
