"","obs","bmi"
"1",0.360806199176293,28.6795908039166
"2",0.330516807626964,28.2174492946155
"3",0.336538741454508,28.3068577895991
"4",0.313277868575064,27.9346109191762
"5",0.290052082939115,27.5628862389539
"6",0.249931997559153,27.1264415493101
"7",0.313513679847129,27.9705544551269
"8",0.329462520889986,28.2631662920903
"9",0,25.5576256069321
