"","obs","bmi"
"1",0.359477405606043,28.6890443868043
"2",0.330866334326839,28.2370754510964
"3",0.346030067221469,28.3910939410571
"4",0.334407085771602,28.0934039716512
"5",0.319499407819779,27.795986628038
"6",0.243885852861153,27.053559495522
"7",0.304444245604752,27.895013116023
"8",0.329455981912244,28.3083376222276
"9",0,25.5664761765611
