"","obs","bmi"
"1",0.35992884387254,28.6994204833731
"2",0.33129206888715,28.2478231659183
"3",0.341692409273892,28.3843807596234
"4",0.322590210221605,28.0695713852268
"5",0.302631666621419,27.7550018230573
"6",0.23861123872392,27.0032258939
"7",0.308451748021282,27.9258434267004
"8",0.330875978092789,28.215533149807
"9",0,25.6399087232154
