"","obs","bmi"
"1",0.358781981380252,28.7146260797334
"2",0.331606467109155,28.2571556266496
"3",0.342348567602624,28.3568195918703
"4",0.325632794094884,27.9994548613307
"5",0.305187743467106,27.6425609589051
"6",0.246361539577031,27.07914502428
"7",0.308268787015833,27.8833884464882
"8",0.329221088461598,28.2163448732014
"9",0,25.6560096907881
