"","obs","bmi"
"1",0.361512000088993,28.707103207289
"2",0.330134381703152,28.2508126769106
"3",0.353676187649059,28.4228154403469
"4",0.347502846074735,28.1387734308881
"5",0.340886874490228,27.8549885356515
"6",0.2433847280036,27.0589399128633
"7",0.31355717112237,27.928672823073
"8",0.336773719815163,28.297096458307
"9",0,25.5729479767093
