"","obs","bmi"
"1",0.362349658515158,28.7265918130664
"2",0.33139667093529,28.2589877112504
"3",0.347264938709486,28.3930180238888
"4",0.331316663310103,28.0597722392971
"5",0.31433987734713,27.7268727556337
"6",0.241237799914664,27.0427894459391
"7",0.305099761336513,27.8955384884721
"8",0.329207619712903,28.260155762183
"9",0,25.5707246157244
