"","obs","bmi"
"1",0.362602097906474,28.8043083388015
"2",0.334094874788856,28.3463843034405
"3",0.344972424583217,28.4893570014385
"4",0.328324893067876,28.1746143884566
"5",0.307667725472337,27.8600885541932
"6",0.244973556522979,27.064124421068
"7",0.305734502706479,27.8425144082421
"8",0.334088032794119,28.2805582319321
"9",0,25.636023414499
