"","obs","bmi"
"1",0.361105324378921,28.6995971208449
"2",0.330154228531857,28.235006251682
"3",0.339105614826176,28.3343384036291
"4",0.314438995956901,27.9694373999426
"5",0.289594951678906,27.6049135016839
"6",0.239862093965456,27.0278332091551
"7",0.310596616243094,27.9178687997794
"8",0.335383683662414,28.2507596440364
"9",0,25.5913414579805
