"","obs","bmi"
"1",0.361060253522752,28.6779119999229
"2",0.331986506670688,28.2235575005445
"3",0.338914458607355,28.3557779363794
"4",0.313461821190361,28.0339037902424
"5",0.284292066219983,27.7123011566642
"6",0.240518589435127,27.0505671458289
"7",0.305126625818923,27.9150451358826
"8",0.338262180829066,28.3110729459468
"9",0,25.5747146392183
