"","obs","bmi"
"1",0.360762825065335,28.719006424711
"2",0.3306464300271,28.2571255417388
"3",0.330975116288306,28.2851980405586
"4",0.298588484899566,27.8516734163511
"5",0.267793082855346,27.4184443504245
"6",0.240791736489237,26.9517803348484
"7",0.305124242329394,27.9274664076585
"8",0.335228251497298,28.2718092037558
"9",0,25.578135691292
