"","obs","bmi"
"1",0.357935415164239,28.6930989554069
"2",0.328824789009912,28.2286956894527
"3",0.339989434070523,28.2961015312405
"4",0.321324087605622,27.8996155789325
"5",0.301741284988153,27.5036775333701
"6",0.245469572312097,27.0890192531536
"7",0.313192075388646,27.9229775784681
"8",0.337862428225585,28.2733255950439
"9",0,25.5798986263327
