"","obs","bmi"
"1",0.362899487464467,28.8034362408896
"2",0.332367306094117,28.3406278590969
"3",0.348542549168884,28.5208616821286
"4",0.333070806278036,28.2385393446927
"5",0.313822619940067,27.9564817146187
"6",0.248358858486836,27.1293934993091
"7",0.30616306338313,27.9312821256384
"8",0.338839565494323,28.3202680346245
"9",0,25.6786964972097
