"","obs","bmi"
"1",0.359319962710475,28.6722330957995
"2",0.329441665983919,28.221341063903
"3",0.343769264981071,28.3464548705462
"4",0.326305565932826,28.0210979670209
"5",0.308821981886804,27.6961914708718
"6",0.236310174157956,27.0272087475705
"7",0.306723089073038,27.9016249060603
"8",0.336804574036731,28.2867947854681
"9",0,25.5625605277654
