"","obs","bmi"
"1",0.357977698192283,28.6802778554375
"2",0.328405402672743,28.2188884799572
"3",0.335461809258864,28.3450694553281
"4",0.310654755595226,28.0101263875867
"5",0.282106759243929,27.6754601709888
"6",0.239169723551442,27.0906299146941
"7",0.303065025896283,27.8896087275179
"8",0.336811396087,28.2905052257985
"9",0,25.5778423587807
