"","obs","bmi"
"1",0.361292329906719,28.6803544508865
"2",0.331597988487182,28.2231568541913
"3",0.350779239588175,28.4495806911813
"4",0.340245174857141,28.2189933220746
"5",0.330026535147256,27.988600105758
"6",0.243560228286854,27.0705413777569
"7",0.305225546951232,27.9383264838633
"8",0.334270937937514,28.2598737010895
"9",0,25.6090343937646
