"","obs","bmi"
"1",0.360823700874078,28.7428845986626
"2",0.329387191599767,28.2739403151493
"3",0.340685206608989,28.4257394520319
"4",0.320999968991982,28.1089010305278
"5",0.296793918189519,27.7923870050197
"6",0.245411534678358,27.0991244052698
"7",0.306818433705568,27.9251148265423
"8",0.330287351188722,28.2252292869095
"9",0,25.6714875080126
