"","obs","bmi"
"1",0.362382814629361,28.6956403958735
"2",0.332463787127766,28.2375709996736
"3",0.341132123185872,28.346916365491
"4",0.318121628089457,27.9983616207653
"5",0.299646594327107,27.6499834304802
"6",0.245661072503344,27.0562807340863
"7",0.314692794344876,27.9764119697136
"8",0.335183987779749,28.3594782273761
"9",0,25.558454009882
