"","obs","bmi"
"1",0.35682528045847,28.6810643087027
"2",0.327037236992151,28.2283614196607
"3",0.336680360710308,28.3380188684016
"4",0.314014573177234,27.9952193106248
"5",0.29325350300708,27.6526763507108
"6",0.243458532145969,27.0765462759496
"7",0.312899924007187,27.9373095717726
"8",0.330289883783754,28.2503118090326
"9",0,25.6415497784562
