"","obs","bmi"
"1",0.360395376965916,28.7265364783759
"2",0.33116107355588,28.2658564316641
"3",0.339913124340954,28.4231942825047
"4",0.318846593361322,28.1199654767444
"5",0.296506184735108,27.8168518385295
"6",0.240536412943007,27.0330943680636
"7",0.311402841740728,27.9163926807432
"8",0.331524392340121,28.2586857458729
"9",0,25.6121938837054
