"","obs","bmi"
"1",0.362533934620806,28.7018121022235
"2",0.332572581406348,28.2436908028016
"3",0.350143885736953,28.4077394369909
"4",0.338127671603301,28.1142165909973
"5",0.324552328375086,27.8212897764339
"6",0.238785406534081,27.0185157354606
"7",0.309072846394249,27.888475019002
"8",0.325675023728607,28.2122830268195
"9",0,25.643914962793
