"","obs","bmi"
"1",0.36401191719787,28.7133768277692
"2",0.334882361232254,28.2583165388776
"3",0.351003475454923,28.4226808663111
"4",0.337786140134816,28.1322220955542
"5",0.324341603363194,27.8420117067414
"6",0.241971789353379,27.078366823591
"7",0.303222330418546,27.8875832040351
"8",0.335822299529372,28.303258609868
"9",0,25.5949053474136
