"","obs","bmi"
"1",0.362187142967185,28.745921934813
"2",0.333209184859353,28.2809634523747
"3",0.342616321172032,28.4420242718421
"4",0.320398174824194,28.1382868081759
"5",0.297343283335185,27.8347140476692
"6",0.251201899966332,27.1557632309116
"7",0.310139568963223,27.9362365696251
"8",0.326591190718808,28.2075330118382
"9",0,25.6586436414624
