"","obs","bmi"
"1",0.36355676340457,28.7433784553241
"2",0.334049310054038,28.2782205783222
"3",0.356524088505253,28.529879200981
"4",0.347965436458266,28.3165455144789
"5",0.341431656727663,28.1033837375236
"6",0.248888966904438,27.1072390198938
"7",0.312217651790765,27.9309664689955
"8",0.338569285254548,28.3415482534568
"9",0,25.5882373634759
