"","obs","bmi"
"1",0.35948628392134,28.6947770883598
"2",0.331187160021675,28.2324765391824
"3",0.344000475144355,28.4158645445117
"4",0.32480267167278,28.1370748730506
"5",0.309479975970937,27.858411374616
"6",0.245020747427531,27.0705381004605
"7",0.305890731138183,27.8698145489047
"8",0.33065477378369,28.248403387814
"9",0,25.5625768171426
