"","obs","bmi"
"1",0.365910031815255,28.6946465663969
"2",0.335144207834703,28.234320745853
"3",0.330963572228218,28.3010912760152
"4",0.295989228176906,27.9076458490252
"5",0.266124352419619,27.5143078737108
"6",0.247389595178608,27.0757257013494
"7",0.307498779573605,27.8775093480095
"8",0.334045499726612,28.2696016367655
"9",0,25.5486800691834
