"","obs","bmi"
"1",0.367040091310133,28.7481212797729
"2",0.337383818365037,28.2902126579495
"3",0.353334037595167,28.4661529846611
"4",0.337490506304917,28.1843240077272
"5",0.321962744547428,27.9026381511292
"6",0.24549442265895,27.092168961778
"7",0.312230487718468,27.8939891183801
"8",0.335957419598819,28.3179865114739
"9",0,25.5441187840444
