"","obs","bmi"
"1",0.360896026652783,28.644541334569
"2",0.331560382545795,28.1930660795739
"3",0.33814633091652,28.2634717017819
"4",0.312444470731455,27.8827076875231
"5",0.290676865701387,27.5022647837712
"6",0.244025722081608,27.1259561139543
"7",0.304871225774223,27.8846569829899
"8",0.340173992688165,28.2863610778032
"9",0,25.5400384474391
