"","obs","bmi"
"1",0.355331410172543,28.6324337081186
"2",0.325524865094897,28.1631909460957
"3",0.335065198604256,28.309807027801
"4",0.313454685753793,27.9873683256831
"5",0.284798711709914,27.6651244030838
"6",0.248607604563484,27.1003596631043
"7",0.304256864988233,27.8317563843855
"8",0.335274859604916,28.2459747027729
"9",0,25.5619766512052
