"","obs","bmi"
"1",0.365771074139208,28.7546349299307
"2",0.33470646678549,28.2920916459875
"3",0.339266386005832,28.3640586345658
"4",0.309392634574956,27.9736877007314
"5",0.283504226318605,27.5835297188683
"6",0.248213053662016,27.1039153312622
"7",0.3088204277909,27.9416769230513
"8",0.330341172485178,28.2114625243148
"9",0,25.5981456373265
