"","obs","bmi"
"1",0.358795841602066,28.6604592160463
"2",0.329480023159338,28.1939051146119
"3",0.335370244372068,28.3531118441683
"4",0.312028983107265,28.0458765743867
"5",0.286973608831781,27.738756290862
"6",0.246023668428234,27.0468266383388
"7",0.310395478866124,27.9048944939049
"8",0.335684539235885,28.3129970467788
"9",0,25.5673120552834
