"","obs","bmi"
"1",0.361749831412628,28.6987401310174
"2",0.332614093569117,28.2491254372107
"3",0.332055018027282,28.3421167413087
"4",0.296806479459439,27.9856485579249
"5",0.265993708470073,27.6293391167611
"6",0.247390256898702,27.0642245631385
"7",0.309049362087537,27.8572687222724
"8",0.339950881109773,28.3102357130437
"9",0,25.5854607068038
