"","obs","bmi"
"1",0.360141107882091,28.7111268487385
"2",0.330279585284318,28.2566886145158
"3",0.345912811063973,28.5157129524171
"4",0.330945740847468,28.3203688076117
"5",0.315567848675748,28.1250948885014
"6",0.242797858114664,27.071145209569
"7",0.304894294674353,27.8421476211041
"8",0.337914435947515,28.3243999369695
"9",0,25.5955824129982
