"","obs","bmi"
"1",0.361764628039777,28.6885556835351
"2",0.332535074467526,28.2305369818442
"3",0.348978134132328,28.4018617414995
"4",0.335815166714408,28.1153123105162
"5",0.320772658389974,27.8289127286878
"6",0.236307191305097,27.0698956568564
"7",0.307847828077846,27.8289502112901
"8",0.334575553479763,28.3024016940382
"9",0,25.5750340432097
