"","obs","bmi"
"1",0.36144611631125,28.6728842865515
"2",0.330828933536989,28.2212710197986
"3",0.352200467516004,28.4186844125195
"4",0.345622018372552,28.1646423546038
"5",0.33674628913383,27.9107643837389
"6",0.247176483640272,27.1035900208479
"7",0.313344452685554,27.9521087870962
"8",0.335556541703476,28.3115077802881
"9",0,25.5173542762797
