"","obs","bmi"
"1",0.364363534252225,28.7281179439566
"2",0.334408665793856,28.2636645084184
"3",0.352396797693076,28.4212393656613
"4",0.339741762155443,28.1147119714933
"5",0.325742899489464,27.8085554446671
"6",0.244047395847999,27.0683458142795
"7",0.304429260428588,27.9183199699452
"8",0.329319229509302,28.2044503812533
"9",0,25.6304568170089
