"","obs","bmi"
"1",0.361964609791007,28.7244030440194
"2",0.331776105682511,28.271254512949
"3",0.34907436321601,28.3634624365874
"4",0.333509997293061,28.0030248844863
"5",0.32255671256041,27.6431251995278
"6",0.244353328190701,27.0724147503171
"7",0.312990791877332,27.9779659337339
"8",0.329055442862322,28.2261936894795
"9",0,25.6108833964474
