"","obs","bmi"
"1",0.358991894178977,28.7203166109558
"2",0.328048050301636,28.2573047496586
"3",0.336723915538942,28.4893730738906
"4",0.312131924455236,28.2584820962162
"5",0.293419126182167,28.027641972616
"6",0.244942407108314,27.0827916973178
"7",0.30476805221058,27.8218305713412
"8",0.334780917420229,28.3210907905742
"9",0,25.6375290513735
