"","obs","bmi"
"1",0.361171886443005,28.6940438482958
"2",0.331124283910159,28.2389478187801
"3",0.346121054764833,28.3594191536737
"4",0.332393807173986,28.0250866844324
"5",0.317787309309731,27.6910620733394
"6",0.243469691086931,27.078877760372
"7",0.30174424135921,27.8883209109959
"8",0.341555819412421,28.3356030261813
"9",0,25.6072744575159
