"","obs","bmi"
"1",0.356683787521004,28.6776610887125
"2",0.330847472334184,28.2272599424609
"3",0.343717004881461,28.4129995137576
"4",0.330090951326093,28.1485088500489
"5",0.317570820292488,27.8841957418242
"6",0.242778462584385,27.0797869934571
"7",0.309534466700645,27.9113428157075
"8",0.335491059012465,28.2792480628934
"9",0,25.5994587019918
