"","obs","bmi"
"1",0.362878795982654,28.7415513853786
"2",0.332040014889316,28.2813529604082
"3",0.349791311161979,28.4892159377531
"4",0.332106592424219,28.2370084580944
"5",0.313536575860374,27.9849338805408
"6",0.239143411057689,27.0200551488099
"7",0.305387580800029,27.853687244772
"8",0.331329118128204,28.2363824418189
"9",0,25.6258958386193
