"","obs","bmi"
"1",0.361820071350847,28.7667071626631
"2",0.332904790351337,28.3032817017658
"3",0.347608446915875,28.4954098930136
"4",0.329337446389738,28.2242401616795
"5",0.311686631235868,27.9532016651206
"6",0.24311030951358,27.0478727010949
"7",0.302473010604946,27.8824693606112
"8",0.336646898838835,28.2737039984574
"9",0,25.6135556377604
