"","obs","bmi"
"1",0.361381482721965,28.6711521290335
"2",0.331113730400441,28.206984744653
"3",0.345017770194123,28.3140923912027
"4",0.325495708462265,27.9575175542619
"5",0.309687368134672,27.6014606074081
"6",0.246714637853831,27.0797587084998
"7",0.308729415706996,27.9188795685774
"8",0.336832286647855,28.3360845198719
"9",0,25.5659481843335
