"","obs","bmi"
"1",0.354237276322761,28.6599390666242
"2",0.325745860782982,28.1956777181805
"3",0.347131493414303,28.3508587017307
"4",0.339493988984417,28.0422193832353
"5",0.333108368426645,27.7340488239037
"6",0.247536245856558,27.0922181742252
"7",0.31121697922356,27.9469719225953
"8",0.33800069129351,28.3345659361087
"9",0,25.5811189727223
