"","obs","bmi"
"1",0.361907725870955,28.7322336682117
"2",0.333645207939541,28.2756892044653
"3",0.349303845268797,28.5103309063098
"4",0.335131085681205,28.2884889719266
"5",0.320344914469715,28.0667087816483
"6",0.24646441012573,27.1119427425785
"7",0.302956564185228,27.8527070802698
"8",0.333779564655255,28.2767577060324
"9",0,25.5464500964252
