"","obs","bmi"
"1",0.352002735365358,28.6252554915938
"2",0.322360408302765,28.1675951765776
"3",0.32664201314344,28.2807121496099
"4",0.296379563808413,27.9364222197749
"5",0.271949890858648,27.5923957338061
"6",0.246503958780232,27.128963752265
"7",0.303734826918831,27.8709007475158
"8",0.336013193158557,28.2489230140705
"9",0,25.5968366094366
