"","obs","bmi"
"1",0.364558102023016,28.7174366917216
"2",0.333840324816969,28.2564879886042
"3",0.356144936428693,28.5286772832467
"4",0.345850484989242,28.3400408309111
"5",0.336576649511213,28.1515308964576
"6",0.243654779133807,27.0649758497916
"7",0.302373809253046,27.841883290351
"8",0.336962541828846,28.2648633241593
"9",0,25.5835473897368
