"","obs","bmi"
"1",0.36328155261886,28.7194921391534
"2",0.331426206021985,28.2525603196157
"3",0.340007172235009,28.4319553089643
"4",0.314574511978089,28.1445433779909
"5",0.289267101380031,27.8572592778282
"6",0.243355917594657,27.044239450365
"7",0.310472664147574,27.9763190020387
"8",0.339554849357872,28.3657870731493
"9",0,25.57974590881
