"","obs","bmi"
"1",0.359535391233933,28.6811026956079
"2",0.329230839703519,28.2200288817615
"3",0.340827703478722,28.3156935778027
"4",0.321565903311016,27.9505600451909
"5",0.297836257877015,27.5857148822321
"6",0.241907809516084,27.0394571198377
"7",0.305984876246322,27.8628221800563
"8",0.328031409548355,28.2122559839405
"9",0,25.5958505718218
