"","obs","bmi"
"1",0.357830280222442,28.6876672335272
"2",0.326281546930273,28.2365232299919
"3",0.340495945336516,28.4707382749181
"4",0.319951715270613,28.2538732523335
"5",0.304511043367828,28.037073042161
"6",0.240662253925443,27.1255106139791
"7",0.305419639505059,27.8854559517205
"8",0.326491060197705,28.2111052551894
"9",0,25.6044568182561
