"","obs","bmi"
"1",0.360414726167723,28.6808615390339
"2",0.330962144233301,28.2220783002593
"3",0.334146845081374,28.2975182434954
"4",0.303087239744776,27.9146272384305
"5",0.273617251073166,27.5322179058187
"6",0.243937735804136,27.0945363010742
"7",0.307135568442582,27.9497167425016
"8",0.33658818151112,28.3096165074416
"9",0,25.5656582730919
