"","obs","bmi"
"1",0.36422542389389,28.7383451586592
"2",0.336196870989636,28.2859464046309
"3",0.355035023014475,28.593110417272
"4",0.345308605322714,28.4479118866386
"5",0.334588424233763,28.3027501897134
"6",0.244541144427305,27.0584443343835
"7",0.305582751397847,27.9020374528476
"8",0.329261961264106,28.2183754551771
"9",0,25.5858023354224
