"","obs","bmi"
"1",0.360163820674984,28.7323050573185
"2",0.331516137259073,28.2781473789456
"3",0.333945407480352,28.3470051018513
"4",0.305792065517179,27.9618793675546
"5",0.277439216514451,27.5769326007021
"6",0.231731125546773,26.9821896740068
"7",0.313313804596868,27.972369474022
"8",0.331567932433016,28.2594006550208
"9",0,25.5880103021888
