"","obs","bmi"
"1",0.364178453833458,28.7502792931334
"2",0.335983939836433,28.2887237885911
"3",0.34156761717132,28.4119374295332
"4",0.317627604909108,28.0738974150382
"5",0.290034666307038,27.7361755922409
"6",0.249385447760723,27.1790588209385
"7",0.303279769654493,27.8607036055137
"8",0.331172051101682,28.2666975723824
"9",0,25.608859839
