"","obs","bmi"
"1",0.371854519656233,28.7967849502168
"2",0.338899579433277,28.3318167644402
"3",0.341860414557893,28.4229564146304
"4",0.309419209740469,28.049336205364
"5",0.279658239128149,27.6759310711941
"6",0.245670481316639,27.075265292751
"7",0.306619023528264,27.8812879764868
"8",0.332116783036564,28.2941095598217
"9",0,25.5690924486451
