"","obs","bmi"
"1",0.359640326945569,28.6725447049748
"2",0.32884360499226,28.2077416601112
"3",0.326698543688436,28.3428296784142
"4",0.291849535066531,28.0131768950555
"5",0.261172715271374,27.6835843664426
"6",0.249574803530021,27.137163772986
"7",0.315451478429271,27.9384832508953
"8",0.336807717460838,28.3007313399505
"9",0,25.5943701617145
