"","obs","bmi"
"1",0.35496886447319,28.7115841856
"2",0.327560346905941,28.2602399970832
"3",0.328148078511469,28.2524522164123
"4",0.294172291427383,27.7936713062414
"5",0.268543214180916,27.3352593846638
"6",0.246003625246482,27.0733770695784
"7",0.309799223494524,27.9256491452086
"8",0.328251189503286,28.2106232440825
"9",0,25.6208707920775
