"","obs","bmi"
"1",0.356951559039697,28.6966359317324
"2",0.329700368998635,28.2397476598811
"3",0.343321447862667,28.3926832562248
"4",0.330197735467737,28.0890270819416
"5",0.316150203749702,27.7856836875159
"6",0.242226853061577,27.0564415919559
"7",0.313039309656281,27.9383412463425
"8",0.333792186558937,28.2643323032554
"9",0,25.5963569326058
