"","obs","bmi"
"1",0.354544332935486,28.6516511121238
"2",0.3258049061664,28.1876757808824
"3",0.339406056112873,28.4244968037616
"4",0.324468650270939,28.1974616559274
"5",0.309857173575646,27.9705490427955
"6",0.243388504049961,27.0605314283067
"7",0.311282501260036,27.9356136168788
"8",0.331876466110038,28.267337576032
"9",0,25.5652327201323
