"","obs","bmi"
"1",0.356282565684478,28.6467925361375
"2",0.329893893742067,28.1896268211608
"3",0.343640767857293,28.3053715156727
"4",0.324803751151458,27.9642741908734
"5",0.308966490119344,27.6235175515704
"6",0.242445095860702,27.0260674177099
"7",0.304989251817733,27.8736976237957
"8",0.333905065088411,28.2558344460952
"9",0,25.5680703284023
