"","obs","bmi"
"1",0.359808982618171,28.6835335785464
"2",0.328873445870853,28.2227482917911
"3",0.338170668154046,28.3142372033417
"4",0.314886104401239,27.9455681350539
"5",0.291728249642119,27.5775790593431
"6",0.242482442784587,27.0260702576044
"7",0.301351204766044,27.8511292451647
"8",0.335737925779729,28.3062190527883
"9",0,25.5575646007835
