"","obs","bmi"
"1",0.363230144662368,28.7594566387739
"2",0.333619111223008,28.3103612769571
"3",0.339958973873446,28.4445857533325
"4",0.315668589095053,28.1298549459013
"5",0.293892833244937,27.815267469248
"6",0.249666310346598,27.1325417544616
"7",0.308439196857184,27.9426339459672
"8",0.333907595991664,28.3302824273289
"9",0,25.6666612357884
