"","obs","bmi"
"1",0.354604091552727,28.6906313436644
"2",0.325681696005221,28.2320369703256
"3",0.330244300197923,28.3281587295348
"4",0.301432235003559,27.9658685814932
"5",0.276800758982449,27.6037664483674
"6",0.242765692912796,27.1156079761305
"7",0.31013780190525,27.9259278971574
"8",0.337005645804736,28.2904997982555
"9",0,25.5929708246524
