"","obs","bmi"
"1",0.364816727084719,28.7683466723999
"2",0.334408867061746,28.3112447664102
"3",0.346846960101299,28.5299449118945
"4",0.327250853079939,28.291730579935
"5",0.307313751595342,28.0537122310084
"6",0.249944453820768,27.0867762457838
"7",0.309735118229602,27.8982583619266
"8",0.332534154902969,28.2388058937033
"9",0,25.6063830345239
