"","obs","bmi"
"1",0.362092903680054,28.7212326219991
"2",0.329416102167251,28.260256469948
"3",0.341475990007394,28.4582358101179
"4",0.323450571582003,28.1955154153165
"5",0.306805103068478,27.9330862259221
"6",0.242344709460847,27.0731342825874
"7",0.304675503503621,27.860424787612
"8",0.338495765521843,28.3192719633031
"9",0,25.5843216861564
