"","obs","bmi"
"1",0.357270937476489,28.7225400600181
"2",0.327835266234072,28.2685711965503
"3",0.339669604746523,28.4329321379922
"4",0.323109694263011,28.1435842271094
"5",0.301236760042353,27.8545104776768
"6",0.245792680379635,27.0726512428238
"7",0.310270708422543,27.9051760108091
"8",0.333690004358094,28.2839007944935
"9",0,25.6210991923917
