"","obs","bmi"
"1",0.358819508244924,28.6828501429886
"2",0.326443056570175,28.2239947118061
"3",0.332244316761375,28.3423558791593
"4",0.301523556906219,28.0022079909733
"5",0.27580097552947,27.6624263298263
"6",0.24094280353766,27.058009305357
"7",0.311406801066837,27.9418449940067
"8",0.329704704180494,28.2541210750907
"9",0,25.6057274296512
