"","obs","bmi"
"1",0.35979776006117,28.7233752934909
"2",0.329388052475556,28.2621553010862
"3",0.340248162984915,28.4496403278598
"4",0.318932275863671,28.1760937573068
"5",0.29750146715301,27.9027441192491
"6",0.243073626482441,27.0592530628617
"7",0.310072536123043,27.8932298124555
"8",0.335885454555251,28.2947006177475
"9",0,25.5822165568013
