"","obs","bmi"
"1",0.36055338384118,28.6430727711477
"2",0.328926664773539,28.188251759534
"3",0.34356345901907,28.3335619376988
"4",0.322572073545816,28.0242801840347
"5",0.302164618255016,27.7152364050229
"6",0.243981083065289,27.0941075208211
"7",0.305917376622205,27.8961908745316
"8",0.336606467580798,28.2648471861539
"9",0,25.5631515315202
