"","obs","bmi"
"1",0.357198699731606,28.6617317088479
"2",0.327437965478778,28.1989335288922
"3",0.345203528336117,28.3719496501874
"4",0.334383762531981,28.082372688378
"5",0.321625828237924,27.793008998507
"6",0.242975812933263,27.0352944430418
"7",0.307873549088788,27.9236188597685
"8",0.331398793003577,28.2482082066549
"9",0,25.5683454657522
