"","obs","bmi"
"1",0.361622403055683,28.6799593673836
"2",0.331855724385029,28.2214798849527
"3",0.340306128622106,28.4119214071826
"4",0.318015151810815,28.1440581465778
"5",0.294760087865479,27.8763752341035
"6",0.239546171339188,27.0184047067642
"7",0.30367515755518,27.8838956566487
"8",0.336380671950058,28.3415339761628
"9",0,25.527649228428
