"","obs","bmi"
"1",0.351697530995131,28.6284351484913
"2",0.323280277232025,28.1567184441242
"3",0.338315677768327,28.3122213910383
"4",0.325477142419943,27.9962620760691
"5",0.312191762685853,27.6805699961708
"6",0.249134025742285,27.1426676568643
"7",0.305528918439165,27.8772369782571
"8",0.334315188371157,28.2574610569146
"9",0,25.6116532988961
