"","obs","bmi"
"1",0.359112653985463,28.6534567174922
"2",0.330053648023633,28.1966500578955
"3",0.336765396163114,28.40155554284
"4",0.308255459635156,28.1497176809667
"5",0.28539829876198,27.8979423556689
"6",0.246328034554928,27.096629646452
"7",0.305109292586895,27.908702949945
"8",0.334832206166355,28.2386842563421
"9",0,25.5465179880387
