"","obs","bmi"
"1",0.363971764651702,28.7227931835629
"2",0.333959095847136,28.2591527486817
"3",0.348809816095627,28.4446001470355
"4",0.333196032693382,28.1665549075235
"5",0.316488502869086,27.8886622143184
"6",0.246344215473877,27.0846689068397
"7",0.309398027053001,27.9075198063409
"8",0.339598337865955,28.3317094382438
"9",0,25.6237777534011
