"","obs","bmi"
"1",0.356923489661295,28.6899719723636
"2",0.33021118312396,28.2287917101327
"3",0.338373780629772,28.3568960881037
"4",0.316635952034962,28.0240591720792
"5",0.295833740145391,27.691471837927
"6",0.248343677472922,27.1069934206427
"7",0.303992234029797,27.8791085019913
"8",0.333069780250932,28.24984701215
"9",0,25.6096385166499
