"","obs","bmi"
"1",0.355428199968794,28.6389533978002
"2",0.327237211385248,28.1849916053945
"3",0.342270867403367,28.36963478108
"4",0.330086657818786,28.1005361316807
"5",0.317661148227771,27.8316667011839
"6",0.241524382028716,27.0335506829363
"7",0.306420084607404,27.9014031281224
"8",0.331109618425058,28.2683876731617
"9",0,25.595755392637
