"","obs","bmi"
"1",0.358780224319657,28.6980773477311
"2",0.328155935087433,28.236567869694
"3",0.339926244497833,28.4511233197745
"4",0.323109306399083,28.2042524102396
"5",0.307410016026415,27.9574663923964
"6",0.24610278380901,27.0950210591472
"7",0.303249297266434,27.8428411601492
"8",0.33113735804871,28.1870395065385
"9",0,25.6213626564477
