"","obs","bmi"
"1",0.355351769199599,28.674531536021
"2",0.328812691742404,28.2176323473949
"3",0.347349172792059,28.4530033207174
"4",0.338132898219242,28.2315818347957
"5",0.329353183572832,28.0102697439803
"6",0.244459262302142,27.1078170907675
"7",0.308178908089031,27.9164520518275
"8",0.335165809474604,28.2947394035776
"9",0,25.6431567504406
