"","obs","bmi"
"1",0.365593720197605,28.7690530002041
"2",0.336938820470364,28.3094988625599
"3",0.355048535343855,28.4950819497712
"4",0.345589726636263,28.2213726714326
"5",0.33447240266929,27.9479376343482
"6",0.242709839939752,27.0333274924744
"7",0.305257552379604,27.9355622766521
"8",0.333732905284917,28.2559482822187
"9",0,25.6257051863063
