"","obs","bmi"
"1",0.363541948785918,28.7325363429353
"2",0.332539291066951,28.2670984951094
"3",0.336183566679828,28.3659500859754
"4",0.30923784473918,27.9995065121101
"5",0.282877218907416,27.6332106211261
"6",0.240206689636235,27.0130925631544
"7",0.305811441422166,27.8822831884354
"8",0.336278903811514,28.3191917425853
"9",0,25.5827293585423
