"","obs","bmi"
"1",0.357741114932901,28.693361524532
"2",0.327398983272098,28.2325399216141
"3",0.337221220483517,28.3254414720709
"4",0.314907053406969,27.9576820808861
"5",0.291302210645871,27.590088749705
"6",0.245482914856101,27.0721210857885
"7",0.308655342706515,27.9107977101848
"8",0.333934843295617,28.2979945057759
"9",0,25.6194257540638
