"","obs","bmi"
"1",0.355714493254756,28.6541230411605
"2",0.326937820664126,28.1930796990156
"3",0.33830415037112,28.3000496160827
"4",0.315539945334589,27.9461914227921
"5",0.291884714975448,27.5925612697151
"6",0.244081664161049,27.0435332596152
"7",0.307774144935269,27.9206234210628
"8",0.326221239701999,28.2010534804673
"9",0,25.5977382450729
