"","obs","bmi"
"1",0.359330819428194,28.7133917974155
"2",0.331689150156177,28.2517391020047
"3",0.341828459867728,28.3779948859709
"4",0.319582090680561,28.0428671247758
"5",0.295197562861261,27.7080204073809
"6",0.242419864076149,27.0610110318749
"7",0.312821730530621,27.9172741694721
"8",0.332175269545698,28.2688282763066
"9",0,25.6020675426766
