"","obs","bmi"
"1",0.35631861036137,28.699569229245
"2",0.327657872938185,28.2436733684022
"3",0.338192830518922,28.3145115085872
"4",0.31543199781649,27.9298209196616
"5",0.294637603655077,27.5455176754981
"6",0.241464561312222,27.0639043672532
"7",0.306042922378421,27.8976310613774
"8",0.331911559540389,28.2369550770994
"9",0,25.6014391313797
