"","obs","bmi"
"1",0.362213374616275,28.6760547435657
"2",0.330318873619374,28.214241189579
"3",0.34280331333779,28.337042113488
"4",0.318710430128957,27.9983784316047
"5",0.295079714004799,27.6600858910886
"6",0.247458192254852,27.1179063007589
"7",0.30265191529658,27.8266281266406
"8",0.333296414152985,28.3060006839784
"9",0,25.5851730579884
