"","obs","bmi"
"1",0.360213513504404,28.6778192929647
"2",0.331975803138685,28.2238996689087
"3",0.338929822841449,28.4103895753282
"4",0.3138704332931,28.1430543325877
"5",0.290458106759418,27.8758158653047
"6",0.250407696381862,27.1335657357767
"7",0.304428440865882,27.8521214502481
"8",0.336854945726869,28.3097416874643
"9",0,25.5624794540979
