"","obs","bmi"
"1",0.360278011500778,28.687489761984
"2",0.329357034547851,28.2321758312728
"3",0.353423048791778,28.4656341519812
"4",0.347083462838751,28.2442065978669
"5",0.34024995765591,28.0232408151334
"6",0.244794338454103,27.0475664668582
"7",0.303049087998587,27.8741183074181
"8",0.331753210256607,28.2505909126367
"9",0,25.6000693572365
