"","obs","bmi"
"1",0.361060253522752,28.6779119999229
"2",0.332283356471994,28.2272686201502
"3",0.3461655473253,28.4047818361769
"4",0.332992468452274,28.1317789673694
"5",0.315550381254307,27.8589071730451
"6",0.240518589435127,27.0505671458289
"7",0.305126625818923,27.9150451358826
"8",0.338262180829066,28.3110729459468
"9",0,25.5747146392183
