"","obs","bmi"
"1",0.359754665951105,28.6174993169928
"2",0.331984999048933,28.1614109389795
"3",0.341854769175681,28.2458435402337
"4",0.32654378049409,27.8747004567669
"5",0.308134076884298,27.5041069126356
"6",0.245384594011955,27.1067444463671
"7",0.311434200023157,27.9306420723437
"8",0.334768539130984,28.3125611079689
"9",0,25.5172443373583
