"","obs","bmi"
"1",0.36415545537618,28.7594827742986
"2",0.333342426608809,28.2973309039393
"3",0.337898263622579,28.4201038016903
"4",0.308687450729959,28.0808441569845
"5",0.283999997960374,27.741706097828
"6",0.242806015237609,27.0771924075686
"7",0.305863013122669,27.8382137152182
"8",0.332027689973704,28.2705080639734
"9",0,25.6007875919417
