"","obs","bmi"
"1",0.365866544519202,28.783343984594
"2",0.33791710158724,28.3237880744699
"3",0.342223417601489,28.4059171470837
"4",0.317689098773902,28.0287125255637
"5",0.292630116641539,27.6517380993864
"6",0.245910219242415,27.059811495979
"7",0.31223780705454,27.9493014915554
"8",0.336762963241632,28.277245510173
"9",0,25.6077603491423
