"","obs","bmi"
"1",0.358072005870397,28.7428294210543
"2",0.329908685898005,28.2979577022053
"3",0.336141625791557,28.4121846673539
"4",0.307754071620488,28.0816760394889
"5",0.278968486761674,27.7513062374294
"6",0.242201251187521,27.0369443221142
"7",0.303437486843848,27.8547170106692
"8",0.338203078729081,28.3312117413518
"9",0,25.6108521300685
