"","obs","bmi"
"1",0.358345849577338,28.7096737556635
"2",0.327971404405005,28.2536184377172
"3",0.341618282198273,28.3789970624832
"4",0.322966843898694,28.0489701819538
"5",0.301615405294148,27.719654996146
"6",0.247782019571239,27.1248111982201
"7",0.306281093241416,27.852829403325
"8",0.33391659488998,28.249306027333
"9",0,25.5844915153315
