"","obs","bmi"
"1",0.353553335972915,28.6263146605031
"2",0.324554082491364,28.1685795662606
"3",0.341155431220466,28.3974162082277
"4",0.328756141193313,28.1686042689279
"5",0.313856934194612,27.93988070337
"6",0.239019657544793,27.0201915982078
"7",0.309004176717871,27.9176630774168
"8",0.334595806719753,28.2886981132338
"9",0,25.5441716242662
