"","obs","bmi"
"1",0.359058881061497,28.7350921896698
"2",0.331718490145851,28.2793839780505
"3",0.343807491081459,28.3924022271329
"4",0.326973392281813,28.0500252015087
"5",0.308231398406961,27.7079771820664
"6",0.240035270312422,26.9935486018115
"7",0.310345044449141,27.9537553091965
"8",0.333958268794749,28.2885812918612
"9",0,25.6649803181024
