"","obs","bmi"
"1",0.358312670992352,28.6705094039433
"2",0.329722866917072,28.2138972119366
"3",0.342263366668368,28.3460602655537
"4",0.326703591103455,28.0218013594349
"5",0.308857137626001,27.6977407570555
"6",0.245958806951864,27.0667853838567
"7",0.306255353635279,27.85073833709
"8",0.334633899105166,28.2475464281875
"9",0,25.5646580536997
