"","obs","bmi"
"1",0.360630874221609,28.714871733334
"2",0.332722419306588,28.2590623564317
"3",0.342464992234532,28.5065594769489
"4",0.323925523996447,28.2982912641877
"5",0.303183284913178,28.0900673789434
"6",0.247795441420905,27.1143618646113
"7",0.308274914454773,27.915542774054
"8",0.340368275222719,28.3286031742029
"9",0,25.5847009091715
