"","obs","bmi"
"1",0.359044930976527,28.6492593449959
"2",0.328445771478772,28.1928414084932
"3",0.331146940245396,28.3721625566689
"4",0.300656375683535,28.0951726532377
"5",0.273478770894421,27.8182910183254
"6",0.2458211319312,27.0947821873613
"7",0.309082908031052,27.9307297914378
"8",0.333588896625967,28.2481906291253
"9",0,25.5813379736304
