"","obs","bmi"
"1",0.35228351697632,28.6610887318023
"2",0.323032815531469,28.1988357518564
"3",0.341300152065504,28.3856283836625
"4",0.329298940660342,28.1105357834177
"5",0.314860371385141,27.8358360717537
"6",0.243894837274583,27.0756287793168
"7",0.307119447950037,27.9265022281342
"8",0.335140536792841,28.2449808790671
"9",0,25.6031268987808
