"","obs","bmi"
"1",0.367351216983441,28.763181610973
"2",0.335897437571109,28.3106424370715
"3",0.330054364920657,28.3081424391398
"4",0.292122754559522,27.8534401477362
"5",0.25707047894878,27.3990900036918
"6",0.242028109682767,27.0902666478193
"7",0.312333925669653,27.9247000246928
"8",0.329320340978221,28.2628205091299
"9",0,25.6278977960873
