"","obs","bmi"
"1",0.359082868745525,28.6696901471399
"2",0.329304733313418,28.2040349380754
"3",0.334813178732202,28.344280106017
"4",0.302499345450368,28.0190134233901
"5",0.275976409819893,27.6938925218666
"6",0.246161660761105,27.1402378769645
"7",0.307425927934115,27.8605878583867
"8",0.333773931816841,28.2511629282964
"9",0,25.593480217718
