"","obs","bmi"
"1",0.359924790140238,28.6900612257033
"2",0.328809461939427,28.2271962151446
"3",0.344108247106295,28.4321830282273
"4",0.329235059517671,28.1745397303503
"5",0.313449787215842,27.9171427217494
"6",0.241430312777699,27.0470793120789
"7",0.304963179673961,27.8531512404246
"8",0.333396955241544,28.2853284259558
"9",0,25.6047337646743
