"","obs","bmi"
"1",0.360316977833645,28.6695171915039
"2",0.32848664043525,28.198230325287
"3",0.338813573173852,28.4004389564026
"4",0.316004014569534,28.1314571741682
"5",0.289651868820825,27.8625743549513
"6",0.245514742657909,27.1021681698356
"7",0.31026688452285,27.9898085034927
"8",0.331602197911046,28.2825147144503
"9",0,25.562954669839
