"","obs","bmi"
"1",0.365866544519202,28.783343984594
"2",0.337471425152576,28.3332009752448
"3",0.346292800803375,28.4639132035803
"4",0.320686875918695,28.1447559282677
"5",0.30169493678237,27.825886314109
"6",0.245910219242415,27.059811495979
"7",0.31223780705454,27.9493014915554
"8",0.336762963241632,28.277245510173
"9",0,25.6077603491423
