"","obs","bmi"
"1",0.359338115486051,28.7120906325847
"2",0.331269382652758,28.2598614195004
"3",0.338791016794093,28.426660163945
"4",0.319290823449503,28.1414181409044
"5",0.299837557681695,27.8563720872507
"6",0.241277105928737,27.0261716789808
"7",0.31225445701004,27.9865631707401
"8",0.332399224395817,28.2569011205217
"9",0,25.5894784030165
