"","obs","bmi"
"1",0.359005229603572,28.735625552949
"2",0.330972893767452,28.2790005616274
"3",0.338302776250445,28.4081891626245
"4",0.313944859859944,28.0809252998415
"5",0.288801114877214,27.753839070801
"6",0.242754443615612,27.1085183063191
"7",0.303206126674653,27.8160559459772
"8",0.336107647372408,28.3005775984283
"9",0,25.6564924981888
