"","obs","bmi"
"1",0.364178453833458,28.7502792931334
"2",0.335599408910808,28.2908964949967
"3",0.347876336308135,28.3853037828056
"4",0.331656938967053,28.0205489870682
"5",0.311207394949156,27.6560236125531
"6",0.249385447760723,27.1790588209385
"7",0.303279769654493,27.8607036055137
"8",0.331172051101682,28.2666975723824
"9",0,25.608859839
