"","obs","bmi"
"1",0.365496094100233,28.7428454912618
"2",0.334369961426723,28.2853445377043
"3",0.343094070253107,28.4418548088907
"4",0.321060788486754,28.1410417100451
"5",0.299448678647694,27.8404130807456
"6",0.246079631355644,27.0832898229946
"7",0.3052583855502,27.9148947110194
"8",0.333326699745933,28.2635085475968
"9",0,25.6148001554107
