"","obs","bmi"
"1",0.363884136084286,28.7620219212585
"2",0.333741901429,28.3086732937039
"3",0.340757911305775,28.4320835838702
"4",0.313635395776482,28.1023873792168
"5",0.289020893566702,27.7729427446886
"6",0.246551583436527,27.1119220955359
"7",0.309700229768964,27.9246117108594
"8",0.332193803430013,28.2354426832501
"9",0,25.6044913694523
