"","obs","bmi"
"1",0.358087485538627,28.6708346937002
"2",0.328606648439182,28.2194174429131
"3",0.336425371254136,28.33175489096
"4",0.313565855620325,27.9931520749125
"5",0.293629917363603,27.6550604249341
"6",0.237737302735699,27.0270494935207
"7",0.306082346743211,27.8867984138696
"8",0.340053997376779,28.3592316028958
"9",0,25.5548121122704
