"","obs","bmi"
"1",0.357918110067251,28.7211853948071
"2",0.327020961648825,28.2621463988509
"3",0.347505484670091,28.459430145115
"4",0.336893724663414,28.1977804929266
"5",0.327074721121747,27.9362399060298
"6",0.244144920956914,27.0432917151604
"7",0.298637001121584,27.8347486709894
"8",0.336963318734341,28.3094333364481
"9",0,25.625189217063
