"","obs","bmi"
"1",0.36021335150215,28.688983146235
"2",0.330347727835166,28.2337627475699
"3",0.337404270358156,28.3723793148391
"4",0.313616443286233,28.0559231918271
"5",0.286357492590937,27.7396188921549
"6",0.243346346858243,27.1002196943022
"7",0.305643577185056,27.9157350990302
"8",0.327553909863875,28.2489293867886
"9",0,25.6026785899445
