"","obs","bmi"
"1",0.358537936739631,28.683160459454
"2",0.327607997182368,28.2237380390596
"3",0.335817927379736,28.4048256763972
"4",0.318605825993212,28.1266041873095
"5",0.295235283705527,27.8484988112926
"6",0.243107037882432,27.020375032207
"7",0.303881921250779,27.8822918071602
"8",0.331910256342862,28.2818454793368
"9",0,25.5922207447073
