"","obs","bmi"
"1",0.362950211667133,28.7160197131065
"2",0.334330722989396,28.265921198582
"3",0.348349249953765,28.4001829478058
"4",0.334039324889564,28.0845764683887
"5",0.318910302781072,27.7692103160265
"6",0.241527835298367,27.0463608272527
"7",0.31325498904581,27.9553461470662
"8",0.334382360161958,28.3550108270402
"9",0,25.5423543581085
