"","obs","bmi"
"1",0.362496572951712,28.7384139762084
"2",0.331290515491023,28.2730004542619
"3",0.339835915107394,28.4432370433634
"4",0.316039760085858,28.148178790332
"5",0.295054562633668,27.8532423973708
"6",0.246393981041827,27.1052156536483
"7",0.305270192071049,27.8647844766635
"8",0.343512967198668,28.3238475905985
"9",0,25.6118074456668
