"","obs","bmi"
"1",0.35742606487878,28.6581396462115
"2",0.328814149272516,28.1935296927392
"3",0.344159490116107,28.3255099297571
"4",0.329693982073835,27.993290696623
"5",0.313941301628735,27.6615067249959
"6",0.239355533970606,27.0096035660765
"7",0.307890741780706,27.8896917597843
"8",0.3314462403678,28.2450139325416
"9",0,25.5687787293295
