"","obs","bmi"
"1",0.35859123951943,28.6464742779858
"2",0.32777570528628,28.1852896767937
"3",0.344141057742184,28.4199544708976
"4",0.330281150612433,28.1935073637441
"5",0.313105446721871,27.9671342140319
"6",0.242255871933364,27.0217388271893
"7",0.299935422106542,27.8167258152125
"8",0.333345445678894,28.3045338457765
"9",0,25.6112142879904
