"","obs","bmi"
"1",0.356682989496938,28.7024464251489
"2",0.328731366527706,28.2500034782347
"3",0.343663468253226,28.4209215540353
"4",0.329534414380845,28.1395373516941
"5",0.313753730676349,27.8582983583778
"6",0.241795231613627,27.0936458309621
"7",0.303257795164312,27.8402049296217
"8",0.329607427557102,28.2875901742425
"9",0,25.6418864746922
