"","obs","bmi"
"1",0.363914176926726,28.7005320236382
"2",0.334179002237634,28.2475225062347
"3",0.341144258442729,28.3387134633193
"4",0.318999929271386,27.9771561805728
"5",0.29406268106189,27.6158718753088
"6",0.248707475954513,27.119360673589
"7",0.307847072481019,27.9264718308489
"8",0.339215608774331,28.3536436131263
"9",0,25.5836069352099
