"","obs","bmi"
"1",0.360161118441173,28.7004271573193
"2",0.329586253688382,28.2493562032877
"3",0.345485157138307,28.4256082537039
"4",0.334378473288319,28.1509746601775
"5",0.318368406967988,27.8765332725466
"6",0.246261848057001,27.0908680667133
"7",0.307008849510106,27.8622458356049
"8",0.336557956656992,28.2657859947116
"9",0,25.5835424961553
