"","obs","bmi"
"1",0.364374893783849,28.7100623595954
"2",0.333786883191453,28.2441882026219
"3",0.336224610487733,28.38191325098
"4",0.305893806264061,28.0538992808872
"5",0.275906776820843,27.7260235309009
"6",0.243206651482544,27.089771335852
"7",0.309075840920922,27.938324199097
"8",0.334848758074045,28.2794113604269
"9",0,25.567369627885
