"","obs","bmi"
"1",0.35964863328406,28.6735164946291
"2",0.331798752513848,28.2180184980694
"3",0.333514925800724,28.2662345831847
"4",0.305711922482036,27.8591572440774
"5",0.27607237483832,27.4522952928253
"6",0.242397738869288,27.0673375385022
"7",0.311241247966199,27.9118523756941
"8",0.335636619300686,28.3199130604844
"9",0,25.5927297939431
