"","obs","bmi"
"1",0.363999942662648,28.7102159096733
"2",0.332704593441335,28.2534899753193
"3",0.349226717373156,28.528364350785
"4",0.333829995333848,28.346606419178
"5",0.316933133275713,28.1649446574562
"6",0.241727847347709,27.0401411774188
"7",0.308443191046321,27.881923568894
"8",0.335447054086085,28.2571227701007
"9",0,25.5805693139511
