"","obs","bmi"
"1",0.360546363571603,28.7391840923606
"2",0.33290725744103,28.2805382690277
"3",0.33556521886734,28.3766800244716
"4",0.305691922473912,28.0143200953312
"5",0.279817866567289,27.6521068357269
"6",0.241583647198823,27.0284893698835
"7",0.310986198177161,27.8915583766547
"8",0.341224373336535,28.3355649094382
"9",0,25.5701776518608
