"","obs","bmi"
"1",0.361551704069,28.6971657268482
"2",0.331788543857159,28.2404676242963
"3",0.334456892781131,28.3275923941106
"4",0.301721441167586,27.9581794431441
"5",0.26833930262346,27.5889295290933
"6",0.242375349132581,27.0582054451787
"7",0.312290955234927,27.9597901496228
"8",0.338234542616697,28.3445562160596
"9",0,25.6058091359895
