"","obs","bmi"
"1",0.36033618391538,28.7301122267985
"2",0.33060345989141,28.267886319153
"3",0.344275302413084,28.4208580806382
"4",0.326055465811768,28.1117687240523
"5",0.307037943445361,27.8028514854818
"6",0.24435972095679,27.0611893501873
"7",0.308050006110991,27.9153261199924
"8",0.331891532245783,28.2823454377984
"9",0,25.6055538651162
