"","obs","bmi"
"1",0.358700225227329,28.6579477606591
"2",0.327781716712,28.1963908923529
"3",0.342998733117737,28.3415716688233
"4",0.326972466273006,28.0254127764114
"5",0.3066683868428,27.7094803285633
"6",0.244352913582222,27.0903980776989
"7",0.305300966977739,27.8720377770178
"8",0.334101563042212,28.2536441821419
"9",0,25.5500936586203
