"","obs","bmi"
"1",0.356941299542097,28.6683243876561
"2",0.325627869685771,28.2085795693237
"3",0.341106472108108,28.3550086786374
"4",0.321490910047502,28.042016382388
"5",0.303340109717172,27.729364663031
"6",0.247283327442005,27.1214972524793
"7",0.301806631924556,27.8325549205814
"8",0.331439690384631,28.2702542542929
"9",0,25.54807378617
