"","obs","bmi"
"1",0.362535648509288,28.7564496437456
"2",0.333421682780241,28.2992649649388
"3",0.338846640406008,28.3695076177043
"4",0.312963217269441,27.982793911065
"5",0.284998459499402,27.5963176442249
"6",0.244720446021505,27.1055138633833
"7",0.310501103751049,27.9336424170015
"8",0.332522349960066,28.2601068257396
"9",0,25.6151886635535
