"","obs","bmi"
"1",0.362681532132675,28.7164793125568
"2",0.331937486900939,28.2604592909213
"3",0.353511718801184,28.4828020894429
"4",0.345033811362743,28.2492602924558
"5",0.336522742656034,28.0158591165187
"6",0.247316291062658,27.0983489944863
"7",0.31095901481104,27.9078630698996
"8",0.334875391256151,28.2667183048256
"9",0,25.5911737141648
