"","obs","bmi"
"1",0.359423700493276,28.7246563657755
"2",0.328076417943237,28.2663873472979
"3",0.337308753303137,28.3773887017873
"4",0.31051441651855,28.0304235378697
"5",0.284651943926865,27.6837772563497
"6",0.245599033354123,27.0939869059944
"7",0.312886290559805,27.9719647158659
"8",0.335650274546979,28.289455040167
"9",0,25.598913309732
