"","obs","bmi"
"1",0.359149644966941,28.7042851828819
"2",0.32950068355427,28.2351043023896
"3",0.341685335545797,28.3901147535117
"4",0.323311768402116,28.0761465169465
"5",0.303713302878534,27.7623885173345
"6",0.249221908240817,27.1200057037955
"7",0.301098951573849,27.7871516222976
"8",0.343376068388659,28.3340873657777
"9",0,25.6005889029792
