"","obs","bmi"
"1",0.360475871184912,28.6932500716801
"2",0.330905650469683,28.2380010579302
"3",0.346019337676518,28.4863940053381
"4",0.33181013898695,28.2796463227096
"5",0.315095678504468,28.0730104507203
"6",0.249118035418762,27.1819771905733
"7",0.305725880879985,27.9130063750267
"8",0.333348743444311,28.2946794027606
"9",0,25.5785526621645
