"","obs","bmi"
"1",0.367802594041139,28.7693810545373
"2",0.337414330207223,28.304461801548
"3",0.35109924817059,28.4949784916095
"4",0.332228545547731,28.2207680442438
"5",0.313407972470615,27.9467569229525
"6",0.246041312329826,27.0709786526505
"7",0.310249701098871,27.9141013743859
"8",0.336828884443666,28.316578407043
"9",0,25.5492063912517
