"","obs","bmi"
"1",0.356768539214493,28.6859017193187
"2",0.327258210165389,28.2224238756246
"3",0.334486496578635,28.322198509355
"4",0.305234777316887,27.9590934838807
"5",0.283468216726254,27.5966361551613
"6",0.244672837912697,27.0600841120263
"7",0.303387373283772,27.8469715150766
"8",0.333373689541677,28.2710594494368
"9",0,25.6168565269627
