"","obs","bmi"
"1",0.364087067828964,28.7659093639288
"2",0.335703908248558,28.3011056230713
"3",0.347045727735625,28.4881261585631
"4",0.327101170287534,28.2105398293947
"5",0.311475608737009,27.9331582779781
"6",0.244206833938633,27.0464939574681
"7",0.307983258490538,27.9092284853941
"8",0.333234915261983,28.2818169006709
"9",0,25.543566109243
