"","obs","bmi"
"1",0.35993718994146,28.7164087816455
"2",0.329250235798519,28.2591331494486
"3",0.341055870973404,28.4139968081603
"4",0.324871921892097,28.1117897363222
"5",0.306749309338374,27.8097958629545
"6",0.243998057008196,27.0610232850661
"7",0.304949014667635,27.8374219676084
"8",0.3314010629933,28.2404495051828
"9",0,25.5966931356455
