"","obs","bmi"
"1",0.36103072192673,28.7184459536326
"2",0.330204574231442,28.2614101678202
"3",0.341094700210578,28.3937839229726
"4",0.319360176572794,28.0692596822946
"5",0.298993265092042,27.744878337124
"6",0.242827153774167,27.0740354362275
"7",0.313115929702183,27.93230950979
"8",0.334663681841522,28.2541680162892
"9",0,25.6095088323099
