"","obs","bmi"
"1",0.358235439999234,28.6925087576847
"2",0.328844389470338,28.2195552793465
"3",0.341007599526737,28.389044696615
"4",0.319830985169067,28.0858106463269
"5",0.300844388454654,27.7828171904159
"6",0.250242283364049,27.1527600794165
"7",0.313087824980454,27.9700538917797
"8",0.335933899687116,28.2769621006354
"9",0,25.5688304040404
