"","obs","bmi"
"1",0.364477889910404,28.7995373773055
"2",0.332728889865306,28.3393379782103
"3",0.348870611992176,28.6353643835342
"4",0.334200136896822,28.4712698430679
"5",0.321748741364922,28.3072554182997
"6",0.245623358450371,27.1056772537998
"7",0.311062447959753,27.9198510767064
"8",0.338951349734247,28.3120589269537
"9",0,25.6881438109864
