"","obs","bmi"
"1",0.360353725617178,28.693234824675
"2",0.329513378588767,28.2307236546571
"3",0.3371332659161,28.3845034705896
"4",0.316888260684527,28.0759228471421
"5",0.291610650723951,27.7674976695972
"6",0.238748553138785,26.9835333797336
"7",0.310426039610078,27.9217731060877
"8",0.339594747584007,28.3283833971482
"9",0,25.5451423365888
