"","obs","bmi"
"1",0.36656519665695,28.7132355236363
"2",0.337320531189522,28.2491354064783
"3",0.351965511145885,28.4859259118184
"4",0.33610182590034,28.2586962630865
"5",0.319302194934673,28.0315477134798
"6",0.238928846014534,26.9944863406756
"7",0.304910477638686,27.8664571282056
"8",0.337031062559066,28.361470866226
"9",0,25.5639494618463
