"","obs","bmi"
"1",0.363914176926726,28.7005320236382
"2",0.333760750123261,28.2459500234833
"3",0.345540612845275,28.4100885412484
"4",0.326933404284213,28.1199868766824
"5",0.305272400854185,27.8302491792044
"6",0.248707475954513,27.119360673589
"7",0.307847072481019,27.9264718308489
"8",0.339215608774331,28.3536436131263
"9",0,25.5836069352099
