"","obs","bmi"
"1",0.358237135957151,28.6541803183816
"2",0.327768240591377,28.1975366547838
"3",0.336378226757708,28.2964011880839
"4",0.311627131769006,27.938877818752
"5",0.287214801913313,27.5816222576466
"6",0.246043430809361,27.1021332746408
"7",0.304678160021206,27.872344889766
"8",0.331188826305011,28.2907386048019
"9",0,25.5381932923722
