"","obs","bmi"
"1",0.360031251118879,28.6536585284126
"2",0.329938605616412,28.1930818322219
"3",0.34550776557147,28.3307712265155
"4",0.331752002277371,28.0080820016569
"5",0.316210937438541,27.6855987854828
"6",0.245985940173488,27.0786852743883
"7",0.3131092719658,27.9167691832455
"8",0.332980659651166,28.2678787460474
"9",0,25.5560792334532
