"","obs","bmi"
"1",0.358780252701428,28.6608124902183
"2",0.328859209609956,28.2073941980932
"3",0.338467513110605,28.3371137995845
"4",0.319159691722685,28.0136261683966
"5",0.295036098574638,27.6903573618728
"6",0.246784862325253,27.130031526817
"7",0.306311747439895,27.8799218476449
"8",0.334396358458895,28.2879583602565
"9",0,25.546368868294
