"","obs","bmi"
"1",0.366393875736783,28.740036578192
"2",0.336828228882741,28.2778985511502
"3",0.343425229239814,28.4707108511332
"4",0.319992347234045,28.2015075390777
"5",0.295807105220213,27.9324290451384
"6",0.247585352599974,27.0957603536611
"7",0.309613683299903,27.91212050016
"8",0.333659671835123,28.2775113054462
"9",0,25.6002963540422
