"","obs","bmi"
"1",0.360529778095888,28.6867484200152
"2",0.330523238127119,28.2356427649474
"3",0.345965625710627,28.4049134361434
"4",0.332026356664119,28.1232437653375
"5",0.316727758328494,27.8417456603331
"6",0.243424855396639,27.1355770769575
"7",0.309421267905884,27.9288684440829
"8",0.335735528446314,28.3646076891135
"9",0,25.6330706101876
