"","obs","bmi"
"1",0.354022332494025,28.6544211053428
"2",0.323623097219073,28.1985500026748
"3",0.328347189881632,28.3257460385055
"4",0.302478926886248,27.9972475165553
"5",0.275830319078517,27.6689312032101
"6",0.24594774548611,27.0721051536774
"7",0.314159148033722,27.9877397192492
"8",0.333447721846181,28.3151996161046
"9",0,25.5851480768583
