"","obs","bmi"
"1",0.358257597171128,28.6830607004962
"2",0.328645976057772,28.2232647963587
"3",0.339629277939002,28.3483639889289
"4",0.322488211201125,28.0139046745111
"5",0.301246554191206,27.6796918424425
"6",0.249271979590037,27.1526048964157
"7",0.308485118756608,27.8918900055275
"8",0.334521261505877,28.2875960152502
"9",0,25.5850629450788
