"","obs","bmi"
"1",0.357832508465598,28.7094974075669
"2",0.330030831549373,28.2442149328136
"3",0.340414311110617,28.3951142798032
"4",0.317775744385949,28.0809464898836
"5",0.294952892283147,27.7670023233087
"6",0.247757130116968,27.108795516799
"7",0.304360466345814,27.8650933423625
"8",0.335625344677956,28.2763843567756
"9",0,25.6399954909866
