"","obs","bmi"
"1",0.362354551796472,28.7115225414186
"2",0.331899014546151,28.256980370696
"3",0.344441456741583,28.4516307454592
"4",0.328930660825173,28.1919245365979
"5",0.306244952524809,27.9324110805643
"6",0.243866879109207,27.0892779501333
"7",0.310050218159275,27.9046730776352
"8",0.334093336088083,28.2771293684619
"9",0,25.5347765009628
