"","obs","bmi"
"1",0.356727932807275,28.6697616770795
"2",0.326154919913031,28.2131100429959
"3",0.335723748771552,28.4398291321959
"4",0.315315173586388,28.2100265203863
"5",0.296028550618691,27.9803584072445
"6",0.248012970651356,27.0982312493384
"7",0.304785090699444,27.8857945113741
"8",0.337040156706273,28.2817864385977
"9",0,25.6248601987557
