"","obs","bmi"
"1",0.361361352481335,28.7789939791079
"2",0.334423514398158,28.3227160972795
"3",0.33353993386411,28.4577149907433
"4",0.298409523034231,28.1365643934106
"5",0.264038905469171,27.8155438610801
"6",0.247850085592144,27.0395291052666
"7",0.310527108784092,27.8932933806814
"8",0.342109050075643,28.3598635533046
"9",0,25.6823734053781
