"","obs","bmi"
"1",0.357912597883964,28.6756586207948
"2",0.32681808528987,28.2202484069574
"3",0.332084950325873,28.2623378090566
"4",0.308508198430069,27.8493683032935
"5",0.282018858027377,27.436768732164
"6",0.241197316611602,27.0301266322819
"7",0.306403547336698,27.8614150683594
"8",0.330205150178776,28.1970068865953
"9",0,25.6024617492628
