"","obs","bmi"
"1",0.361874235251614,28.7085204368162
"2",0.330420232036846,28.2466588757683
"3",0.351057026211556,28.3998112320286
"4",0.337649000009941,28.0913102393085
"5",0.32524381375759,27.7830261082791
"6",0.240033153437558,27.0106734243203
"7",0.310452030841122,27.9328656392179
"8",0.33319172165775,28.2601605112579
"9",0,25.57298260278
