"","obs","bmi"
"1",0.368593491709769,28.7926513912309
"2",0.335616420379847,28.3288367467105
"3",0.346198343985013,28.5064987307523
"4",0.32228741496492,28.2205188006758
"5",0.300956386048148,27.9347178948204
"6",0.248382939529926,27.1129480422166
"7",0.303535133828347,27.887431138489
"8",0.32962533665209,28.2474903884708
"9",0,25.5783448051343
