"","obs","bmi"
"1",0.358429758693208,28.6692389217117
"2",0.329165585829441,28.2192393872692
"3",0.332271883440614,28.3210788866612
"4",0.299963098429886,27.9730823819096
"5",0.272257417129689,27.6252530601741
"6",0.246366698637173,27.0966422216508
"7",0.303291684994165,27.8598739774209
"8",0.336834140898733,28.3151388877567
"9",0,25.6490694232236
