"","obs","bmi"
"1",0.355850272773698,28.6494021355366
"2",0.328811408376819,28.1959959408165
"3",0.33704678593552,28.3350909981027
"4",0.317218910018236,28.0209519715003
"5",0.295553872343451,27.7069907476921
"6",0.246893888342133,27.0798441989141
"7",0.299018560800279,27.824025972625
"8",0.336084243606429,28.2982546772245
"9",0,25.5556012388086
