"","obs","bmi"
"1",0.359640326945569,28.6725447049748
"2",0.328320925171633,28.2095380329043
"3",0.3436362130574,28.4529092859161
"4",0.324702092486643,28.233371783787
"5",0.306232758706903,28.0139342037079
"6",0.249574803530021,27.137163772986
"7",0.315451478429271,27.9384832508953
"8",0.336807717460838,28.3007313399505
"9",0,25.5943701617145
