"","obs","bmi"
"1",0.362897845017235,28.6542390759256
"2",0.331755299064179,28.2056257565569
"3",0.333651389557295,28.2241099833098
"4",0.299272506898419,27.7941957619191
"5",0.269639899865479,27.3645035354107
"6",0.248483510437397,27.1563983606378
"7",0.307751767909885,27.9109111782074
"8",0.337369335903575,28.2830855805325
"9",0,25.5377673491599
