"","obs","bmi"
"1",0.363320285397372,28.7229161506226
"2",0.333562188680779,28.2752433588711
"3",0.341216384081035,28.4456555462751
"4",0.319302252560921,28.1684845337895
"5",0.298165304814174,27.8914046997119
"6",0.246644720177477,27.0747491567282
"7",0.312574747682419,27.9484495631604
"8",0.337186805305936,28.3089148746081
"9",0,25.5620216343535
