"","obs","bmi"
"1",0.362930518906887,28.7787562916139
"2",0.336113217079431,28.3241954861148
"3",0.345082246966605,28.4939126631707
"4",0.324524121108399,28.2091726495876
"5",0.301507692343686,27.9245383585029
"6",0.24322723302906,27.037064674194
"7",0.308079819109277,27.9262630693186
"8",0.329462531844421,28.2559537342628
"9",0,25.6111279099307
