"","obs","bmi"
"1",0.365564714929489,28.7448065184404
"2",0.334283569847312,28.2889255371328
"3",0.345983854651028,28.4804963718905
"4",0.32333290824222,28.216269387734
"5",0.302615247592934,27.952126656248
"6",0.244804183713914,27.0564480089697
"7",0.313087565587733,27.9508428244954
"8",0.330822947372441,28.2524394308391
"9",0,25.6184406279858
