"","obs","bmi"
"1",0.361568261702033,28.7282566708057
"2",0.331169745472184,28.2692870015045
"3",0.347892279029938,28.4482565208676
"4",0.334291681050151,28.1684453384904
"5",0.323837254604092,27.8888305468428
"6",0.247083556774015,27.0942725468052
"7",0.309016088418473,27.9172697213614
"8",0.334208135839352,28.3003616284569
"9",0,25.5624419203155
