"","obs","bmi"
"1",0.362327396190665,28.7494244252243
"2",0.333842059167131,28.2973485814005
"3",0.343884878186075,28.3920751448369
"4",0.324590677900935,28.0350352981322
"5",0.303120129008474,27.6783217155718
"6",0.241819116031221,27.0575430633592
"7",0.309611157714512,27.9591701188419
"8",0.333546908998417,28.2558141536417
"9",0,25.6865883663928
