"","obs","bmi"
"1",0.357344422324054,28.6949015388695
"2",0.329788909315373,28.2415134832022
"3",0.329462109993138,28.3355927961685
"4",0.292724647472272,27.9763699992624
"5",0.259020964006604,27.6172322161818
"6",0.248272689501381,27.0882094532123
"7",0.306961218444078,27.8873247891915
"8",0.339341924278048,28.3436475652913
"9",0,25.6318202462056
