"","obs","bmi"
"1",0.354887042004528,28.6349058271607
"2",0.327102268492869,28.1728676281875
"3",0.333232263143137,28.2711779831387
"4",0.306007458343659,27.907709965514
"5",0.280565148719039,27.5445122400107
"6",0.24561986998913,27.0508063101004
"7",0.312516607753411,27.9694178826129
"8",0.336466631109802,28.3328467424931
"9",0,25.5796930912811
