"","obs","bmi"
"1",0.352235466402831,28.6559617338636
"2",0.323328179314222,28.2012598383051
"3",0.334073920768674,28.3420850762681
"4",0.315059862791278,28.0283993880632
"5",0.296498997673238,27.7149112088609
"6",0.246239773850272,27.0681446716763
"7",0.305506314111737,27.8753085537893
"8",0.334812895565232,28.3117580714694
"9",0,25.5952095923193
