"","obs","bmi"
"1",0.360485796369537,28.6749743373386
"2",0.330795734563217,28.2160610599716
"3",0.343185814079593,28.3223492761677
"4",0.323350295169599,27.9699342106208
"5",0.304194077377646,27.6177395708182
"6",0.242524319649022,27.0387800779799
"7",0.313061468215913,27.9532620750024
"8",0.329869657199487,28.2194324252187
"9",0,25.5604127546166
