"","obs","bmi"
"1",0.357922206150483,28.6162643288268
"2",0.32631516836158,28.1573334346835
"3",0.340054092355604,28.2739602012747
"4",0.321135950093573,27.9319237053248
"5",0.302010527159968,27.5901675143035
"6",0.245713914273606,27.0868879660294
"7",0.300430511483487,27.8298218626846
"8",0.329021513984311,28.2468502768739
"9",0,25.5206390964237
