"","obs","bmi"
"1",0.359511367808077,28.71271177027
"2",0.329330236945865,28.2447480743344
"3",0.343024305413428,28.4730100100585
"4",0.327171118896825,28.2333865794705
"5",0.309789101965543,27.9938429709384
"6",0.250504331956567,27.0946447817011
"7",0.308210490302911,27.9109930336487
"8",0.342141654244858,28.3551588013097
"9",0,25.6135656313754
