"","obs","bmi"
"1",0.358731197270625,28.7024071151453
"2",0.328933147197506,28.2432167814409
"3",0.329560531091405,28.2943989020917
"4",0.295207534781944,27.8865770053497
"5",0.264813173595999,27.4789473515053
"6",0.23854954970473,27.0182975699751
"7",0.309622541841339,27.9294598396561
"8",0.336188631877449,28.2506209900999
"9",0,25.6088594095349
