"","obs","bmi"
"1",0.361902668724275,28.723843940343
"2",0.333338652933277,28.2658606491186
"3",0.343537886624693,28.4263290407353
"4",0.32230984396774,28.1289288658761
"5",0.299766129358327,27.8316464924982
"6",0.243435194497001,27.0841541881833
"7",0.30593542168953,27.9362464387595
"8",0.33634318757131,28.2474991617277
"9",0,25.563307531198
