"","obs","bmi"
"1",0.361094179493848,28.7231441333315
"2",0.329908793705351,28.2650219463101
"3",0.337628770780346,28.3778747276788
"4",0.312330658335399,28.0328388365838
"5",0.289545051294265,27.6880457460957
"6",0.247281412382859,27.0577220178858
"7",0.307208561941088,27.8688136121152
"8",0.33975833618297,28.316752224582
"9",0,25.5998284088988
