"","obs","bmi"
"1",0.361376722688559,28.7331774157301
"2",0.331011768664518,28.2860164047462
"3",0.338777262834438,28.3654410902174
"4",0.317213369455107,27.9979509975497
"5",0.295039043280095,27.6307175282053
"6",0.243764944225268,27.0727238759704
"7",0.306034944695833,27.9151053362518
"8",0.335691836109633,28.3046967909196
"9",0,25.5787546459145
