"","obs","bmi"
"1",0.36024872773763,28.7571832262045
"2",0.331019230171418,28.3008609264303
"3",0.343929125963907,28.534768032058
"4",0.325244841308821,28.3124122764254
"5",0.303128163059797,28.0901160236601
"6",0.243590434079999,27.095225674288
"7",0.304486061342499,27.8438833343223
"8",0.33333350471178,28.2898046423351
"9",0,25.6605608780464
