"","obs","bmi"
"1",0.361843026782105,28.737099242828
"2",0.331922581309501,28.281811373343
"3",0.345149428412913,28.4718067737588
"4",0.327130018360663,28.206707728682
"5",0.311629120280499,27.9418113943833
"6",0.242178878388929,27.0853441985084
"7",0.301052138819382,27.849773642528
"8",0.338321575708633,28.3181083164467
"9",0,25.6369918945189
