"","obs","bmi"
"1",0.363313071100447,28.7262782970911
"2",0.334106012996722,28.2685423026407
"3",0.348035157116724,28.4617986646815
"4",0.332761052832983,28.197430755675
"5",0.319165414139785,27.9331774297794
"6",0.238975509847845,27.0204497126171
"7",0.306783292738369,27.8760330511224
"8",0.337901257216833,28.3072216081857
"9",0,25.5854301174386
