"","obs","bmi"
"1",0.363025802223016,28.7131918801829
"2",0.334058169149168,28.2560551555891
"3",0.351655367855889,28.4435973591112
"4",0.341042032404862,28.1742046426866
"5",0.328254050814716,27.9050221193815
"6",0.240743451823164,27.0360694039824
"7",0.3063951210197,27.9007546208895
"8",0.328320620595525,28.2291668092198
"9",0,25.5941794392043
