"","obs","bmi"
"1",0.365538959055546,28.7390786502482
"2",0.335722128913068,28.2854285441336
"3",0.340238388172861,28.3274444603479
"4",0.309881458211003,27.9161800618489
"5",0.280714727941409,27.5053061977756
"6",0.242799774904634,27.0352848199945
"7",0.305056559062138,27.8908848802204
"8",0.335275735468964,28.2895499565609
"9",0,25.6329976229408
