"","obs","bmi"
"1",0.362639041466675,28.7132073495568
"2",0.333006141523875,28.2568692497909
"3",0.350017488378276,28.4433816239945
"4",0.337673440683662,28.1736809279565
"5",0.321161726207864,27.9041092020779
"6",0.242945377240859,27.0910301060093
"7",0.307149368533061,27.9296216068506
"8",0.333536934736205,28.2623011238422
"9",0,25.5891268663178
