"","obs","bmi"
"1",0.36233960818489,28.7034958434971
"2",0.334244560279483,28.2505107744101
"3",0.348378890930147,28.4072360731608
"4",0.333940496747922,28.111204283881
"5",0.321940601145478,27.8154099457823
"6",0.243404697117459,27.1010216502632
"7",0.310293613047605,27.9235226338339
"8",0.337680650294525,28.294204098651
"9",0,25.5631213351028
