"","obs","bmi"
"1",0.355913073986327,28.6820819863632
"2",0.328071111292278,28.2228625883235
"3",0.33744031783886,28.3946718986226
"4",0.31779378966214,28.1074328384283
"5",0.294989053272227,27.820369001711
"6",0.240370181671841,27.0065831756533
"7",0.303501667696105,27.8591193463957
"8",0.342200751697591,28.3635694500438
"9",0,25.5783929377141
