"","obs","bmi"
"1",0.363098455628027,28.7194362630807
"2",0.33299317262299,28.2644841254215
"3",0.350195313831122,28.425252649745
"4",0.336615225844983,28.1313803650497
"5",0.323320726006918,27.8378361673121
"6",0.238961065991672,26.984663531541
"7",0.313594464126634,27.9726708713325
"8",0.339094416676203,28.3370882654553
"9",0,25.5958077522551
