"","obs","bmi"
"1",0.362544777854049,28.7074213976834
"2",0.331175904849817,28.2418418444298
"3",0.332756500984973,28.2862588121096
"4",0.301523671684079,27.8654269049544
"5",0.272017247381488,27.4449428360543
"6",0.240990360097974,27.0584134575115
"7",0.311673437623224,27.9352260666322
"8",0.340239940625233,28.298662203175
"9",0,25.6097656669637
