"","obs","bmi"
"1",0.356287868659332,28.675486960017
"2",0.327193598319484,28.2233099207869
"3",0.347247957388864,28.432297786521
"4",0.336189763700902,28.1892094348797
"5",0.323085812196757,27.9462258131706
"6",0.243654845304912,27.0541254859677
"7",0.30984384404708,27.944302501364
"8",0.337342705166594,28.3089191356706
"9",0,25.6169116523453
