"","obs","bmi"
"1",0.36241259322169,28.719557887456
"2",0.333406815773287,28.2633852789509
"3",0.339073415955663,28.3393053928285
"4",0.308698612260195,27.9592780203186
"5",0.28314473950926,27.5794838405068
"6",0.241740818252407,27.1015732743236
"7",0.305906911936417,27.8967098487686
"8",0.335811113197346,28.2855043144147
"9",0,25.586762855506
