"","obs","bmi"
"1",0.362451545651818,28.7222692594143
"2",0.334618199380135,28.2647073095328
"3",0.348281523261511,28.4112847185804
"4",0.333778923351166,28.1006265310922
"5",0.313117421456621,27.790313291586
"6",0.239520562272331,26.9916747554975
"7",0.303744876356472,27.857028296295
"8",0.339588004889671,28.3237294168213
"9",0,25.5802211769349
