"","obs","bmi"
"1",0.359203050840179,28.7343845487478
"2",0.330216650701682,28.2727459632086
"3",0.333243530442158,28.3814841941425
"4",0.30493592602518,28.0286929025618
"5",0.275028203334011,27.6760129516648
"6",0.244431664339741,27.0717684751295
"7",0.311677789983114,27.9368283067245
"8",0.335952396412101,28.2748194213007
"9",0,25.6462710125674
