"","obs","bmi"
"1",0.367984681023206,28.7571424551385
"2",0.336172713575212,28.2905409335327
"3",0.346347947315952,28.4235758487902
"4",0.327261642089746,28.0901706692998
"5",0.306483475572107,27.7569319491521
"6",0.247091736259413,27.0881190484255
"7",0.300703105025619,27.8814091966762
"8",0.331903086780294,28.2972952379329
"9",0,25.5515021884126
