"","obs","bmi"
"1",0.365275130285364,28.7665140336491
"2",0.336543521971877,28.3130244882749
"3",0.345257966393126,28.3745435271629
"4",0.323195561825894,27.982823706665
"5",0.30300375863243,27.5913661472856
"6",0.246838875743993,27.0647805798859
"7",0.315732103602877,27.9465503976529
"8",0.33392401137683,28.2860178339535
"9",0,25.5804223106584
