"","obs","bmi"
"1",0.365046532659029,28.7550273515404
"2",0.335867381388328,28.2955600997372
"3",0.342134743191705,28.4037751892686
"4",0.316199823299888,28.0528850082879
"5",0.292120159715556,27.7023784765172
"6",0.248570196671825,27.0782097255916
"7",0.303550656918516,27.8497677330053
"8",0.334591847606782,28.2774602343295
"9",0,25.5856913248347
