"","obs","bmi"
"1",0.363646766861598,28.7020486518913
"2",0.332424234167579,28.2235883352013
"3",0.351990370479598,28.4644680113576
"4",0.340594475842881,28.2271018240781
"5",0.332366478185137,27.9899597846183
"6",0.244433677778833,27.0876002427703
"7",0.313314335509094,27.9546549677609
"8",0.333219332798356,28.242483838693
"9",0,25.5338075760318
