"","obs","bmi"
"1",0.357655819679226,28.6677242610257
"2",0.329190110552291,28.2066060334789
"3",0.332999736118899,28.3402287757092
"4",0.3043168433321,28.0129960235549
"5",0.27499079420924,27.6860393607037
"6",0.240846608849133,27.0525303663185
"7",0.311770780685588,27.9096759708167
"8",0.329170582006056,28.2118968547732
"9",0,25.5666405673463
