"","obs","bmi"
"1",0.357013523192764,28.6389368022184
"2",0.329131791414453,28.1878994421079
"3",0.334806433191229,28.232843209245
"4",0.309255249584631,27.8272469715608
"5",0.284376354789795,27.4221823195623
"6",0.248462347651429,27.0997871099908
"7",0.305922170460874,27.8695666973639
"8",0.328828388518357,28.2307875773512
"9",0,25.5852105427877
