"","obs","bmi"
"1",0.365521237183894,28.7155327190685
"2",0.333811505674017,28.2607091672832
"3",0.353639074891851,28.442352353448
"4",0.341791333893929,28.1694079595883
"5",0.329329373914735,27.8967099839974
"6",0.241637740573698,27.0508740673089
"7",0.309171578415967,27.9207030470063
"8",0.329528060567594,28.2222635527295
"9",0,25.5824221947005
