"","obs","bmi"
"1",0.369465446409499,28.797954162062
"2",0.336615319613617,28.3353343413855
"3",0.348123278070412,28.4799379473019
"4",0.328902376867344,28.162077864709
"5",0.306011120134877,27.8443781842396
"6",0.238947763041991,27.0432609778457
"7",0.305403716145945,27.8604763988458
"8",0.335099832533688,28.3186902392182
"9",0,25.6601217449502
