"","obs","bmi"
"1",0.357752790733471,28.6671907007533
"2",0.326872849931337,28.2055082628437
"3",0.349992312073011,28.4076662499913
"4",0.342464516391653,28.1483720440654
"5",0.335788173345073,27.8893183125161
"6",0.248079558609503,27.0984595684371
"7",0.309983268408656,27.9339608687245
"8",0.337030826133914,28.3172102823461
"9",0,25.5502589424546
