"","obs","bmi"
"1",0.361251428562456,28.6850575783005
"2",0.329760954790936,28.2252536271256
"3",0.345277427298734,28.4258944306837
"4",0.331938649557937,28.1670303932106
"5",0.31762858332443,27.90848211795
"6",0.244215039361921,27.0276437042335
"7",0.306674460448086,27.9081554088929
"8",0.331495724118982,28.2471492928347
"9",0,25.5434736055426
