"","obs","bmi"
"1",0.360922831405411,28.739138839738
"2",0.331037521133354,28.2820858034182
"3",0.346810920649597,28.4380618834997
"4",0.32885417790119,28.1371918292337
"5",0.312532168573773,27.8365369030793
"6",0.248638338541813,27.1499960689599
"7",0.311571654783724,27.9164400774165
"8",0.34148493313654,28.3849518183651
"9",0,25.5622025744955
