"","obs","bmi"
"1",0.357415304182843,28.7119569348698
"2",0.326006076447558,28.2572209663211
"3",0.329227693948381,28.3617067260456
"4",0.302076651324334,28.0117180916108
"5",0.272389257115408,27.662002917676
"6",0.239227805204952,27.0524134246779
"7",0.312247762171545,27.9250658170386
"8",0.331502528765859,28.2878689100081
"9",0,25.614964503675
