"","obs","bmi"
"1",0.359665958060678,28.6688562831203
"2",0.329287163999703,28.2188187231218
"3",0.349649942440247,28.4445890353699
"4",0.339476615650837,28.2205169916213
"5",0.329780405513553,27.9966470468243
"6",0.242080480382728,27.060499391538
"7",0.306144640622867,27.8881432680861
"8",0.331461415982054,28.2561783980391
"9",0,25.5626847381224
