"","obs","bmi"
"1",0.362820181409205,28.7040201109161
"2",0.332332046168733,28.2530615737662
"3",0.348500086216974,28.4372186670437
"4",0.334993743394738,28.1706506362329
"5",0.324446176209757,27.9043273815921
"6",0.243554990268541,27.0452523180326
"7",0.306512806081567,27.9022506190102
"8",0.331294647545185,28.2710119782942
"9",0,25.5517443593078
