"","obs","bmi"
"1",0.356117420395169,28.6332279042512
"2",0.328861754807009,28.1762288519014
"3",0.335148169214496,28.3150553080855
"4",0.310115578674366,27.9970252665535
"5",0.2866060091524,27.6791439863477
"6",0.244581052544081,27.0494493501525
"7",0.312897006897905,27.9247918908619
"8",0.329803646094651,28.249000976136
"9",0,25.5692474077789
