"","obs","bmi"
"1",0.36011098428346,28.6552996848304
"2",0.328965206809846,28.1930218542747
"3",0.337034608555763,28.343240695682
"4",0.314498289063249,28.0313332325942
"5",0.286525916970868,27.7195818069565
"6",0.241765593083765,27.0420852179542
"7",0.307649066166131,27.8737482536218
"8",0.331412338687882,28.2677880527933
"9",0,25.5708011264018
