"","obs","bmi"
"1",0.358529503901583,28.7004833354065
"2",0.329157623551192,28.2420734047318
"3",0.34702290920352,28.4560015527424
"4",0.335538021201962,28.21166343084
"5",0.322029241210831,27.9674741942957
"6",0.238811550432996,27.0271824555611
"7",0.304968806435781,27.8807927445093
"8",0.327500270388511,28.2517348967683
"9",0,25.5951429016834
