"","obs","bmi"
"1",0.359038905820579,28.6472310076681
"2",0.329099026039107,28.1931220055884
"3",0.34783340428376,28.4557243616327
"4",0.336641164165541,28.2643008576504
"5",0.32698417566801,28.0729630158557
"6",0.248636155106457,27.0815357558796
"7",0.308632519369097,27.8758362386426
"8",0.33614998377027,28.3079941188684
"9",0,25.521069409524
