"","obs","bmi"
"1",0.357481073548169,28.6729982724783
"2",0.330156624240578,28.219298603142
"3",0.335067462783963,28.2843187999893
"4",0.306250940854324,27.8959291726254
"5",0.281577304308693,27.5078414136145
"6",0.244571525862739,27.0353925231913
"7",0.314653807913439,27.9723378010954
"8",0.335150666068737,28.2502421093471
"9",0,25.5693585846271
