"","obs","bmi"
"1",0.35652488293624,28.7064197244852
"2",0.326842441350731,28.2487361066337
"3",0.336709355558537,28.4038154903822
"4",0.313635808443468,28.10131986448
"5",0.289727864048171,27.7989344752642
"6",0.246516024440335,27.1298212599556
"7",0.310804486601767,27.9538687207128
"8",0.334392156927048,28.3353815056988
"9",0,25.6336833641131
