"","obs","bmi"
"1",0.362856705183761,28.738581680993
"2",0.332617606032451,28.2823345569174
"3",0.348239445758669,28.4323836305843
"4",0.333265904724587,28.1264224203804
"5",0.317163627368504,27.8207081103041
"6",0.248588895188637,27.0891244082349
"7",0.30243213801716,27.8890163625791
"8",0.331954062373966,28.2866688646334
"9",0,25.5993838532081
