"","obs","bmi"
"1",0.361977263907093,28.7210735375708
"2",0.332758405060427,28.2618916080104
"3",0.338866265682759,28.3936127048843
"4",0.313296434138226,28.0663210074053
"5",0.288514977214799,27.7392035951751
"6",0.248386861978604,27.1233227198011
"7",0.311438302749433,27.894428712964
"8",0.337591031176918,28.2320502499877
"9",0,25.5929400289153
