"","obs","bmi"
"1",0.358749582794221,28.7072414736902
"2",0.329109800740762,28.2482345542165
"3",0.346134280874542,28.4082501173728
"4",0.332597987291489,28.1096342316471
"5",0.322483496747422,27.8114178705904
"6",0.247652189244799,27.0576306769249
"7",0.31071268610046,27.9591957834541
"8",0.335419051423182,28.2954798504949
"9",0,25.5763957724862
