"","obs","bmi"
"1",0.365031162799668,28.7119506495076
"2",0.335783504001569,28.2495473232102
"3",0.349966489966265,28.420729007331
"4",0.333770416599338,28.1298222896341
"5",0.318327761957498,27.8392498878503
"6",0.242302794290735,27.0859801033353
"7",0.308586340600028,27.9538202507353
"8",0.333333257882556,28.2896019484498
"9",0,25.6002883848026
