"","obs","bmi"
"1",0.363963945132544,28.7386923013842
"2",0.335219078513088,28.2779928328856
"3",0.347184081950021,28.4848814293016
"4",0.331432995846639,28.2312357420509
"5",0.315475773812926,27.9777613286279
"6",0.238493616309217,27.0430322240521
"7",0.314348045253654,27.9769532437486
"8",0.328376000030111,28.2595980849975
"9",0,25.6244746386605
