"","obs","bmi"
"1",0.36253233100958,28.6946905401583
"2",0.332657193661713,28.2327993877069
"3",0.342460848576684,28.4069401024665
"4",0.321364299274245,28.1193057038524
"5",0.300100019994885,27.8317900912255
"6",0.24202283652594,27.048408772898
"7",0.309105264550093,27.9041423913659
"8",0.330395372206379,28.2287236211362
"9",0,25.5706455849825
