"","obs","bmi"
"1",0.365985363637008,28.7343081265373
"2",0.334241599168292,28.2801779501058
"3",0.355589917215898,28.5398541896842
"4",0.345318974693912,28.3455214496257
"5",0.335261923704807,28.1513137702388
"6",0.243417431864523,27.0845060600319
"7",0.315010719581841,27.9458362604616
"8",0.333398999918192,28.2838080156077
"9",0,25.6102287227449
