"","obs","bmi"
"1",0.356683787521004,28.6776610887125
"2",0.329812624286875,28.2190275032494
"3",0.339363149580682,28.2976823598644
"4",0.321259395076673,27.9179912051133
"5",0.301401824106158,27.5386011722564
"6",0.242778462584385,27.0797869934571
"7",0.309534466700645,27.9113428157075
"8",0.335491059012465,28.2792480628934
"9",0,25.5994587019918
