"","obs","bmi"
"1",0.363635696306264,28.7709342545352
"2",0.332632290746587,28.3105020892224
"3",0.333842634490273,28.4115347740708
"4",0.295247700777123,28.0522165224934
"5",0.265166712790177,27.6929781546719
"6",0.253865823247387,27.1230872273576
"7",0.30805085603636,27.9026721779688
"8",0.333313390747425,28.2750334495872
"9",0,25.6287720040277
