"","obs","bmi"
"1",0.360704378365111,28.7435872602473
"2",0.331096161610145,28.279624900046
"3",0.34613006241538,28.4633916457524
"4",0.330341303177011,28.1833499093316
"5",0.314146843396697,27.9034668227292
"6",0.245405192784047,27.0801170493274
"7",0.31004569422076,27.9239342141979
"8",0.330600368807009,28.2195360537591
"9",0,25.6568582284391
