"","obs","bmi"
"1",0.358588512225694,28.6820402352443
"2",0.330430707815555,28.2307130707072
"3",0.346671620335347,28.3921120442904
"4",0.334549771231627,28.102480104016
"5",0.322695481272433,27.8131609008597
"6",0.238598997591677,27.0036182171449
"7",0.306267479780163,27.8973306987719
"8",0.328035330031665,28.2412541980971
"9",0,25.5829905995977
