"","obs","bmi"
"1",0.366612627088154,28.7441872389181
"2",0.334609848136322,28.2877341380729
"3",0.325726982605278,28.3607078986637
"4",0.282044101057312,27.9774245790557
"5",0.248699214612689,27.5943392166302
"6",0.24219336382574,27.0524322608278
"7",0.309220023779163,27.9393835030076
"8",0.335151835317941,28.2507181628148
"9",0,25.6116167956128
