"","obs","bmi"
"1",0.360043209091139,28.6862629488561
"2",0.330978135990221,28.233578903656
"3",0.338541746544582,28.3845626138728
"4",0.3174910229415,28.0829479509557
"5",0.294622795538606,27.7814203992958
"6",0.246043779147222,27.0916671598172
"7",0.307738407869708,27.9134799814872
"8",0.337536487490532,28.2920111299241
"9",0,25.6387995796939
