"","obs","bmi"
"1",0.358385017277156,28.7211897107888
"2",0.33077807101645,28.264311300815
"3",0.331155571450003,28.3361000534516
"4",0.303134162503802,27.9511559591181
"5",0.273885628367302,27.5663591199675
"6",0.247794167142989,27.1102883347999
"7",0.309534242468192,27.9125579657391
"8",0.337647964589462,28.298196363515
"9",0,25.6072097084721
