"","obs","bmi"
"1",0.365187879217416,28.77368075302
"2",0.337206304713423,28.3161850892206
"3",0.340615552174691,28.3161901331551
"4",0.312005759518426,27.8593367991511
"5",0.283674703959084,27.4031720482575
"6",0.242857780031511,27.0218391977366
"7",0.314765612857999,27.9983753771499
"8",0.331223124167181,28.2874400131916
"9",0,25.620060071517
