"","obs","bmi"
"1",0.359846135100862,28.7007280295673
"2",0.327220213302161,28.2452869520432
"3",0.345709001938244,28.3953828589583
"4",0.329377739558405,28.0902516099449
"5",0.313786590572601,27.7853427077553
"6",0.245383027782561,27.102614825244
"7",0.312600168133173,27.9403010507548
"8",0.328592322941767,28.2447516842269
"9",0,25.6570987771611
