"","obs","bmi"
"1",0.359552851793277,28.6813681908181
"2",0.329807113128889,28.2208844193955
"3",0.328678790286499,28.2745335920066
"4",0.292092752225219,27.8678923864768
"5",0.259007456857672,27.4614494231263
"6",0.246307656363026,27.1169527677596
"7",0.311249944890283,27.9418818899501
"8",0.339094276224549,28.299945448249
"9",0,25.5607265343153
