"","obs","bmi"
"1",0.360949913928738,28.7221041555282
"2",0.330536559008404,28.265350846994
"3",0.350307375272253,28.4645836534659
"4",0.339752518103256,28.2071984442628
"5",0.329400692335885,27.9499535763844
"6",0.243224469469823,27.0783351132154
"7",0.305388146039309,27.9092500928311
"8",0.337209126359075,28.2802143013413
"9",0,25.5881448327282
