"","obs","bmi"
"1",0.357164568096101,28.7154126348102
"2",0.325914830723948,28.2521414402161
"3",0.347854785035159,28.4875853723299
"4",0.335487096418257,28.259890164677
"5",0.322207646287202,28.0323308638952
"6",0.245513952484297,27.1032779214204
"7",0.305504434199625,27.8641267408933
"8",0.326801179740212,28.221156157183
"9",0,25.6470442808711
