"","obs","bmi"
"1",0.357888778525891,28.6573931323658
"2",0.329514475826586,28.192615945112
"3",0.343831782134385,28.3952681300542
"4",0.326411007389745,28.1333521752365
"5",0.31143566601818,27.8716532911874
"6",0.245827868868831,27.0895977686701
"7",0.308610876535343,27.9064466222016
"8",0.329831854528169,28.2495205429069
"9",0,25.575939366278
