"","obs","bmi"
"1",0.364933156916134,28.7360935571705
"2",0.334157000006043,28.2798604066098
"3",0.351430634550456,28.3699956752224
"4",0.336573593746,28.004287852766
"5",0.319153822637058,27.6389961265902
"6",0.247225662493728,27.085298567013
"7",0.310261781754273,27.9124385785037
"8",0.332552510160898,28.2607991654246
"9",0,25.5881123908241
