"","obs","bmi"
"1",0.359758202733809,28.666747018177
"2",0.330418871748915,28.206726945268
"3",0.342007554938193,28.3430209240039
"4",0.327604506624358,28.0196593524216
"5",0.310633079290339,27.696685760416
"6",0.247089894023985,27.0722716445733
"7",0.309090439191419,27.919931070879
"8",0.335781161982039,28.2780416808218
"9",0,25.5873934056739
