"","obs","bmi"
"1",0.361803118970156,28.7290239873674
"2",0.331540841537339,28.2687661911122
"3",0.351476701589321,28.5333914147496
"4",0.339883573191141,28.3378358529265
"5",0.329441804325747,28.1423595159685
"6",0.244626736761392,27.0629718607648
"7",0.311942132693121,27.966342721196
"8",0.337475962058449,28.3153120077176
"9",0,25.6206977048779
