"","obs","bmi"
"1",0.35538767182906,28.636953185
"2",0.326893766765466,28.1791673917855
"3",0.338252530018344,28.2969354340929
"4",0.318880784849073,27.9570983705552
"5",0.296265291436089,27.6174480859886
"6",0.243062344924457,27.0478714711861
"7",0.302965135394826,27.8934335610841
"8",0.337287212496821,28.2911967062341
"9",0,25.5907293061333
