"","obs","bmi"
"1",0.362327396190665,28.7494244252243
"2",0.33372974864673,28.3000530873061
"3",0.341465984816693,28.5007640734221
"4",0.322513733413339,28.2522070112576
"5",0.303785065895082,28.0037567872596
"6",0.241819116031221,27.0575430633592
"7",0.309611157714512,27.9591701188419
"8",0.333546908998417,28.2558141536417
"9",0,25.6865883663928
