"","obs","bmi"
"1",0.364670165587508,28.6753828010988
"2",0.331625942507306,28.2187778414429
"3",0.348844519778065,28.3795173774637
"4",0.33155541817726,28.0838435998451
"5",0.31642098543646,27.7883683784974
"6",0.244712562629021,27.0840179838637
"7",0.308446957436742,27.8898931022469
"8",0.334432084288511,28.286653565599
"9",0,25.5934651337029
