"","obs","bmi"
"1",0.372313823346648,28.8005924555254
"2",0.342570117419803,28.3411516853948
"3",0.356985059097745,28.543073557632
"4",0.337379517425129,28.2856663718434
"5",0.320215367207249,28.0283738877769
"6",0.246511517395072,27.1368981303034
"7",0.309978334640592,27.9553161993271
"8",0.340028722965767,28.3457470241674
"9",0,25.5720533657722
