"","obs","bmi"
"1",0.363298085732211,28.7114944334734
"2",0.335025208670342,28.2594713974497
"3",0.346063561318727,28.4183253231882
"4",0.327207001685666,28.1253576023213
"5",0.304551174853342,27.832599263389
"6",0.239149317961006,27.0461052248774
"7",0.305255864881383,27.8507835083331
"8",0.333319339247879,28.2939746996038
"9",0,25.5442891864224
