"","obs","bmi"
"1",0.360009435891771,28.6801756599524
"2",0.329489857395685,28.2274439677553
"3",0.347833465271953,28.3850121800911
"4",0.335853243735778,28.0900132867866
"5",0.322770041852519,27.7951844423028
"6",0.245051885438714,27.1015535423682
"7",0.312145240602591,27.9309088321447
"8",0.334926677908508,28.3164564433424
"9",0,25.5474006999397
