"","obs","bmi"
"1",0.358627881944292,28.6724765334171
"2",0.328874232473617,28.2153179985492
"3",0.337088242660984,28.3546394304348
"4",0.31208058150007,28.0369017416902
"5",0.286062345452805,27.7192657036673
"6",0.243883239926069,27.0806227421271
"7",0.30384550816595,27.8707949665898
"8",0.338252425931404,28.3805738101889
"9",0,25.5769688063098
