"","obs","bmi"
"1",0.363775022851305,28.8159652790215
"2",0.335628953113759,28.3652031119647
"3",0.343952462756561,28.5436414439373
"4",0.320311226911019,28.2714048093273
"5",0.299004595617983,27.9992572782834
"6",0.247091564514848,27.0866831998511
"7",0.308481567211164,27.871564355043
"8",0.334540314183953,28.2580141626495
"9",0,25.6242095435288
