"","obs","bmi"
"1",0.361376722688559,28.7331774157301
"2",0.33069852231114,28.2699960117186
"3",0.337201452214946,28.3706064945528
"4",0.315311083698682,28.0083302212488
"5",0.293065049480591,27.646362787754
"6",0.243764944225268,27.0727238759704
"7",0.306034944695833,27.9151053362518
"8",0.335691836109633,28.3046967909196
"9",0,25.5787546459145
