"","obs","bmi"
"1",0.359812423322105,28.7037711974427
"2",0.330181761682887,28.2460156881301
"3",0.336072085063687,28.3756182465316
"4",0.31629506574712,28.0476215116211
"5",0.292491169920032,27.71978576675
"6",0.243239328509641,27.093851295291
"7",0.309062937812014,27.9330416080567
"8",0.339735184587668,28.3312878014898
"9",0,25.6091826917354
