"","obs","bmi"
"1",0.359082868745525,28.6696901471399
"2",0.329363014515636,28.2104063766702
"3",0.340563292812846,28.3012403020205
"4",0.320939852659283,27.9330340118377
"5",0.300827072419824,27.5650822369972
"6",0.246161660761105,27.1402378769645
"7",0.307425927934115,27.8605878583867
"8",0.333773931816841,28.2511629282964
"9",0,25.593480217718
