"","obs","bmi"
"1",0.360891914213073,28.6995691933193
"2",0.330470075572162,28.2431873500252
"3",0.323764848191636,28.2580556729739
"4",0.281759393786701,27.8167754573211
"5",0.245435137985952,27.3757357800332
"6",0.242868709446896,27.0622964158534
"7",0.305360735343963,27.8924279070416
"8",0.333430648050667,28.3129340302671
"9",0,25.5780279244226
