"","obs","bmi"
"1",0.355257409694336,28.672142887101
"2",0.324124312219428,28.2061637932865
"3",0.339454074621083,28.4308691641224
"4",0.321033395131807,28.1896798441606
"5",0.302865440780986,27.9485780092011
"6",0.248261394468796,27.1545974830465
"7",0.309657404117697,27.8803296361508
"8",0.33927484704633,28.3194787550936
"9",0,25.5884636361708
