"","obs","bmi"
"1",0.362734597909029,28.7352474397376
"2",0.333060402787382,28.2764798229448
"3",0.341642638973074,28.4178121718246
"4",0.313842780464308,28.1004862419321
"5",0.28673110034343,27.7832715155907
"6",0.250223340105825,27.1171053269053
"7",0.308655176625753,27.8913994384071
"8",0.34229287967629,28.3631296898388
"9",0,25.6177084676916
