"","obs","bmi"
"1",0.35923735133715,28.6936759521947
"2",0.329599607285473,28.2350896603544
"3",0.335372062958155,28.3788919209733
"4",0.309979214434067,28.0643758523797
"5",0.285430529761608,27.7501411064313
"6",0.249583189968498,27.1249108314864
"7",0.309865503412326,27.8903636720264
"8",0.331748592138382,28.2760797813519
"9",0,25.585544161047
