"","obs","bmi"
"1",0.360505298879592,28.7449787522539
"2",0.329767120398062,28.2862770677373
"3",0.33182766122681,28.3568737977746
"4",0.30262764753717,27.9689445531939
"5",0.271055679936793,27.581195474536
"6",0.239667880831572,27.0570006668221
"7",0.308211402560997,27.9133598653396
"8",0.337959508882815,28.3149264707676
"9",0,25.6013103233047
