"","obs","bmi"
"1",0.358087485538627,28.6708346937002
"2",0.32934077410316,28.21690825574
"3",0.338395430031349,28.3595813416929
"4",0.318505201996258,28.0485608732693
"5",0.29616829482199,27.7377837715501
"6",0.237737302735699,27.0270494935207
"7",0.306082346743211,27.8867984138696
"8",0.340053997376779,28.3592316028958
"9",0,25.5548121122704
