"","obs","bmi"
"1",0.358078799109263,28.6673150606018
"2",0.328596894223467,28.2038626277433
"3",0.331639822872524,28.282073960388
"4",0.303760134105228,27.8971691336951
"5",0.279670158327986,27.5126188973964
"6",0.249216742205987,27.0983226949512
"7",0.311352120794118,27.9499538579574
"8",0.335540422169714,28.3036715513618
"9",0,25.5284510228404
