"","obs","bmi"
"1",0.358598112080405,28.6806163325238
"2",0.328393671139585,28.2175589278778
"3",0.337570402574596,28.3447820534148
"4",0.314608981730632,28.0091630768047
"5",0.29082668424552,27.6737669811386
"6",0.245514049286284,27.0897928311518
"7",0.311580192761468,27.9388691988412
"8",0.334729761129021,28.3113109421992
"9",0,25.5523818927147
