"","obs","bmi"
"1",0.365413478198595,28.7114699305512
"2",0.335701103435313,28.2529913069328
"3",0.351205828603713,28.49677313501
"4",0.334718705930228,28.2821303954477
"5",0.318446020979759,28.0675423135833
"6",0.247488823922291,27.043946211253
"7",0.310949109374713,27.9492687495183
"8",0.335775318247038,28.2797090971008
"9",0,25.5947306345948
