"","obs","bmi"
"1",0.361422942075476,28.7634589831131
"2",0.332508146426034,28.3068883845429
"3",0.339103204161312,28.4781979579829
"4",0.315858096113475,28.193071601389
"5",0.294110660962645,27.9080837683579
"6",0.241359770230292,27.0488760005882
"7",0.310449335272575,27.9090241738067
"8",0.339033616437874,28.2802196916978
"9",0,25.6484967686416
