"","obs","bmi"
"1",0.36025873344969,28.6923089719696
"2",0.33201091941953,28.2268015930874
"3",0.330854637483574,28.3250475900242
"4",0.297932637025334,27.9580309802459
"5",0.266342464079977,27.5912696450512
"6",0.242225093370059,27.029129374325
"7",0.30970312284568,27.9640093178607
"8",0.333574075088632,28.2748274754428
"9",0,25.5627123445116
