"","obs","bmi"
"1",0.361919147638437,28.7313795358888
"2",0.331396467782344,28.2708431624824
"3",0.353755745138957,28.4988158839962
"4",0.342493593792327,28.2663633780205
"5",0.333450964512277,28.0340266857405
"6",0.24113615034649,27.0258610029106
"7",0.31330155275842,27.9285055008419
"8",0.3313815569188,28.2575628603669
"9",0,25.6134931541665
