"","obs","bmi"
"1",0.366279367247574,28.7398385924815
"2",0.334323594031101,28.2814600661919
"3",0.338021796998654,28.4407145343042
"4",0.309606082580511,28.1416605398766
"5",0.280548258172234,27.8426772313403
"6",0.245022507343958,27.1218036049211
"7",0.308513868023849,27.9378126394056
"8",0.335391631422045,28.2418499470389
"9",0,25.5338849932098
