"","obs","bmi"
"1",0.358781981380252,28.7146260797334
"2",0.331192018429608,28.2608874569473
"3",0.335169699583135,28.4307941950651
"4",0.308270373103211,28.1471429421484
"5",0.281177969863392,27.8636785149017
"6",0.246361539577031,27.07914502428
"7",0.308268787015833,27.8833884464882
"8",0.329221088461598,28.2163448732014
"9",0,25.6560096907881
