"","obs","bmi"
"1",0.361384895101221,28.6859790614317
"2",0.331290273667122,28.2368432953008
"3",0.340753343855168,28.3934908230093
"4",0.319421864236117,28.1012470256595
"5",0.297985296023754,27.8092600658855
"6",0.245512274715488,27.0521330877027
"7",0.306492456372744,27.9149949481445
"8",0.338943129910841,28.3337661540214
"9",0,25.5749590174227
