"","obs","bmi"
"1",0.361298444196442,28.7345513555985
"2",0.333299062796613,28.2763551833155
"3",0.332486714678092,28.2970677284452
"4",0.300100160204103,27.8598458484858
"5",0.26749279355298,27.4228967528319
"6",0.248268193197352,27.0720872522945
"7",0.308050052142,27.9177858892808
"8",0.336992544937659,28.3291558429285
"9",0,25.5740345918913
