"","obs","bmi"
"1",0.358154953109851,28.733206243166
"2",0.328504803080301,28.2730293339032
"3",0.343918604948572,28.4659956160564
"4",0.332215071379803,28.1990166561568
"5",0.319197291041666,27.9322806931973
"6",0.244541732048283,27.0571212956478
"7",0.306150706451863,27.8975565496493
"8",0.338672859654504,28.3258501691177
"9",0,25.6499262862552
