"","obs","bmi"
"1",0.363572047939135,28.7837527756592
"2",0.33344096660955,28.3190360319826
"3",0.341864403516137,28.4056697036113
"4",0.321336571783165,28.0279326406139
"5",0.298391511298171,27.6505598928708
"6",0.248378223985609,27.0813564196738
"7",0.304123879882509,27.8569354092268
"8",0.337840527201767,28.3320100687063
"9",0,25.6337048323998
