"","obs","bmi"
"1",0.359374831568177,28.6484049582656
"2",0.329603968105185,28.1859088065838
"3",0.3381358393233,28.3491699239604
"4",0.312598605246544,28.050123135521
"5",0.2880164286102,27.7512717842285
"6",0.242423982577324,27.0236425518775
"7",0.309976852494136,27.9198975039249
"8",0.332026644224836,28.3092803303256
"9",0,25.5843630297872
