"","obs","bmi"
"1",0.36097136930129,28.7318023831321
"2",0.330547816739066,28.2685089080242
"3",0.337358667403237,28.49402509867
"4",0.315706445921172,28.2562888521642
"5",0.294758281029592,28.0185936413609
"6",0.244986661981319,27.0851743924903
"7",0.308879295701273,27.9373025715992
"8",0.338304432842301,28.2926105031695
"9",0,25.5995463542778
