"","obs","bmi"
"1",0.358731197270625,28.7024071151453
"2",0.328923358918421,28.2451095401356
"3",0.340019693481613,28.3495324277205
"4",0.318885622035161,27.9968273688456
"5",0.296749772582281,27.6442993515641
"6",0.23854954970473,27.0182975699751
"7",0.309622541841339,27.9294598396561
"8",0.336188631877449,28.2506209900999
"9",0,25.6088594095349
