"","obs","bmi"
"1",0.365275130285364,28.7665140336491
"2",0.337142429794907,28.3112245184509
"3",0.344671112203825,28.4379600432392
"4",0.320333781846391,28.1097107228277
"5",0.297431355175611,27.781782567933
"6",0.246838875743993,27.0647805798859
"7",0.315732103602877,27.9465503976529
"8",0.33392401137683,28.2860178339535
"9",0,25.5804223106584
