"","obs","bmi"
"1",0.363741301875722,28.7607738072653
"2",0.332932479851458,28.2913410708894
"3",0.334050539762385,28.3785960079104
"4",0.306695601446194,27.9966863694122
"5",0.275356682095657,27.6150576222592
"6",0.240280834048541,27.0747181297557
"7",0.310705035772973,27.9370996737276
"8",0.339286200184994,28.3283263645845
"9",0,25.6126057590351
