"","obs","bmi"
"1",0.367765489362415,28.7769562079243
"2",0.335814961642103,28.3196640384488
"3",0.349964104281422,28.5219567019022
"4",0.331108886571972,28.2671461673856
"5",0.31005152567575,28.0125321007896
"6",0.243281048667332,27.0802806748606
"7",0.308741474022108,27.8940290243926
"8",0.332478716536831,28.2601634577097
"9",0,25.5958141388929
