"","obs","bmi"
"1",0.361056859815137,28.7183858449367
"2",0.328224183595889,28.26048002789
"3",0.344626377405615,28.5226127445227
"4",0.324970911845439,28.3269660188538
"5",0.304658687067972,28.1314502581195
"6",0.249471953865373,27.1174364422633
"7",0.305195861704543,27.8904237041783
"8",0.342594047341149,28.3501827601388
"9",0,25.6094154192238
