"","obs","bmi"
"1",0.355532479170856,28.6448988641954
"2",0.325869970262919,28.1753140420453
"3",0.343462496228638,28.4039945446364
"4",0.333742793058133,28.1633018891412
"5",0.320985285678593,27.9228298016729
"6",0.243850446179798,27.0531929767139
"7",0.310755498434438,27.9418351517852
"8",0.340053770414606,28.4060954113107
"9",0,25.5365414687665
