"","obs","bmi"
"1",0.364341095411782,28.7558859873459
"2",0.334480508565926,28.2943674399137
"3",0.347108608246022,28.4540240266272
"4",0.327415906240504,28.1523377610591
"5",0.310564845971926,27.8508333947744
"6",0.243892199709547,27.0613389434514
"7",0.310534152464027,27.8984149260551
"8",0.330747030678082,28.2320708220561
"9",0,25.5723540885896
