"","obs","bmi"
"1",0.362930518906887,28.7787562916139
"2",0.336005291719205,28.3225672476292
"3",0.342524977502689,28.4452489332387
"4",0.319376277647202,28.1119830318132
"5",0.296281011016285,27.7789692094071
"6",0.24322723302906,27.037064674194
"7",0.308079819109277,27.9262630693186
"8",0.329462531844421,28.2559537342628
"9",0,25.6111279099307
