"","obs","bmi"
"1",0.364828710763428,28.7802586635854
"2",0.33632145533988,28.3294503420822
"3",0.34221845274333,28.4764105920239
"4",0.313804792975845,28.1727325523212
"5",0.288718509513337,27.8692295451913
"6",0.248959735134241,27.07972164708
"7",0.311544726881763,27.8823757064874
"8",0.328493762673454,28.2211888460625
"9",0,25.625156193147
