"","obs","bmi"
"1",0.363140548007822,28.7065949307062
"2",0.33379282736087,28.2474065651761
"3",0.33370761402244,28.3161672156227
"4",0.296727557426826,27.9260238249882
"5",0.264602836168723,27.5361772487159
"6",0.241629829486615,27.0198167135725
"7",0.304309318120226,27.8396745944346
"8",0.334299455740477,28.2861440926439
"9",0,25.585712338819
