"","obs","bmi"
"1",0.357924734435485,28.6582700211795
"2",0.325920547819835,28.1963341807751
"3",0.32981687360029,28.3140585382341
"4",0.299366893766294,27.970091437281
"5",0.271558343025588,27.6263795884309
"6",0.243450534818091,27.0265493373342
"7",0.308707117283975,27.8954890356992
"8",0.336617496779378,28.3362456827233
"9",0,25.5608998033856
