"","obs","bmi"
"1",0.362142771529847,28.7036601624172
"2",0.329996865685799,28.2438127806241
"3",0.345396900362004,28.3532014446381
"4",0.325343470541442,28.0030516314575
"5",0.307526719763284,27.6532267222342
"6",0.247336264851999,27.1205542628979
"7",0.309133934021042,27.9366323851866
"8",0.337476197395997,28.3338653433514
"9",0,25.5794149596511
