"","obs","bmi"
"1",0.365124378794293,28.7939726138843
"2",0.33705089186131,28.3415050793594
"3",0.335617592822096,28.4534101496546
"4",0.301375492483397,28.112978501664
"5",0.271299952210348,27.7726805805248
"6",0.242806956142167,27.057629953322
"7",0.307653111556091,27.9060295974457
"8",0.330106443765002,28.275661736624
"9",0,25.6326736674694
