"","obs","bmi"
"1",0.368126357103077,28.8030002733535
"2",0.338412892144974,28.3471703029347
"3",0.343515187290277,28.4599265741725
"4",0.317614090819146,28.1170441642326
"5",0.29355962230017,27.7743595475909
"6",0.241591545905211,27.0615939915254
"7",0.306328015949424,27.971192834052
"8",0.338527495707008,28.3397748481719
"9",0,25.582675063002
