"","obs","bmi"
"1",0.358487971306716,28.6807743804036
"2",0.329017016581797,28.210218179877
"3",0.346528179508591,28.3707224621973
"4",0.333381571261661,28.0609633821993
"5",0.320479678227967,27.7515119805293
"6",0.242609806618414,27.0443621483911
"7",0.30878283719096,27.8836927254308
"8",0.329651673653095,28.2218040895022
"9",0,25.6055766067023
