"","obs","bmi"
"1",0.357922206150483,28.6162643288268
"2",0.3268425923744,28.1590453860057
"3",0.335789887379049,28.2331758547162
"4",0.313242562453082,27.8503358830882
"5",0.291833364595287,27.4677554840168
"6",0.245713914273606,27.0868879660294
"7",0.300430511483487,27.8298218626846
"8",0.329021513984311,28.2468502768739
"9",0,25.5206390964237
