"","obs","bmi"
"1",0.36241367854252,28.6933661753492
"2",0.335744919352003,28.2301951117551
"3",0.348805004616944,28.4186508489826
"4",0.335446084310954,28.144134591062
"5",0.322642283213696,27.869824988441
"6",0.243330450046129,27.0738510964969
"7",0.308787411154664,27.9243188799072
"8",0.339244678120228,28.3135418220738
"9",0,25.5791193166035
