"","obs","bmi"
"1",0.358211648068918,28.6842185338414
"2",0.330308431760219,28.2230494652777
"3",0.332333539509461,28.2603481946358
"4",0.302889763819102,27.8367997593549
"5",0.273280348593347,27.4135892196781
"6",0.246643391848753,27.1019781395137
"7",0.303449269096379,27.8357371637783
"8",0.342922535134183,28.3628256029338
"9",0,25.5784165466498
