"","obs","bmi"
"1",0.358517468873694,28.6955943633311
"2",0.32836181605805,28.2383914751311
"3",0.337300041113668,28.3802106084458
"4",0.312256189709185,28.0649903102991
"5",0.287333152206598,27.7499382533803
"6",0.243978512359307,27.0979040395734
"7",0.310739597788409,27.9765726444238
"8",0.332286998715575,28.3083793056805
"9",0,25.6288434981246
