"","obs","bmi"
"1",0.354296025137254,28.6749440337766
"2",0.325253539787645,28.2171757250147
"3",0.343867007494028,28.3886392267503
"4",0.331423450140842,28.1026818539266
"5",0.317089378353198,27.8170926340111
"6",0.243155474371775,27.0890625027894
"7",0.307359958033266,27.859555123025
"8",0.326808811524847,28.2015029446863
"9",0,25.6100760821951
