"","obs","bmi"
"1",0.359670591936909,28.7074250297107
"2",0.329704430226926,28.2514459815346
"3",0.342170567863744,28.4049272833556
"4",0.322580066682722,28.1026399129702
"5",0.303459160764316,27.8005721174336
"6",0.246170861127605,27.0744446858064
"7",0.307858257871851,27.8992646209071
"8",0.341260149460623,28.3672028538118
"9",0,25.6196062969171
