"","obs","bmi"
"1",0.361432574985042,28.698598312302
"2",0.333052116444717,28.2427149441363
"3",0.337332211688863,28.3195078798589
"4",0.311241872805729,27.940665867542
"5",0.284372559101072,27.5620827375899
"6",0.244307045839957,27.0813756338031
"7",0.304826339321601,27.8308896331343
"8",0.332453585497829,28.2477326205251
"9",0,25.5966474409579
