"","obs","bmi"
"1",0.364089209722805,28.7436447100163
"2",0.337665169856614,28.2966389740388
"3",0.356522888062377,28.5342944525252
"4",0.347914140509719,28.3250759135131
"5",0.338923410336909,28.115993748424
"6",0.245948409098258,27.1281239828235
"7",0.310568619819587,27.9304882689367
"8",0.332131594840479,28.2671132916894
"9",0,25.5802735049047
