"","obs","bmi"
"1",0.358448817710985,28.6512438453114
"2",0.3292419747222,28.1986918149805
"3",0.335818090983174,28.3287457372419
"4",0.311986736292666,28.0063975859466
"5",0.288508115093042,27.6842067829516
"6",0.248407217840681,27.1067944378364
"7",0.304101840291098,27.8354211805228
"8",0.330322502067478,28.22097626451
"9",0,25.5994335637014
