"","obs","bmi"
"1",0.358650964294548,28.6739597687264
"2",0.325597268106394,28.2138840138696
"3",0.334572425345478,28.3557450888094
"4",0.311736707333815,28.0376256146739
"5",0.290427087034502,27.7196033587393
"6",0.244234319763512,27.0923579195156
"7",0.305215192101476,27.9008681742968
"8",0.338093185650898,28.3160353972338
"9",0,25.5912616274031
