"","obs","bmi"
"1",0.361105324378921,28.6995971208449
"2",0.330213355045939,28.241267496109
"3",0.347445987341155,28.3894508132935
"4",0.331187340976658,28.0795777463931
"5",0.317841730904501,27.7699912804189
"6",0.239862093965456,27.0278332091551
"7",0.310596616243094,27.9178687997794
"8",0.335383683662414,28.2507596440364
"9",0,25.5913414579805
