"","obs","bmi"
"1",0.358640224806806,28.6821511553878
"2",0.330218500928791,28.22626150064
"3",0.3438359747006,28.3762693198863
"4",0.326414629644138,28.0708143452654
"5",0.307415301943103,27.7658163587709
"6",0.250216222203062,27.0976828516432
"7",0.307459573253741,27.8917977352275
"8",0.335191753135914,28.2832955002207
"9",0,25.600968448355
