"","obs","bmi"
"1",0.361303512754592,28.7499958770715
"2",0.332185164472964,28.2929477539747
"3",0.342265131564236,28.3668477542221
"4",0.322952597549172,27.9839796451341
"5",0.300860512086823,27.6014038598018
"6",0.237433751671762,27.0385099264196
"7",0.304623989749461,27.8891577045161
"8",0.339910520584637,28.3088636280591
"9",0,25.615997848696
