"","obs","bmi"
"1",0.359122502691827,28.7060930159645
"2",0.325205738315257,28.2508738397443
"3",0.339797456399639,28.3893523001081
"4",0.319663391787688,28.0728507686704
"5",0.30216094349934,27.7565990574346
"6",0.245629615577111,27.0228461437395
"7",0.314288825683915,27.902839643853
"8",0.335511705430609,28.2571794761002
"9",0,25.626189035496
