"","obs","bmi"
"1",0.360239109301787,28.6729036899194
"2",0.332320422208472,28.2181620548281
"3",0.336027927405245,28.2988488768989
"4",0.306598565061291,27.9250202691884
"5",0.276736904249353,27.5514260217929
"6",0.240658653210231,27.079347240382
"7",0.308419380899229,27.8839639369455
"8",0.33497446350768,28.2829554015003
"9",0,25.5448524896797
