"","obs","bmi"
"1",0.364266441221911,28.7540848534978
"2",0.337116217440264,28.2877509651135
"3",0.352293386109498,28.4818958265315
"4",0.337942237900859,28.2098462604905
"5",0.321296727014063,27.9379421336095
"6",0.244809733987919,27.0266310445929
"7",0.309543341511045,27.9142587059385
"8",0.33683459478904,28.3056083284244
"9",0,25.5941590326383
