"","obs","bmi"
"1",0.362415852368438,28.68202302126
"2",0.330559650718322,28.2200891743884
"3",0.341259400692103,28.3575634274853
"4",0.319941500945305,28.0334438772802
"5",0.295198384618839,27.7096839094059
"6",0.247285042749992,27.0977650489544
"7",0.312927984750814,27.9443464295698
"8",0.342250163571947,28.3432076566891
"9",0,25.5534801645444
