"","obs","bmi"
"1",0.359535391233933,28.6811026956079
"2",0.331132002864842,28.2311631579859
"3",0.346422972148859,28.3960275002245
"4",0.331454211594914,28.111181656197
"5",0.314222192627969,27.8265752233155
"6",0.241907809516084,27.0394571198377
"7",0.305984876246322,27.8628221800563
"8",0.328031409548355,28.2122559839405
"9",0,25.5958505718218
