"","obs","bmi"
"1",0.362639041466675,28.7132073495568
"2",0.332066532966957,28.2591089459837
"3",0.335305646881425,28.3335304527849
"4",0.307757741063443,27.954021115374
"5",0.279366037370899,27.5746842106141
"6",0.242945377240859,27.0910301060093
"7",0.307149368533061,27.9296216068506
"8",0.333536934736205,28.2623011238422
"9",0,25.5891268663178
