"","obs","bmi"
"1",0.359084110679836,28.6773702880513
"2",0.329599775581749,28.2165717718207
"3",0.341971092892312,28.391670797068
"4",0.325189722011979,28.106197252542
"5",0.310052172922231,27.8209590461735
"6",0.2415568215475,27.0409801824346
"7",0.306473524522616,27.8944107249288
"8",0.339287460535946,28.3062126291529
"9",0,25.5742371677645
