"","obs","bmi"
"1",0.362074127685207,28.7537431289819
"2",0.330388865313282,28.2853790219661
"3",0.342906581202793,28.49267872483
"4",0.322086104199568,28.2318550517334
"5",0.300099793388095,27.9712840775319
"6",0.245499972082087,27.0672699582004
"7",0.304352428920532,27.8665410402359
"8",0.337545526806642,28.3199526476501
"9",0,25.6163082656427
