"","obs","bmi"
"1",0.362740371968912,28.7361284116182
"2",0.331902739054472,28.2797362218388
"3",0.351899679120511,28.4953991562735
"4",0.340098535862293,28.254802964275
"5",0.329387990798952,28.0143443742826
"6",0.244348302755945,27.0927652121948
"7",0.306164996007533,27.8785819054944
"8",0.332378471888749,28.2309334660227
"9",0,25.5855016677827
