"","obs","bmi"
"1",0.361907725870955,28.7322336682117
"2",0.335068568508819,28.2870686108996
"3",0.342504038927895,28.4314336110171
"4",0.321705897664423,28.1307488861179
"5",0.297910580962487,27.8301821913612
"6",0.24646441012573,27.1119427425785
"7",0.302956564185228,27.8527070802698
"8",0.333779564655255,28.2767577060324
"9",0,25.5464500964252
