"","obs","bmi"
"1",0.360141107882091,28.7111268487385
"2",0.330102828636528,28.2529521217543
"3",0.351138257019725,28.4976686913932
"4",0.339968578424649,28.2842737555607
"5",0.329810206256429,28.0709435847398
"6",0.242797858114664,27.071145209569
"7",0.304894294674353,27.8421476211041
"8",0.337914435947515,28.3243999369695
"9",0,25.5955824129982
