"","obs","bmi"
"1",0.360963434174463,28.7014125681892
"2",0.330614094243776,28.2382806503976
"3",0.34322170227273,28.4351007244099
"4",0.324666139825097,28.1690735094946
"5",0.307699951390146,27.9033474989103
"6",0.243696374649747,27.0518846085822
"7",0.308557166467431,27.9025857403327
"8",0.329566867913109,28.2305169047198
"9",0,25.5688534604145
