"","obs","bmi"
"1",0.35564065007053,28.7318450269813
"2",0.326940120894141,28.2681712369413
"3",0.336369703187541,28.399537678584
"4",0.316683734144429,28.0674483131576
"5",0.294983053459924,27.7355855179829
"6",0.248537825613987,27.1157723666469
"7",0.305702379442664,27.8683475435555
"8",0.331085058529246,28.210319885412
"9",0,25.6628052589134
