"","obs","bmi"
"1",0.357394384523452,28.6269998087286
"2",0.326511267092375,28.1701004964063
"3",0.332564149326346,28.3308417749255
"4",0.309250348222383,28.0348393555521
"5",0.283924377394696,27.7389974312714
"6",0.250226601503301,27.170128243989
"7",0.31694951171276,27.999172218802
"8",0.33336067761377,28.2757158123574
"9",0,25.5539832853373
