"","obs","bmi"
"1",0.360294872708605,28.7385296583475
"2",0.332443983228524,28.2806984332936
"3",0.351409933409805,28.4408917173984
"4",0.344822233323634,28.1435056873656
"5",0.333927556408671,27.8463831340266
"6",0.245123666598932,27.069627008184
"7",0.308007718653852,27.9138670994188
"8",0.338175994898496,28.3258729698706
"9",0,25.6314509206132
