"","obs","bmi"
"1",0.365106581168543,28.7666193537139
"2",0.335706964548951,28.3046441492911
"3",0.350448650977701,28.4330614559531
"4",0.333250945535002,28.0997715894503
"5",0.31700943346573,27.7667624516993
"6",0.247388490262682,27.067137486057
"7",0.308065729168811,27.9388668148081
"8",0.334841608311025,28.3241143425934
"9",0,25.617204281513
