"","obs","bmi"
"1",0.35848002662006,28.7064220453512
"2",0.328364347191369,28.2413130617513
"3",0.336813331105696,28.4196112531249
"4",0.315180824708292,28.1329032870905
"5",0.290676761275772,27.8462999533752
"6",0.244352451295815,27.0217539047842
"7",0.313903090027223,27.9638691934934
"8",0.342076978263254,28.364174029918
"9",0,25.6348914361755
