"","obs","bmi"
"1",0.361136250601642,28.6975854077249
"2",0.331318652168266,28.2380531259276
"3",0.337536579864295,28.3096474599231
"4",0.311035369955464,27.9222436787783
"5",0.282626402476024,27.5354157626683
"6",0.242698358556212,27.064144027301
"7",0.306384061647651,27.920344606871
"8",0.336520608262516,28.2739198407956
"9",0,25.6146869716203
