"","obs","bmi"
"1",0.35578254499901,28.6507668304244
"2",0.327380258275428,28.1898172433921
"3",0.348228394375433,28.4409733689007
"4",0.342941192778123,28.2312886654788
"5",0.335563565868161,28.021715669259
"6",0.243172216181152,27.0390775341968
"7",0.299653122029883,27.8312668085533
"8",0.332130923006554,28.252738996369
"9",0,25.564235000308
