"","obs","bmi"
"1",0.356081257489906,28.6832743635829
"2",0.323753862713319,28.2229472482149
"3",0.330610146599284,28.4079354753022
"4",0.306928815564061,28.1326727420236
"5",0.284420595889498,27.8574878928604
"6",0.249806418772846,27.1092460665426
"7",0.31066019592663,27.9440378107203
"8",0.330186495445311,28.2661077826416
"9",0,25.6152344855509
