"","obs","bmi"
"1",0.360150108868927,28.7386213182768
"2",0.329973161246162,28.2845562121531
"3",0.341650656150533,28.3911890369011
"4",0.322200176795948,28.0439628065451
"5",0.303878342082212,27.6969502729711
"6",0.243079706339427,27.0608502605375
"7",0.307825428428127,27.8859424112983
"8",0.337993826416042,28.3166018063193
"9",0,25.6278149782512
