"","obs","bmi"
"1",0.359149054142274,28.723747498274
"2",0.328237646015194,28.2644697093067
"3",0.335667707896396,28.35500882154
"4",0.307725054117328,27.9864638593467
"5",0.28078546351216,27.6181198261458
"6",0.244664389073774,27.0594638470208
"7",0.310923938779726,27.9084398031114
"8",0.345875767241063,28.3989373907466
"9",0,25.6559351932463
