"","obs","bmi"
"1",0.36069785383349,28.6899558316418
"2",0.329586298456833,28.233105840915
"3",0.346713894377561,28.4267236378382
"4",0.331239009090664,28.16365582762
"5",0.315897899262733,27.9007605208697
"6",0.237785818000738,27.0209872915458
"7",0.305095197202156,27.8625698780428
"8",0.33036332512719,28.2884940590215
"9",0,25.5569788988192
