"","obs","bmi"
"1",0.356532530493452,28.6725392269803
"2",0.326074977141631,28.2166530221495
"3",0.329923638402336,28.3647448917055
"4",0.301632634029226,28.057028286001
"5",0.272820678098655,27.7493886696205
"6",0.243249815652783,27.0389398725929
"7",0.306857032692703,27.9355869231296
"8",0.332467855082762,28.2766747336651
"9",0,25.6073166594712
