"","obs","bmi"
"1",0.358251933269699,28.7241410934671
"2",0.32882752629744,28.2683222389823
"3",0.339106953046685,28.3687900959025
"4",0.321611174173799,28.0137236799874
"5",0.303524328619618,27.6589570242761
"6",0.244476601662605,27.0953610615961
"7",0.30580309030104,27.8644786455054
"8",0.330236283694383,28.2010115082221
"9",0,25.5655978182244
