"","obs","bmi"
"1",0.360784046524164,28.7207916974583
"2",0.331242167297554,28.2640427720458
"3",0.340291687610334,28.4616008605258
"4",0.31930545894228,28.202458135613
"5",0.300825307054019,27.9433636826951
"6",0.244857014670602,27.0512253050124
"7",0.309719460142635,27.9412481937281
"8",0.337068457857996,28.2756900499902
"9",0,25.5863271251362
