"","obs","bmi"
"1",0.353655002508611,28.6243646790132
"2",0.323472041031084,28.1689862932432
"3",0.352413673816795,28.4633939182979
"4",0.350541687410698,28.3025507210668
"5",0.34929250316558,28.1418397392723
"6",0.246563654430214,27.0963721071243
"7",0.303706911965763,27.9209835580832
"8",0.333013387695125,28.2567659591495
"9",0,25.6235072277188
