"","obs","bmi"
"1",0.363161020675041,28.7554932237018
"2",0.333128398844808,28.2883505169226
"3",0.338186506255605,28.4067446333697
"4",0.315609266847973,28.0581781263136
"5",0.290661737905831,27.7097997197789
"6",0.251285901047049,27.1572330925516
"7",0.303961091926686,27.8769332505929
"8",0.330623632571292,28.2550920419596
"9",0,25.6221266613166
