"","obs","bmi"
"1",0.360551998934008,28.7033073367452
"2",0.331574729245171,28.2417258612344
"3",0.335108628038194,28.3817185216223
"4",0.304749652305461,28.0603041937991
"5",0.27369484411084,27.7390700564261
"6",0.243824980318716,27.0569229925159
"7",0.309387834362333,27.8832458578931
"8",0.332410427249597,28.2801321697899
"9",0,25.6199969797437
