"","obs","bmi"
"1",0.359208060787887,28.6970636656204
"2",0.329937209152501,28.2405769444972
"3",0.335297456476507,28.3607822858108
"4",0.313658368251713,28.0247806952556
"5",0.285911017925535,27.6890733935668
"6",0.247560569137599,27.0269311565851
"7",0.306827876783299,27.937377560099
"8",0.336895484619856,28.3077427186894
"9",0,25.6060976136847
