"","obs","bmi"
"1",0.360757034845983,28.7012573492562
"2",0.329870901080274,28.2330170709667
"3",0.343905033846477,28.4066937295225
"4",0.32452791307859,28.1123214145014
"5",0.308628340871739,27.8181482596083
"6",0.245161030185791,27.0901059437486
"7",0.307940305294276,27.921691418395
"8",0.330762625948998,28.2679780958653
"9",0,25.5665163329729
