"","obs","bmi"
"1",0.366329239329292,28.743753073143
"2",0.338564249209241,28.2865924708697
"3",0.355532325068807,28.500361223637
"4",0.343908916690592,28.2570975177523
"5",0.330986076633032,28.0139660874462
"6",0.243823536963719,27.083925194742
"7",0.305685526849215,27.8937405276704
"8",0.332004841843213,28.2123600704956
"9",0,25.5707710892998
