"","obs","bmi"
"1",0.357996382327871,28.637539125933
"2",0.327182479101493,28.1799907401201
"3",0.341014152009194,28.2540190401905
"4",0.323729970999504,27.8709449059216
"5",0.306246617439448,27.4883452701946
"6",0.239877087061977,27.0404903442681
"7",0.306715416940432,27.8897314625067
"8",0.338816377424428,28.2935758103328
"9",0,25.5461640262811
