"","obs","bmi"
"1",0.358694404634212,28.7045385234194
"2",0.328977299793815,28.2468032075688
"3",0.33210987604246,28.4333798538676
"4",0.304090609352535,28.1623047812005
"5",0.27495862222872,27.8913136569784
"6",0.249451533035524,27.109099766027
"7",0.310526111535603,27.9305964900753
"8",0.338646652987444,28.304607867788
"9",0,25.6035528963069
