"","obs","bmi"
"1",0.364814673652817,28.7109883918701
"2",0.333894277982255,28.250616787896
"3",0.343260454960299,28.4080209472386
"4",0.321963533805925,28.1052695457063
"5",0.301603606386705,27.8027430088199
"6",0.244535853116165,27.0817052370665
"7",0.310204987925295,27.8563205577108
"8",0.337233029002503,28.282353122373
"9",0,25.5918489296131
