"","obs","bmi"
"1",0.358658869083518,28.6486151392303
"2",0.330432818164009,28.1968821041715
"3",0.34735527872654,28.342676852634
"4",0.335318932992282,28.0369991921383
"5",0.322664144079582,27.7315976037751
"6",0.24961596435783,27.1125780519422
"7",0.311673756425288,27.9373746886059
"8",0.332919987677693,28.2832503360973
"9",0,25.5813069791777
