"","obs","bmi"
"1",0.363438977537941,28.7415758554271
"2",0.335111570554112,28.2831664782215
"3",0.33925690375347,28.4270219978319
"4",0.309682980622536,28.1128266749067
"5",0.283868409912225,27.7990131566005
"6",0.245301512009593,27.0836963441205
"7",0.308665539537096,27.9416122330903
"8",0.333936876110265,28.2643945163257
"9",0,25.5664022960424
