"","obs","bmi"
"1",0.35650029878492,28.6951483583507
"2",0.324347018358359,28.2341351526079
"3",0.34041103811989,28.3692821723664
"4",0.324320286615576,28.0436696845145
"5",0.308276112028149,27.7183230030208
"6",0.245960537810872,27.0696000895903
"7",0.307949468962572,27.8652963066993
"8",0.332524433138937,28.2871863100689
"9",0,25.6337294290074
