"","obs","bmi"
"1",0.363541948785918,28.7325363429353
"2",0.332026922807251,28.2707121865065
"3",0.334563926081635,28.3161911007968
"4",0.307587907661213,27.9003084067618
"5",0.28004729543398,27.4849194038112
"6",0.240206689636235,27.0130925631544
"7",0.305811441422166,27.8822831884354
"8",0.336278903811514,28.3191917425853
"9",0,25.5827293585423
