"","obs","bmi"
"1",0.364078853923872,28.7065733079531
"2",0.333203422195115,28.239423143451
"3",0.347906799852553,28.4532410162745
"4",0.329666085107648,28.1999786235882
"5",0.31357723885666,27.9467874676862
"6",0.245417448683032,27.074191973998
"7",0.309921421578037,27.9137366223361
"8",0.334549189030493,28.2812722883759
"9",0,25.5261338392531
