"","obs","bmi"
"1",0.365538959055546,28.7390786502482
"2",0.335187708036176,28.2800180007359
"3",0.337369763488083,28.3559725809199
"4",0.301066685446207,27.9730181014536
"5",0.27031862865237,27.5902173859133
"6",0.242799774904634,27.0352848199945
"7",0.305056559062138,27.8908848802204
"8",0.335275735468964,28.2895499565609
"9",0,25.6329976229408
