"","obs","bmi"
"1",0.353571938562377,28.6375772109707
"2",0.323189048027544,28.1763412008508
"3",0.338100092108166,28.3575952512051
"4",0.323896826483986,28.0777571532849
"5",0.310573398451982,27.7980668821381
"6",0.241548775934947,27.0472937031229
"7",0.306971003614169,27.887423545523
"8",0.33567244959036,28.3149969274756
"9",0,25.5745578151458
