"","obs","bmi"
"1",0.356764129750427,28.6497362969424
"2",0.327281602638932,28.1965195194982
"3",0.339071554550606,28.2727973698336
"4",0.313609135120114,27.8961832557474
"5",0.294880981050983,27.5199109704947
"6",0.242605397837846,27.1006857605456
"7",0.299922430493185,27.8625934661675
"8",0.325736922166061,28.2420406614428
"9",0,25.5656158871793
