"","obs","bmi"
"1",0.359924790140238,28.6900612257033
"2",0.328912442550261,28.230118258439
"3",0.341157150064814,28.3542566449525
"4",0.322036061134248,28.0188338944203
"5",0.304421008592452,27.6838174259624
"6",0.241430312777699,27.0470793120789
"7",0.304963179673961,27.8531512404246
"8",0.333396955241544,28.2853284259558
"9",0,25.6047337646743
