"","obs","bmi"
"1",0.362149476578451,28.7059536880529
"2",0.333536000628614,28.2517321635926
"3",0.339828948011935,28.3902096991181
"4",0.315486540998699,28.0745769246071
"5",0.289672528098753,27.759057701315
"6",0.250063111912444,27.149159830094
"7",0.305453417753252,27.8566350464447
"8",0.337807806629538,28.2717957543201
"9",0,25.5879913417775
