"","obs","bmi"
"1",0.360817221463473,28.7013159397998
"2",0.331283321490737,28.2386476730061
"3",0.334316252006105,28.3126236985249
"4",0.306089712411736,27.9243190170979
"5",0.277133734773756,27.5364258481982
"6",0.24346208279789,26.9964346275093
"7",0.310429007783403,27.9203969282324
"8",0.339360847214068,28.3018694246276
"9",0,25.6193891215321
