"","obs","bmi"
"1",0.358196643647907,28.7073986079419
"2",0.330472995276858,28.2470326972816
"3",0.340496853932683,28.4511955986465
"4",0.318696203596757,28.1950699952211
"5",0.298264953328537,27.9390222521287
"6",0.242039554049118,27.0719741049285
"7",0.307113578555672,27.9117630356016
"8",0.330686434557216,28.2669908744012
"9",0,25.6206508403272
