"","obs","bmi"
"1",0.356895023926981,28.6460292906963
"2",0.328971302024331,28.1879766529297
"3",0.331647939196876,28.2513956866868
"4",0.302409718327814,27.8571166434839
"5",0.276296986625662,27.463212562865
"6",0.24990593711806,27.1255829845114
"7",0.310900450931415,27.9318647085975
"8",0.33320986366106,28.2788282425885
"9",0,25.5748082643412
