"","obs","bmi"
"1",0.363035623948374,28.7542030688192
"2",0.333115186758729,28.294064386562
"3",0.342192357484714,28.4881387581757
"4",0.322284561092801,28.222187831335
"5",0.300228200459816,27.9563533814582
"6",0.244744168074053,27.0489381137653
"7",0.308148923693812,27.8673552866301
"8",0.331580224210385,28.2528676706305
"9",0,25.6079462594182
