"","obs","bmi"
"1",0.358132695925954,28.6798126194647
"2",0.328553254635972,28.2215931953488
"3",0.347809433528063,28.4552930256678
"4",0.337385295556924,28.2310496702407
"5",0.326458030757134,28.0070980026383
"6",0.241358799762083,27.0473841213498
"7",0.307282151715287,27.8999940853473
"8",0.330532451339211,28.2630956687451
"9",0,25.6044261564715
