"","obs","bmi"
"1",0.357518109954837,28.6860136128992
"2",0.328248848535154,28.2298553513223
"3",0.341786444105417,28.3934791797246
"4",0.326066772168673,28.1012843540413
"5",0.30714748561312,27.8094497657026
"6",0.244543655408116,27.0364516160909
"7",0.30927137881527,27.9362687013879
"8",0.343892184663958,28.335465515087
"9",0,25.6125110757438
