"","obs","bmi"
"1",0.359686676207616,28.6446091042149
"2",0.329649990763477,28.1901885504442
"3",0.326178341193483,28.2392238189357
"4",0.29075624518206,27.8340414720361
"5",0.258912136732886,27.4290658004047
"6",0.243584243847146,27.0789263962202
"7",0.303490084898046,27.858085298629
"8",0.335604363960796,28.2828364679645
"9",0,25.5542897179068
