"","obs","bmi"
"1",0.363139703003287,28.7169479212718
"2",0.333421370735826,28.2539821136362
"3",0.346090984130749,28.4775271357125
"4",0.328842627753244,28.2382170567049
"5",0.308516014863443,27.999020806447
"6",0.240879237933087,27.0603145986195
"7",0.304627449452024,27.8957655253153
"8",0.334397274139537,28.2682370507087
"9",0,25.5976604928227
