"","obs","bmi"
"1",0.355532479170856,28.6448988641954
"2",0.326984377136134,28.1888486836737
"3",0.337775710562257,28.3486974769756
"4",0.317765360074368,28.0526189971499
"5",0.298206032820389,27.7566668324384
"6",0.243850446179798,27.0531929767139
"7",0.310755498434438,27.9418351517852
"8",0.340053770414606,28.4060954113107
"9",0,25.5365414687665
