"","obs","bmi"
"1",0.364843709310821,28.7815239225508
"2",0.335985021575864,28.3261462503041
"3",0.343838910285872,28.4461931802321
"4",0.317693149850685,28.1111500212713
"5",0.293630687347737,27.776409129318
"6",0.244167059232028,27.0602483832725
"7",0.301924511210122,27.8689838679995
"8",0.3390021551788,28.2963040074973
"9",0,25.6413661437736
