"","obs","bmi"
"1",0.36568396217503,28.7353048485814
"2",0.336314747716581,28.2814911669848
"3",0.335561400381719,28.3438391339785
"4",0.3047906097492,27.9527771867408
"5",0.271956719726714,27.5621453013637
"6",0.245058508349917,27.0388057411162
"7",0.307033286705203,27.8869214762793
"8",0.329993315615975,28.2010367291976
"9",0,25.5515623886565
