"","obs","bmi"
"1",0.354740705273309,28.6362174120015
"2",0.327021380831393,28.1799044627543
"3",0.337307620166896,28.2785389106333
"4",0.315326155168851,27.9210926160372
"5",0.295082772244831,27.5638909190871
"6",0.238051442064822,27.0570673060875
"7",0.308203056801738,27.8922662774807
"8",0.344522521975138,28.439972276178
"9",0,25.5384648921053
