"","obs","bmi"
"1",0.365854770208212,28.7676879581087
"2",0.334303539801452,28.3072522767608
"3",0.349007519641285,28.4460773438018
"4",0.332276244926906,28.1247674252692
"5",0.318275160649224,27.8037732724761
"6",0.246732056709712,27.073013601983
"7",0.310008391176273,27.9468074413128
"8",0.330062300885352,28.215165855182
"9",0,25.6341559918145
