"","obs","bmi"
"1",0.359925038189645,28.7236714220201
"2",0.32946163461544,28.2689866127707
"3",0.334533055577708,28.3356542589514
"4",0.308990746848832,27.947954807894
"5",0.280854443556399,27.5605898009639
"6",0.245540281188065,27.0511010793131
"7",0.307881554735104,27.8888397529857
"8",0.339146606404987,28.3290266550424
"9",0,25.6341729672845
