"","obs","bmi"
"1",0.359070329103501,28.6782547907659
"2",0.32794313090025,28.217736738125
"3",0.341222256788415,28.4020975055254
"4",0.323661346060667,28.1261315613931
"5",0.304243092735705,27.8503647313848
"6",0.244033576496654,27.0573410528324
"7",0.310549929525407,27.9369236506077
"8",0.335328513102414,28.2956855270334
"9",0,25.6028380771356
