"","obs","bmi"
"1",0.361038833430681,28.6759818500565
"2",0.330120877440448,28.2193805576695
"3",0.335000348408539,28.2501034045317
"4",0.307043749971167,27.8245580783813
"5",0.279227734329771,27.3993617621421
"6",0.241620782936993,27.0491938534071
"7",0.311019284921877,27.9283966761648
"8",0.334821886542502,28.2703521928714
"9",0,25.5500013010175
