"","obs","bmi"
"1",0.363580148476785,28.752239649387
"2",0.334757696181898,28.2972281310734
"3",0.339491569156826,28.3571910673623
"4",0.313659912197157,27.9625494873408
"5",0.279445260516042,27.5683398474366
"6",0.239005497047597,27.0528926268473
"7",0.307753450981411,27.8995682624574
"8",0.331115856530636,28.2506300496939
"9",0,25.5539876062884
