"","obs","bmi"
"1",0.356689551527147,28.7156222823273
"2",0.329525877930696,28.2586045456515
"3",0.348928154777595,28.4329325841186
"4",0.341370193212776,28.1506197141053
"5",0.334274182362991,27.8687078626074
"6",0.245365286233799,27.1065197274992
"7",0.306626648669036,27.880111590412
"8",0.335531889179869,28.3062798529369
"9",0,25.5679044732637
