"","obs","bmi"
"1",0.357839491377144,28.6736500136017
"2",0.330166512849767,28.2152178182904
"3",0.341765731404,28.3199421414514
"4",0.325640031216712,27.9668338993426
"5",0.30237951246436,27.6143760164439
"6",0.244197185788324,27.1190163735837
"7",0.312230303370319,27.9388205273652
"8",0.33695235834711,28.289888987233
"9",0,25.5789031897271
