"","obs","bmi"
"1",0.359169104786398,28.7103906711531
"2",0.330111698712983,28.2485091781157
"3",0.325947808077886,28.2774719895954
"4",0.291652390729437,27.8447972113348
"5",0.259857821214684,27.4123754486444
"6",0.247021635544566,27.0726026962187
"7",0.305151666299558,27.9043433044467
"8",0.32966194731715,28.2349091704843
"9",0,25.6262250246351
