"","obs","bmi"
"1",0.357782035979322,28.6611814179171
"2",0.326423381008895,28.1963883267692
"3",0.339817651478648,28.3145565826539
"4",0.321989553200718,27.9683083962863
"5",0.299995944537182,27.6224596912404
"6",0.247118038508926,27.057313908877
"7",0.300473730072169,27.833983766683
"8",0.340971465706224,28.310731583066
"9",0,25.5579463041386
