"","obs","bmi"
"1",0.364374893783849,28.7100623595954
"2",0.334600053023459,28.2527257883381
"3",0.333611109047835,28.2976725701495
"4",0.300511265447764,27.885520909194
"5",0.26766046459875,27.4736134088911
"6",0.243206651482544,27.089771335852
"7",0.309075840920922,27.938324199097
"8",0.334848758074045,28.2794113604269
"9",0,25.567369627885
