"","obs","bmi"
"1",0.361854708769602,28.7162086571686
"2",0.332189784870525,28.2549627148498
"3",0.347181045160327,28.3669028865069
"4",0.329829671799265,28.0178122867528
"5",0.309507173308108,27.6689458716938
"6",0.242521149219366,27.0170191335933
"7",0.313535579454731,27.9132364479229
"8",0.33370132661615,28.256484950586
"9",0,25.6389060249108
