"","obs","bmi"
"1",0.359184837147752,28.6522154846611
"2",0.330418174134256,28.2032619573376
"3",0.337599179063358,28.3939374086428
"4",0.318146439738394,28.1357382705232
"5",0.295853022893179,27.8776205786996
"6",0.243103258032589,27.0584078028648
"7",0.30447203798175,27.8841597650936
"8",0.341159482117417,28.3793694116565
"9",0,25.5685231414706
