"","obs","bmi"
"1",0.371854519656233,28.7967849502168
"2",0.338932905215262,28.3296253345135
"3",0.353272001557196,28.4973301462833
"4",0.333126257687886,28.1981223802977
"5",0.314404650849645,27.8991731934058
"6",0.245670481316639,27.075265292751
"7",0.306619023528264,27.8812879764868
"8",0.332116783036564,28.2941095598217
"9",0,25.5690924486451
