"","obs","bmi"
"1",0.363730929522015,28.7489145377151
"2",0.334379017753729,28.2877201207194
"3",0.336515336526366,28.3915000562514
"4",0.306766851241336,28.0342704771829
"5",0.278245004583218,27.6772315468266
"6",0.244826460409749,27.0674448617913
"7",0.306088212692037,27.8809757752183
"8",0.335194392054993,28.2738050777947
"9",0,25.6169489798693
