"","obs","bmi"
"1",0.356649882547027,28.6752224683309
"2",0.326071416076077,28.21169565632
"3",0.343034832334298,28.3062368757255
"4",0.326801122593349,27.9376752616533
"5",0.308501049056309,27.5695655890373
"6",0.244104844923422,27.0577409034603
"7",0.30933930354671,27.9401048775503
"8",0.334180391350765,28.267855887099
"9",0,25.556195100517
