"","obs","bmi"
"1",0.359951973952499,28.7127940731335
"2",0.329245559493756,28.2603889579353
"3",0.336435571341904,28.3737954616696
"4",0.311822206499087,28.0349402564439
"5",0.291300236070859,27.696232378508
"6",0.244454749359245,27.0562991324806
"7",0.307800550491759,27.887870422917
"8",0.338592444923673,28.2776255036711
"9",0,25.5609537747681
