"","obs","bmi"
"1",0.356282565684478,28.6467925361375
"2",0.330403316646052,28.1900459925154
"3",0.340105739458244,28.3722270488534
"4",0.319346708933501,28.0977821765025
"5",0.302048345226561,27.8234609434588
"6",0.242445095860702,27.0260674177099
"7",0.304989251817733,27.8736976237957
"8",0.333905065088411,28.2558344460952
"9",0,25.5680703284023
