"","obs","bmi"
"1",0.35204959911613,28.6232573519825
"2",0.322491233523636,28.1634599931859
"3",0.328005715312008,28.3206779427766
"4",0.302409858477628,28.0182178029685
"5",0.273993431996476,27.7158783248518
"6",0.243058446704227,27.0683249107584
"7",0.309920718276393,27.9295455699336
"8",0.332713518625737,28.2806431949156
"9",0,25.5715969208516
