"","obs","bmi"
"1",0.360790093049816,28.6690437930656
"2",0.328131284219673,28.2096556346181
"3",0.338205959137062,28.350189948421
"4",0.312058295442063,28.0314649914371
"5",0.28784673711675,27.7128724114752
"6",0.23706761216585,27.0327801642411
"7",0.310029555156934,27.9246653383415
"8",0.335172345048555,28.2872285177777
"9",0,25.5953965168561
