"","obs","bmi"
"1",0.364735197700615,28.7564808709698
"2",0.337629029964925,28.2894998421434
"3",0.343768138021618,28.3431154705834
"4",0.322084333395047,27.9301570381517
"5",0.300701450445281,27.5176284063128
"6",0.244109201182036,27.0674263203872
"7",0.302731805677874,27.8282164852631
"8",0.332242726861279,28.3083170800278
"9",0,25.5657178444191
