"","obs","bmi"
"1",0.361178852741911,28.6963733961106
"2",0.331015753613365,28.2408245168936
"3",0.350418618387301,28.4384857574501
"4",0.338775840119779,28.1808834211968
"5",0.327338463847306,27.923583182917
"6",0.241639664274807,27.0522530743742
"7",0.301472830864401,27.8491182229785
"8",0.333718719967514,28.2905517163556
"9",0,25.5717071644382
