"","obs","bmi"
"1",0.362408655133148,28.7219963245314
"2",0.330941835905938,28.2669648229719
"3",0.336284073801934,28.4366058906162
"4",0.311300872989792,28.1512840629519
"5",0.286024922808669,27.8660312638609
"6",0.243523577170496,27.0514443853483
"7",0.303531838314623,27.8339332666545
"8",0.332889727263248,28.2321571187216
"9",0,25.6002222228136
