"","obs","bmi"
"1",0.35979454154392,28.6928651794423
"2",0.331375683576402,28.2380423826867
"3",0.337498606953084,28.409766470414
"4",0.316598417602918,28.126824855803
"5",0.293244323489765,27.8440458895651
"6",0.241792559303927,27.0525596754625
"7",0.305958644110191,27.902676748832
"8",0.339829438693397,28.3472407670137
"9",0,25.5615097550364
