"","obs","bmi"
"1",0.357349316213297,28.6879468513553
"2",0.329647665588827,28.2285794523101
"3",0.33322163439567,28.336474169923
"4",0.304936799202742,27.9851626910265
"5",0.280136028570753,27.6340161172742
"6",0.248008785664591,27.112678711364
"7",0.308337702990781,27.8861908188195
"8",0.335657293014703,28.2938834294621
"9",0,25.5815385738677
