"","obs","bmi"
"1",0.360141291106987,28.7205028919622
"2",0.33053590913231,28.2647101943323
"3",0.340970007940168,28.4280477105848
"4",0.320628618365289,28.1357657511586
"5",0.301088531859683,27.8436629871344
"6",0.248420352200893,27.1206432204325
"7",0.312953906815056,27.9800072917739
"8",0.333289376737079,28.3021032447346
"9",0,25.5864655228145
