"","obs","bmi"
"1",0.362145833338825,28.6945857511331
"2",0.333430658821838,28.2325388739049
"3",0.34955265627804,28.4557007183759
"4",0.335512110334931,28.2171623785557
"5",0.323533637175165,27.9789928210565
"6",0.241960877746865,27.0418322306075
"7",0.306099155197562,27.8839084786832
"8",0.332712853408509,28.2838356250256
"9",0,25.54679850133
