"","obs","bmi"
"1",0.369104868931366,28.7947851605797
"2",0.336873138010102,28.3399349290671
"3",0.353585995533615,28.5307720136629
"4",0.340957451550992,28.2668510820748
"5",0.324854600269674,28.0030248518821
"6",0.242440650598952,27.0388884162981
"7",0.307058682769331,27.8748990959276
"8",0.333121238068448,28.3158818101175
"9",0,25.6379845268196
