"","obs","bmi"
"1",0.360324547014057,28.6707052601161
"2",0.331713417034269,28.2140472589732
"3",0.342904779231196,28.3534241704546
"4",0.324427920861117,28.0363239441329
"5",0.306316505367384,27.7194099519815
"6",0.241294921840208,27.0580307915919
"7",0.309481943932532,27.9393174404071
"8",0.33137017535879,28.2013691306639
"9",0,25.5752225372742
