"","obs","bmi"
"1",0.357702067093471,28.6583160864408
"2",0.326553577292748,28.1974759427596
"3",0.329439255939511,28.2793909858115
"4",0.297937794167956,27.9006892743636
"5",0.271004840205025,27.5222189664435
"6",0.244452724755165,27.0659605635634
"7",0.3092108567738,27.8992903690911
"8",0.330799707847434,28.2266147607109
"9",0,25.5376675948435
