"","obs","bmi"
"1",0.360704378365111,28.7435872602473
"2",0.33104702597391,28.2774218603003
"3",0.338838117062037,28.4094628548068
"4",0.31686115082929,28.0756103579453
"5",0.29278458708925,27.742041559566
"6",0.245405192784047,27.0801170493274
"7",0.31004569422076,27.9239342141979
"8",0.330600368807009,28.2195360537591
"9",0,25.6568582284391
