"","obs","bmi"
"1",0.36077464204224,28.7169159148606
"2",0.332945525878028,28.257712637482
"3",0.337780783220325,28.3308976274903
"4",0.312074297697597,27.9452136838468
"5",0.283939058101193,27.5598826408825
"6",0.239531941947973,27.0133611300547
"7",0.307438541176703,27.8958275966879
"8",0.329764998366967,28.2324488513618
"9",0,25.6014075323603
