"","obs","bmi"
"1",0.357201296236828,28.6700726807388
"2",0.326857803660555,28.206715365911
"3",0.340173471951478,28.3397557776697
"4",0.319903368210145,28.0096004498976
"5",0.300601553358979,27.67961261636
"6",0.244405955758981,27.0522943712396
"7",0.313843533224137,27.971661297877
"8",0.333257671753651,28.2871367791064
"9",0,25.6000558651682
