"","obs","bmi"
"1",0.361173063036386,28.7030028181114
"2",0.330880327023947,28.2422746298497
"3",0.331964882809983,28.2795908143962
"4",0.299712333565558,27.856447694833
"5",0.268340478608473,27.4335820525292
"6",0.237639780053752,27.0173873070461
"7",0.313134296652031,27.9170683339764
"8",0.340488389985176,28.3051941593605
"9",0,25.5493210410236
