"","obs","bmi"
"1",0.364519639191207,28.7485520678779
"2",0.334004406085946,28.2902336007995
"3",0.348967444094215,28.5367702379017
"4",0.334436378950833,28.3253256741814
"5",0.316802697170007,28.1142418013638
"6",0.245523355401766,27.0812853801858
"7",0.305461922077011,27.8302872094731
"8",0.332177615715879,28.2426194653352
"9",0,25.6001733782949
