"","obs","bmi"
"1",0.362219472962789,28.6569007648316
"2",0.331981636958665,28.2008558615476
"3",0.353294884120974,28.3912810141357
"4",0.34419757729488,28.1259053918266
"5",0.335990863125871,27.860784781566
"6",0.240984419236333,27.0582916346733
"7",0.308991755961568,27.9278870482474
"8",0.335470340621783,28.2933220108627
"9",0,25.5761992035752
