"","obs","bmi"
"1",0.362634614113852,28.7204494116549
"2",0.330628279110825,28.269848046912
"3",0.340163536665214,28.3965797161783
"4",0.318398893647833,28.072869961164
"5",0.295330299940521,27.7493265791219
"6",0.246460956991948,27.0914653362537
"7",0.303702925842298,27.8632549052753
"8",0.339761480420783,28.3153561434056
"9",0,25.6370339487846
