"","obs","bmi"
"1",0.366601789291132,28.7505325641714
"2",0.335109834568184,28.2851003425332
"3",0.349317708045156,28.5054672744854
"4",0.33124847012241,28.2605099767375
"5",0.312866023082089,28.0156629841548
"6",0.248217436969692,27.0924028931083
"7",0.310273084521619,27.9579520316373
"8",0.332532400870962,28.2824998844599
"9",0,25.5560939089959
