"","obs","bmi"
"1",0.368227396272891,28.7675218759714
"2",0.337746782017019,28.3084226768525
"3",0.346294942121707,28.4280681300972
"4",0.326959529271019,28.0887998928238
"5",0.304047249480052,27.7497240299353
"6",0.247290848765598,27.1190148832971
"7",0.309424260540492,27.9032971808997
"8",0.333682356790204,28.2717646151547
"9",0,25.6183559479068
