"","obs","bmi"
"1",0.367385006679918,28.7540030918653
"2",0.337965226025314,28.2949559916037
"3",0.360507827158073,28.5042770424803
"4",0.351209177877006,28.2547920337461
"5",0.340905941303401,28.0055594572013
"6",0.246074327383947,27.096769483658
"7",0.312837895499079,27.9589223779307
"8",0.33121187231381,28.2217559660846
"9",0,25.5859941438433
