"","obs","bmi"
"1",0.364575900527683,28.7742349294704
"2",0.33480361634971,28.31748322567
"3",0.342467469219321,28.3957284535967
"4",0.314918838610418,28.0174917772507
"5",0.291440201448218,27.6395401515826
"6",0.245894378992484,27.1160222191006
"7",0.302081232620419,27.8700217305322
"8",0.336755851778938,28.2848219285365
"9",0,25.5952330364431
