"","obs","bmi"
"1",0.359221087372316,28.7212694436871
"2",0.33052827302594,28.2618653759686
"3",0.334590190531504,28.3922732846715
"4",0.308307299751022,28.0634029969397
"5",0.277064684624887,27.7346616852318
"6",0.241570085508787,27.0502217592747
"7",0.308257906654107,27.9127948105063
"8",0.340519210910971,28.346804259091
"9",0,25.6605401014868
