"","obs","bmi"
"1",0.356288373074139,28.7088381588401
"2",0.327723005185327,28.2564741247045
"3",0.335909437178606,28.2737864206277
"4",0.311038770759446,27.8391806903343
"5",0.289627422186293,27.4050492474381
"6",0.242741854225306,27.009169819189
"7",0.30667296528223,27.8807436778618
"8",0.336667114486666,28.3149429860989
"9",0,25.5760924530835
