"","obs","bmi"
"1",0.35979776006117,28.7233752934909
"2",0.33000164854544,28.2717794715982
"3",0.333001096661581,28.4042588115455
"4",0.304662459906617,28.0852537428657
"5",0.274739091271221,27.7663620515163
"6",0.243073626482441,27.0592530628617
"7",0.310072536123043,27.8932298124555
"8",0.335885454555251,28.2947006177475
"9",0,25.5822165568013
