"","obs","bmi"
"1",0.366614486856486,28.7573716019535
"2",0.337760836820267,28.2973774949935
"3",0.35461615148066,28.4901911694801
"4",0.342466877410073,28.2231628303928
"5",0.328751644998787,27.9562916572498
"6",0.242090878290609,27.046565785553
"7",0.310334420089279,27.9337188060888
"8",0.33748688827767,28.2966024434286
"9",0,25.5788195058995
