"","obs","bmi"
"1",0.362746449114823,28.7440095741628
"2",0.331604477490293,28.2888696890268
"3",0.3514934544995,28.4426269128554
"4",0.339111618435902,28.1414434768276
"5",0.328310698501076,27.840466847333
"6",0.244353419991991,27.0211529856103
"7",0.311981440224232,27.9134301465193
"8",0.332204754506488,28.3166904599676
"9",0,25.5897342591879
