"","obs","bmi"
"1",0.361336536963227,28.6926898159246
"2",0.332926280885782,28.2335610946336
"3",0.339487155275757,28.3350582378525
"4",0.316064476546719,27.9776479752269
"5",0.290165115335319,27.6204667916403
"6",0.245580918010737,27.0881486913193
"7",0.309430162422224,27.8888167400463
"8",0.344015368218562,28.3494901284298
"9",0,25.5626966129272
