"","obs","bmi"
"1",0.349196723977803,28.6176168888226
"2",0.320132332285004,28.1582078481477
"3",0.324537088487422,28.2825513123812
"4",0.296789506619168,27.9476022866895
"5",0.266912718125498,27.6127707182211
"6",0.247793271597568,27.1080829084353
"7",0.30741459985736,27.8948520265426
"8",0.329987171623849,28.2280107543625
"9",0,25.5976300227104
