"","obs","bmi"
"1",0.360968426188567,28.712997698766
"2",0.332421740759259,28.261866708934
"3",0.355212737413096,28.5308533948804
"4",0.346967483050253,28.348826293195
"5",0.339256249119369,28.1669200486945
"6",0.244248092496764,27.0956755339488
"7",0.306787975423634,27.8929089968307
"8",0.341339263102795,28.3300899081672
"9",0,25.5919104812322
