"","obs","bmi"
"1",0.357741114932901,28.693361524532
"2",0.327918728960463,28.2378811908998
"3",0.344992086954452,28.3749918054372
"4",0.332161592952015,28.0569127437576
"5",0.32130818119264,27.739138695929
"6",0.245482914856101,27.0721210857885
"7",0.308655342706515,27.9107977101848
"8",0.333934843295617,28.2979945057759
"9",0,25.6194257540638
