"","obs","bmi"
"1",0.363548098068666,28.7470626773965
"2",0.332912539181326,28.2894235401816
"3",0.342067281425291,28.4450793034171
"4",0.319824483903373,28.1432454619297
"5",0.296926552320308,27.8415659014691
"6",0.245856567347061,27.0513591142742
"7",0.308332745432225,27.9306366323234
"8",0.327268125636384,28.2084392506184
"9",0,25.6206482091181
