"","obs","bmi"
"1",0.361417300464497,28.7326912375938
"2",0.331239463926229,28.2767402258096
"3",0.326659572719145,28.4016055700211
"4",0.287601318418709,28.0705931236593
"5",0.256310886838809,27.7396530615049
"6",0.24011660402043,27.0604619835809
"7",0.302420194949683,27.8808988114129
"8",0.342157328362613,28.2910021883393
"9",0,25.6394358233047
