"","obs","bmi"
"1",0.358822468940267,28.6941174597009
"2",0.329899761205762,28.2324874282279
"3",0.34578871943539,28.4120606351079
"4",0.331670433335514,28.1303079222405
"5",0.319207594972661,27.8488759819843
"6",0.242791654299789,27.0627455040041
"7",0.307295484048419,27.8652709940917
"8",0.34230785062928,28.3361899338062
"9",0,25.6123558180327
