"","obs","bmi"
"1",0.363351895532861,28.7573260844202
"2",0.335225243432945,28.2942902841398
"3",0.342421953726063,28.4533040958474
"4",0.315518822984321,28.1495709568537
"5",0.29293158141265,27.8461430093012
"6",0.250459120348554,27.0924486489888
"7",0.309580422217861,27.8902038547227
"8",0.330736880184165,28.2747367628755
"9",0,25.6290992707753
