"","obs","bmi"
"1",0.365216711008478,28.7552487015846
"2",0.337159094712048,28.3072135743185
"3",0.349135662198692,28.3775743053188
"4",0.32901691787086,28.0002181364162
"5",0.311029734975526,27.6231960900769
"6",0.247047477210686,27.1070458423008
"7",0.307572776572817,27.918490171732
"8",0.335838741370722,28.3000843769964
"9",0,25.5559209362447
