"","obs","bmi"
"1",0.354601759518518,28.6570283030874
"2",0.325597545660931,28.1894346416809
"3",0.327411278515586,28.2679022731864
"4",0.295829271257048,27.8790435339028
"5",0.269184029360513,27.4904632157393
"6",0.243688754691076,27.0776928317942
"7",0.315348604247752,27.9775584591242
"8",0.333567143549153,28.2956637676231
"9",0,25.6291509856201
