"","obs","bmi"
"1",0.353716249611265,28.6097753977983
"2",0.324735197160787,28.1558085519488
"3",0.332593925400104,28.2990042912359
"4",0.31188552459978,27.9884299097855
"5",0.2897512349077,27.6780613701023
"6",0.24746387455251,27.1028189333759
"7",0.31424835534995,28.0220748204869
"8",0.335402604507023,28.3097547138811
"9",0,25.5877791911801
