"","obs","bmi"
"1",0.359359510360505,28.7429634001872
"2",0.330336576791056,28.278725143874
"3",0.338496734385975,28.4236667094509
"4",0.314848859431828,28.1046356659844
"5",0.288006989930661,27.7858834737228
"6",0.244125040087109,27.0805246284097
"7",0.310944158916809,27.9751515976574
"8",0.339420653806961,28.3434041560321
"9",0,25.5863290098815
