"","obs","bmi"
"1",0.362211816232879,28.7529300491884
"2",0.333049760733952,28.3041676142251
"3",0.341095048540901,28.4337267981169
"4",0.317560777661101,28.1146354305602
"5",0.295861529251008,27.7956598855297
"6",0.24983156711878,27.1144608409404
"7",0.309912999898394,27.8777867903214
"8",0.331211007913385,28.2154116900128
"9",0,25.6426838810448
