"","obs","bmi"
"1",0.362408655133148,28.7219963245314
"2",0.331229137049304,28.2642523105979
"3",0.34117215266549,28.4619486105246
"4",0.320120330026898,28.202006352368
"5",0.299635038782495,27.9421724274279
"6",0.243523577170496,27.0514443853483
"7",0.303531838314623,27.8339332666545
"8",0.332889727263248,28.2321571187216
"9",0,25.6002222228136
