"","obs","bmi"
"1",0.359005229603572,28.735625552949
"2",0.330606293981603,28.276345765481
"3",0.34160361934253,28.3163590762212
"4",0.321455867568569,27.89756600821
"5",0.303211847618639,27.4792761058522
"6",0.242754443615612,27.1085183063191
"7",0.303206126674653,27.8160559459772
"8",0.336107647372408,28.3005775984283
"9",0,25.6564924981888
