"","obs","bmi"
"1",0.357173555796483,28.6441150564238
"2",0.325648907798502,28.1762222845784
"3",0.342975027075551,28.3488844276248
"4",0.327971226881725,28.0538189298721
"5",0.314065391905454,27.7589250061843
"6",0.24949283539072,27.0790107430374
"7",0.308923911710681,27.8979078924729
"8",0.334309271164312,28.2959793984527
"9",0,25.5800597796106
