"","obs","bmi"
"1",0.362570747499188,28.7086191057277
"2",0.334728322263445,28.2494685352098
"3",0.341031428616635,28.3926838799909
"4",0.312780143691798,28.0770322069285
"5",0.290156307426909,27.7616781983993
"6",0.246231639286546,27.1234362224854
"7",0.304909643059243,27.8496360106626
"8",0.333305286326492,28.2874175447293
"9",0,25.5874465211978
