"","obs","bmi"
"1",0.352166105165384,28.5881968158694
"2",0.321731221660764,28.1310017746997
"3",0.32917131631877,28.2729902556633
"4",0.305477410084201,27.9578779642577
"5",0.28307673259245,27.6428622241403
"6",0.241864726574185,27.0583900637214
"7",0.302800880140397,27.8690260269928
"8",0.335702452092072,28.3206385275167
"9",0,25.5553068263582
