"","obs","bmi"
"1",0.36227819084572,28.7531176324736
"2",0.332284371138995,28.2942659128144
"3",0.337295757030975,28.3826307046705
"4",0.307838290375428,28.0123739797672
"5",0.280013029441549,27.6423545053496
"6",0.247794831182392,27.1154647863369
"7",0.307582036890965,27.910131446967
"8",0.336270949406918,28.2760537159321
"9",0,25.6074969979376
