"","obs","bmi"
"1",0.364158994961846,28.6974790331612
"2",0.333521531133232,28.2386177293513
"3",0.353441275055623,28.4504532604781
"4",0.341984727990547,28.2035989279475
"5",0.329283044587891,27.9569229027854
"6",0.249338675922141,27.1066564547091
"7",0.31164301142262,27.942975447619
"8",0.332697560254538,28.2928471212531
"9",0,25.5402360761
