"","obs","bmi"
"1",0.361432663371335,28.687148100722
"2",0.330545815352515,28.2214746313975
"3",0.338185880941335,28.3102563439622
"4",0.310488323603437,27.9337183392363
"5",0.284876964592276,27.5575530174575
"6",0.244167449274543,27.0539145953794
"7",0.311522261797668,27.9103638063028
"8",0.329040991837292,28.2536819408747
"9",0,25.5631283846469
