"","obs","bmi"
"1",0.361306111672162,28.7189254299474
"2",0.334302880208102,28.2690836231875
"3",0.343118146206063,28.4260249487836
"4",0.322291648943804,28.1332219917781
"5",0.299409144292149,27.8405195114637
"6",0.243305076253806,27.0839772523091
"7",0.3105773291912,27.9483019418902
"8",0.335301779300095,28.2890836677934
"9",0,25.5595445613927
