"","obs","bmi"
"1",0.361551704069,28.6971657268482
"2",0.332175559737876,28.2372156345299
"3",0.343097506246647,28.4358997729348
"4",0.322826226205294,28.174708917552
"5",0.304999272320954,27.9135939516584
"6",0.242375349132581,27.0582054451787
"7",0.312290955234927,27.9597901496228
"8",0.338234542616697,28.3445562160596
"9",0,25.6058091359895
