"","obs","bmi"
"1",0.360512772150145,28.7308075769652
"2",0.332493464469774,28.2721424937677
"3",0.346687644352778,28.4964695341989
"4",0.332960569721178,28.2622153525446
"5",0.31774359338635,28.0280467142147
"6",0.238699916528971,26.9944996941817
"7",0.30974057707674,27.921172717328
"8",0.331162494028917,28.2892698010579
"9",0,25.5701865045948
