"","obs","bmi"
"1",0.358829819486821,28.7309608867034
"2",0.330808868322114,28.2762040978651
"3",0.344083385115099,28.4375918784679
"4",0.330751225036324,28.1445562213481
"5",0.317650230408336,27.8518734589766
"6",0.246428207209381,27.0856876547876
"7",0.310458143454013,27.9390524022113
"8",0.334487543382941,28.3002204515248
"9",0,25.6419789239985
