"","obs","bmi"
"1",0.363192580906998,28.7076631186638
"2",0.333066465505613,28.2443772227656
"3",0.341141634529094,28.4039680787993
"4",0.319168266689674,28.1004460141205
"5",0.297804797389827,27.7971029001793
"6",0.243576946334498,27.0308241700171
"7",0.307856230834066,27.9495594528806
"8",0.330656472444392,28.2220502571556
"9",0,25.5434861819639
