"","obs","bmi"
"1",0.360630874221609,28.714871733334
"2",0.33437415065027,28.2668047144446
"3",0.341448304214739,28.4397497816073
"4",0.319751751118318,28.1647405083168
"5",0.29838848728168,27.8898458922201
"6",0.247795441420905,27.1143618646113
"7",0.308274914454773,27.915542774054
"8",0.340368275222719,28.3286031742029
"9",0,25.5847009091715
