"","obs","bmi"
"1",0.366226360004752,28.7543190295548
"2",0.334520170442124,28.2991209586071
"3",0.340807637496019,28.3913026405497
"4",0.315543794448356,28.0286289062385
"5",0.28842636642982,27.6663169160086
"6",0.242671683145924,27.0497406199661
"7",0.308075634335253,27.9028158588561
"8",0.335464875645747,28.2401217011458
"9",0,25.5699974040736
