"","obs","bmi"
"1",0.359038905820579,28.6472310076681
"2",0.328201437223772,28.1902498346779
"3",0.339278309483252,28.371063583075
"4",0.317006190546554,28.0949853236889
"5",0.294870547506105,27.8189973331277
"6",0.248636155106457,27.0815357558796
"7",0.308632519369097,27.8758362386426
"8",0.33614998377027,28.3079941188684
"9",0,25.521069409524
