"","obs","bmi"
"1",0.35447211176894,28.6898091096544
"2",0.327724309317045,28.2430428102037
"3",0.337183373235615,28.397316464517
"4",0.318895427173122,28.1049527574996
"5",0.297489253540554,27.8127231163791
"6",0.245605365015449,27.084236962214
"7",0.313681747011155,27.9356510584048
"8",0.332275939821437,28.2445340716004
"9",0,25.608042975201
