"","obs","bmi"
"1",0.361089957688059,28.7012981533819
"2",0.33101626300581,28.2464211771379
"3",0.344844238561382,28.4142128240449
"4",0.329789399426807,28.12728585476
"5",0.313277542788074,27.8405231900854
"6",0.239171113708167,27.0554172813915
"7",0.312047751027549,27.9530566913033
"8",0.339446171852386,28.3856592436171
"9",0,25.6430197446806
