"","obs","bmi"
"1",0.365385011844632,28.7291609097902
"2",0.336383036351076,28.2667071339811
"3",0.345667764479655,28.4918661178318
"4",0.324260529939074,28.254669688781
"5",0.301775844169987,28.0175731716571
"6",0.246074413754895,27.0824502621349
"7",0.306488808686871,27.8992941690389
"8",0.33724319016768,28.3137327548827
"9",0,25.5646831133243
