"","obs","bmi"
"1",0.355513576360246,28.6317060731308
"2",0.328422483668245,28.1747210301194
"3",0.329933411208273,28.287041434358
"4",0.299197746106584,27.9424679449196
"5",0.268376212458436,27.5979852004529
"6",0.249139543381672,27.1301015446882
"7",0.30585131828336,27.8761014071689
"8",0.335061630433841,28.2773796467053
"9",0,25.5544901133733
