"","obs","bmi"
"1",0.361336536963227,28.6926898159246
"2",0.332572772887524,28.2320491118943
"3",0.338699704178871,28.3944422465042
"4",0.310955576618043,28.0962839315887
"5",0.283549273396989,27.7982150410006
"6",0.245580918010737,27.0881486913193
"7",0.309430162422224,27.8888167400463
"8",0.344015368218562,28.3494901284298
"9",0,25.5626966129272
