"","obs","bmi"
"1",0.366299766438619,28.7552729149571
"2",0.335166612700571,28.2948325558446
"3",0.340978525481805,28.3982366862848
"4",0.315149211029609,28.0414420217461
"5",0.291178895938097,27.6848974609612
"6",0.245452309543257,27.0940096729692
"7",0.302503590207288,27.8666257122944
"8",0.335973553436723,28.303995637605
"9",0,25.5564429764132
