"","obs","bmi"
"1",0.356532530493452,28.6725392269803
"2",0.32626885663569,28.2121128041352
"3",0.341292029761459,28.3955153579938
"4",0.323549928562049,28.1186242225787
"5",0.306862596702893,27.8418704370097
"6",0.243249815652783,27.0389398725929
"7",0.306857032692703,27.9355869231296
"8",0.332467855082762,28.2766747336651
"9",0,25.6073166594712
