"","obs","bmi"
"1",0.358081838854896,28.6962982292632
"2",0.331009683520809,28.2352242228098
"3",0.345636805989165,28.4464996726569
"4",0.333941575783832,28.1968395709208
"5",0.322235707422751,27.947322590349
"6",0.246293503495023,27.0855010331003
"7",0.301763043814086,27.8092792922136
"8",0.337608997920982,28.297941947563
"9",0,25.589838473192
