"","obs","bmi"
"1",0.364993898409764,28.7311044545426
"2",0.333516018506982,28.2764523888309
"3",0.343229272145623,28.3987545657463
"4",0.321411440552934,28.0666174154713
"5",0.299782939456201,27.7347024537927
"6",0.248394934669919,27.1425854236308
"7",0.302657483122523,27.8489797251426
"8",0.333116573875925,28.305253648211
"9",0,25.556963690202
