"","obs","bmi"
"1",0.36069785383349,28.6899558316418
"2",0.329612601513766,28.2397860345671
"3",0.323525617954999,28.2842489747336
"4",0.282204026217999,27.878687988748
"5",0.248089932205891,27.4732727405807
"6",0.237785818000738,27.0209872915458
"7",0.305095197202156,27.8625698780428
"8",0.33036332512719,28.2884940590215
"9",0,25.5569788988192
