"","obs","bmi"
"1",0.361757911175536,28.7096468635574
"2",0.332218352484362,28.2535846847347
"3",0.340379699803604,28.3326893958312
"4",0.316120012099766,27.956079320735
"5",0.2932972365932,27.5798349270509
"6",0.246812856629594,27.0675566844501
"7",0.310793718756245,27.9582707654321
"8",0.339590409284468,28.3430169975372
"9",0,25.5942264261473
