"","obs","bmi"
"1",0.360242304538022,28.6945641356726
"2",0.331033134984579,28.2292605658854
"3",0.335797967467136,28.3670890632679
"4",0.307053669525278,28.03975446738
"5",0.280290284360569,27.7125641954797
"6",0.247623914816313,27.0764696770337
"7",0.304861037867818,27.8735283477782
"8",0.333840704846018,28.2654887020746
"9",0,25.6292666132845
