"","obs","bmi"
"1",0.362298907797184,28.6961533193657
"2",0.33203564858532,28.2398283631559
"3",0.336305641613121,28.3074379298277
"4",0.304534980316608,27.919012427139
"5",0.274344867717554,27.5308890776966
"6",0.24739823141559,27.0794923973913
"7",0.312581777186991,27.9662839032749
"8",0.342696316413408,28.3755985757702
"9",0,25.5691331130315
