"","obs","bmi"
"1",0.362565703233077,28.7752816210167
"2",0.332360698753156,28.3164451656214
"3",0.339087601679755,28.4167860891868
"4",0.312808016354317,28.0585196884995
"5",0.284220538239787,27.7004907867449
"6",0.248453775069771,27.1219374515736
"7",0.311138319719782,27.8968857638999
"8",0.331476031166748,28.2866458009327
"9",0,25.6463544810061
