"","obs","bmi"
"1",0.357522258432671,28.6742194632599
"2",0.328600760759543,28.211673463755
"3",0.328666585557239,28.2412147119999
"4",0.294601401565627,27.80855133044
"5",0.260582450377062,27.3762457940514
"6",0.247877222131661,27.1605363631812
"7",0.30530374972409,27.8649886733935
"8",0.335740830067016,28.2867693812562
"9",0,25.5644184173367
