"","obs","bmi"
"1",0.357782035979322,28.6611814179171
"2",0.327083059595951,28.2039907224301
"3",0.331788794817892,28.2948937277603
"4",0.304093528335661,27.9288692383506
"5",0.277496149599769,27.5631200158371
"6",0.247118038508926,27.057313908877
"7",0.300473730072169,27.833983766683
"8",0.340971465706224,28.310731583066
"9",0,25.5579463041386
