"","obs","bmi"
"1",0.364628854939705,28.7823483808364
"2",0.335787745357989,28.3231430219943
"3",0.345806376082752,28.4686290411333
"4",0.326986785427419,28.1550658166461
"5",0.309080083275979,27.8416652221697
"6",0.246539279028861,27.1017777302403
"7",0.312985930947578,27.9486470306956
"8",0.339233396143736,28.323559951302
"9",0,25.655499289344
