"","obs","bmi"
"1",0.355332761913062,28.6712261275653
"2",0.328311128251766,28.2169294097559
"3",0.3337574660384,28.4199894401636
"4",0.311540543608593,28.1688122695926
"5",0.285229656964582,27.9176954628565
"6",0.242101819551884,27.0391140834166
"7",0.30216724093333,27.8599847723936
"8",0.340924712800078,28.3367436295804
"9",0,25.578402777098
