"","obs","bmi"
"1",0.35964863328406,28.6735164946291
"2",0.330503027384556,28.2256610027365
"3",0.346412995187635,28.4160040672081
"4",0.332078544196208,28.1586492175268
"5",0.315411743966544,27.9014590419765
"6",0.242397738869288,27.0673375385022
"7",0.311241247966199,27.9118523756941
"8",0.335636619300686,28.3199130604844
"9",0,25.5927297939431
