"","obs","bmi"
"1",0.357372835280255,28.6642839875073
"2",0.328624023426754,28.2104271796524
"3",0.337953378496015,28.3262112480329
"4",0.318987380643103,27.9883408255124
"5",0.297862322491828,27.6506813879474
"6",0.243083021350706,27.0670572209896
"7",0.305995781439145,27.9347510133311
"8",0.328635797542089,28.1889087126543
"9",0,25.6322293882718
