"","obs","bmi"
"1",0.354768937939532,28.6789088379895
"2",0.32408412461529,28.2175587906988
"3",0.342782150033426,28.3902789660241
"4",0.328170848630688,28.1018192211193
"5",0.312012123155496,27.8135353143102
"6",0.241066039478526,27.0337215674902
"7",0.305940410443494,27.8836422107568
"8",0.34106532752229,28.3342588874369
"9",0,25.6538555032579
