"","obs","bmi"
"1",0.356572445418792,28.6333510155907
"2",0.326122712491419,28.1737226921014
"3",0.347882570750862,28.4122979340339
"4",0.337943040112522,28.1915054487339
"5",0.328536256326379,27.970986789036
"6",0.243487780108945,27.0544409380759
"7",0.312800268517814,27.9209426743485
"8",0.331202644063027,28.2233579597745
"9",0,25.5946024340275
