"","obs","bmi"
"1",0.36061107371786,28.7075838185693
"2",0.330523380114759,28.2542436191094
"3",0.34434793967744,28.4328952706653
"4",0.328376501528006,28.1583599990449
"5",0.312668834406929,27.883983090239
"6",0.249729550060339,27.121892748547
"7",0.310188408370287,27.9101650499546
"8",0.332016692590768,28.289605277337
"9",0,25.625815574981
