"","obs","bmi"
"1",0.360842813119002,28.7256398479677
"2",0.33298860747979,28.2777763448189
"3",0.340522085378256,28.3983671573508
"4",0.319140706319361,28.0715056537163
"5",0.297153292107515,27.7450818101818
"6",0.24191954164397,27.0169440784111
"7",0.309699427310042,27.8856440732527
"8",0.334398266502646,28.2988856924066
"9",0,25.5818689648242
