"","obs","bmi"
"1",0.354768937939532,28.6789088379895
"2",0.323621699206404,28.2221776638125
"3",0.33827915153186,28.3960666756562
"4",0.320548664396082,28.1133695865183
"5",0.302106516364511,27.8308222155013
"6",0.241066039478526,27.0337215674902
"7",0.305940410443494,27.8836422107568
"8",0.34106532752229,28.3342588874369
"9",0,25.6538555032579
