"","obs","bmi"
"1",0.361126831113254,28.6824896801569
"2",0.331461954505199,28.2264582204823
"3",0.33836313175782,28.3248251278818
"4",0.313699124875483,27.9676320354809
"5",0.28958041929982,27.6109468936137
"6",0.239344961579138,27.0398522855472
"7",0.311177082888181,27.9116088886225
"8",0.339058555285157,28.2797056106015
"9",0,25.6405293413688
