"","obs","bmi"
"1",0.357957760727243,28.6756017933149
"2",0.330545181184626,28.2216005391818
"3",0.328552719842721,28.356761844858
"4",0.294178952187072,28.0379827718216
"5",0.264283553947044,27.719263931031
"6",0.245178114837099,27.0631105375979
"7",0.311304657716042,27.9332723796387
"8",0.336590784354405,28.3056907695753
"9",0,25.6079113344397
