"","obs","bmi"
"1",0.356898898711559,28.6594823602437
"2",0.327647124963816,28.1987110894225
"3",0.339885650799236,28.3002965118029
"4",0.321934235653829,27.9413014168858
"5",0.299683455914601,27.582505707877
"6",0.243898212366919,27.069028002908
"7",0.311593923909111,27.9457044371676
"8",0.333002410487606,28.2998732298396
"9",0,25.5892282030316
