"","obs","bmi"
"1",0.359649986221943,28.7206026994185
"2",0.329199263223999,28.2579856051541
"3",0.337529509929248,28.3852305375028
"4",0.314249448684108,28.0500348623442
"5",0.289689316786544,27.7150208411908
"6",0.242177521523911,27.0240905058461
"7",0.311434006173413,27.9644152886936
"8",0.333793555669109,28.2880128913927
"9",0,25.6050051327101
