"","obs","bmi"
"1",0.359179558524908,28.6845332999725
"2",0.328954927514415,28.218819596979
"3",0.343271195427738,28.4482876630265
"4",0.328854625511822,28.2122830362104
"5",0.311385305268129,27.9765329615134
"6",0.249346101631851,27.0746214988325
"7",0.30929687995686,27.9110962928232
"8",0.330460437701824,28.2068366779425
"9",0,25.5956336181044
