"","obs","bmi"
"1",0.361329005003471,28.7840283281957
"2",0.331514201102151,28.3287271649181
"3",0.342956095209267,28.5548939468702
"4",0.325206875681355,28.325881918206
"5",0.305513570021608,28.096996472815
"6",0.247157331609753,27.1202503912736
"7",0.309192313478249,27.9188845481825
"8",0.33131638302486,28.2714763246723
"9",0,25.6426775808095
