"","obs","bmi"
"1",0.359808846453455,28.717909501857
"2",0.330525479966597,28.2590710515274
"3",0.345998346840646,28.4810004537645
"4",0.332091647800891,28.2441999969245
"5",0.31709504737641,28.0075110250527
"6",0.240703268821697,27.0470029839385
"7",0.310961315776872,27.9184298289375
"8",0.327478849489934,28.2606213299001
"9",0,25.5868714819467
