"","obs","bmi"
"1",0.364189712170682,28.731482997208
"2",0.335555361897141,28.2684923390537
"3",0.348210514396791,28.4661700285603
"4",0.332502451237152,28.2009645814451
"5",0.310454153301399,27.9358706554068
"6",0.246088947558444,27.0954702184655
"7",0.308646180879753,27.9441224432583
"8",0.332962837103321,28.2789521383417
"9",0,25.6272536451421
