"","obs","bmi"
"1",0.359142578193278,28.672023468389
"2",0.329202818078794,28.2061846758454
"3",0.340298919228412,28.3213847857454
"4",0.317923191391928,27.9712174510109
"5",0.29695207896998,27.6215554158708
"6",0.242933023833641,27.0787814426258
"7",0.31052225025124,27.9413613970802
"8",0.336528840652152,28.2603364064988
"9",0,25.54843657415
