"","obs","bmi"
"1",0.361752045723974,28.7253564611384
"2",0.330001728929115,28.2639771771483
"3",0.341537196975122,28.4360959038843
"4",0.318781999515565,28.146939132175
"5",0.294913432790488,27.8578873714952
"6",0.244431242609635,27.0629740506728
"7",0.313151902570468,27.9309836144131
"8",0.328965904134512,28.252859733551
"9",0,25.6153767177402
