"","obs","bmi"
"1",0.369938661998613,28.7991076096214
"2",0.340243532093556,28.3389095506427
"3",0.348028367142788,28.4087298792752
"4",0.323339410565448,28.0186462909981
"5",0.297297910341752,27.6288711958698
"6",0.245301858759798,27.0718543936811
"7",0.306978637452851,27.8873491906143
"8",0.33277755729798,28.2863054294298
"9",0,25.6388603805614
