"","obs","bmi"
"1",0.359849465636313,28.7099943130403
"2",0.331391315045436,28.2549608269
"3",0.341763989289446,28.3402329708528
"4",0.318243239297815,27.9706930598057
"5",0.29660130188611,27.6013856011168
"6",0.248344588422964,27.0793847212871
"7",0.311444901789867,27.9125267040965
"8",0.329924488455269,28.2519596349936
"9",0,25.6224634120367
