"","obs","bmi"
"1",0.364109134860851,28.7491752537936
"2",0.333444296307106,28.29165305437
"3",0.340953876090011,28.4622678984904
"4",0.31562598348535,28.1754640626734
"5",0.290722159195407,27.888766048496
"6",0.24321263773664,27.0716145153593
"7",0.310654236757282,27.9181640933145
"8",0.333274809686371,28.3130009368763
"9",0,25.6082137575142
