"","obs","bmi"
"1",0.361038833430681,28.6759818500565
"2",0.329625243788472,28.2154687572437
"3",0.340390208242142,28.3292200163825
"4",0.317722697391405,27.9826472503264
"5",0.297490685235913,27.6362703198182
"6",0.241620782936993,27.0491938534071
"7",0.311019284921877,27.9283966761648
"8",0.334821886542502,28.2703521928714
"9",0,25.5500013010175
