"","obs","bmi"
"1",0.354586417879435,28.6754581104909
"2",0.326274725773332,28.2161397545159
"3",0.329953616513029,28.3313278131229
"4",0.305017949773712,27.9873328022096
"5",0.276440633830385,27.6434757706383
"6",0.24390277005612,27.0537767640711
"7",0.305774695880374,27.8780625192221
"8",0.337796751521279,28.3449621077052
"9",0,25.5859088816026
