"","obs","bmi"
"1",0.359618680021449,28.7156554351777
"2",0.330006477750944,28.2539722487677
"3",0.342289209007122,28.3725048657015
"4",0.321918402383919,28.0296861550526
"5",0.303083687890219,27.6872165959994
"6",0.245044282826683,27.0857196584597
"7",0.313137956111068,27.9505738831113
"8",0.342108528293957,28.3409573914263
"9",0,25.5989629014639
