"","obs","bmi"
"1",0.360108970435263,28.7488553891538
"2",0.329640451889025,28.2918851140583
"3",0.350485537980292,28.5208990876136
"4",0.338482676330394,28.2931040883845
"5",0.325959900734052,28.06548049399
"6",0.243800180467972,27.0219626415589
"7",0.305242494966875,27.9233915218232
"8",0.330890338680807,28.244118994496
"9",0,25.6249564856773
