"","obs","bmi"
"1",0.362212064748984,28.7465082203152
"2",0.331170839640506,28.2901109909402
"3",0.356110344145331,28.4729556731699
"4",0.348411936978168,28.1996245444634
"5",0.341102577630444,27.9265240171902
"6",0.241805947688897,27.0364357384146
"7",0.314584627870491,27.9521152471785
"8",0.338864122108961,28.3773365743174
"9",0,25.5916466435231
