"","obs","bmi"
"1",0.362715840244213,28.7400807862272
"2",0.335263939008845,28.2930577994232
"3",0.35348305100394,28.4499147007078
"4",0.341732317204487,28.160027237702
"5",0.330887157410771,27.8704321293594
"6",0.239085245584674,26.9879207070032
"7",0.307350408077715,27.9019182327753
"8",0.334241569443385,28.2473897648001
"9",0,25.5892698368295
