"","obs","bmi"
"1",0.357891982938746,28.7083540296772
"2",0.329191767265044,28.247936119042
"3",0.344757223380139,28.4062664181193
"4",0.327535207625663,28.1046591526197
"5",0.314658838883339,27.8035696578243
"6",0.241856699137446,27.0346346078321
"7",0.303705513186263,27.8483312777148
"8",0.338088762293165,28.392300647954
"9",0,25.6368202210346
