"","obs","bmi"
"1",0.358856250312263,28.7479566818725
"2",0.330302042080031,28.287026551727
"3",0.333060290632544,28.4087485785759
"4",0.304556010998415,28.0696853761212
"5",0.279134614207718,27.7307703211718
"6",0.245749008754004,27.1100269327791
"7",0.307894162254335,27.9672437944075
"8",0.329677917217684,28.2474625816453
"9",0,25.6314419036741
