"","obs","bmi"
"1",0.353154790819923,28.6106939034337
"2",0.324589438613258,28.151938367324
"3",0.335987786252886,28.335668864784
"4",0.318174311872234,28.0608008652233
"5",0.300178657630348,27.786094017125
"6",0.244278507789843,27.0513068874091
"7",0.304987513553621,27.8860827141325
"8",0.337296171386885,28.3559039020046
"9",0,25.5456662734615
