"","obs","bmi"
"1",0.357013523192764,28.6389368022184
"2",0.328965856912284,28.1866923401002
"3",0.3475851205112,28.3523833460815
"4",0.336603438728489,28.0661985699543
"5",0.326521011823324,27.7804055357234
"6",0.248462347651429,27.0997871099908
"7",0.305922170460874,27.8695666973639
"8",0.328828388518357,28.2307875773512
"9",0,25.5852105427877
