"","obs","bmi"
"1",0.366299766438619,28.7552729149571
"2",0.334850755303825,28.3006481686919
"3",0.356690539399575,28.4895424267231
"4",0.345626103765504,28.2243735457896
"5",0.335977149532458,27.959814177911
"6",0.245452309543257,27.0940096729692
"7",0.302503590207288,27.8666257122944
"8",0.335973553436723,28.303995637605
"9",0,25.5564429764132
