"","obs","bmi"
"1",0.361523734671737,28.7016848556613
"2",0.331471742029522,28.2407358775698
"3",0.337244123405786,28.4072749852206
"4",0.315178963507595,28.1129384890667
"5",0.292652338414281,27.8186744650845
"6",0.244533706503614,27.0994091662998
"7",0.298857358191262,27.8406629530087
"8",0.333147229885284,28.2886014057553
"9",0,25.5621872506902
