"","obs","bmi"
"1",0.354655347244294,28.6128243786236
"2",0.321594489081597,28.1586057167814
"3",0.327039519220986,28.2159500219436
"4",0.297940877929862,27.8193680337228
"5",0.272629231780112,27.4230905529833
"6",0.248478535903031,27.1163303425928
"7",0.30667946533334,27.9120104171032
"8",0.334568558012442,28.2949163860509
"9",0,25.562552545562
