"","obs","bmi"
"1",0.368647207303669,28.7740999910953
"2",0.338508904712135,28.3087670501553
"3",0.342342864221085,28.4210136716292
"4",0.318098864823536,28.0681092196326
"5",0.293055985444165,27.7153933882089
"6",0.246209305569418,27.1126363244681
"7",0.302442378426669,27.8427734970996
"8",0.337901407879589,28.3067190433202
"9",0,25.5511265845067
