"","obs","bmi"
"1",0.361260534774105,28.7155658486835
"2",0.331723224539754,28.2593096181954
"3",0.341199055581677,28.4205404370603
"4",0.319147107600114,28.125684164949
"5",0.300292001639809,27.8310025356098
"6",0.24373761300213,27.0975742837566
"7",0.30533270506232,27.9078522142769
"8",0.331988741298688,28.2403877265928
"9",0,25.5687383062146
