"","obs","bmi"
"1",0.363580323346666,28.7818923894229
"2",0.334027170239861,28.3222967519069
"3",0.340717613166327,28.4249328341344
"4",0.311990120613633,28.0681884157362
"5",0.2887250791031,27.7116678595439
"6",0.24879454536776,27.0818528963703
"7",0.305074370103867,27.8860075656748
"8",0.337042726556363,28.3487473363742
"9",0,25.6177217595425
