"","obs","bmi"
"1",0.360521227008975,28.6516372172961
"2",0.333133239752971,28.2012423636792
"3",0.338358265276635,28.2813814186628
"4",0.31131574094389,27.9113989150498
"5",0.282078780571934,27.5417011419717
"6",0.243603086374591,27.0483721202923
"7",0.308302082309364,27.9180798970868
"8",0.333299558683873,28.2683828537581
"9",0,25.5341175312514
