"","obs","bmi"
"1",0.358617729556728,28.7087660403015
"2",0.329911905057795,28.249590299854
"3",0.340993165080556,28.487901794988
"4",0.319964958575165,28.2670888789267
"5",0.303008857338376,28.0463277077554
"6",0.24151921266178,27.0387136766387
"7",0.31049685591373,27.9279378349033
"8",0.333839707230228,28.2829135161529
"9",0,25.5982857117679
