"","obs","bmi"
"1",0.35613598007287,28.6446066211419
"2",0.327374077119259,28.1910766934243
"3",0.328495487824118,28.2995582737853
"4",0.296139566764492,27.9547455092224
"5",0.26462101401215,27.6101770852918
"6",0.241985638829577,27.0418348416578
"7",0.309288966441412,27.9135426308069
"8",0.337416416089034,28.2507570107372
"9",0,25.5451981015542
