"","obs","bmi"
"1",0.356305355928299,28.6514330324012
"2",0.327683987062684,28.1910256140021
"3",0.341739821493254,28.4151373468081
"4",0.325828896047247,28.178952908417
"5",0.307521920503659,27.9428826885201
"6",0.240553957566812,27.0853117188223
"7",0.312533600204386,27.9498671102301
"8",0.340137103312629,28.3329705176867
"9",0,25.6003558980401
