"","obs","bmi"
"1",0.364841009019715,28.7232355461682
"2",0.334972457219879,28.2673853241604
"3",0.355994266985798,28.4773408974597
"4",0.346841352108767,28.2317008587358
"5",0.337257204982124,27.9863270882238
"6",0.245951340005864,27.0789486929273
"7",0.307962463385241,27.8633269299562
"8",0.334598642938434,28.2801161545283
"9",0,25.580560501023
