"","obs","bmi"
"1",0.359433120292256,28.7497813919258
"2",0.330724709528965,28.284552574483
"3",0.346975745361906,28.390546316417
"4",0.335806420291634,28.0316782880567
"5",0.319966441519665,27.6731972294285
"6",0.250568183101216,27.1408280820052
"7",0.309922494755911,27.95013923061
"8",0.334001928827184,28.2958245763047
"9",0,25.6239969730209
