"","obs","bmi"
"1",0.355354337569591,28.6701783213056
"2",0.325268729890725,28.2190527270335
"3",0.333138176542276,28.3961089000491
"4",0.306511829659574,28.1223712648734
"5",0.282018326652419,27.8489882799365
"6",0.246253627850204,27.0481678973918
"7",0.308091084719069,27.9512782044067
"8",0.332839132812317,28.2956304590176
"9",0,25.6449648595274
