"","obs","bmi"
"1",0.358709454119243,28.6851463054317
"2",0.330430621198502,28.2246915939939
"3",0.345928677692424,28.5007365601296
"4",0.334536450356761,28.3164087978174
"5",0.323063920257943,28.1321652645833
"6",0.241831963895046,27.0669475392001
"7",0.312658406718614,27.9245237052423
"8",0.33854549519355,28.2980742485893
"9",0,25.6195777034176
