"","obs","bmi"
"1",0.360583577262928,28.7333009649319
"2",0.331721711795266,28.285151540069
"3",0.346309262069773,28.4268501892184
"4",0.329315298994375,28.1206893292162
"5",0.311841789017396,27.8148319202255
"6",0.242063936473114,27.0464555647384
"7",0.310670937489987,27.9518409646277
"8",0.333023926240978,28.2631163221013
"9",0,25.6578052727382
