"","obs","bmi"
"1",0.362696131737318,28.7088760275329
"2",0.334344630514443,28.2538880786449
"3",0.353795800356355,28.3794506307357
"4",0.342104123346724,28.0506004006214
"5",0.329541346217222,27.7223706619684
"6",0.237085004634651,26.993933658454
"7",0.307652028079601,27.9180924107104
"8",0.33306488884529,28.3013118576862
"9",0,25.5743114449792
