"","obs","bmi"
"1",0.364969023012227,28.7084045772899
"2",0.335485852674036,28.2603148156437
"3",0.331408064820314,28.318198678626
"4",0.293081010456088,27.9281025853196
"5",0.259909547795892,27.5381158346488
"6",0.242599001547949,27.053535911661
"7",0.304480798149065,27.8761950606672
"8",0.329466461846675,28.2636444937201
"9",0,25.6133900500458
