"","obs","bmi"
"1",0.360923138753669,28.688682543203
"2",0.330610294347789,28.2268840889548
"3",0.348059208376357,28.3820622346936
"4",0.333047380068434,28.0757049086572
"5",0.315515625248665,27.7696237827419
"6",0.240558600613274,27.0311743814962
"7",0.303294899143188,27.8547325424868
"8",0.333653986710937,28.263963061969
"9",0,25.6247705900639
