"","obs","bmi"
"1",0.362752397958515,28.7303658905985
"2",0.332280091005684,28.2763576493435
"3",0.345299026809414,28.4335925336477
"4",0.326327144822455,28.1369694944747
"5",0.305271470675776,27.8405015454493
"6",0.243452659527837,27.043235071447
"7",0.308464151584294,27.9017996201208
"8",0.332566184095233,28.2357983268144
"9",0,25.6119631391204
