"","obs","bmi"
"1",0.364291398846092,28.7477828479068
"2",0.332935376287809,28.2856988671849
"3",0.34744750768578,28.4506661256732
"4",0.332720495424093,28.1537315085532
"5",0.315846817255628,27.8569856612433
"6",0.243997075740813,27.073371849988
"7",0.313062384054389,27.9542480857152
"8",0.331995835488204,28.2672485469993
"9",0,25.6182391797753
