"","obs","bmi"
"1",0.362536399754637,28.7118455502562
"2",0.333738824229199,28.2543627144784
"3",0.345538285937837,28.4388107307787
"4",0.327536262288757,28.1659321928504
"5",0.309333057384909,27.8932148507492
"6",0.250768649036839,27.1448351832133
"7",0.307478324026645,27.8862037103051
"8",0.333503441135372,28.2659155589491
"9",0,25.578968545156
