"","obs","bmi"
"1",0.359253629988288,28.6943512667398
"2",0.330392529995832,28.2452778320918
"3",0.345561600127939,28.3988044863149
"4",0.330489903747714,28.1035686033051
"5",0.311685776067359,27.8086609467153
"6",0.244353690711409,27.0644572161551
"7",0.301823595685966,27.8481688852035
"8",0.340141964576814,28.2976052513134
"9",0,25.5945263684046
