"","obs","bmi"
"1",0.365385011844632,28.7291609097902
"2",0.335667535018723,28.265098229232
"3",0.349259239319366,28.5191602096818
"4",0.332278575821028,28.3092666111251
"5",0.316183145699519,28.0994827777975
"6",0.246074413754895,27.0824502621349
"7",0.306488808686871,27.8992941690389
"8",0.33724319016768,28.3137327548827
"9",0,25.5646831133243
