"","obs","bmi"
"1",0.361727235492929,28.7508738325639
"2",0.332941110552662,28.286901071335
"3",0.346017586226105,28.3873110698932
"4",0.325580568552195,28.0240520520781
"5",0.309061358822288,27.6611115127125
"6",0.246466146100516,27.1302485395745
"7",0.309487539108865,27.9281097668401
"8",0.332980331156681,28.270665073459
"9",0,25.5622639100427
