"","obs","bmi"
"1",0.356113874676541,28.6802928291805
"2",0.326876806310761,28.2176969683227
"3",0.340342610407412,28.3842884981955
"4",0.321752381949767,28.0884528293376
"5",0.305156439309239,27.7927916964408
"6",0.250455471966449,27.1427499383545
"7",0.303936458961085,27.9190238412283
"8",0.333532775627369,28.2729793717544
"9",0,25.5945681714038
