"","obs","bmi"
"1",0.356894507399472,28.6776719371409
"2",0.328356957250297,28.2116585469591
"3",0.34110722169132,28.4020964570626
"4",0.324069118114447,28.1266863626328
"5",0.309135004287037,27.8514470366108
"6",0.247070154201183,27.0909043925248
"7",0.308206523931309,27.90972522101
"8",0.33635872300968,28.3019714088053
"9",0,25.6175979710619
