"","obs","bmi"
"1",0.358907450326565,28.7158866000427
"2",0.329636051161827,28.2578321168632
"3",0.341561071588098,28.3567995915317
"4",0.321847766583548,27.9980657383882
"5",0.301226692892244,27.6397059714432
"6",0.240106160680025,27.0783852168232
"7",0.308892834862988,27.94729241816
"8",0.330549835206378,28.2641798313899
"9",0,25.6033249193495
