"","obs","bmi"
"1",0.355937037447784,28.6317889616767
"2",0.327281881574795,28.1746109988543
"3",0.341178771469122,28.3846800197164
"4",0.326670080926432,28.1376914463113
"5",0.31268469319891,27.8908271085179
"6",0.241584855458986,27.064794717403
"7",0.311294259929996,27.9329809044056
"8",0.332847082814841,28.2555110874387
"9",0,25.616533632465
