"","obs","bmi"
"1",0.35980080943453,28.6802960182798
"2",0.329777483160527,28.2257009614261
"3",0.352143531001605,28.4431662008548
"4",0.344851923489291,28.2062069064946
"5",0.338248380701509,27.9694235371104
"6",0.251432590799702,27.1383609586943
"7",0.302975761643548,27.8708801032439
"8",0.334343016059948,28.2737149041883
"9",0,25.5763082670558
