"","obs","bmi"
"1",0.358257597171128,28.6830607004962
"2",0.328231012744069,28.2288169110082
"3",0.333174843576727,28.2839952683869
"4",0.307246923425814,27.8851428902009
"5",0.278883725432233,27.4865106999452
"6",0.249271979590037,27.1526048964157
"7",0.308485118756608,27.8918900055275
"8",0.334521261505877,28.2875960152502
"9",0,25.5850629450788
