"","obs","bmi"
"1",0.358246454982081,28.6966199408566
"2",0.331280858938864,28.2442535408139
"3",0.335349742186712,28.3628951353926
"4",0.308594561892815,28.0294478107735
"5",0.283616219039463,27.6962926075662
"6",0.240663514681293,27.0107786143131
"7",0.310592963095026,27.9292731913151
"8",0.333326829422112,28.2900768117099
"9",0,25.6374309178615
