"","obs","bmi"
"1",0.365857011003192,28.7476954621929
"2",0.335448714308469,28.2925377036797
"3",0.34396144166486,28.4783930823282
"4",0.320803070244866,28.2092133631123
"5",0.295447739270406,27.9401602185337
"6",0.243174551336539,27.065329179483
"7",0.30797576363372,27.9046902318982
"8",0.336080718623101,28.2785128645615
"9",0,25.5871552118748
