"","obs","bmi"
"1",0.358132695925954,28.6798126194647
"2",0.330132314077452,28.2194880230805
"3",0.347261731531891,28.3734503729277
"4",0.334714322208522,28.0674006000896
"5",0.32192527598187,27.7616803492959
"6",0.241358799762083,27.0473841213498
"7",0.307282151715287,27.8999940853473
"8",0.330532451339211,28.2630956687451
"9",0,25.6044261564715
