"","obs","bmi"
"1",0.355342184230656,28.6739542514948
"2",0.328784349099339,28.2246062506006
"3",0.338391099299833,28.3912171919196
"4",0.3190059685083,28.1086871174663
"5",0.30060564031175,27.8263723362815
"6",0.244870428754556,27.1033386236195
"7",0.304320987446201,27.8231051351391
"8",0.334884867930588,28.3107074921845
"9",0,25.5772763919117
