"","obs","bmi"
"1",0.36466636442276,28.7273900355052
"2",0.333486968490114,28.2658582004261
"3",0.33981223529583,28.3486846109152
"4",0.309812555056736,27.9702879683657
"5",0.282899744371037,27.5922149476108
"6",0.243908005054768,27.0654669177414
"7",0.3114275121497,27.9640250905606
"8",0.330404719349673,28.2493561556974
"9",0,25.5844787672142
