"","obs","bmi"
"1",0.356606484447737,28.6784563352525
"2",0.326508154335221,28.2262003955979
"3",0.338189953688444,28.3058232331441
"4",0.320975296905773,27.9337167633265
"5",0.29854469777174,27.5621759753127
"6",0.249570845567813,27.1237701201583
"7",0.305794580816726,27.8552085709556
"8",0.332991606179856,28.2755117435463
"9",0,25.6026085446104
