"","obs","bmi"
"1",0.361205682814607,28.7330742982988
"2",0.330462991129525,28.2677445016932
"3",0.347664676377589,28.3972174206739
"4",0.332057809639747,28.0616005983088
"5",0.321178552095781,27.7262345532087
"6",0.246950838273714,27.0880534197314
"7",0.314604550859462,27.9337305564655
"8",0.334642928255288,28.2609756792323
"9",0,25.5889852326432
