"","obs","bmi"
"1",0.364395701881989,28.7275871999351
"2",0.334266853379683,28.2693166756811
"3",0.341366715417095,28.4031299925056
"4",0.316205130271309,28.0788165755799
"5",0.294067012543018,27.7546504581494
"6",0.244509935607346,27.0488478288138
"7",0.305082623888837,27.8274856537957
"8",0.33027221409273,28.2426794545831
"9",0,25.5962670269854
