"","obs","bmi"
"1",0.361847306569522,28.6728840595902
"2",0.332490574142755,28.2086246674755
"3",0.343508319732572,28.3500287379756
"4",0.320378065887986,28.027435287243
"5",0.295156113678181,27.7051159512921
"6",0.245753752338405,27.0859834194976
"7",0.306601098625975,27.9133470192557
"8",0.33509474289922,28.2912658584692
"9",0,25.5442828700051
