"","obs","bmi"
"1",0.356651747253178,28.6501112819332
"2",0.327792683860346,28.1987036995526
"3",0.345081028092581,28.4072141623278
"4",0.332546668455009,28.1644119177379
"5",0.319177692705775,27.9217070040945
"6",0.245772704753887,27.0883157501912
"7",0.308837470665886,27.8681479574913
"8",0.336900529022417,28.3535515455273
"9",0,25.5764076374886
