"","obs","bmi"
"1",0.358078799109263,28.6673150606018
"2",0.328902225977948,28.207986372122
"3",0.33126316880266,28.3289534917866
"4",0.301915234164941,27.9906842431372
"5",0.274613140116691,27.6525084176834
"6",0.249216742205987,27.0983226949512
"7",0.311352120794118,27.9499538579574
"8",0.335540422169714,28.3036715513618
"9",0,25.5284510228404
