"","obs","bmi"
"1",0.358323016458724,28.6659314064003
"2",0.328387052134854,28.2050140061912
"3",0.335032003078406,28.2717228731577
"4",0.309319236729487,27.8777744938894
"5",0.281623914781302,27.4841001790413
"6",0.245453691770697,27.0282285076257
"7",0.310462485384147,27.9381757677124
"8",0.319770274682623,28.1720763580584
"9",0,25.5597882419029
