"","obs","bmi"
"1",0.362078186657521,28.7369834723109
"2",0.334522584123982,28.2838005693193
"3",0.342108704475649,28.4674783062918
"4",0.315463155556024,28.1980372716603
"5",0.291533776154371,27.9286596177768
"6",0.239925428061466,27.0222503343368
"7",0.314905818408048,27.9027617303891
"8",0.33530891702513,28.3320476685591
"9",0,25.6368199340283
