"","obs","bmi"
"1",0.360665646199319,28.697274828473
"2",0.330874626178479,28.240055992584
"3",0.339146844854054,28.4322318076789
"4",0.316571644409584,28.1672740864458
"5",0.29183953096907,27.9024034383403
"6",0.241389160668017,26.9855616535912
"7",0.298581524667615,27.8223640653995
"8",0.335663662976477,28.3014744886848
"9",0,25.5973965328651
