"","obs","bmi"
"1",0.362493877658382,28.7377748335078
"2",0.334032646182239,28.2802627909242
"3",0.337784362860521,28.4206502470262
"4",0.307838787421641,28.1036351620385
"5",0.277851746336228,27.7867320708
"6",0.245565981666076,27.1012875020121
"7",0.31160798309476,27.9090025920023
"8",0.329842071709376,28.241700370745
"9",0,25.6304053356596
