"","obs","bmi"
"1",0.36391629323946,28.7580365309918
"2",0.336267462207808,28.3076576012946
"3",0.34375692031217,28.4524057187308
"4",0.319803211973371,28.1469033350299
"5",0.296606322751592,27.8415342484615
"6",0.247452507657205,27.1308580880174
"7",0.308916154072158,27.9072008953196
"8",0.335486720722014,28.3150087309723
"9",0,25.5796584594686
