"","obs","bmi"
"1",0.358734435297777,28.6883591915109
"2",0.329732624680315,28.2280359207304
"3",0.33702541339102,28.3334734481085
"4",0.310039491956417,27.9788535069724
"5",0.285576017819866,27.6245114637991
"6",0.249002427102254,27.1431153731324
"7",0.309676987114732,27.9221953569316
"8",0.334813445713644,28.2771416861384
"9",0,25.6037035299692
