"","obs","bmi"
"1",0.362254627659313,28.7537006651837
"2",0.333302932609966,28.2957757029452
"3",0.344574691608435,28.4259886051793
"4",0.324315638233466,28.0984496391183
"5",0.304212692616067,27.7710899028745
"6",0.242069608667956,27.0772833878997
"7",0.304377633105834,27.868474517248
"8",0.338280717081473,28.3196345809082
"9",0,25.6138455145618
