"","obs","bmi"
"1",0.35936783865918,28.686653176128
"2",0.32949826824894,28.2309647607714
"3",0.340039306471845,28.383212122902
"4",0.319028299714379,28.0801138718698
"5",0.300792960965835,27.777379033751
"6",0.252427731284228,27.1703400536104
"7",0.306765710103112,27.9339462731653
"8",0.331680077057513,28.2676247035829
"9",0,25.5610704665725
