"","obs","bmi"
"1",0.358501446236484,28.6833865273604
"2",0.329907701957822,28.2221302680852
"3",0.335674977658516,28.3928538509028
"4",0.310386983196407,28.1023868142217
"5",0.281644794503109,27.8119861521015
"6",0.247485066334853,27.1198896760323
"7",0.30850064625486,27.9607076737666
"8",0.340847853298396,28.3459698374794
"9",0,25.5403260195284
