"","obs","bmi"
"1",0.352805798072966,28.6265004270248
"2",0.323065990947169,28.1708604718332
"3",0.34522992616757,28.284580070552
"4",0.336115538902177,27.9431516149684
"5",0.329278732684456,27.6022491416006
"6",0.239396007987727,27.0780859000754
"7",0.311760986413724,27.9178194034542
"8",0.342627345946405,28.3348059460518
"9",0,25.5781436323477
