"","obs","bmi"
"1",0.363292067379841,28.7513696583278
"2",0.3320750411355,28.2929665644291
"3",0.343401233776297,28.4732365821322
"4",0.324342523187316,28.1952796478373
"5",0.304887227674006,27.9175051236765
"6",0.244139633595965,27.045618819812
"7",0.304701355420758,27.8814242719708
"8",0.331249905440615,28.2188129362019
"9",0,25.6104255932479
