"","obs","bmi"
"1",0.359209878741548,28.7050300193727
"2",0.329564158353113,28.2396222244182
"3",0.341483701954746,28.4372187162722
"4",0.325366778574343,28.169593978313
"5",0.305592641260097,27.9021632497925
"6",0.24923059468389,27.1141325745328
"7",0.309896443023514,27.9234716683324
"8",0.33184531183958,28.264442311212
"9",0,25.586389564136
