"","obs","bmi"
"1",0.356328624417682,28.6469229985077
"2",0.325809160060782,28.1810280786746
"3",0.3389068533445,28.3581587987963
"4",0.320361357700297,28.0694963064104
"5",0.302813834338347,27.7809389341877
"6",0.245234201739598,27.1061184588492
"7",0.299094537132271,27.7786508186175
"8",0.327025041945041,28.1474662892412
"9",0,25.5878780233869
