"","obs","bmi"
"1",0.360823700874078,28.7428845986626
"2",0.329851929961668,28.2690422943725
"3",0.339245864376167,28.4287957616208
"4",0.314519144908261,28.1148164799046
"5",0.290888582482868,27.8009500242652
"6",0.245411534678358,27.0991244052698
"7",0.306818433705568,27.9251148265423
"8",0.330287351188722,28.2252292869095
"9",0,25.6714875080126
