"","obs","bmi"
"1",0.355798996285303,28.625730358866
"2",0.325717832809064,28.1735448124193
"3",0.339274553485606,28.387932975966
"4",0.321830900312916,28.1502870774838
"5",0.305332090284513,27.9127981094416
"6",0.246432118511183,27.0753434977809
"7",0.314675629223931,27.9568270445218
"8",0.335039305816215,28.2850297762939
"9",0,25.5238242905131
