"","obs","bmi"
"1",0.364357724698387,28.7436798613108
"2",0.332112020057062,28.2775869533576
"3",0.353602996212226,28.5054420814649
"4",0.34324126847627,28.2673471282171
"5",0.3311904671399,28.0294029930822
"6",0.241544350266836,27.0877403774169
"7",0.307363080179997,27.9158576322832
"8",0.336252435177704,28.3282339947501
"9",0,25.5853497113797
