"","obs","bmi"
"1",0.356917419353985,28.6797709570809
"2",0.329604016218384,28.2154598794559
"3",0.33868445993721,28.3789881616013
"4",0.316119811819279,28.0784267883089
"5",0.291699058337438,27.7780948459004
"6",0.242675336170344,27.0457409021541
"7",0.307618744396643,27.9187531852572
"8",0.328605243944998,28.2283724538677
"9",0,25.5939947024697
