"","obs","bmi"
"1",0.362446174452507,28.7168598686799
"2",0.330550312534221,28.254293021035
"3",0.341251044246033,28.3701899793512
"4",0.318480869119423,28.0237151274053
"5",0.293911249223503,27.6774423115966
"6",0.24582988460173,27.0848741303607
"7",0.310119881804591,27.9369625468954
"8",0.331887850584326,28.2584607009205
"9",0,25.6014331412968
