"","obs","bmi"
"1",0.36594882033078,28.7850796315941
"2",0.33332175989035,28.3221671336371
"3",0.352589144522567,28.5074559582363
"4",0.338112846202475,28.2299803885263
"5",0.323466443937785,27.95265984692
"6",0.247397199299343,27.0878803776679
"7",0.305604279288951,27.8873519342752
"8",0.332632383133753,28.2633166662181
"9",0,25.6210897461058
