"","obs","bmi"
"1",0.358873994557543,28.6945079259742
"2",0.330390067858291,28.2350572714122
"3",0.335063352306309,28.3451302603364
"4",0.308397118620949,27.9959625875744
"5",0.277300328826117,27.6470116396602
"6",0.238299706220608,27.0380629253641
"7",0.312424306993598,27.9340567489885
"8",0.336050233491643,28.3219950087971
"9",0,25.5865554849953
