"","obs","bmi"
"1",0.364392267741063,28.6749675849945
"2",0.335302566048244,28.2201558218412
"3",0.340761578288984,28.3331247944759
"4",0.315641000471312,27.9914663981763
"5",0.291774457056539,27.6499989384708
"6",0.245509471758132,27.0410015657064
"7",0.309057784063891,27.9409607765148
"8",0.33799527725333,28.3127013047827
"9",0,25.5814750470129
