"","obs","bmi"
"1",0.362602097906474,28.8043083388015
"2",0.333928300029431,28.3486777626558
"3",0.341349249518027,28.4851215320926
"4",0.316220797606464,28.166147464448
"5",0.296743047986777,27.8473948615256
"6",0.244973556522979,27.064124421068
"7",0.305734502706479,27.8425144082421
"8",0.334088032794119,28.2805582319321
"9",0,25.636023414499
