"","obs","bmi"
"1",0.357832508465598,28.7094974075669
"2",0.330803865040498,28.2523250194718
"3",0.337670073191012,28.3692842276414
"4",0.312316060888531,28.0293369376385
"5",0.292241088504872,27.6896663542933
"6",0.247757130116968,27.108795516799
"7",0.304360466345814,27.8650933423625
"8",0.335625344677956,28.2763843567756
"9",0,25.6399954909866
