"","obs","bmi"
"1",0.363275566390804,28.720814639268
"2",0.334697020663838,28.263059720307
"3",0.33938980863302,28.3414000097735
"4",0.315174458212004,27.962405135172
"5",0.290002958276667,27.5838579158179
"6",0.244091960125409,27.0381500310415
"7",0.303543079945772,27.8868333430627
"8",0.33845185750407,28.3403511761408
"9",0,25.5313217453304
