"","obs","bmi"
"1",0.358327811798303,28.6608178125667
"2",0.32739185043491,28.2105400338835
"3",0.340278058492617,28.4019595211617
"4",0.323239973879586,28.1432001958958
"5",0.303311548687424,27.8845425825672
"6",0.243715720158037,27.0849147246139
"7",0.309123420758371,27.9481350472971
"8",0.336216783244427,28.2443647384754
"9",0,25.5817771604965
