"","obs","bmi"
"1",0.360163820674984,28.7323050573185
"2",0.331225944639437,28.2746787283963
"3",0.33538854748995,28.3688731506643
"4",0.308144633736906,28.0059091395481
"5",0.27891772814235,27.6434467974241
"6",0.231731125546773,26.9821896740068
"7",0.313313804596868,27.972369474022
"8",0.331567932433016,28.2594006550208
"9",0,25.5880103021888
