"","obs","bmi"
"1",0.363636853147784,28.7557752133935
"2",0.332746795550658,28.3040620416289
"3",0.343058613793021,28.4366229259978
"4",0.320078839936263,28.1176160084798
"5",0.294579658410923,27.7987594235659
"6",0.245048978113298,27.0551164633701
"7",0.303802660454135,27.8805025219608
"8",0.3289812792514,28.1974848751095
"9",0,25.6163889551225
