"","obs","bmi"
"1",0.359720584120185,28.7257647619704
"2",0.329456612023563,28.2649914270231
"3",0.341561347763154,28.3778691687459
"4",0.325224231029546,28.0302237565769
"5",0.305221306839202,27.6828402667669
"6",0.247659327030957,27.0855336868997
"7",0.304767170295615,27.8686848701555
"8",0.330267217297244,28.231171898288
"9",0,25.5909697328071
