"","obs","bmi"
"1",0.361457517910787,28.7542693925837
"2",0.330166492034022,28.2903514186082
"3",0.343259028200484,28.4049197813233
"4",0.322980644695796,28.0559694941737
"5",0.304528616792617,27.7074441061568
"6",0.244549528194945,27.0587764081339
"7",0.315408673052545,27.9157695659352
"8",0.332797126943019,28.2609698517779
"9",0,25.6006482893155
