"","obs","bmi"
"1",0.356851680900592,28.6879162082966
"2",0.324294083188455,28.2222126653379
"3",0.338856060234803,28.3350622828351
"4",0.318961518288592,27.9824998222
"5",0.298982659511516,27.6302414292077
"6",0.248749325116125,27.1157833832556
"7",0.314664062851592,27.9563297240543
"8",0.331379795171458,28.2518897536365
"9",0,25.6036947170127
