"","obs","bmi"
"1",0.358012938317007,28.7060099061904
"2",0.327705737697265,28.2412893497756
"3",0.336101784891344,28.3779469254482
"4",0.311690718692699,28.050174034136
"5",0.288572209228951,27.7227077728956
"6",0.241768733245994,27.0676767590341
"7",0.309374043136285,27.8826920287169
"8",0.338581405752476,28.2761159866409
"9",0,25.6944401928031
