"","obs","bmi"
"1",0.356766290898145,28.6761612371621
"2",0.328151227712997,28.2192961539563
"3",0.326222011242505,28.294305345507
"4",0.292491384675613,27.9126124279026
"5",0.260845753502771,27.5310827070604
"6",0.239808537947674,27.0030480170544
"7",0.314168458458306,27.9583613073252
"8",0.335547538291743,28.313686638921
"9",0,25.615037032828
