"","obs","bmi"
"1",0.354225372317773,28.6668465652739
"2",0.32540531546713,28.208634037965
"3",0.341566141600885,28.3915683136861
"4",0.329323807706687,28.1164771170176
"5",0.313036308863305,27.841579986735
"6",0.246648331175607,27.068923527529
"7",0.301083037149321,27.8639159665003
"8",0.334781832850922,28.2748762443761
"9",0,25.5779634063945
