"","obs","bmi"
"1",0.361663347092821,28.7421720747364
"2",0.331966002941854,28.2858141296288
"3",0.339613496626667,28.3946024478961
"4",0.316891516391772,28.0473131383391
"5",0.294474519729386,27.7003173501019
"6",0.245772363493249,27.1246836347135
"7",0.30591984652239,27.8922922817742
"8",0.3399048834807,28.2977621987028
"9",0,25.5922358640127
