"","obs","bmi"
"1",0.364221181567282,28.7549929319648
"2",0.334935077609335,28.295536279649
"3",0.351570339206659,28.5866838251004
"4",0.337585313629939,28.4184905700103
"5",0.324984895560526,28.2504152728841
"6",0.247348686850787,27.0667544095353
"7",0.315517824274422,27.9608979948281
"8",0.333732444511673,28.3020789811628
"9",0,25.5848740398263
