"","obs","bmi"
"1",0.358173715370882,28.7119179194753
"2",0.327386949821411,28.24809495266
"3",0.33285504638341,28.4265051731616
"4",0.302756380912452,28.1412600136
"5",0.27526816030745,27.8561885948607
"6",0.246581270191778,27.041340880479
"7",0.305639829474928,27.9547075055878
"8",0.333215078361655,28.2479017160774
"9",0,25.6644458748928
