"","obs","bmi"
"1",0.357357235342579,28.6253622238258
"2",0.328498043930643,28.1692574004833
"3",0.340338293314407,28.3616692134248
"4",0.323753752412405,28.0980655579514
"5",0.302282793832597,27.8345536271241
"6",0.246382922144379,27.0766810403434
"7",0.312731785234022,27.9785520171812
"8",0.335725427713641,28.3119460563172
"9",0,25.5693161019695
