"","obs","bmi"
"1",0.358122014697273,28.6958120448279
"2",0.326347180404778,28.2340562832918
"3",0.339539632294641,28.3857927822502
"4",0.318761517510781,28.0761617977866
"5",0.298050669744747,27.7669455483227
"6",0.245142708921591,27.0878997419937
"7",0.309541199304439,27.887839880019
"8",0.331339627747145,28.2552287745681
"9",0,25.6023461567467
