"","obs","bmi"
"1",0.362290749020676,28.7062133622855
"2",0.330981221149833,28.2464734494085
"3",0.347881302713334,28.4455270669328
"4",0.331026422623982,28.1850426190626
"5",0.316801315281077,27.9247676624732
"6",0.248963039214857,27.1011462558311
"7",0.308578565953367,27.9114351684328
"8",0.333793554793629,28.2725025633785
"9",0,25.5661376954913
