"","obs","bmi"
"1",0.362526894953517,28.7148906133114
"2",0.332591491615892,28.2538426827184
"3",0.340773761466203,28.4471411557976
"4",0.317274917454292,28.1795936840036
"5",0.29392829030293,27.912257670171
"6",0.242257076275234,27.0302473613731
"7",0.304109754593214,27.8735811946536
"8",0.334074578676668,28.2664156215707
"9",0,25.5753651699518
