"","obs","bmi"
"1",0.360745731910969,28.6955358197691
"2",0.331505261953407,28.2355877012521
"3",0.342971499947727,28.3203429314683
"4",0.324056045987257,27.9455091575033
"5",0.301490870358711,27.5710546187329
"6",0.244490398238163,27.0236145080543
"7",0.306634633181355,27.8806762222313
"8",0.332296926565782,28.2517248397221
"9",0,25.6107050282591
