"","obs","bmi"
"1",0.364160184776127,28.7341716399555
"2",0.333768792494501,28.2716909676383
"3",0.341503260012664,28.4437917289284
"4",0.313712070497999,28.153505804008
"5",0.287786350150707,27.8633149008129
"6",0.247921165938203,27.1224078680313
"7",0.30680972832513,27.9534616593997
"8",0.335729411468378,28.2555597710161
"9",0,25.5825216255452
