"","obs","bmi"
"1",0.355263710675903,28.6370238436326
"2",0.32390475596321,28.1768563088336
"3",0.327719720627783,28.2887998632717
"4",0.296640029358992,27.9406877964669
"5",0.267108372174535,27.5926885011803
"6",0.23962774017061,27.0648628094735
"7",0.309730206363846,27.9280173443639
"8",0.332446721577687,28.2727693619258
"9",0,25.5929555666036
