"","obs","bmi"
"1",0.355745034441716,28.6247250628573
"2",0.326307581821875,28.1662033001192
"3",0.333371346658766,28.251261152661
"4",0.30685176697189,27.8781692636366
"5",0.281579148625101,27.5054711978175
"6",0.24861983536261,27.1694733268723
"7",0.30070009261519,27.8270380682055
"8",0.335412170322334,28.2498907649575
"9",0,25.5924904072795
