"","obs","bmi"
"1",0.364467763803581,28.7259234249185
"2",0.33662183837233,28.2762647656795
"3",0.347336195715437,28.4225086367865
"4",0.324441220789838,28.119235903332
"5",0.302776866594619,27.8161109025167
"6",0.248461618889234,27.1195169239234
"7",0.307087854752915,27.8734817610163
"8",0.334550478674153,28.307920497003
"9",0,25.5544874553236
