"","obs","bmi"
"1",0.363181480194833,28.7554664551569
"2",0.334700595436591,28.3052519495672
"3",0.335175290767827,28.3783462974631
"4",0.303016449884805,28.001442089908
"5",0.272797657608924,27.6247602386382
"6",0.242229926780917,27.0958175974571
"7",0.305481859860755,27.8764200619805
"8",0.336565003436052,28.3217069570858
"9",0,25.6203116260676
