"","obs","bmi"
"1",0.353872530300997,28.5944022394286
"2",0.323452339055379,28.1367767144211
"3",0.330901056482865,28.2578418384047
"4",0.308792306800076,27.9214407411714
"5",0.286146059916084,27.5852020718376
"6",0.245142853280338,27.0956719102774
"7",0.305382215931504,27.9021420410276
"8",0.334934743928073,28.2886275200166
"9",0,25.5694287877199
