"","obs","bmi"
"1",0.364731616367085,28.7130003378765
"2",0.334387330067483,28.2538391142415
"3",0.344048113693159,28.3505788391273
"4",0.322184389163596,27.9884638201205
"5",0.296254646295307,27.6266708877566
"6",0.255220143642942,27.1579463980297
"7",0.302360975361117,27.862321549157
"8",0.331127163557118,28.2172410964779
"9",0,25.5951887432779
