"","obs","bmi"
"1",0.357687519964073,28.6639962112011
"2",0.329028704791123,28.2116994046987
"3",0.339038534787863,28.3164787890817
"4",0.318353843622518,27.9693614819083
"5",0.297898700190753,27.6226696629303
"6",0.245170172915862,27.0690500490215
"7",0.308594936437255,27.9098073979702
"8",0.336388594049992,28.3103429876166
"9",0,25.6027126006719
