"","obs","bmi"
"1",0.356894507399472,28.6776719371409
"2",0.327875460192521,28.2125066362344
"3",0.338644039184685,28.3317784189131
"4",0.319679226266561,27.9862141409825
"5",0.300051271359428,27.6409966620991
"6",0.247070154201183,27.0909043925248
"7",0.308206523931309,27.90972522101
"8",0.33635872300968,28.3019714088053
"9",0,25.6175979710619
