"","obs","bmi"
"1",0.360714836078793,28.7171639460614
"2",0.330817622528977,28.2626143388102
"3",0.343089469451848,28.4949633706652
"4",0.326172057353717,28.2728161208115
"5",0.308012455794462,28.0507232346814
"6",0.240808218655433,26.9979301924864
"7",0.305061772193276,27.9037249109497
"8",0.337582990874299,28.3227811179416
"9",0,25.5953297344469
