"","obs","bmi"
"1",0.360221952204395,28.6934751726797
"2",0.330630264740143,28.2348469096495
"3",0.339847716473694,28.4541312129767
"4",0.312991866593439,28.2149198619299
"5",0.291969139321904,27.9758456813871
"6",0.24639418143043,27.0972760873768
"7",0.305437011877508,27.8789391701514
"8",0.332475001569677,28.2762716993203
"9",0,25.6024475892606
