"","obs","bmi"
"1",0.367296421571913,28.7348792494718
"2",0.336594719937239,28.2800054854156
"3",0.340162743014633,28.335274748342
"4",0.308549850768469,27.9361258693681
"5",0.279022138208265,27.5374642253524
"6",0.245752635928914,27.0886480862025
"7",0.309198708717313,27.8930547800865
"8",0.334611171335424,28.2586118538455
"9",0,25.6027978445434
