"","obs","bmi"
"1",0.357122906215922,28.6864914551465
"2",0.329126069019566,28.2335185427003
"3",0.333802794780095,28.3815210903834
"4",0.307989849321369,28.0767445587498
"5",0.279366251782547,27.7721696148387
"6",0.243835239495469,27.0783412512678
"7",0.3080577627792,27.915784626802
"8",0.334250592331727,28.2571753930317
"9",0,25.6072436080608
