"","obs","bmi"
"1",0.357417217434731,28.6571945278855
"2",0.327465539748871,28.2006789811675
"3",0.334576456623196,28.3404602891497
"4",0.312469828153286,28.0238322185628
"5",0.286479391571921,27.7073124390101
"6",0.243999054899233,27.0289886317867
"7",0.307297754448316,27.9003532656673
"8",0.33486597623445,28.2757055385787
"9",0,25.5446840542521
