"","obs","bmi"
"1",0.365003877902263,28.781148415455
"2",0.335581637655734,28.3223438365673
"3",0.354988223083867,28.5667147355626
"4",0.343136337755251,28.3523320596256
"5",0.330824394686253,28.1380013188064
"6",0.247625538413013,27.127264676713
"7",0.307292824569436,27.8630065042119
"8",0.329507265925491,28.2475900416652
"9",0,25.6149389562546
