"","obs","bmi"
"1",0.365124378794293,28.7939726138843
"2",0.336488885118064,28.3306337470947
"3",0.346990299950223,28.4302150495641
"4",0.331541207488076,28.0669595959776
"5",0.312706051708511,27.7042433964451
"6",0.242806956142167,27.057629953322
"7",0.307653111556091,27.9060295974457
"8",0.330106443765002,28.275661736624
"9",0,25.6326736674694
