"","obs","bmi"
"1",0.360740149454419,28.7104423766744
"2",0.331949844146117,28.2489526008865
"3",0.327925497715038,28.3083334609081
"4",0.289088646591552,27.9063508225277
"5",0.257809956862671,27.5044944987965
"6",0.238939319807968,27.0083518071327
"7",0.308444242162509,27.9300581896768
"8",0.339378260279015,28.3296153337312
"9",0,25.5766595742607
