"","obs","bmi"
"1",0.358907533716008,28.7466980537421
"2",0.330370525785741,28.2842161076477
"3",0.340905336128175,28.430716900325
"4",0.320629137797817,28.1149126075031
"5",0.300681184904418,27.799292030831
"6",0.247007670333888,27.0696493066388
"7",0.304864789351123,27.8484941020922
"8",0.33744991675579,28.3068230142255
"9",0,25.6516879707663
