"","obs","bmi"
"1",0.35496886447319,28.7115841856
"2",0.327577172935256,28.2539015217195
"3",0.351762950640392,28.4995843571901
"4",0.348184191815689,28.2877615885995
"5",0.344327719300921,28.0761284952401
"6",0.246003625246482,27.0733770695784
"7",0.309799223494524,27.9256491452086
"8",0.328251189503286,28.2106232440825
"9",0,25.6208707920775
