"","obs","bmi"
"1",0.359632829988934,28.6798551112825
"2",0.330965319796467,28.2245398694233
"3",0.341759432170644,28.3345412524879
"4",0.322914151068121,27.9894334981878
"5",0.298807956046776,27.6445418732452
"6",0.250951684590681,27.146943052665
"7",0.302864325927407,27.8610387906252
"8",0.335772690013587,28.2801341441143
"9",0,25.6235592925212
