"","obs","bmi"
"1",0.358473551022782,28.6703932957503
"2",0.328537717207833,28.2075205443092
"3",0.345728097083266,28.467478799027
"4",0.330057025905772,28.2646795957477
"5",0.312955387410799,28.0619995944375
"6",0.245215080328867,27.0867467520966
"7",0.307576894161675,27.87075941476
"8",0.336397069436314,28.2742810327105
"9",0,25.5998515415014
