"","obs","bmi"
"1",0.358483245833289,28.6712171927923
"2",0.329582695801405,28.2213558886238
"3",0.339145350105763,28.3414007105787
"4",0.320754146012659,28.0119777699809
"5",0.300813792636837,27.6829751521708
"6",0.241122975183579,27.0514644102821
"7",0.303377406336772,27.8877421915948
"8",0.33518187522156,28.3007716513528
"9",0,25.5529735351266
