"","obs","bmi"
"1",0.36325920982717,28.7539194465744
"2",0.334214152834991,28.3029183691441
"3",0.336322587275721,28.4065702682437
"4",0.304620001198736,28.0592964115421
"5",0.276960168077986,27.7120981374108
"6",0.24337525449548,27.0603963490491
"7",0.313306382216957,27.9875980257037
"8",0.334958303512526,28.3052828084415
"9",0,25.6663184955325
