"","obs","bmi"
"1",0.351255326261052,28.5861733359764
"2",0.322907208156721,28.1293725698833
"3",0.325931542397755,28.2067391223123
"4",0.300267932445818,27.8274802444577
"5",0.276405284630354,27.448403553709
"6",0.248916023611443,27.1196567869145
"7",0.306190318298009,27.8913585142276
"8",0.330761616340606,28.2695420236031
"9",0,25.5575728090756
