"","obs","bmi"
"1",0.358327811798303,28.6608178125667
"2",0.327528263531202,28.2032709952921
"3",0.3395195608834,28.3656225662155
"4",0.319070771073748,28.0705541678345
"5",0.297865740691561,27.7756158122355
"6",0.243715720158037,27.0849147246139
"7",0.309123420758371,27.9481350472971
"8",0.336216783244427,28.2443647384754
"9",0,25.5817771604965
