"","obs","bmi"
"1",0.358501446236484,28.6833865273604
"2",0.329918377148683,28.234552571892
"3",0.347268253876646,28.294284700811
"4",0.336787311597317,27.9058457397171
"5",0.325605668041574,27.5181228277997
"6",0.247485066334853,27.1198896760323
"7",0.30850064625486,27.9607076737666
"8",0.340847853298396,28.3459698374794
"9",0,25.5403260195284
