"","obs","bmi"
"1",0.355528891944853,28.6872404342386
"2",0.326334948426512,28.2222348090705
"3",0.336089399175645,28.3516661534397
"4",0.317042991703437,28.016336166926
"5",0.294250771190957,27.681261114564
"6",0.244891956919763,27.0544998351372
"7",0.308973041991213,27.9266304063536
"8",0.332187974449824,28.2946843129757
"9",0,25.6088906001209
