"","obs","bmi"
"1",0.354633786224106,28.5830042834305
"2",0.326398506437044,28.1318498986527
"3",0.344395470363771,28.2935804533425
"4",0.334468394660861,28.0043550986507
"5",0.324880574677555,27.715335841455
"6",0.238441577258877,26.9606772664978
"7",0.312791449109852,27.9498460762605
"8",0.33939145440623,28.2955831513011
"9",0,25.586160835532
