"","obs","bmi"
"1",0.360657780167227,28.7018557444877
"2",0.329077360440467,28.2405089516378
"3",0.339159963060752,28.3200673024565
"4",0.315239108735158,27.9389342511171
"5",0.294455912213106,27.5585151183384
"6",0.242252933929563,27.0308461826993
"7",0.31493103868172,27.9435329852273
"8",0.330698431032135,28.2275138718617
"9",0,25.6402325894409
