"","obs","bmi"
"1",0.35532254447191,28.6390679519209
"2",0.325601963463576,28.1801783423007
"3",0.333834574083329,28.3005238431336
"4",0.310912739842114,27.9622603078076
"5",0.28842482675894,27.6242914836135
"6",0.244474416031064,27.1205374633796
"7",0.308355283241001,27.9190391513279
"8",0.340058407805512,28.3236907374091
"9",0,25.594181018514
