"","obs","bmi"
"1",0.359979553099854,28.7133027323306
"2",0.332947997739072,28.2587213033424
"3",0.339082468883482,28.3967213767118
"4",0.317120055119704,28.0804588206667
"5",0.290909435754084,27.7645334706129
"6",0.242824788484671,27.0601039012772
"7",0.310909231058047,27.92459337667
"8",0.346291378977845,28.4004456732985
"9",0,25.5929009704845
