"","obs","bmi"
"1",0.361550885101339,28.7127153272319
"2",0.332988324546073,28.2541031271165
"3",0.341627439400048,28.4379288811814
"4",0.320503683790954,28.1632365707788
"5",0.297923107470723,27.8886406245008
"6",0.243671524829087,27.0859131004027
"7",0.309163236961363,27.9184861735776
"8",0.337607756701895,28.273142065086
"9",0,25.5935853750685
