"","obs","bmi"
"1",0.363279488894608,28.7102488252067
"2",0.329803353809488,28.2500164219656
"3",0.33901767465399,28.3363449959475
"4",0.314682317457908,27.9628618532425
"5",0.289228748884536,27.5898264193351
"6",0.240916503780223,27.0167508636213
"7",0.31011959700441,27.9175398568298
"8",0.340523624991761,28.3302692547394
"9",0,25.5726483877898
