"","obs","bmi"
"1",0.357482251934916,28.6653206836597
"2",0.328669930362288,28.2088561454312
"3",0.342218466233519,28.4435989221313
"4",0.325980287904726,28.2219271598734
"5",0.309866628189831,28.0003060568087
"6",0.252102889376433,27.1185735458336
"7",0.30633011954812,27.858272438326
"8",0.336503444864523,28.3076077543507
"9",0,25.5793596420544
