"","obs","bmi"
"1",0.364646925050863,28.7555295112879
"2",0.335648156167105,28.2978766532063
"3",0.341820103563636,28.4760859180382
"4",0.316569184846818,28.1967820657355
"5",0.289375026944877,27.9176208365786
"6",0.243864678990791,27.0500859185902
"7",0.306016366314042,27.9133173408106
"8",0.334580289472623,28.2326449057039
"9",0,25.5618465606181
