"","obs","bmi"
"1",0.361172829775801,28.678671345885
"2",0.330549976130874,28.2171732601052
"3",0.342048580346799,28.3709796649566
"4",0.321907215019101,28.0634719976925
"5",0.300202851388362,27.7561546456716
"6",0.244391862454007,27.0823367774887
"7",0.312977477544706,27.9207985020256
"8",0.336927189038272,28.2571225288444
"9",0,25.5674878019522
