"","obs","bmi"
"1",0.365014038480201,28.6989753748872
"2",0.331977949591539,28.2450816866894
"3",0.341128393971618,28.3091288404823
"4",0.313314262578983,27.9196812152697
"5",0.28327140386522,27.5306568172525
"6",0.243936889097956,27.0360948285994
"7",0.306039567597466,27.9058016517472
"8",0.333010827405293,28.2888168229722
"9",0,25.5920235358303
