"","obs","bmi"
"1",0.356739769440466,28.6356021795475
"2",0.324966491794767,28.1732625193627
"3",0.328867200081156,28.3305200536265
"4",0.299558195197866,28.0256014656342
"5",0.274977299635984,27.7208493771028
"6",0.248504434911393,27.1022823726854
"7",0.310391178415351,27.894556566719
"8",0.331553030639845,28.2639076732959
"9",0,25.6191923368424
