"","obs","bmi"
"1",0.360213823831241,28.6880583676266
"2",0.33167656195242,28.232470650043
"3",0.339952020981646,28.3449352826853
"4",0.320478987626944,28.0020888321631
"5",0.296546276692424,27.6595315667174
"6",0.239067800212486,27.0296655320931
"7",0.30703272542242,27.8924860146935
"8",0.338824087730679,28.2886746298813
"9",0,25.5892164625381
