"","obs","bmi"
"1",0.362389894740907,28.7602579307383
"2",0.334816981243168,28.3035748923362
"3",0.344468902458518,28.4177588591555
"4",0.324298941420803,28.0755869319369
"5",0.300006054398096,27.7337599329442
"6",0.241333295947012,27.0611280348703
"7",0.308127558966159,27.8737626232644
"8",0.333745400026213,28.2743799096043
"9",0,25.6048873688081
