"","obs","bmi"
"1",0.356630167230473,28.6842677229934
"2",0.327101432660176,28.2291385890537
"3",0.324192616901182,28.2848607797066
"4",0.288065929071983,27.8856386280233
"5",0.258330148510335,27.4866047980941
"6",0.245096653425821,27.0747786255727
"7",0.305717535792506,27.8810363550061
"8",0.336042463320417,28.3034654496682
"9",0,25.6225793486506
