"","obs","bmi"
"1",0.365862684478308,28.747413050984
"2",0.335457933078669,28.2932761933037
"3",0.341481767516207,28.4999516403094
"4",0.319068627578205,28.2525663736228
"5",0.295732655448134,28.0052582528186
"6",0.239636712546776,27.0240026738652
"7",0.305208296125961,27.8667804068776
"8",0.328747553225475,28.2388977941542
"9",0,25.5602779621232
