"","obs","bmi"
"1",0.36433690440472,28.7209023944036
"2",0.334994371912644,28.2642492682865
"3",0.344828687691318,28.3970307547294
"4",0.32496699884606,28.0733528666187
"5",0.303460841267278,27.7498749750049
"6",0.245142284412587,27.0921216301012
"7",0.301980278244867,27.8443033428635
"8",0.341000147720201,28.3575275972434
"9",0,25.5400833833204
