"","obs","bmi"
"1",0.35967098956947,28.6750527987592
"2",0.328601382888711,28.2195172007853
"3",0.33480654558483,28.239591989183
"4",0.310407014319583,27.8046033498919
"5",0.285498881056658,27.3701176208447
"6",0.245526218162456,27.0893480493179
"7",0.306343784291182,27.8976161337796
"8",0.333480122687476,28.2566602320674
"9",0,25.5967014206961
