"","obs","bmi"
"1",0.358431409456839,28.6669568879754
"2",0.32784866074538,28.2132278095689
"3",0.334115179547936,28.3629997236784
"4",0.308448605437719,28.0591477921078
"5",0.281630333450667,27.7554029125098
"6",0.242384042678321,27.0183694876195
"7",0.310052641092913,27.9326956101321
"8",0.340747545689663,28.3053204882389
"9",0,25.5531410684037
