"","obs","bmi"
"1",0.360315625500885,28.6665125282525
"2",0.330407866101519,28.2090666247291
"3",0.341805032697933,28.3628502270561
"4",0.321260865700897,28.0594614839414
"5",0.298697580402326,27.7563605671163
"6",0.244162910031725,27.0778998344751
"7",0.31049224782795,27.9112579689918
"8",0.341964157066335,28.3034313210532
"9",0,25.5749550786705
