"","obs","bmi"
"1",0.359129144407796,28.6880476809988
"2",0.328123709572654,28.2324565405718
"3",0.347142570058977,28.4685593933898
"4",0.334389409673642,28.2492271918872
"5",0.319280100509489,28.0300581451289
"6",0.245464776462904,27.0608172909794
"7",0.30057550580247,27.8316114090739
"8",0.337221371968109,28.3071356872066
"9",0,25.5893071398323
