"","obs","bmi"
"1",0.356736947296894,28.6973442127417
"2",0.328042798589703,28.2435538146096
"3",0.341551114870062,28.4100324566561
"4",0.323551284401219,28.1228268392923
"5",0.305458823787539,27.8357312199126
"6",0.240915799215517,27.0151146745923
"7",0.302151917562546,27.8980761913594
"8",0.340258348226421,28.3362820825198
"9",0,25.6056005357317
