"","obs","bmi"
"1",0.355858176320532,28.6122409788082
"2",0.326510701938005,28.1566722978317
"3",0.333633523095224,28.2371708444731
"4",0.308958387044753,27.8623944184925
"5",0.281849604431043,27.4879251825179
"6",0.248868108189955,27.1383807471749
"7",0.309962181132082,27.9497179408251
"8",0.336759954224367,28.3424559682216
"9",0,25.5732170299376
