"","obs","bmi"
"1",0.358279263039011,28.6848741710851
"2",0.32793441401695,28.2290973100741
"3",0.333200704017866,28.3922372440914
"4",0.307672496519404,28.0996967834051
"5",0.281843382758977,27.8072542282548
"6",0.24224857893325,27.0342354275764
"7",0.3084491566339,27.8961525394826
"8",0.331586012307481,28.2659471785078
"9",0,25.5486312998059
