"","obs","bmi"
"1",0.356139651053624,28.6740699024685
"2",0.325365513796995,28.2221211167217
"3",0.340435274074467,28.3918961054531
"4",0.326034885900177,28.1098627924852
"5",0.308249301148863,27.8279742812182
"6",0.248347305443487,27.1100377538831
"7",0.301315868382841,27.8417465702762
"8",0.333841044976172,28.2941847527062
"9",0,25.5761603957864
