"","obs","bmi"
"1",0.359287566180929,28.6757439270877
"2",0.330871867162483,28.2207609506014
"3",0.348411279347898,28.5250906972627
"4",0.336914024598253,28.3745815570128
"5",0.325293389189882,28.2242210674646
"6",0.244371773637632,27.0383384986852
"7",0.301648440277557,27.8287966516674
"8",0.333079934781978,28.2918043554356
"9",0,25.5663866795836
