"","obs","bmi"
"1",0.361075860158788,28.7047405055074
"2",0.331525162663549,28.2414712055504
"3",0.342343081462914,28.3433881992782
"4",0.319571914829795,27.9823290363156
"5",0.295890697513271,27.621576997606
"6",0.242950927821295,27.0735355563399
"7",0.312515452525662,27.9264893347331
"8",0.335378890221697,28.3060238159117
"9",0,25.5722450910897
