"","obs","bmi"
"1",0.358673474232922,28.6927058243136
"2",0.327770374333352,28.2319879482218
"3",0.332940951339723,28.375481787415
"4",0.303772026417237,28.0585443685042
"5",0.275282885648199,27.7419088550533
"6",0.241148630171819,27.0339338805933
"7",0.299793855654367,27.8668843664899
"8",0.330793445725697,28.2482139762299
"9",0,25.6002955948714
