"","obs","bmi"
"1",0.359253629988288,28.6943512667398
"2",0.330569286643622,28.2354813387188
"3",0.332316022818488,28.2986414489655
"4",0.300207606151621,27.9032581476329
"5",0.274229125250875,27.5082186697012
"6",0.244353690711409,27.0644572161551
"7",0.301823595685966,27.8481688852035
"8",0.340141964576814,28.2976052513134
"9",0,25.5945263684046
