"","obs","bmi"
"1",0.358860552988721,28.64677212404
"2",0.327921105892158,28.1871884286431
"3",0.34181748449905,28.3041812138524
"4",0.320794451985455,27.9618331258871
"5",0.298858857682916,27.6197374765429
"6",0.237049817900128,27.0205116362111
"7",0.298715179755972,27.8306609069201
"8",0.332448687645303,28.248568257864
"9",0,25.5665439859956
