"","obs","bmi"
"1",0.357377937407521,28.6993108883157
"2",0.327415912743812,28.2419745887617
"3",0.339877441990554,28.4629968704182
"4",0.322360950528856,28.2267312947792
"5",0.304640774285159,27.9905146911748
"6",0.244801552593207,27.0828526855221
"7",0.307161071891782,27.8845640209722
"8",0.333536244611865,28.2205477263743
"9",0,25.6299593186873
