"","obs","bmi"
"1",0.363256827078138,28.7313046419065
"2",0.333642848388333,28.2723126307841
"3",0.343459431223108,28.3697708809985
"4",0.324518904404593,28.0085562854435
"5",0.304929561183961,27.6476764477775
"6",0.246337920398095,27.0807469516149
"7",0.309470920880548,27.915403483644
"8",0.327846106770287,28.229981068213
"9",0,25.5940516777641
