"","obs","bmi"
"1",0.356288944519311,28.6385551929463
"2",0.330079766924383,28.1821904224843
"3",0.329214080596604,28.259111123398
"4",0.297831232597587,27.8798727211805
"5",0.264932646094214,27.5008467347826
"6",0.247489492158846,27.1107119203297
"7",0.304635337324307,27.8500689699302
"8",0.332916673090894,28.2443656446552
"9",0,25.5664118341101
