"","obs","bmi"
"1",0.359417445391695,28.718453820293
"2",0.330562283217675,28.2556616273639
"3",0.336506393132299,28.4174258588493
"4",0.311553998871077,28.1165162542827
"5",0.286742129687797,27.8157288755481
"6",0.244446695225863,27.0787279511497
"7",0.304595338065881,27.8921279475467
"8",0.333716170177445,28.2872096174423
"9",0,25.6095291299637
