"","obs","bmi"
"1",0.365595527031819,28.7389002984843
"2",0.334565332704246,28.2816645539994
"3",0.345721028753331,28.452235749392
"4",0.327067630063236,28.1657447404429
"5",0.306053133079089,27.8794344079988
"6",0.242749660462209,27.0908728897251
"7",0.309801575964487,27.9326265851515
"8",0.328902778211969,28.243200397369
"9",0,25.5773350092999
