"","obs","bmi"
"1",0.359010309489568,28.6880832019694
"2",0.329073931707656,28.2304445040999
"3",0.345486734190908,28.3216231953193
"4",0.329741770543279,27.9557167806051
"5",0.312762341809684,27.5904081643613
"6",0.249124881936244,27.1079406731913
"7",0.307983654670338,27.8907553244323
"8",0.335561828995621,28.2752285364778
"9",0,25.6026263847825
