"","obs","bmi"
"1",0.361585231730651,28.7309544972486
"2",0.33414786385451,28.2784102541331
"3",0.344786845861973,28.4693216554297
"4",0.325609384177366,28.2078632403163
"5",0.302118209588778,27.946586441788
"6",0.244374294067559,27.0706088461745
"7",0.304230894448619,27.8697769085536
"8",0.33878339753302,28.3459021079757
"9",0,25.6068322228585
