"","obs","bmi"
"1",0.361317624725726,28.7191350200495
"2",0.329786149029729,28.2640849376644
"3",0.331395440389553,28.3411968304049
"4",0.303154270488782,27.9634228936523
"5",0.274801977687638,27.5858179507018
"6",0.239256511999695,27.0387710804806
"7",0.309881209901876,27.8606768912554
"8",0.337769415401267,28.2848978407423
"9",0,25.544883065664
