"","obs","bmi"
"1",0.358284899247294,28.6695859922292
"2",0.327297688926497,28.2107650357677
"3",0.335699838116635,28.3665534540504
"4",0.311507265037315,28.0636421949242
"5",0.28804777047556,27.7608542286617
"6",0.246523155109353,27.0832956861691
"7",0.30881572083179,27.9438346146361
"8",0.334104478547525,28.2994458330301
"9",0,25.5702039343397
