"","obs","bmi"
"1",0.361784493813076,28.6732706550835
"2",0.333694329637014,28.2265230934603
"3",0.346829919633271,28.3716589115844
"4",0.329901207968916,28.0702228221196
"5",0.31390420646449,27.7689679178383
"6",0.246413466573903,27.0907683069785
"7",0.308213930272534,27.9052671944996
"8",0.336988831251937,28.3188434338801
"9",0,25.5483319400967
