"","obs","bmi"
"1",0.357912597883964,28.6756586207948
"2",0.326109941219941,28.2166927584249
"3",0.336235201704874,28.3208537307863
"4",0.313341005296374,27.966258106861
"5",0.2917487609183,27.6118798652361
"6",0.241197316611602,27.0301266322819
"7",0.306403547336698,27.8614150683594
"8",0.330205150178776,28.1970068865953
"9",0,25.6024617492628
