"","obs","bmi"
"1",0.364312800953193,28.7371510835508
"2",0.334904312320719,28.2871104321095
"3",0.350628229610699,28.4678998748331
"4",0.334763296354054,28.1988531411885
"5",0.32015495377975,27.9300189878324
"6",0.238184243751369,27.050265836681
"7",0.310146750762576,27.9032609995146
"8",0.337358755067736,28.3170841393969
"9",0,25.5816500262599
