"","obs","bmi"
"1",0.355847120756051,28.7040395267287
"2",0.325825425014556,28.2372994586044
"3",0.328708855475224,28.3359170696356
"4",0.297389443344459,27.9679096975291
"5",0.269093405852628,27.6000196783669
"6",0.24250922457998,27.0302564092317
"7",0.30684710943319,27.8913557964177
"8",0.338645711628845,28.3074597228228
"9",0,25.6509098294245
