"","obs","bmi"
"1",0.359726666636129,28.6721997296225
"2",0.325873693175681,28.2151250037147
"3",0.342090874150236,28.3614645961061
"4",0.32782850047678,28.0510427233902
"5",0.31279166340822,27.7409505111099
"6",0.241848922198887,27.0783969817578
"7",0.307865046125743,27.8842634509341
"8",0.330963864799553,28.2576704077195
"9",0,25.52844545351
