"","obs","bmi"
"1",0.355109379559932,28.6937616457795
"2",0.327363360770161,28.241867069054
"3",0.336205394391,28.384088154099
"4",0.320235951370408,28.0745979147413
"5",0.300763571467077,27.7652989517767
"6",0.24035286779985,27.0273078923561
"7",0.307477801270552,27.8911065763097
"8",0.335295798365377,28.2903902391839
"9",0,25.62924430647
