"","obs","bmi"
"1",0.357643184439496,28.6670647693945
"2",0.328652506445548,28.2144032697793
"3",0.340847192741695,28.3459997100239
"4",0.326586966536434,28.02520454591
"5",0.310487163258691,27.7046936519972
"6",0.244188676190046,27.0492555034705
"7",0.307712847639465,27.9311237992824
"8",0.330963797126573,28.251828275926
"9",0,25.5722256626553
