"","obs","bmi"
"1",0.36580481579786,28.7393929105928
"2",0.33548825884529,28.2752944696327
"3",0.349575097617308,28.4388602858461
"4",0.330537790961992,28.138515817487
"5",0.314739258467096,27.8383669921202
"6",0.248048750748268,27.1110549492124
"7",0.307684072543791,27.9133330065429
"8",0.330239464425026,28.2438495686997
"9",0,25.628999569366
