"","obs","bmi"
"1",0.363369678577416,28.7149423205253
"2",0.335232739377107,28.2604928357796
"3",0.338664495732267,28.3856414115769
"4",0.314236636978907,28.0565523006522
"5",0.288321199970565,27.7276840985598
"6",0.241992592481432,27.1151583193588
"7",0.315005335471172,27.9711773143919
"8",0.330919730595481,28.2658917130475
"9",0,25.5406448832631
