"","obs","bmi"
"1",0.360963434174463,28.7014125681892
"2",0.331610577931413,28.2398499817173
"3",0.34873209659257,28.4027600276143
"4",0.337976725155436,28.1043906271933
"5",0.327656714622449,27.8063184716367
"6",0.243696374649747,27.0518846085822
"7",0.308557166467431,27.9025857403327
"8",0.329566867913109,28.2305169047198
"9",0,25.5688534604145
