"","obs","bmi"
"1",0.36842192204682,28.8211239083827
"2",0.337918671919918,28.3683433802645
"3",0.350182199042413,28.5696378594423
"4",0.331328087416789,28.3182501115489
"5",0.310675513781565,28.0669632327304
"6",0.24333094506702,27.0851793991163
"7",0.308114805023455,27.8943734900833
"8",0.336119559451811,28.2941327729906
"9",0,25.6324271793763
