"","obs","bmi"
"1",0.366769170215147,28.7548035941412
"2",0.338011020699653,28.2971635762016
"3",0.351879130040567,28.4581612611563
"4",0.335202564068074,28.1618013242836
"5",0.316164978640316,27.8657386616825
"6",0.242540134575761,27.0535234589798
"7",0.308129337169766,27.9134660951015
"8",0.32931620275113,28.2276749944563
"9",0,25.5728504624516
