"","obs","bmi"
"1",0.35852004247454,28.6869379729131
"2",0.327911342958776,28.225609409821
"3",0.343836617894809,28.4564469856424
"4",0.32615047347421,28.226087105065
"5",0.308057577170507,27.9958630949654
"6",0.239503658331412,27.0656387779607
"7",0.312944653673424,27.9325594014449
"8",0.333135759089709,28.2786785709266
"9",0,25.5793303592308
