"","obs","bmi"
"1",0.355937769317638,28.6579103281628
"2",0.326607423118587,28.2061620208623
"3",0.328188984749147,28.2444881206494
"4",0.29603693234073,27.8313905832711
"5",0.264257772814991,27.4186333985758
"6",0.248382645033546,27.1016113492947
"7",0.30839279337694,27.9268922006614
"8",0.338331034131694,28.3347541818145
"9",0,25.5713274029957
