"","obs","bmi"
"1",0.360550267559222,28.7202251185858
"2",0.332258976947175,28.2586882706127
"3",0.342655868568329,28.4899278092053
"4",0.321900145522824,28.2596797476165
"5",0.300015687705467,28.029480047573
"6",0.247356465786591,27.1243991794345
"7",0.306636725522592,27.8771266609509
"8",0.336575725541901,28.2918581575299
"9",0,25.6057102169565
