"","obs","bmi"
"1",0.360716241651777,28.7151610547009
"2",0.332663071764683,28.2701154825793
"3",0.337189452498359,28.3673212575308
"4",0.314030966019186,28.0196549751999
"5",0.292670248253085,27.6721655106161
"6",0.244758254031851,27.0454317508984
"7",0.298537255136039,27.8266744755638
"8",0.336767652059776,28.2960270866177
"9",0,25.5923369915231
