"","obs","bmi"
"1",0.358592351374398,28.6916193461203
"2",0.329298208567927,28.2312156047642
"3",0.337531883422037,28.2853979190628
"4",0.315656707951617,27.8796099604043
"5",0.291578230576865,27.4742824439601
"6",0.241774515027537,27.0912488274704
"7",0.306552347575724,27.9113832649953
"8",0.332727014865252,28.2489510892645
"9",0,25.5783176134893
