"","obs","bmi"
"1",0.362736021705295,28.6964378199905
"2",0.330746826146004,28.2259437192937
"3",0.34088834439178,28.3558867255579
"4",0.322819271747953,28.0156839281339
"5",0.300949648370283,27.6758504196609
"6",0.240457005381187,27.010902932785
"7",0.304216599993127,27.8732608838391
"8",0.335477781546688,28.3114797900775
"9",0,25.5934638135591
