"","obs","bmi"
"1",0.358188652721206,28.6910795941502
"2",0.329033161794366,28.2327438071166
"3",0.335552337123866,28.3990461424283
"4",0.312423578072032,28.1071375673649
"5",0.288929460924928,27.8153568350656
"6",0.236960297541879,27.0447771861247
"7",0.307533195894199,27.9380450338368
"8",0.332198325330819,28.2203323879477
"9",0,25.5730817334867
