"","obs","bmi"
"1",0.366700544134273,28.7763272013386
"2",0.338355661923533,28.322451607777
"3",0.348396481612728,28.4628152105471
"4",0.33106762531464,28.1495092906998
"5",0.307813136906463,27.8364170898101
"6",0.248220193096178,27.1302191548135
"7",0.308684495245518,27.9414005265106
"8",0.334555786252267,28.2889957837965
"9",0,25.6037115211353
