"","obs","bmi"
"1",0.355945534486843,28.6731613912284
"2",0.325436745546934,28.2153191808918
"3",0.335001489648906,28.3451004781288
"4",0.313471664888011,28.0172030727968
"5",0.292651983692199,27.6894741336752
"6",0.245120892030496,27.0688130510281
"7",0.311631099110163,27.9180849455051
"8",0.327636166421371,28.2036888524773
"9",0,25.5856425303149
