"","obs","bmi"
"1",0.363032630918971,28.734135323217
"2",0.332179875759383,28.2733739181363
"3",0.333788653561498,28.3585039731216
"4",0.303916116411285,27.9831188663081
"5",0.278818627007211,27.6079897100304
"6",0.245764264748185,27.0822145542823
"7",0.307381548333297,27.9081676380839
"8",0.335562310033975,28.2768876831004
"9",0,25.5802692544271
