"","obs","bmi"
"1",0.361384895101221,28.6859790614317
"2",0.331222225575846,28.2378681627578
"3",0.3372768741456,28.3241326845307
"4",0.31159542041246,27.9626098788047
"5",0.287955476709978,27.6014286713041
"6",0.245512274715488,27.0521330877027
"7",0.306492456372744,27.9149949481445
"8",0.338943129910841,28.3337661540214
"9",0,25.5749590174227
