"","obs","bmi"
"1",0.363452744119075,28.7170878239626
"2",0.333524610767275,28.2634625460594
"3",0.339440703986971,28.3911783587943
"4",0.314112447742578,28.0654561565732
"5",0.288669477110188,27.7399267947461
"6",0.251430792676536,27.145580909922
"7",0.310493178661242,27.9129957982006
"8",0.332930299105373,28.2070664431869
"9",0,25.5703965739065
