"","obs","bmi"
"1",0.352944636737869,28.6307160072817
"2",0.32239808121011,28.1736415547297
"3",0.344416392459168,28.3875888535248
"4",0.336108344619043,28.1446449067591
"5",0.3280129970269,27.9018915559584
"6",0.247032935293054,27.0762361687692
"7",0.30886764109571,27.928226343772
"8",0.341778069111882,28.3134156564811
"9",0,25.5727822611199
