"","obs","bmi"
"1",0.356912864383283,28.655597158398
"2",0.32722304125201,28.2002870878213
"3",0.34916126503122,28.4169969244212
"4",0.340187277683053,28.1787352690294
"5",0.334526344813026,27.9408318250092
"6",0.239881344433321,26.9958932433403
"7",0.30309962166804,27.8571254057161
"8",0.337393955819484,28.2693604504041
"9",0,25.6129682333931
