"","obs","bmi"
"1",0.362612841787475,28.7166743573214
"2",0.330903287064673,28.2558684217155
"3",0.333457785642072,28.3781347564654
"4",0.302979118588203,28.0398276000308
"5",0.270549402335903,27.7017624832035
"6",0.244547628352382,27.0808508645018
"7",0.311435153666723,27.9219592181937
"8",0.335481279969886,28.2950338668595
"9",0,25.5391865831023
