"","obs","bmi"
"1",0.36397430108768,28.7858351418752
"2",0.334907992772528,28.3366257686616
"3",0.335597902725797,28.4048618235111
"4",0.303070978618141,28.0240922112562
"5",0.27516375092026,27.6435333775414
"6",0.24659700528881,27.0548965000465
"7",0.313449370244515,27.942703983104
"8",0.333373476634121,28.2758638024117
"9",0,25.5897231157426
