"","obs","bmi"
"1",0.364096615443156,28.7443499404187
"2",0.33308014674051,28.2790926323478
"3",0.350012223768051,28.5111090001275
"4",0.33486761663205,28.2780027859522
"5",0.319043989985898,28.0450357201126
"6",0.243328812735201,27.0236278147819
"7",0.311116543147161,27.9330991600349
"8",0.336559071625043,28.2812076303728
"9",0,25.6225276671845
