"","obs","bmi"
"1",0.364216811943317,28.7187001530653
"2",0.33640029443196,28.2666158772242
"3",0.336816423891379,28.3753053997846
"4",0.305623750727729,28.0321494533598
"5",0.275410555768262,27.6892428722023
"6",0.244113345952374,27.0631360558571
"7",0.309550754492664,27.9070605712004
"8",0.340662119841297,28.3035708462709
"9",0,25.5846340325377
