"","obs","bmi"
"1",0.360896582191006,28.7081245950013
"2",0.333858672386111,28.2505175447138
"3",0.343195477963834,28.4250215114253
"4",0.323233824749068,28.1421030624748
"5",0.299457110755771,27.8593770243904
"6",0.245786236177503,27.1280761128165
"7",0.305552213892361,27.8910458177675
"8",0.331043965146327,28.2493520214111
"9",0,25.5819986621044
