"","obs","bmi"
"1",0.357962836630608,28.6789077404371
"2",0.330434357125227,28.2203004983192
"3",0.340372910983374,28.4304890162532
"4",0.318752731268878,28.1821790040595
"5",0.300213601018437,27.9339783150807
"6",0.244544832871113,27.0862701800358
"7",0.309625968639522,27.9464870739665
"8",0.329826197405798,28.2102321245288
"9",0,25.5641505248042
