"","obs","bmi"
"1",0.361579098056096,28.7413974535727
"2",0.331279596467707,28.286595727986
"3",0.339584265547706,28.4103946818022
"4",0.321153128025666,28.0796516892787
"5",0.295942701801511,27.7491807519729
"6",0.240863859437305,27.0206586396595
"7",0.313037249108466,27.9431427224533
"8",0.335091066862593,28.3044743328325
"9",0,25.6085929216004
