"","obs","bmi"
"1",0.357954628730872,28.6773225106141
"2",0.327188917587985,28.2183753519039
"3",0.33483674551303,28.3180364792222
"4",0.312759255338004,27.9589730640986
"5",0.289265288880151,27.6001431788674
"6",0.249972191641514,27.1259773211829
"7",0.308837995588132,27.8884818372338
"8",0.336517400285979,28.2846136137499
"9",0,25.5982532639771
