"","obs","bmi"
"1",0.360019881035083,28.6835873096228
"2",0.331267701294561,28.2297442798921
"3",0.345374041798297,28.4410601066176
"4",0.331040222803918,28.1988004639813
"5",0.311739119778592,27.9568238379804
"6",0.24117451937961,27.0505864672744
"7",0.310109596721025,27.9355253340827
"8",0.339242281496677,28.3053137683691
"9",0,25.5909881424468
