"","obs","bmi"
"1",0.362478789802449,28.7243803245972
"2",0.333973160544739,28.2591983646485
"3",0.352112837230492,28.5204791449089
"4",0.34317092753045,28.3166423307836
"5",0.330006977190312,28.1128709740861
"6",0.249074893321454,27.0895804558614
"7",0.305199234884265,27.8549209501955
"8",0.337569688887109,28.3306233731089
"9",0,25.5546974432078
