"","obs","bmi"
"1",0.358175824478256,28.6580333714368
"2",0.325665369284298,28.2058309150465
"3",0.33266288726136,28.3611349555695
"4",0.308005448103201,28.0643698412343
"5",0.284899651163743,27.7677417894154
"6",0.241179450467602,27.0828643710725
"7",0.308410440789842,27.9501644146668
"8",0.334669814218613,28.2783565716149
"9",0,25.5529386406691
