"","obs","bmi"
"1",0.352316987738319,28.6478963941846
"2",0.322184227667951,28.186287151969
"3",0.336487003923581,28.344897858267
"4",0.318982079890865,28.0421358516161
"5",0.302049660675062,27.7396208093045
"6",0.247165262482284,27.1270027942145
"7",0.304728947703583,27.8918150873625
"8",0.332115569557538,28.2405747251896
"9",0,25.6421126396995
