"","obs","bmi"
"1",0.356567140490983,28.6529339736415
"2",0.328362705915976,28.1916160553522
"3",0.349292772289408,28.4391906668026
"4",0.341232636394105,28.2255873523431
"5",0.332115337042563,28.0121289680118
"6",0.239964110627363,27.0250645426539
"7",0.308379462529181,27.9203057820142
"8",0.33361376366359,28.2859204279972
"9",0,25.5839148117071
