"","obs","bmi"
"1",0.359980100558305,28.696545002441
"2",0.327832728632241,28.2340784690439
"3",0.336802088409172,28.3054725758264
"4",0.313099044897214,27.9146174218228
"5",0.288879516124663,27.5239902838446
"6",0.247944304065097,27.1014779292969
"7",0.303673579770258,27.9134610410655
"8",0.336266488636459,28.329696959505
"9",0,25.6068963949713
