"","obs","bmi"
"1",0.358124600334748,28.7046094965886
"2",0.327749595093633,28.2413071908146
"3",0.338721303150685,28.3874902218524
"4",0.318848425575427,28.0705734921857
"5",0.298189834487754,27.7538752870569
"6",0.245423408622636,27.0618381427666
"7",0.308602455906868,27.9100452423123
"8",0.336841387767376,28.2627776614384
"9",0,25.6091099668939
