"","obs","bmi"
"1",0.362272099044242,28.7238018690925
"2",0.33541943934947,28.2687256635282
"3",0.340504078392039,28.3863971602419
"4",0.314670926229662,28.0492342736827
"5",0.289789171266536,27.7123240152441
"6",0.244569960138924,27.0478040691348
"7",0.309154991991096,27.9317823717757
"8",0.326034590768687,28.2124116803241
"9",0,25.6525540982784
