"","obs","bmi"
"1",0.364205475396204,28.7274562241234
"2",0.332110129374035,28.2690713406379
"3",0.336045616964985,28.3708575595512
"4",0.304514482714242,28.014730528248
"5",0.274454702989534,27.6591120943051
"6",0.24380882389431,27.0497269798539
"7",0.308116698660496,27.8893657473295
"8",0.334839411252449,28.2970587287421
"9",0,25.5946462903663
