"","obs","bmi"
"1",0.364620512723386,28.7531990593052
"2",0.335081326005361,28.2949682374545
"3",0.354402569779789,28.3939891383679
"4",0.342830633980227,28.0350762082
"5",0.330500815951316,27.6764788666297
"6",0.246565121851566,27.0735803422228
"7",0.309424392649962,27.912948803933
"8",0.338595908451516,28.3330913736457
"9",0,25.6311408320099
