"","obs","bmi"
"1",0.357985492707641,28.7197047145885
"2",0.328714991951034,28.2630361046963
"3",0.338428539987189,28.4132803796678
"4",0.318142630069195,28.1072291563029
"5",0.296400427057173,27.8015744242385
"6",0.252925471492258,27.1252015656367
"7",0.308091509721282,27.9389809754229
"8",0.33437215847413,28.2971256027914
"9",0,25.6294742921389
