"","obs","bmi"
"1",0.365015285705779,28.7875255748947
"2",0.335358257106279,28.3314062428217
"3",0.344203994602952,28.5157989327383
"4",0.315648456582303,28.2441947710111
"5",0.290807808244458,27.9727164240581
"6",0.240099143427215,27.0189632083491
"7",0.308798186156327,27.8808159603967
"8",0.334840278381049,28.2702438005955
"9",0,25.6521265584773
