"","obs","bmi"
"1",0.364678134719794,28.6937064941077
"2",0.334176651329556,28.2407261738652
"3",0.344924105359723,28.3974755314543
"4",0.326212449180769,28.1014002669935
"5",0.305545646322725,27.8054859702229
"6",0.242873711150412,27.0601682497244
"7",0.305899747695426,27.9081767757796
"8",0.338235135239077,28.3658446110959
"9",0,25.5818022670909
