"","obs","bmi"
"1",0.356739769440466,28.6356021795475
"2",0.324689278328551,28.1783496969233
"3",0.35341632402248,28.4282861653955
"4",0.349071317535093,28.2211338289847
"5",0.344301253488428,28.0141523118942
"6",0.248504434911393,27.1022823726854
"7",0.310391178415351,27.894556566719
"8",0.331553030639845,28.2639076732959
"9",0,25.6191923368424
