"","obs","bmi"
"1",0.36030006747729,28.6935205480657
"2",0.331622305520905,28.2353674523132
"3",0.341192095046369,28.3895112931259
"4",0.316572922569412,28.0857133171235
"5",0.29396575758316,27.7821350450311
"6",0.244910155343919,27.1128569499035
"7",0.304496043991147,27.879940476405
"8",0.336840174488378,28.2801060152135
"9",0,25.6174973883065
