"","obs","bmi"
"1",0.35577275334673,28.6929873765073
"2",0.325480275617027,28.2307354582293
"3",0.337746766698574,28.4116843485307
"4",0.314784514336029,28.1305550313351
"5",0.294108716873519,27.8496039839081
"6",0.245217869207603,27.134121032771
"7",0.309310053154505,27.9155495605272
"8",0.3364225890304,28.2972499116633
"9",0,25.5948753983235
