"","obs","bmi"
"1",0.358382189194471,28.7034669835491
"2",0.331588227246934,28.2471876799835
"3",0.344869810708154,28.4691367437952
"4",0.330249589284146,28.2348602236876
"5",0.311920288061908,28.0006384337808
"6",0.241515786845011,27.0410402446664
"7",0.315752371550036,27.9364525468002
"8",0.329625344028204,28.2195382130272
"9",0,25.6146327599506
