"","obs","bmi"
"1",0.357830280222442,28.6876672335272
"2",0.325492980749891,28.2269256042757
"3",0.345431170372157,28.3891233265827
"4",0.32891486280801,28.0908085198563
"5",0.313110254526212,27.7927327412736
"6",0.240662253925443,27.1255106139791
"7",0.305419639505059,27.8854559517205
"8",0.326491060197705,28.2111052551894
"9",0,25.6044568182561
