"","obs","bmi"
"1",0.36537549621376,28.7877714630542
"2",0.3389608693221,28.3405048092489
"3",0.353721733128195,28.5334953687538
"4",0.340155542202445,28.2794302333723
"5",0.326594374135718,28.0255851607579
"6",0.246339400998178,27.0875124543868
"7",0.301831608786768,27.8391551573404
"8",0.330121414165256,28.2266694142449
"9",0,25.580439320058
