"","obs","bmi"
"1",0.357372835280255,28.6642839875073
"2",0.328540816077889,28.2022461057242
"3",0.331443559773107,28.2967499137712
"4",0.305705932477536,27.929355300003
"5",0.28006183291333,27.5621039121042
"6",0.243083021350706,27.0670572209896
"7",0.305995781439145,27.9347510133311
"8",0.328635797542089,28.1889087126543
"9",0,25.6322293882718
