"","obs","bmi"
"1",0.358780224319657,28.6980773477311
"2",0.328386603283545,28.2393150088258
"3",0.336596996366315,28.3941016108003
"4",0.315773859503791,28.0904128080912
"5",0.29709653664058,27.7870276753022
"6",0.24610278380901,27.0950210591472
"7",0.303249297266434,27.8428411601492
"8",0.33113735804871,28.1870395065385
"9",0,25.6213626564477
