"","obs","bmi"
"1",0.360806199176293,28.6795908039166
"2",0.330128080729732,28.2195338876112
"3",0.339953503570438,28.3946084180218
"4",0.317981632054857,28.1097539045081
"5",0.295437497291198,27.8250311698917
"6",0.249931997559153,27.1264415493101
"7",0.313513679847129,27.9705544551269
"8",0.329462520889986,28.2631662920903
"9",0,25.5576256069321
