"","obs","bmi"
"1",0.358212726513299,28.7095649887981
"2",0.329548621768293,28.2440021246073
"3",0.346582672572271,28.4493845471953
"4",0.331681432020091,28.1894333265396
"5",0.318304530411455,27.9297214407376
"6",0.247696061912326,27.1002839170214
"7",0.311459145320834,27.905786691112
"8",0.326981669658007,28.2069962273701
"9",0,25.5789539882752
