"","obs","bmi"
"1",0.362339480756904,28.65930771057
"2",0.330854003978374,28.2036700020413
"3",0.331362904456298,28.3198434090791
"4",0.2995547980412,27.9805053182815
"5",0.269836419308877,27.6412963301936
"6",0.242349097113623,27.0418592847647
"7",0.30573931490756,27.8729787586304
"8",0.342259157218019,28.3021546407399
"9",0,25.5453458744657
