"","obs","bmi"
"1",0.351463609800008,28.6080279365409
"2",0.324178027564199,28.15450601126
"3",0.335066675765994,28.2635998600524
"4",0.317572000127396,27.9194901638421
"5",0.297082219263618,27.5757155677866
"6",0.244898508861273,27.0672016907888
"7",0.30058598239476,27.7811706564077
"8",0.333390158095308,28.2341163103186
"9",0,25.5446843886565
