"","obs","bmi"
"1",0.358860552988721,28.64677212404
"2",0.328533804088053,28.1843378953236
"3",0.335301937583687,28.3871778258664
"4",0.314815727080928,28.1276812159953
"5",0.289739350203772,27.8682846623707
"6",0.237049817900128,27.0205116362111
"7",0.298715179755972,27.8306609069201
"8",0.332448687645303,28.248568257864
"9",0,25.5665439859956
