"","obs","bmi"
"1",0.360965701361343,28.7304945558347
"2",0.33198049652745,28.2694801043232
"3",0.343879360187157,28.4436056074259
"4",0.326088843841008,28.1568504524779
"5",0.306584051465775,27.8702327979524
"6",0.241898777572028,27.0684477474057
"7",0.307890041297158,27.8429925184084
"8",0.334745343891155,28.2840515519027
"9",0,25.5824764313582
