"","obs","bmi"
"1",0.362533934620806,28.7018121022235
"2",0.331569270300222,28.2435266862246
"3",0.33019965721856,28.3283537253392
"4",0.293937091774564,27.955157984448
"5",0.259147344958508,27.5822374477803
"6",0.238785406534081,27.0185157354606
"7",0.309072846394249,27.888475019002
"8",0.325675023728607,28.2122830268195
"9",0,25.643914962793
