"","obs","bmi"
"1",0.355343413003053,28.6607104818042
"2",0.326433552123954,28.2084156799503
"3",0.319291502395203,28.2558548673927
"4",0.284889216654466,27.8511247494193
"5",0.25030530334155,27.4465208088986
"6",0.248568764688859,27.0663379433853
"7",0.308475489770767,27.9225381286153
"8",0.330142452128812,28.2879888185428
"9",0,25.6241623792182
