"","obs","bmi"
"1",0.360100279274494,28.7150271499272
"2",0.331621447239871,28.2565109242348
"3",0.344200421475088,28.5206459559158
"4",0.32841097063071,28.3263244737813
"5",0.309555515975122,28.132063732147
"6",0.250262075052832,27.1044072216931
"7",0.308991359805455,27.9243260694454
"8",0.33211634553972,28.2476638767989
"9",0,25.5930964171932
