"","obs","bmi"
"1",0.358122014697273,28.6958120448279
"2",0.327758292196742,28.2425347353919
"3",0.344521148654243,28.4470668725477
"4",0.325836439881263,28.1984270015704
"5",0.309435669250215,27.9498964871057
"6",0.245142708921591,27.0878997419937
"7",0.309541199304439,27.887839880019
"8",0.331339627747145,28.2552287745681
"9",0,25.6023461567467
