"","obs","bmi"
"1",0.363294313506138,28.7500702360017
"2",0.334954179848502,28.3017029716981
"3",0.336955339371306,28.4151242038434
"4",0.306819315020501,28.0802862623202
"5",0.275787586178206,27.7455561304883
"6",0.241369023261052,27.0548601491728
"7",0.311597079678325,27.9349860144228
"8",0.33197351884497,28.2431078112407
"9",0,25.5728469177495
