"","obs","bmi"
"1",0.356093033524825,28.6528389484944
"2",0.325958393438014,28.2001167936176
"3",0.340620100270713,28.3646296843436
"4",0.326057404704902,28.0765972301941
"5",0.310551839769028,27.7887512650565
"6",0.245424014500954,27.0905259075417
"7",0.309271890659118,27.9362748968751
"8",0.333719529464248,28.306334996053
"9",0,25.5662397397335
