"","obs","bmi"
"1",0.363991634379182,28.6681792721158
"2",0.333869692734518,28.2011502386965
"3",0.335994164002281,28.3363758384557
"4",0.306170042445237,28.0048401666912
"5",0.278322176401171,27.6735865560688
"6",0.246071122023281,27.1047703299056
"7",0.310899107508943,27.9125095406145
"8",0.331538937666326,28.2224419364828
"9",0,25.5563784497592
