"","obs","bmi"
"1",0.367001223947245,28.738304474412
"2",0.336093643511281,28.2720041858623
"3",0.35488833217949,28.5109716217057
"4",0.340388545054879,28.2839812140724
"5",0.325286519841704,28.0573573149684
"6",0.251312534553437,27.0920654355115
"7",0.314109037259512,27.9394913416395
"8",0.334318923202711,28.3040232608688
"9",0,25.5656801311121
