"","obs","bmi"
"1",0.366074240801142,28.7318164960508
"2",0.333710055628694,28.2701141807924
"3",0.344466037565345,28.4178029482647
"4",0.324739391755025,28.1039149739128
"5",0.298958760155931,27.7901559460241
"6",0.247637682332969,27.1258896209271
"7",0.309843099855331,27.9455666131698
"8",0.333529200088223,28.2862735912923
"9",0,25.5855765120313
