"","obs","bmi"
"1",0.362078272899245,28.7257271703452
"2",0.335392317883966,28.2679882573112
"3",0.340349763112606,28.3669724761112
"4",0.312023325738523,28.008366628827
"5",0.286484695031923,27.6499133693695
"6",0.244289235525796,27.0618683270698
"7",0.305058726881093,27.9142431699363
"8",0.333609036164026,28.2448235741599
"9",0,25.6319058274862
