"","obs","bmi"
"1",0.359726666636129,28.6721997296225
"2",0.326108322145798,28.2190001703142
"3",0.340282990337234,28.4240353262191
"4",0.323249564823715,28.176005230799
"5",0.306548015180344,27.9281128288473
"6",0.241848922198887,27.0783969817578
"7",0.307865046125743,27.8842634509341
"8",0.330963864799553,28.2576704077195
"9",0,25.52844545351
