"","obs","bmi"
"1",0.356407533149146,28.6632194873934
"2",0.325068584668457,28.2018118024347
"3",0.334666583406577,28.4179906655592
"4",0.311684252869216,28.1728546086149
"5",0.289429822685329,27.9278127234598
"6",0.240015378538303,27.0596401317992
"7",0.310699014228302,27.9325230347983
"8",0.33419850550751,28.3292997735549
"9",0,25.607912459118
