"","obs","bmi"
"1",0.358029989637156,28.6647205018614
"2",0.329905044059306,28.2025913614735
"3",0.342335699375512,28.4572358261596
"4",0.322734267245715,28.2498049290873
"5",0.305887756677808,28.0424285469774
"6",0.246940678797554,27.1111412500346
"7",0.30727630406104,27.8683662839698
"8",0.33576275696713,28.3190455055219
"9",0,25.5751201233816
