"","obs","bmi"
"1",0.363378698641276,28.7074438018343
"2",0.331592680709225,28.2482636281589
"3",0.341679098331043,28.3718722594739
"4",0.319142588026441,28.0365725814109
"5",0.295431667652971,27.7015581533722
"6",0.239271322559474,27.0353669658406
"7",0.311696675437883,27.9211819071238
"8",0.334627084672139,28.2546802466024
"9",0,25.5858569869141
