"","obs","bmi"
"1",0.365015285705779,28.7875255748947
"2",0.334218390091097,28.32380366702
"3",0.348570441624942,28.4857125632331
"4",0.327126035498731,28.1841467500051
"5",0.310093592886867,27.8828395859226
"6",0.240099143427215,27.0189632083491
"7",0.308798186156327,27.8808159603967
"8",0.334840278381049,28.2702438005955
"9",0,25.6521265584773
