"","obs","bmi"
"1",0.366246399185683,28.7722829121963
"2",0.337930859524613,28.3155828599246
"3",0.349111471068097,28.5073781377456
"4",0.328905793691321,28.2425716673601
"5",0.310452360020825,27.9778653355869
"6",0.242408531922561,27.0322618685013
"7",0.308981669489273,27.8759561880365
"8",0.343145827478013,28.3873905121633
"9",0,25.6042887804957
