"","obs","bmi"
"1",0.358006880464658,28.6593124814544
"2",0.331916205560992,28.2124338756268
"3",0.347207542031203,28.3058198069382
"4",0.333586101360244,27.952952844057
"5",0.320138429181651,27.6007649209392
"6",0.244770017008459,27.0695938998587
"7",0.308431335012389,27.9358903372943
"8",0.332041458926098,28.2282298899881
"9",0,25.5691231945923
