"","obs","bmi"
"1",0.360002708997207,28.7371460933288
"2",0.329330500996831,28.2788777140239
"3",0.335891992560921,28.4451905218188
"4",0.311710968390776,28.1533230708093
"5",0.285672859214859,27.8615455234973
"6",0.239672508944343,27.048808894077
"7",0.306628514114505,27.9115305676138
"8",0.338531472978504,28.3095766810314
"9",0,25.6058809832863
