"","obs","bmi"
"1",0.362496572951712,28.7384139762084
"2",0.330940914945238,28.2759742446591
"3",0.337014269599595,28.3943872196912
"4",0.31018081154394,28.0505393707857
"5",0.284395584352015,27.7068757781712
"6",0.246393981041827,27.1052156536483
"7",0.305270192071049,27.8647844766635
"8",0.343512967198668,28.3238475905985
"9",0,25.6118074456668
