"","obs","bmi"
"1",0.360968426188567,28.712997698766
"2",0.331593846615289,28.2558133189718
"3",0.3411903046192,28.3925898311773
"4",0.322853171539757,28.0723614166327
"5",0.301194377605917,27.7523167693933
"6",0.244248092496764,27.0956755339488
"7",0.306787975423634,27.8929089968307
"8",0.341339263102795,28.3300899081672
"9",0,25.5919104812322
