"","obs","bmi"
"1",0.356653801264216,28.6739169070283
"2",0.327232331246044,28.2089591477434
"3",0.346455607368949,28.4279639823421
"4",0.335297552501623,28.1822662771354
"5",0.321156167623946,27.9368365479542
"6",0.241261933905227,27.0662423961614
"7",0.306092833150385,27.8953238474745
"8",0.332697178233967,28.2646612235156
"9",0,25.5798622869582
