"","obs","bmi"
"1",0.356305355928299,28.6514330324012
"2",0.328179773615491,28.1955411844057
"3",0.340516077475725,28.2377596053972
"4",0.323153218130338,27.8245163826893
"5",0.304500622223808,27.4117326627408
"6",0.240553957566812,27.0853117188223
"7",0.312533600204386,27.9498671102301
"8",0.340137103312629,28.3329705176867
"9",0,25.6003558980401
