"","obs","bmi"
"1",0.364591982175742,28.7648401387104
"2",0.336062157422955,28.3042180854165
"3",0.349387260357999,28.4686303374508
"4",0.334245663476483,28.1726573099073
"5",0.319023932250994,27.8769320995135
"6",0.248428680120042,27.0910893600751
"7",0.303235060497893,27.9102873981483
"8",0.334580070997898,28.2995191001003
"9",0,25.5887030492489
