"","obs","bmi"
"1",0.354918847376912,28.6527663736756
"2",0.324414685318964,28.196506205903
"3",0.340423221721978,28.360828550104
"4",0.326549268596287,28.0690597376348
"5",0.311756931054412,27.777468544475
"6",0.241368597738841,27.0416798188158
"7",0.308620994636472,27.9326886193331
"8",0.329073009910878,28.2230248156672
"9",0,25.583702046449
