"","obs","bmi"
"1",0.357122182144211,28.6604816118988
"2",0.327540459195573,28.206647288556
"3",0.340356628878213,28.351020247666
"4",0.325869786263623,28.0417240511058
"5",0.310076179270898,27.7325990402049
"6",0.238861525113566,27.011322071828
"7",0.307193775274203,27.9090828704084
"8",0.329685340730131,28.2841167962032
"9",0,25.5590913234516
