"","obs","bmi"
"1",0.354296025137254,28.6749440337766
"2",0.325737920315459,28.2153901366274
"3",0.328490600113391,28.3275783794848
"4",0.297269199851257,27.9803200912564
"5",0.268776061239379,27.6331701748683
"6",0.243155474371775,27.0890625027894
"7",0.307359958033266,27.859555123025
"8",0.326808811524847,28.2015029446863
"9",0,25.6100760821951
