"","obs","bmi"
"1",0.360745731910969,28.6955358197691
"2",0.332021000676146,28.2334373312413
"3",0.342952883405019,28.3670066672011
"4",0.322635050723626,28.0386576396556
"5",0.302385857279318,27.710495154605
"6",0.244490398238163,27.0236145080543
"7",0.306634633181355,27.8806762222313
"8",0.332296926565782,28.2517248397221
"9",0,25.6107050282591
