"","obs","bmi"
"1",0.356425619393479,28.6696186601177
"2",0.32669585734717,28.2243235727658
"3",0.333320502725311,28.3178934345407
"4",0.308666743095449,27.9663681451964
"5",0.283055967975119,27.6150506249897
"6",0.244731243805592,27.0523315238666
"7",0.30851991096769,27.9276872180649
"8",0.335723020476592,28.3205686467006
"9",0,25.6205124015919
