"","obs","bmi"
"1",0.360124957783968,28.7030053040716
"2",0.331469939409383,28.2464898522659
"3",0.334379214366784,28.3023700776925
"4",0.30819607129404,27.9021511620202
"5",0.279896840565961,27.5023732334454
"6",0.243980912016514,27.0453559830722
"7",0.306439901300951,27.9166744033513
"8",0.333598735742738,28.2683175865911
"9",0,25.604808952042
