"","obs","bmi"
"1",0.361432574985042,28.698598312302
"2",0.333111686932463,28.2444675154613
"3",0.349251428415756,28.4229656639092
"4",0.341306559073993,28.1477368425523
"5",0.329009072269244,27.8729378897268
"6",0.244307045839957,27.0813756338031
"7",0.304826339321601,27.8308896331343
"8",0.332453585497829,28.2477326205251
"9",0,25.5966474409579
