"","obs","bmi"
"1",0.361543830519193,28.7495572781155
"2",0.332149150599261,28.2945697064292
"3",0.328912007993778,28.410521969446
"4",0.292403705181399,28.0715349742447
"5",0.262967803303446,27.7325928977518
"6",0.242713923012078,27.0352049726249
"7",0.308909407868921,27.8839101766253
"8",0.332011365122912,28.2365118678067
"9",0,25.6018574324082
