"","obs","bmi"
"1",0.361502504616584,28.6596199025528
"2",0.331324157147345,28.2096164455777
"3",0.337470251736859,28.2579609627151
"4",0.309597246911096,27.8566642363364
"5",0.283615436560299,27.4557498530838
"6",0.243499188584503,27.0685855122166
"7",0.309514388235873,27.9211234710549
"8",0.33226534221613,28.2613582802447
"9",0,25.5416570488239
