"","obs","bmi"
"1",0.353129834552733,28.6269606179003
"2",0.326275660615605,28.1633697600169
"3",0.338677774073251,28.4044520900278
"4",0.321763923950777,28.1820085355807
"5",0.303428094723602,27.9596312649453
"6",0.247639938814314,27.1213986447302
"7",0.312555509284665,27.9393853014132
"8",0.333594387105587,28.2478397385065
"9",0,25.5558897190847
