"","obs","bmi"
"1",0.365538959055546,28.7390786502482
"2",0.335991939652662,28.2793388880548
"3",0.342759559491786,28.4498435381407
"4",0.316738252773857,28.1607694486303
"5",0.287136085837047,27.8718622968071
"6",0.242799774904634,27.0352848199945
"7",0.305056559062138,27.8908848802204
"8",0.335275735468964,28.2895499565609
"9",0,25.6329976229408
