"","obs","bmi"
"1",0.359798401417019,28.7171272712813
"2",0.330164869290654,28.2547586372752
"3",0.341878905483236,28.450010597458
"4",0.318532286787213,28.1829927361315
"5",0.299510194443112,27.9160756490757
"6",0.240412369529461,27.061738246159
"7",0.306706125482288,27.8869671382209
"8",0.328896931008167,28.2117622454555
"9",0,25.6542269824592
