"","obs","bmi"
"1",0.361502504616584,28.6596199025528
"2",0.330753243057188,28.1975118920602
"3",0.33189214600754,28.2857009784403
"4",0.299252846503811,27.9119533052387
"5",0.272105943643763,27.5383784016421
"6",0.243499188584503,27.0685855122166
"7",0.309514388235873,27.9211234710549
"8",0.33226534221613,28.2613582802447
"9",0,25.5416570488239
