"","obs","bmi"
"1",0.362415852368438,28.68202302126
"2",0.330921326807902,28.2250175390583
"3",0.339711531788037,28.4004641147917
"4",0.31908784875925,28.1191229635668
"5",0.295407255843881,27.8380098136783
"6",0.247285042749992,27.0977650489544
"7",0.312927984750814,27.9443464295698
"8",0.342250163571947,28.3432076566891
"9",0,25.5534801645444
