"","obs","bmi"
"1",0.364069089366581,28.7026618904112
"2",0.334960179167883,28.2470654661788
"3",0.354696502428659,28.4300578538884
"4",0.343699956194953,28.1576799323807
"5",0.33264996425732,27.8855421806709
"6",0.2490956880918,27.1124843187363
"7",0.313403039731548,27.9592802360868
"8",0.333875606768707,28.2408029847461
"9",0,25.560717701962
