"","obs","bmi"
"1",0.363292067379841,28.7513696583278
"2",0.332842476420958,28.2952679904342
"3",0.342333203430921,28.4319199045053
"4",0.322293839091253,28.1126299348115
"5",0.301583090006092,27.7935041503952
"6",0.244139633595965,27.045618819812
"7",0.304701355420758,27.8814242719708
"8",0.331249905440615,28.2188129362019
"9",0,25.6104255932479
