"","obs","bmi"
"1",0.356567140490983,28.6529339736415
"2",0.328738448401092,28.1977421891948
"3",0.3328283782491,28.3211968409359
"4",0.308135084960198,27.9896501637419
"5",0.278287728485979,27.6583008507228
"6",0.239964110627363,27.0250645426539
"7",0.308379462529181,27.9203057820142
"8",0.33361376366359,28.2859204279972
"9",0,25.5839148117071
