"","obs","bmi"
"1",0.36167908312149,28.7661783670757
"2",0.33317292268359,28.3157980012279
"3",0.340857840625335,28.4592060576964
"4",0.315806237774606,28.1523196364342
"5",0.286242760871861,27.8455200760698
"6",0.243803305704899,27.0371390297861
"7",0.308166782826969,27.943631013075
"8",0.335272428806867,28.28463238785
"9",0,25.6310057789177
