"","obs","bmi"
"1",0.368556529680201,28.7904101077359
"2",0.339963509286062,28.3339191078024
"3",0.354530527652946,28.5013730550058
"4",0.338633505141906,28.2124923892102
"5",0.321942493156864,27.9237732171604
"6",0.245581292767169,27.095384596347
"7",0.300248368530094,27.8329054406757
"8",0.336074580658583,28.3001613858786
"9",0,25.6189298510542
