"","obs","bmi"
"1",0.362451545651818,28.7222692594143
"2",0.334480542693812,28.2704400547005
"3",0.348235880423967,28.45210620527
"4",0.334235913054566,28.1821060164869
"5",0.316861529611246,27.9122747810743
"6",0.239520562272331,26.9916747554975
"7",0.303744876356472,27.857028296295
"8",0.339588004889671,28.3237294168213
"9",0,25.5802211769349
