"","obs","bmi"
"1",0.358005348037587,28.6970966077468
"2",0.32674876942291,28.2417594253678
"3",0.337403082314598,28.3527741123198
"4",0.316439865564322,28.0087128767052
"5",0.292569089188032,27.6649254422241
"6",0.245768454972674,27.0994347916416
"7",0.309558342014515,27.9509575070019
"8",0.331483956846707,28.2638100572104
"9",0,25.6229195834103
