"","obs","bmi"
"1",0.356407819578535,28.697090990091
"2",0.326315240602672,28.2417197189299
"3",0.334111472365241,28.4064991453853
"4",0.312394545933574,28.1163047003604
"5",0.286952438648185,27.8265351161793
"6",0.243318942640747,27.0593998484542
"7",0.308750963345549,27.9224519301197
"8",0.3361792353536,28.2957022542171
"9",0,25.6049412076124
