"","obs","bmi"
"1",0.363000642104987,28.6999386376148
"2",0.333154169379869,28.2492468981217
"3",0.341081330216039,28.3510302109694
"4",0.315927634335697,28.0022935877985
"5",0.292016397970391,27.6537364987927
"6",0.247712387228426,27.123107304065
"7",0.309448467150914,27.9666007318244
"8",0.335370477074829,28.2570372996003
"9",0,25.5576453847373
