"","obs","bmi"
"1",0.354640038365909,28.61846837236
"2",0.323474045645886,28.1545793001424
"3",0.33706913412671,28.3582053273144
"4",0.318123861681036,28.0980209200588
"5",0.300035181231501,27.8379169168771
"6",0.245492723457618,27.0926421068708
"7",0.310273066878059,27.9289613478479
"8",0.335863452096984,28.2574259958323
"9",0,25.5504498347461
