"","obs","bmi"
"1",0.355183999510887,28.6429748235724
"2",0.324437973825026,28.1807158825225
"3",0.341579561995893,28.4127242178514
"4",0.329650178126681,28.1826295430608
"5",0.315098842547704,27.9526963140072
"6",0.246173010220178,27.1012718699304
"7",0.306048165927102,27.8746457962789
"8",0.336888760145167,28.2808639176763
"9",0,25.6056416112337
