"","obs","bmi"
"1",0.358319079422364,28.7154920822591
"2",0.330700376924319,28.2552343830717
"3",0.343008046100894,28.3862190506806
"4",0.325795457307217,28.0572674284119
"5",0.309208839095025,27.7286553137564
"6",0.236921609109092,26.9917552334828
"7",0.302679989678761,27.9117995905392
"8",0.333098298500809,28.2735731555919
"9",0,25.5973828912865
