"","obs","bmi"
"1",0.360745731910969,28.6955358197691
"2",0.333645427705977,28.2399481891054
"3",0.338346544828452,28.3886651842422
"4",0.312920272809732,28.0818990125309
"5",0.286197702795634,27.7752390099778
"6",0.244490398238163,27.0236145080543
"7",0.306634633181355,27.8806762222313
"8",0.332296926565782,28.2517248397221
"9",0,25.6107050282591
