"","obs","bmi"
"1",0.358395380880219,28.6568250353921
"2",0.329585004253215,28.2090401630918
"3",0.326859760678762,28.3017644780858
"4",0.29418281407614,27.9468327543794
"5",0.263884692321203,27.5920292389487
"6",0.244461222853498,27.0757697221191
"7",0.308962189010836,27.9136349494492
"8",0.330704630520679,28.2692731014638
"9",0,25.6043779816464
