"","obs","bmi"
"1",0.359876669527616,28.682044142083
"2",0.332231412988954,28.2329650387824
"3",0.339311599782568,28.3621967613796
"4",0.314922395811713,28.0424265742018
"5",0.286526630366351,27.7227346757884
"6",0.237949617932982,27.0536176236595
"7",0.303780504401289,27.8641399468934
"8",0.333398410871219,28.2556889653463
"9",0,25.5608207736017
