"","obs","bmi"
"1",0.36282697561471,28.7445488376625
"2",0.333120291047488,28.2895089610784
"3",0.34850814258924,28.4264817184368
"4",0.333556631373045,28.1086180584141
"5",0.315813584282849,27.7909701506449
"6",0.246425168630566,27.0337793032673
"7",0.315191761898849,27.9550509720981
"8",0.338804026252176,28.3561267674313
"9",0,25.5789690409676
