"","obs","bmi"
"1",0.362446174452507,28.7168598686799
"2",0.330997397670169,28.2534772460466
"3",0.335602357099652,28.454281302748
"4",0.308825191933836,28.1917842268216
"5",0.28436583421825,27.9293693864549
"6",0.24582988460173,27.0848741303607
"7",0.310119881804591,27.9369625468954
"8",0.331887850584326,28.2584607009205
"9",0,25.6014331412968
