"","obs","bmi"
"1",0.362313393493801,28.7038185005317
"2",0.331634384236721,28.2483603340604
"3",0.335676367201058,28.3871880943546
"4",0.306848869295906,28.0706660105395
"5",0.278270914096413,27.7542539946697
"6",0.23606871753349,27.0192068311258
"7",0.31091324232601,27.8740384615001
"8",0.329220596453372,28.1992195752889
"9",0,25.5966319041305
