"","obs","bmi"
"1",0.362933523908368,28.7229240025011
"2",0.33492571375351,28.2694189811228
"3",0.34629853010543,28.4780325591378
"4",0.326226441584966,28.2332398369084
"5",0.305120356744818,27.9885480571048
"6",0.243145199680105,27.0748785054259
"7",0.309354356222356,27.9609228004014
"8",0.335468822118301,28.2576391422414
"9",0,25.5681379516842
