"","obs","bmi"
"1",0.361356726086642,28.7070177049379
"2",0.329362011797255,28.2470095415644
"3",0.342592280571964,28.3984953137772
"4",0.322709265889507,28.0901797024136
"5",0.301931475159481,27.7820790780797
"6",0.248176533846685,27.0755617107179
"7",0.312693847170396,27.9768731037817
"8",0.334662051836201,28.308473027022
"9",0,25.5795656928029
