"","obs","bmi"
"1",0.362447502185869,28.73503135855
"2",0.331841976693865,28.2752950475441
"3",0.347155773287069,28.4363070600265
"4",0.330225342386366,28.1378055019944
"5",0.314022525912135,27.8395358303256
"6",0.247434012233521,27.0991183961132
"7",0.308244744995718,27.9527148214957
"8",0.333928680795583,28.2184876970885
"9",0,25.5886898780554
