"","obs","bmi"
"1",0.364996767606999,28.774738004014
"2",0.334589483288929,28.3184910069867
"3",0.356854055497061,28.6109293096626
"4",0.345639158302811,28.4472030203046
"5",0.333955459700264,28.2835617840956
"6",0.241010190535616,27.0611321845231
"7",0.313376504393509,27.9672860276708
"8",0.329643739892443,28.263949577377
"9",0,25.6400520881077
