"","obs","bmi"
"1",0.361339088003681,28.6974925332233
"2",0.333479282629503,28.2398846123094
"3",0.347240343925771,28.4298539627466
"4",0.331561032928087,28.1623439670123
"5",0.310678405991623,27.8949666359767
"6",0.24238223248236,27.0413583467113
"7",0.310880542695776,27.9590068834345
"8",0.334153534332535,28.2745538708511
"9",0,25.571398170936
