"","obs","bmi"
"1",0.360042128808066,28.6808763041532
"2",0.329252448304648,28.2267995411034
"3",0.341564480484181,28.3924483503141
"4",0.323713569887363,28.1041655487768
"5",0.307917298866633,27.8160354104714
"6",0.244962370892002,27.0580796327704
"7",0.306640804430406,27.9108816201599
"8",0.335030772241279,28.2997059363144
"9",0,25.5664405319067
