"","obs","bmi"
"1",0.361773286659981,28.7504177034807
"2",0.332095485595501,28.2891708641356
"3",0.354067721178209,28.3422531719192
"4",0.343227871030689,27.9350612539925
"5",0.335777715991838,27.5289446438498
"6",0.242424563306564,27.1099821544356
"7",0.307472974166655,27.893092157773
"8",0.336004796398239,28.2666979767546
"9",0,25.5935826896819
