"","obs","bmi"
"1",0.365857497295527,28.735321230608
"2",0.335329456078345,28.2739548612956
"3",0.355689057676372,28.4566011686633
"4",0.34492503336923,28.178068119529
"5",0.333825160341173,27.8997299401784
"6",0.248209177011827,27.0825458155101
"7",0.30869340186648,27.8926426273282
"8",0.343139789921024,28.3395769481044
"9",0,25.6017266321521
