"","obs","bmi"
"1",0.360529778095888,28.6867484200152
"2",0.32961324961046,28.2263357947369
"3",0.337677325112834,28.3880158938814
"4",0.314085623621171,28.0893697148804
"5",0.290696115638483,27.7908109819214
"6",0.243424855396639,27.1355770769575
"7",0.309421267905884,27.9288684440829
"8",0.335735528446314,28.3646076891135
"9",0,25.6330706101876
