"","obs","bmi"
"1",0.357104069998774,28.6513977938032
"2",0.326592183667355,28.1978951201514
"3",0.336220883567161,28.3696937402555
"4",0.315191569646894,28.0881487752658
"5",0.292499658124124,27.8067680398847
"6",0.252089159951191,27.132350966067
"7",0.310494078851573,27.9061940329453
"8",0.330608473276042,28.2514707589526
"9",0,25.5941850665931
