"","obs","bmi"
"1",0.355847120756051,28.7040395267287
"2",0.325860551314288,28.2412076220996
"3",0.339593765868687,28.4501945910114
"4",0.32447754728415,28.1964403101275
"5",0.306714134775182,27.9427791041648
"6",0.24250922457998,27.0302564092317
"7",0.30684710943319,27.8913557964177
"8",0.338645711628845,28.3074597228228
"9",0,25.6509098294245
