"","obs","bmi"
"1",0.359924790140238,28.6900612257033
"2",0.330051118294121,28.235203641435
"3",0.343922113628268,28.3972799084223
"4",0.329018693393373,28.1047059277832
"5",0.314928940910519,27.8123471323736
"6",0.241430312777699,27.0470793120789
"7",0.304963179673961,27.8531512404246
"8",0.333396955241544,28.2853284259558
"9",0,25.6047337646743
