"","obs","bmi"
"1",0.353200506186747,28.6426933083415
"2",0.321748621457182,28.1757919660346
"3",0.332340968319855,28.3110873627774
"4",0.31054936745112,27.9796666836577
"5",0.290126951628892,27.6484383378491
"6",0.247209596828327,27.0933521654563
"7",0.309668092291853,27.9111951584326
"8",0.336306803693349,28.28879129822
"9",0,25.5622257858845
