"","obs","bmi"
"1",0.358645154910446,28.6794041427585
"2",0.327085903089333,28.2217589681543
"3",0.332528753613775,28.3824996208631
"4",0.304930003800816,28.0856643158825
"5",0.27950398023932,27.7888992392798
"6",0.24397729767391,27.0301552494516
"7",0.314541404685143,27.9497134431735
"8",0.330853468547517,28.2367034488092
"9",0,25.5970912359
