"","obs","bmi"
"1",0.364478756895249,28.7242611650614
"2",0.335412119120115,28.2568500675674
"3",0.342908261518852,28.3769313342441
"4",0.318695398913137,28.0300259638256
"5",0.291873481962115,27.6835734346421
"6",0.241286092176696,27.0098060563046
"7",0.311756630631425,27.9654655299214
"8",0.3439612482546,28.3670860797104
"9",0,25.5681304813182
