"","obs","bmi"
"1",0.360450779171508,28.7094151805349
"2",0.33273701634472,28.2481132303907
"3",0.341971264319451,28.3774737821661
"4",0.319605106300017,28.0457453237356
"5",0.299438089605156,27.7142382346219
"6",0.249629672729233,27.1517232150835
"7",0.305250293446547,27.8853759019284
"8",0.339453652569873,28.3264057807697
"9",0,25.5878684613432
