"","obs","bmi"
"1",0.361171886443005,28.6940438482958
"2",0.330494100437252,28.2309893929285
"3",0.345046861412567,28.4251928509997
"4",0.329676816855063,28.1566180010432
"5",0.312671415927119,27.8883337163731
"6",0.243469691086931,27.078877760372
"7",0.30174424135921,27.8883209109959
"8",0.341555819412421,28.3356030261813
"9",0,25.6072744575159
