"","obs","bmi"
"1",0.363775022851305,28.8159652790215
"2",0.336134816339885,28.3543361198896
"3",0.343891001422646,28.5322517729949
"4",0.321920123204086,28.2487005104472
"5",0.29849903321351,27.9653184741266
"6",0.247091564514848,27.0866831998511
"7",0.308481567211164,27.871564355043
"8",0.334540314183953,28.2580141626495
"9",0,25.6242095435288
