"","obs","bmi"
"1",0.362764484370617,28.7245260664952
"2",0.330678326733397,28.256554598347
"3",0.349520763353115,28.4224334014785
"4",0.336913906847761,28.1205885096877
"5",0.321153615737359,27.8190021121753
"6",0.249550848374038,27.0928145757437
"7",0.308922961063841,27.9151475716899
"8",0.335348626891484,28.2941679713912
"9",0,25.5885734778196
