"","obs","bmi"
"1",0.362052202147352,28.7791391493316
"2",0.332862752290392,28.3225349286932
"3",0.34262267918945,28.5031429509739
"4",0.319822020922945,28.227298023738
"5",0.298052485783475,27.9516094014674
"6",0.24764326196177,27.0959177863515
"7",0.307208246359401,27.8993231076745
"8",0.33519812504708,28.2555893911995
"9",0,25.6289427757461
