"","obs","bmi"
"1",0.360909260061673,28.6863642763419
"2",0.330421501700342,28.2214399318995
"3",0.339465449887961,28.3287124723896
"4",0.320685768032126,27.9712624139884
"5",0.295837003282963,27.6140221388754
"6",0.248891150823746,27.1112541896274
"7",0.30212842668616,27.882327155297
"8",0.331008101675047,28.1957794586929
"9",0,25.6181239584936
