"","obs","bmi"
"1",0.356769177935838,28.6463120924784
"2",0.325848296401385,28.1815516090473
"3",0.331681700508372,28.3395831096341
"4",0.302559989909494,28.0329603210814
"5",0.271706989691576,27.7264454431671
"6",0.240830848408849,27.0923522749438
"7",0.311695543040246,27.9594570349163
"8",0.342468966915317,28.3455188865097
"9",0,25.5593071251306
