"","obs","bmi"
"1",0.355837948013374,28.6565543454352
"2",0.326108276064214,28.1916833797559
"3",0.335011430819574,28.3247265917603
"4",0.31146298427665,27.9930477129773
"5",0.288267851766284,27.6615227294767
"6",0.24575493243362,27.0499546923807
"7",0.305858781186963,27.8655502348266
"8",0.328702671972173,28.2238986677066
"9",0,25.5949515775222
