"","obs","bmi"
"1",0.360721703856928,28.7078593453648
"2",0.330040775094751,28.238165140517
"3",0.33287069560929,28.387719512189
"4",0.303262071126899,28.0677745595977
"5",0.277393959041328,27.7480296612738
"6",0.248471131480357,27.1129962930394
"7",0.31253741144371,27.9544436743755
"8",0.333384847848525,28.3281363439195
"9",0,25.5670424706982
