"","obs","bmi"
"1",0.358251933269699,28.7241410934671
"2",0.328371386240468,28.2667557049384
"3",0.331354589966124,28.3925971637542
"4",0.303256829049967,28.0612619741509
"5",0.274333145232716,27.7301433755686
"6",0.244476601662605,27.0953610615961
"7",0.30580309030104,27.8644786455054
"8",0.330236283694383,28.2010115082221
"9",0,25.5655978182244
