"","obs","bmi"
"1",0.360316977833645,28.6695171915039
"2",0.328547458302734,28.2001637512406
"3",0.328269250246486,28.3055120275602
"4",0.295201157746135,27.9417231620448
"5",0.26363705504929,27.5781578729491
"6",0.245514742657909,27.1021681698356
"7",0.31026688452285,27.9898085034927
"8",0.331602197911046,28.2825147144503
"9",0,25.562954669839
