"","obs","bmi"
"1",0.354782282230967,28.6845300662724
"2",0.324605864191962,28.2284614950716
"3",0.336910364416593,28.3436597198597
"4",0.319278913810503,28.0030865226661
"5",0.298491341625485,27.6628249416345
"6",0.247589757447024,27.0708022581601
"7",0.306378822611493,27.8569504136134
"8",0.333300481708618,28.2448231330704
"9",0,25.622838712494
