"","obs","bmi"
"1",0.359511036497067,28.7162182261119
"2",0.330361985822361,28.2554003029749
"3",0.339885279333769,28.3729276745557
"4",0.322256974610676,28.0299886184557
"5",0.303169931975241,27.6874215117238
"6",0.246851253747284,27.0617146935255
"7",0.301013923585707,27.823696271817
"8",0.335050688213343,28.307978940192
"9",0,25.6152356400586
