"","obs","bmi"
"1",0.357400123565434,28.7021296010567
"2",0.328538880777967,28.2480846816725
"3",0.337347816012972,28.3379469559439
"4",0.31765204174915,27.9741208793439
"5",0.295137519418026,27.61067241585
"6",0.248470258304864,27.1132120714218
"7",0.303665250688496,27.8672796332319
"8",0.34086730508888,28.3309081143013
"9",0,25.5969643402762
