"","obs","bmi"
"1",0.359607412601155,28.6877956838453
"2",0.329629258736627,28.2290674424429
"3",0.345843232756611,28.4613897461766
"4",0.332057617589302,28.2351256636346
"5",0.321849637862571,28.0090089572074
"6",0.243729800470944,27.0523549209059
"7",0.303226198711171,27.8839796014829
"8",0.336761800058931,28.3111712239981
"9",0,25.6240857193922
