"","obs","bmi"
"1",0.358395380880219,28.6568250353921
"2",0.328801869470878,28.1986141931273
"3",0.345777926483711,28.4074082693864
"4",0.333694326647932,28.1581707706334
"5",0.319455749171299,27.909119475792
"6",0.244461222853498,27.0757697221191
"7",0.308962189010836,27.9136349494492
"8",0.330704630520679,28.2692731014638
"9",0,25.6043779816464
