"","obs","bmi"
"1",0.36488502609895,28.7690752579185
"2",0.333113047252321,28.3156649452763
"3",0.333337777953348,28.3674987165914
"4",0.298872340505953,27.9663555261128
"5",0.267047108012253,27.5656747736745
"6",0.246105838297788,27.0594410639107
"7",0.31457734718486,27.9447586922453
"8",0.335847054117964,28.3064533281335
"9",0,25.6106566742694
