"","obs","bmi"
"1",0.35352145485582,28.6516476480642
"2",0.326090012649412,28.195662507444
"3",0.336913620043455,28.3264220347879
"4",0.316778775465288,28.0014146066967
"5",0.296503493161801,27.6766343196013
"6",0.243553929985837,27.0383386945092
"7",0.306205394072565,27.8607463248786
"8",0.335174005732776,28.2500657498915
"9",0,25.6062689305819
