"","obs","bmi"
"1",0.361231994086184,28.712168597111
"2",0.33108233636233,28.2563850364742
"3",0.33725332691335,28.3802403429278
"4",0.311461228394462,28.0484691235788
"5",0.284246212317605,27.7168603467231
"6",0.241191072762507,27.0355750646413
"7",0.306051904426578,27.8756118559196
"8",0.329696641275398,28.2632927566998
"9",0,25.6199002802831
