"","obs","bmi"
"1",0.357357235342579,28.6253622238258
"2",0.327841211904552,28.1504661061482
"3",0.335854361661729,28.262874434418
"4",0.309369861220326,27.9005416928693
"5",0.283459709497022,27.5383674395237
"6",0.246382922144379,27.0766810403434
"7",0.312731785234022,27.9785520171812
"8",0.335725427713641,28.3119460563172
"9",0,25.5693161019695
