"","obs","bmi"
"1",0.360156286981553,28.7035448873763
"2",0.329118318288306,28.2503077659959
"3",0.344189702243256,28.4362402238541
"4",0.327812825943681,28.1691332793958
"5",0.311602343777226,27.9022316454547
"6",0.244405578905479,27.047485565979
"7",0.309423233228203,27.9175215472691
"8",0.335169664070674,28.2774398344877
"9",0,25.6100023561953
