"","obs","bmi"
"1",0.364646925050863,28.7555295112879
"2",0.336357192123342,28.298392800815
"3",0.345080859404321,28.4518676469443
"4",0.325610554160356,28.1484280936432
"5",0.305889326407666,27.8452206456335
"6",0.243864678990791,27.0500859185902
"7",0.306016366314042,27.9133173408106
"8",0.334580289472623,28.2326449057039
"9",0,25.5618465606181
