"","obs","bmi"
"1",0.357518919988453,28.639493338644
"2",0.327188767696732,28.1689230849477
"3",0.344304227080427,28.3439757422121
"4",0.332447987658242,28.0486626738454
"5",0.317221819782321,27.7535621937914
"6",0.245360861708578,27.1226119847853
"7",0.302919710117298,27.8609874605551
"8",0.331107345169458,28.2615664867409
"9",0,25.5739529762472
