"","obs","bmi"
"1",0.3619500926369,28.6989614791441
"2",0.332069187266362,28.2525218520123
"3",0.342338185489166,28.4422096659608
"4",0.322457044579652,28.1855648760367
"5",0.300901768516937,27.9290297719041
"6",0.250300144659523,27.127804373431
"7",0.31282575901051,27.9490829548739
"8",0.333056449202164,28.2332085108919
"9",0,25.575548993587
