"","obs","bmi"
"1",0.360789576721189,28.7225065474464
"2",0.329254988691085,28.2619055912346
"3",0.340683552894103,28.3784682090569
"4",0.316327668290333,28.0345954485793
"5",0.29333082414414,27.6908939116535
"6",0.245282163167586,27.0970595031225
"7",0.308813750433522,27.9229996612636
"8",0.338001431722553,28.3266285724672
"9",0,25.6028107073741
