"","obs","bmi"
"1",0.360124957783968,28.7030053040716
"2",0.330144392799623,28.2384033100838
"3",0.339771477282391,28.4425335692952
"4",0.316555182298297,28.1821364380418
"5",0.2925054089726,27.9218152139995
"6",0.243980912016514,27.0453559830722
"7",0.306439901300951,27.9166744033513
"8",0.333598735742738,28.2683175865911
"9",0,25.604808952042
