"","obs","bmi"
"1",0.362749549385185,28.758315226962
"2",0.333564063349282,28.2841932927023
"3",0.332842660927175,28.4922968629857
"4",0.301526656681941,28.226293711462
"5",0.273229425395358,27.9602994609428
"6",0.240654960022566,27.037899671143
"7",0.314513440238951,27.9368631834148
"8",0.330142534432274,28.2355740419546
"9",0,25.6291849324427
