"","obs","bmi"
"1",0.361464228989441,28.6951337235017
"2",0.332908679935553,28.2419699302871
"3",0.341937420858726,28.4040137575467
"4",0.321924259802467,28.1130781379333
"5",0.297258407583645,27.8223334064133
"6",0.246280963431195,27.0710825456147
"7",0.30780283437423,27.882028932987
"8",0.333381125194805,28.2849957912117
"9",0,25.6146883694761
