"","obs","bmi"
"1",0.357198699731606,28.6617317088479
"2",0.327902639147557,28.2070546339146
"3",0.334892961189759,28.3572002888405
"4",0.309731193801729,28.0528297355118
"5",0.284680564857364,27.7486247089281
"6",0.242975812933263,27.0352944430418
"7",0.307873549088788,27.9236188597685
"8",0.331398793003577,28.2482082066549
"9",0,25.5683454657522
