"","obs","bmi"
"1",0.362289647339289,28.7245967922638
"2",0.331832735525627,28.2566966057017
"3",0.336752149828881,28.4118530277962
"4",0.305780847805631,28.0992069578869
"5",0.278149957028457,27.7866594906648
"6",0.247429277917953,27.1274262839621
"7",0.309970506989138,27.8798849191838
"8",0.340271493964135,28.3197726438575
"9",0,25.5980677589821
