"","obs","bmi"
"1",0.360487429752046,28.7013352890094
"2",0.331085846042231,28.2380754483583
"3",0.337198197002346,28.354995536676
"4",0.314404832881176,28.0089340125762
"5",0.288146395538539,27.6631635900399
"6",0.247677482853102,27.1112916179651
"7",0.302042719691492,27.8653117107293
"8",0.338832055229844,28.310950393072
"9",0,25.5701367164079
