"","obs","bmi"
"1",0.360567825826087,28.6999999649639
"2",0.328746750797283,28.2394922517377
"3",0.338966680466878,28.4703273758062
"4",0.316986526738691,28.240705734885
"5",0.294039546721506,28.0111360811846
"6",0.245885246559723,27.0724202129372
"7",0.310060601970207,27.9271930722929
"8",0.33786825278221,28.3117249700822
"9",0,25.6306695337812
