"","obs","bmi"
"1",0.359381118148395,28.6649124642267
"2",0.328824173068568,28.2089570075188
"3",0.325184604506085,28.2828830056177
"4",0.286518181701243,27.9010340833442
"5",0.250678127677936,27.5193685968035
"6",0.240596840338708,27.0387905474287
"7",0.309821437938735,27.9194209703049
"8",0.340833894809931,28.3486690073187
"9",0,25.5891357791742
