"","obs","bmi"
"1",0.361361438312864,28.6865444017491
"2",0.332720554621664,28.2332899282386
"3",0.350041905403676,28.505835394397
"4",0.339929165714769,28.3252481488823
"5",0.32591928881481,28.144786540726
"6",0.241408343726656,27.04534683371
"7",0.30883917204537,27.9143587793197
"8",0.330981250428715,28.2332641765017
"9",0,25.5763676402495
