"","obs","bmi"
"1",0.364922468174555,28.7456175806118
"2",0.331873483387222,28.2859130444109
"3",0.338635891427457,28.3802392358415
"4",0.306638598908689,28.0153307005732
"5",0.28045509802045,27.6509264640263
"6",0.244048993876219,27.1068289373561
"7",0.308496947097615,27.9305145000739
"8",0.337023668401846,28.3543393280974
"9",0,25.6484181054732
