"","obs","bmi"
"1",0.358582452077822,28.6603473816511
"2",0.326869329032191,28.1963901407877
"3",0.337093958965856,28.2751656869952
"4",0.31538919408424,27.8904068809798
"5",0.296840361115876,27.5060984491282
"6",0.242276597727627,27.031792601888
"7",0.301532192690615,27.8290596660967
"8",0.335317488986122,28.3082184988821
"9",0,25.5644538975819
