"","obs","bmi"
"1",0.356320851619316,28.6594285857287
"2",0.328265746836368,28.1995119769652
"3",0.340881381560475,28.3481934491021
"4",0.321312529276741,28.0371449386623
"5",0.305723000219507,27.7262891164176
"6",0.247275422555658,27.1239233095474
"7",0.302252545688517,27.8442593195415
"8",0.341689477160337,28.3351417991511
"9",0,25.6104139389485
