"","obs","bmi"
"1",0.355616838931015,28.6642606486647
"2",0.326261752879894,28.2041960907507
"3",0.34473290027235,28.3903854469953
"4",0.333009489235239,28.1167066065217
"5",0.321851354840899,27.8432317464563
"6",0.247180238288618,27.0824633158262
"7",0.303191491399033,27.8631660538144
"8",0.330281972117292,28.2293444621001
"9",0,25.5623533618167
