"","obs","bmi"
"1",0.362820181409205,28.7040201109161
"2",0.331397164674785,28.2398856195564
"3",0.341715931143321,28.3611221587956
"4",0.31879012929123,28.0184687865151
"5",0.29403646246804,27.6760697904581
"6",0.243554990268541,27.0452523180326
"7",0.306512806081567,27.9022506190102
"8",0.331294647545185,28.2710119782942
"9",0,25.5517443593078
