"","obs","bmi"
"1",0.366272441740512,28.742825669458
"2",0.333583955683438,28.2751026596568
"3",0.342829223664217,28.4156366119166
"4",0.318200494756277,28.0885484400347
"5",0.292814135660718,27.7615638648695
"6",0.247347014872698,27.1005565199602
"7",0.306414927596818,27.9087894046541
"8",0.34125772541948,28.2978605675564
"9",0,25.5778466997176
