"","obs","bmi"
"1",0.358049394874749,28.6933500325296
"2",0.328441786582217,28.23302650939
"3",0.330056539860639,28.431339546726
"4",0.302921467547601,28.169379844885
"5",0.274957649752611,27.9074706237276
"6",0.238949973790837,27.0190684445505
"7",0.307426138743358,27.9031337910152
"8",0.332167858970676,28.3139382679127
"9",0,25.615771489588
