"","obs","bmi"
"1",0.366469937311445,28.7303046857201
"2",0.335081407292314,28.2806767780564
"3",0.348366029937528,28.3765043965612
"4",0.325856506491448,28.0229424228862
"5",0.306511452017857,27.6696293319164
"6",0.242890770960352,27.0667083919808
"7",0.309812726590097,27.9261461530529
"8",0.330107653557479,28.2332244990705
"9",0,25.5847944433725
