"","obs","bmi"
"1",0.359586596318283,28.6840221187068
"2",0.330543979256607,28.2250686599888
"3",0.33433775788412,28.3442341309016
"4",0.309123307827511,28.0046263440157
"5",0.278210763490912,27.6652039154148
"6",0.247670885831135,27.101730124443
"7",0.296655551393798,27.8521839630112
"8",0.33615033493014,28.2951404015138
"9",0,25.6034324876071
