"","obs","bmi"
"1",0.359067426218592,28.6936753381907
"2",0.331081232932545,28.2316617472492
"3",0.343152466262923,28.4900449525096
"4",0.325900609058642,28.2864564291292
"5",0.305342284336088,28.0829092993444
"6",0.245819424463434,27.0910572230041
"7",0.309861847117562,27.9308365687796
"8",0.338349466262305,28.32285879496
"9",0,25.6259529176619
