"","obs","bmi"
"1",0.364473890424864,28.6982591813503
"2",0.333800719224654,28.2388130098787
"3",0.342478759306912,28.37854332068
"4",0.317123350609701,28.0589795881601
"5",0.293507606216788,27.739572269128
"6",0.24608128057858,27.0731537340231
"7",0.30315859584436,27.8473436146232
"8",0.335800409468376,28.3124072785631
"9",0,25.5566760040931
