"","obs","bmi"
"1",0.359277660117062,28.6941940332787
"2",0.329015971916575,28.2353760756574
"3",0.334917564765719,28.3729611880806
"4",0.31144170691776,28.0519584247661
"5",0.286425531026268,27.7311959856504
"6",0.244439419617078,27.0678304684251
"7",0.309806023963853,27.903446681181
"8",0.332620525410202,28.2834552018959
"9",0,25.6000611996211
