"","obs","bmi"
"1",0.357146793387171,28.6851774893988
"2",0.326627987260295,28.2198330619163
"3",0.330331457429968,28.3397035416898
"4",0.304497496940786,27.9945478600221
"5",0.2770651412286,27.6497274812779
"6",0.247337000262336,27.1227893684614
"7",0.307551485415889,27.950176410308
"8",0.334981947746278,28.3184716783435
"9",0,25.6068075729979
