"","obs","bmi"
"1",0.364575900527683,28.7742349294704
"2",0.334940625739556,28.3172218358493
"3",0.350191816429819,28.484404539125
"4",0.330966020480625,28.1948169798401
"5",0.317248223112699,27.9054829662969
"6",0.245894378992484,27.1160222191006
"7",0.302081232620419,27.8700217305322
"8",0.336755851778938,28.2848219285365
"9",0,25.5952330364431
