"","obs","bmi"
"1",0.359112653985463,28.6534567174922
"2",0.330276674755499,28.1858491751359
"3",0.345085635861717,28.4690380766705
"4",0.325814111977224,28.2847005375656
"5",0.308220983443062,28.1004444889149
"6",0.246328034554928,27.096629646452
"7",0.305109292586895,27.908702949945
"8",0.334832206166355,28.2386842563421
"9",0,25.5465179880387
