"","obs","bmi"
"1",0.362721941176586,28.7335023534384
"2",0.333282759855125,28.2744831354646
"3",0.345593478403023,28.4291848072389
"4",0.329611034798562,28.1250569934837
"5",0.314285500734589,27.8211260303369
"6",0.241941424745294,27.0415798255503
"7",0.314483598521163,27.9645105884921
"8",0.336925639841123,28.3221597009381
"9",0,25.6237930635299
