"","obs","bmi"
"1",0.362030739473955,28.7121421674929
"2",0.334726245891981,28.257698521239
"3",0.346621957668245,28.4847502865844
"4",0.328947953285986,28.2574397028673
"5",0.312511462710545,28.0302113048977
"6",0.238821899483181,27.0598487262217
"7",0.309734892584063,27.8720592752097
"8",0.334821384125679,28.302164957198
"9",0,25.6343711845791
