"","obs","bmi"
"1",0.359222330884122,28.7034027446425
"2",0.330620054708817,28.2455883785306
"3",0.340722548080903,28.3741355305222
"4",0.319370669633677,28.0450333890559
"5",0.294601639367033,27.7161033652824
"6",0.24484041287431,27.0569578435532
"7",0.30681038759186,27.8947899308477
"8",0.329710215850152,28.234958014232
"9",0,25.5889107588397
