"","obs","bmi"
"1",0.362299480638023,28.7273413656153
"2",0.334001843970094,28.2682554050277
"3",0.351720971447251,28.4673373373135
"4",0.339920695758699,28.2074837245906
"5",0.327575661384326,27.9477854162299
"6",0.241179108705502,27.0385059273358
"7",0.307018913149604,27.8772630285137
"8",0.32985025542245,28.2303631531031
"9",0,25.5815517210667
