"","obs","bmi"
"1",0.362543007558167,28.7238889125254
"2",0.330316815810853,28.2692206984981
"3",0.340022005921439,28.4721938651261
"4",0.315003433914076,28.2206028758477
"5",0.295799716507219,27.9691178579443
"6",0.242034704464371,27.0410970930136
"7",0.310502084150074,27.9265802486873
"8",0.331256163223056,28.2680055841371
"9",0,25.6143742749427
