"","obs","bmi"
"1",0.353200506186747,28.6426933083415
"2",0.322845181075792,28.183123498389
"3",0.335089263479331,28.3289155023955
"4",0.315096301499285,28.0153682217885
"5",0.29711116334886,27.7020611922718
"6",0.247209596828327,27.0933521654563
"7",0.309668092291853,27.9111951584326
"8",0.336306803693349,28.28879129822
"9",0,25.5622257858845
