"","obs","bmi"
"1",0.364059473048539,28.7248638266385
"2",0.337739016752833,28.2722687568582
"3",0.351013071370487,28.4706240101244
"4",0.333984535199128,28.2165400594961
"5",0.315675262821306,27.9626182218005
"6",0.246136703569198,27.0909258344673
"7",0.309423813300201,27.9319308540309
"8",0.336016772399891,28.2967562650588
"9",0,25.5542260178083
