"","obs","bmi"
"1",0.362845282796682,28.6951008096331
"2",0.334251054379121,28.2337929837287
"3",0.343771373556304,28.3835741180672
"4",0.323138090026051,28.072267122857
"5",0.300612458500558,27.7611891666926
"6",0.243643361859929,27.0493455410848
"7",0.308160768269799,27.8936555706621
"8",0.330038763441837,28.2594404575092
"9",0,25.5614443962631
