"","obs","bmi"
"1",0.362448746570681,28.7429187394914
"2",0.333128699517642,28.2881488390294
"3",0.344482126847262,28.520630164468
"4",0.325504889348336,28.2984013177228
"5",0.307621298833442,28.0762330696445
"6",0.242565945663329,27.04417804902
"7",0.313034869609492,27.9098809037323
"8",0.339844533998265,28.2978915424408
"9",0,25.5814837105653
