"","obs","bmi"
"1",0.366580647692037,28.7782227381092
"2",0.336342657415206,28.3173324944931
"3",0.341376905900502,28.4503451390953
"4",0.31273450982727,28.1225998480045
"5",0.284276081286736,27.7949893295999
"6",0.247030635404385,27.1059326204793
"7",0.309946439672801,27.9295343045536
"8",0.329123728987463,28.252278286388
"9",0,25.5948782975807
