"","obs","bmi"
"1",0.365275130285364,28.7665140336491
"2",0.33635443436919,28.3163512699033
"3",0.349487015513922,28.4560972671316
"4",0.331958161609012,28.1458671272646
"5",0.315915673445921,27.8358297966876
"6",0.246838875743993,27.0647805798859
"7",0.315732103602877,27.9465503976529
"8",0.33392401137683,28.2860178339535
"9",0,25.5804223106584
