"","obs","bmi"
"1",0.367139014301748,28.7922670292119
"2",0.337239314481045,28.336300063591
"3",0.350478765077829,28.5155282256339
"4",0.333500698104326,28.2389071807507
"5",0.317720762796183,27.9624070367345
"6",0.250194119050151,27.1541883061995
"7",0.31221463715713,27.9418986292644
"8",0.330491646631439,28.2474922264219
"9",0,25.6252556486553
