"","obs","bmi"
"1",0.359287566180929,28.6757439270877
"2",0.330256710762396,28.2036628700542
"3",0.337782563423201,28.4346612082609
"4",0.316102541887006,28.1936246294036
"5",0.295164930355931,27.9526334536476
"6",0.244371773637632,27.0383384986852
"7",0.301648440277557,27.8287966516674
"8",0.333079934781978,28.2918043554356
"9",0,25.5663866795836
