"","obs","bmi"
"1",0.365866544519202,28.783343984594
"2",0.33717143486103,28.3215566875434
"3",0.349628973688232,28.5308025410461
"4",0.333241449332336,28.2784510294865
"5",0.315557036247885,28.0262973816719
"6",0.245910219242415,27.059811495979
"7",0.31223780705454,27.9493014915554
"8",0.336762963241632,28.277245510173
"9",0,25.6077603491423
