"","obs","bmi"
"1",0.36108781575493,28.7122485949585
"2",0.329473515327621,28.2595589901385
"3",0.338814992170285,28.341243249064
"4",0.312115430798158,27.9706573421307
"5",0.289855289529773,27.6005183544654
"6",0.240259013816634,27.0599976208054
"7",0.310748258143653,27.9288658493545
"8",0.332621071914426,28.2320434750246
"9",0,25.577709716075
