"","obs","bmi"
"1",0.358139165914596,28.6806118230296
"2",0.329452743487363,28.2244288331966
"3",0.341288714199566,28.4272814436769
"4",0.327095195249086,28.1742839580183
"5",0.312165072780844,27.9216408440649
"6",0.246310439292024,27.1494447635016
"7",0.307233526080844,27.8800057618877
"8",0.332198180821759,28.2746637304426
"9",0,25.5788555033951
