"","obs","bmi"
"1",0.361470519906495,28.6873971280259
"2",0.331120519210936,28.2256970159364
"3",0.343467769721847,28.3707848491745
"4",0.319343508886322,28.0544408925752
"5",0.29953332205376,27.7383789037418
"6",0.238596255355567,27.0403702218415
"7",0.307741630924888,27.8642960101717
"8",0.334988263812644,28.2717911134545
"9",0,25.563511614522
