"","obs","bmi"
"1",0.3609218767925,28.6890256267263
"2",0.331423289368944,28.2319354880033
"3",0.345891421635392,28.4011536948316
"4",0.33035762377455,28.1134808232472
"5",0.314957411123993,27.8260144946574
"6",0.244417654643465,27.0937411211646
"7",0.313337810819766,27.9586319280811
"8",0.325988716373264,28.2452048029304
"9",0,25.5717433931678
