"","obs","bmi"
"1",0.358770338622487,28.7081838455106
"2",0.328911715502223,28.2480972914474
"3",0.340616472501228,28.415698999569
"4",0.322472165856215,28.1234222458678
"5",0.304845888158213,27.8313628820774
"6",0.245272959803811,27.0336597001924
"7",0.309270753446189,27.9133277408138
"8",0.331335750636566,28.2780698651907
"9",0,25.5807040510502
