"","obs","bmi"
"1",0.363823203541502,28.7727725084824
"2",0.335809152504618,28.3206714329339
"3",0.348641481899064,28.471372244384
"4",0.326461844041767,28.1702126097316
"5",0.302993454883676,27.8693049482564
"6",0.247809509510268,27.08839534138
"7",0.309939705622919,27.9231180605027
"8",0.329404786533961,28.2755609424776
"9",0,25.6387721414423
