"","obs","bmi"
"1",0.364743751276071,28.7411279986729
"2",0.334456873174053,28.2813489025027
"3",0.351400486830243,28.537791176701
"4",0.336717975884936,28.3345274281219
"5",0.318738520281271,28.1313388313584
"6",0.245972891674917,27.0815011481268
"7",0.306148277539035,27.8762047004034
"8",0.333366003759875,28.2276462511463
"9",0,25.6106149941944
