"","obs","bmi"
"1",0.36101210667042,28.6777512195541
"2",0.330998755192114,28.2131709527256
"3",0.343074911536081,28.3532432845024
"4",0.322169390065352,28.0289781461877
"5",0.303667192890074,27.7049670110504
"6",0.247588376517798,27.0439888196394
"7",0.310129781632802,27.929282932236
"8",0.33174246973048,28.254918823018
"9",0,25.5214642433484
