"","obs","bmi"
"1",0.361607678912106,28.7137570575656
"2",0.331330525832987,28.2491451903934
"3",0.335683384654542,28.4234675360427
"4",0.308424513966328,28.1332735881972
"5",0.284435092436179,27.8431765468242
"6",0.242448678257168,27.0930133457575
"7",0.306259295779055,27.8807912131747
"8",0.3341120326828,28.2773161106817
"9",0,25.5885783096102
