"","obs","bmi"
"1",0.354576366776918,28.6314458197523
"2",0.3251831768123,28.1736011847799
"3",0.331471251833965,28.2998146766648
"4",0.309900816979031,27.9683564479634
"5",0.284451359562225,27.6370768454212
"6",0.245902844412046,27.1175127187426
"7",0.305875103658312,27.8735770785818
"8",0.333331903947529,28.2662257346039
"9",0,25.5990022208993
