"","obs","bmi"
"1",0.357827020651023,28.6648177150361
"2",0.328102621639379,28.208188256754
"3",0.349421105943247,28.5349700239387
"4",0.341260767759337,28.4052198209594
"5",0.333713525140562,28.2755699086151
"6",0.244884231704141,27.0940225093634
"7",0.309229268987919,27.9069291668365
"8",0.331877233819315,28.2422943665701
"9",0,25.5789286976587
