"","obs","bmi"
"1",0.354672932763149,28.6513769285884
"2",0.326075227955984,28.1947684652396
"3",0.334838302314433,28.3448785795381
"4",0.312557081312988,28.038587506735
"5",0.290634189723812,27.7325117905344
"6",0.243861301100937,27.1088110725784
"7",0.308991990293316,27.9118168046774
"8",0.332836533972836,28.2675833320093
"9",0,25.5795359530951
