"","obs","bmi"
"1",0.359846135100862,28.7007280295673
"2",0.328507182329669,28.2469660560319
"3",0.348033264732462,28.4905622155873
"4",0.336481605068835,28.2805622271033
"5",0.324403880804324,28.0707347649975
"6",0.245383027782561,27.102614825244
"7",0.312600168133173,27.9403010507548
"8",0.328592322941767,28.2447516842269
"9",0,25.6570987771611
