"","obs","bmi"
"1",0.358483245833289,28.6712171927923
"2",0.32925448217048,28.2066924900071
"3",0.331712506755979,28.2845980305543
"4",0.298822251271489,27.8981674235826
"5",0.269891340410339,27.5119302597995
"6",0.241122975183579,27.0514644102821
"7",0.303377406336772,27.8877421915948
"8",0.33518187522156,28.3007716513528
"9",0,25.5529735351266
