"","obs","bmi"
"1",0.362197312356845,28.7321285414391
"2",0.33137185749963,28.277615205106
"3",0.340014481143056,28.3807600975027
"4",0.317838499484937,28.0296006240458
"5",0.292359410577564,27.6786583616772
"6",0.247431129566235,27.129876118395
"7",0.307114085955728,27.8618967486082
"8",0.331868632886033,28.2570573872022
"9",0,25.5829540188853
