"","obs","bmi"
"1",0.363996821951476,28.717959351761
"2",0.334419297540211,28.2611808271368
"3",0.339840096710872,28.3646934173508
"4",0.310354717606114,28.0116215965629
"5",0.283237201885137,27.6587501719128
"6",0.250013033957202,27.0887267553212
"7",0.312433701190656,27.9637918686396
"8",0.340045544573178,28.3625197220985
"9",0,25.535884763371
