"","obs","bmi"
"1",0.358757089775004,28.7224996890479
"2",0.331761581881119,28.2643600623617
"3",0.35259074285757,28.4762111129138
"4",0.344313326773486,28.2301240795935
"5",0.337367920854907,27.9842469254959
"6",0.24616466277734,27.0539703982012
"7",0.310432186270651,27.895956362253
"8",0.331812204271558,28.260162973986
"9",0,25.5746918366363
