"","obs","bmi"
"1",0.35835915350094,28.6723458140818
"2",0.327963073039995,28.2093138282908
"3",0.334528708714021,28.3330301364712
"4",0.310591207605605,27.9938284135489
"5",0.286062627971694,27.6547431089547
"6",0.244117331589586,27.0900107898251
"7",0.307711559289091,27.9042532953507
"8",0.337056485223461,28.312103370864
"9",0,25.598730749056
