"","obs","bmi"
"1",0.357079681298877,28.6623572934684
"2",0.328179444827011,28.2068362287464
"3",0.343571008804062,28.4242160558021
"4",0.331937008479499,28.1861778380403
"5",0.315973627509002,27.9482454168085
"6",0.240504103467497,27.0166072390008
"7",0.307902196578832,27.9101961748596
"8",0.337956097354953,28.310154338602
"9",0,25.5573678355453
