"","obs","bmi"
"1",0.359347370150133,28.7029020189809
"2",0.328698474469369,28.2426149144271
"3",0.334434727369273,28.3267118121453
"4",0.309648571728128,27.9509851016659
"5",0.284209534143833,27.5757551049603
"6",0.24737719270211,27.1166732018368
"7",0.312510516442298,27.9064008802585
"8",0.33435108451422,28.2973224643612
"9",0,25.612353243917
