"","obs","bmi"
"1",0.363971764651702,28.7227931835629
"2",0.334327489963156,28.2672219063196
"3",0.348660305027715,28.4588783578322
"4",0.334674125179788,28.1952260382401
"5",0.316774244295232,27.931850694675
"6",0.246344215473877,27.0846689068397
"7",0.309398027053001,27.9075198063409
"8",0.339598337865955,28.3317094382438
"9",0,25.6237777534011
