"","obs","bmi"
"1",0.357344422324054,28.6949015388695
"2",0.328747197844525,28.2258000118442
"3",0.336512387661822,28.3632425916251
"4",0.311012960262476,28.0317777387063
"5",0.285909581117606,27.7005171214129
"6",0.248272689501381,27.0882094532123
"7",0.306961218444078,27.8873247891915
"8",0.339341924278048,28.3436475652913
"9",0,25.6318202462056
