"","obs","bmi"
"1",0.364059473048539,28.7248638266385
"2",0.337641277988372,28.2670785920734
"3",0.350111140777996,28.4036339277983
"4",0.334106183960762,28.0826055774511
"5",0.315861351464052,27.7617870649332
"6",0.246136703569198,27.0909258344673
"7",0.309423813300201,27.9319308540309
"8",0.336016772399891,28.2967562650588
"9",0,25.5542260178083
