"","obs","bmi"
"1",0.361784493813076,28.6732706550835
"2",0.333377072048855,28.224427899942
"3",0.335841348971165,28.2553290861275
"4",0.304152345131054,27.8376135527445
"5",0.275850571042433,27.4201319677204
"6",0.246413466573903,27.0907683069785
"7",0.308213930272534,27.9052671944996
"8",0.336988831251937,28.3188434338801
"9",0,25.5483319400967
