"","obs","bmi"
"1",0.359010309489568,28.6880832019694
"2",0.328232252183896,28.2360020163783
"3",0.335065359588297,28.365956541845
"4",0.312370504991312,28.044106670215
"5",0.288129603029309,27.7225485346626
"6",0.249124881936244,27.1079406731913
"7",0.307983654670338,27.8907553244323
"8",0.335561828995621,28.2752285364778
"9",0,25.6026263847825
