"","obs","bmi"
"1",0.35864769509091,28.6618055555351
"2",0.326564948677015,28.198955964128
"3",0.346823474228147,28.4086211496259
"4",0.33454578264408,28.1556464235294
"5",0.32206650069436,27.9028907019716
"6",0.249790531655279,27.1084655110828
"7",0.307301397365025,27.9077328649733
"8",0.333227297278233,28.2810699492304
"9",0,25.570955561219
