"","obs","bmi"
"1",0.359060125080944,28.7448030674294
"2",0.329584378200519,28.276283104225
"3",0.338079415181235,28.4248489814967
"4",0.313566881587505,28.1051078953089
"5",0.289535042869695,27.785589174724
"6",0.243194648714437,27.0730744468314
"7",0.311685695153709,27.9673678504559
"8",0.332053217707336,28.2720455714276
"9",0,25.6303576718743
