"","obs","bmi"
"1",0.362108351778035,28.7011050830058
"2",0.334038216868602,28.2312389881367
"3",0.341189959379693,28.3764261779806
"4",0.318569045767927,28.0519618649236
"5",0.297351535730663,27.7277198657164
"6",0.242863633362963,27.0682076182887
"7",0.310466146380471,27.9052188732978
"8",0.33119801194714,28.2653156312955
"9",0,25.5642661737906
