"","obs","bmi"
"1",0.365290373024647,28.7440513771254
"2",0.334326468823679,28.281524076618
"3",0.333519305053668,28.3248461310164
"4",0.292810273349948,27.9059178618072
"5",0.258901065484096,27.4872776765415
"6",0.246077005931531,27.0584889952442
"7",0.303402077646714,27.8518888228556
"8",0.335446409882408,28.2695307180526
"9",0,25.5501494257838
