"","obs","bmi"
"1",0.358770338622487,28.7081838455106
"2",0.328899003997785,28.2471184196543
"3",0.346862870819413,28.4444848553442
"4",0.334857407039104,28.1810479436066
"5",0.321643603944158,27.9178858498989
"6",0.245272959803811,27.0336597001924
"7",0.309270753446189,27.9133277408138
"8",0.331335750636566,28.2780698651907
"9",0,25.5807040510502
