"","obs","bmi"
"1",0.364809456083955,28.7731643019293
"2",0.33473655674389,28.3175632307735
"3",0.345379574134267,28.5238821361322
"4",0.322459671437718,28.2747928212353
"5",0.298283725776875,28.0259052660841
"6",0.242990290926378,27.0703282478363
"7",0.30669760583578,27.8798402194619
"8",0.342829829417237,28.3547982843344
"9",0,25.6154034030255
