"","obs","bmi"
"1",0.367447849785395,28.7410990488371
"2",0.339327619358886,28.27912849507
"3",0.358634174422562,28.603616548564
"4",0.350776814384764,28.4661952687143
"5",0.342396393120599,28.3288362051616
"6",0.23913009359021,27.0004248344609
"7",0.304894648139198,27.8813066116625
"8",0.330792736479368,28.2217182746629
"9",0,25.5675707542162
