"","obs","bmi"
"1",0.359377307220245,28.6441862638074
"2",0.328938100871939,28.1818615512792
"3",0.338401651531607,28.3735387477202
"4",0.31802846545919,28.1029567576813
"5",0.292513452100873,27.8324415858091
"6",0.239829349470612,27.0559573345941
"7",0.309463189341159,27.9163474101587
"8",0.336457069408244,28.2711680522322
"9",0,25.5531018864299
