"","obs","bmi"
"1",0.360016327619514,28.6869433271138
"2",0.330831631562549,28.2306828792485
"3",0.337852931733847,28.3604509786455
"4",0.310574156272087,28.0341858518821
"5",0.282264584364281,27.708157494696
"6",0.246066657337332,27.0984599000586
"7",0.304246437818657,27.884460708746
"8",0.330979642684195,28.2724800649314
"9",0,25.5850346210112
