"","obs","bmi"
"1",0.359347370150133,28.7029020189809
"2",0.329720806293361,28.2466913920618
"3",0.331178570856198,28.3553662577358
"4",0.298836453389252,28.0079750563195
"5",0.268757092739691,27.6607309545251
"6",0.24737719270211,27.1166732018368
"7",0.312510516442298,27.9064008802585
"8",0.33435108451422,28.2973224643612
"9",0,25.612353243917
