"","obs","bmi"
"1",0.359834974572074,28.6888780453865
"2",0.330292138935267,28.2333525651167
"3",0.337433616060296,28.3684265963541
"4",0.313799563753461,28.0481949434254
"5",0.2889506963524,27.7281929387818
"6",0.245245082923871,27.095210040626
"7",0.307881430152448,27.8957550997198
"8",0.335794696531642,28.2669238374
"9",0,25.5556872511802
