"","obs","bmi"
"1",0.361173063036386,28.7030028181114
"2",0.331576645633899,28.2429884253468
"3",0.346135986697163,28.4525738702938
"4",0.333423350773669,28.2022661573479
"5",0.31892407076738,27.9520831906893
"6",0.237639780053752,27.0173873070461
"7",0.313134296652031,27.9170683339764
"8",0.340488389985176,28.3051941593605
"9",0,25.5493210410236
