"","obs","bmi"
"1",0.361128931656003,28.6996898721546
"2",0.330813023257272,28.2420100285261
"3",0.339418654598217,28.389946510462
"4",0.311990043603314,28.0803665958676
"5",0.287953631045526,27.7709556251514
"6",0.245099501204939,27.0647114861612
"7",0.307984087347381,27.8864278069646
"8",0.331346530925194,28.2600562077184
"9",0,25.5862261504497
