"","obs","bmi"
"1",0.360698641467944,28.7494853186111
"2",0.332866022249916,28.2895917204529
"3",0.336380778193814,28.3951276442188
"4",0.309917840540793,28.040989744686
"5",0.282347211453151,27.6870804162825
"6",0.234284207931255,26.9852948731266
"7",0.304493925967083,27.9055172690792
"8",0.333184357122599,28.220353290687
"9",0,25.621926460818
