"","obs","bmi"
"1",0.354296025137254,28.6749440337766
"2",0.325155268515175,28.2143799280098
"3",0.33359366020094,28.3030757156869
"4",0.310753807664489,27.9314917831982
"5",0.285460469610813,27.5602051293404
"6",0.243155474371775,27.0890625027894
"7",0.307359958033266,27.859555123025
"8",0.326808811524847,28.2015029446863
"9",0,25.6100760821951
