"","obs","bmi"
"1",0.363999942662648,28.7102159096733
"2",0.33192805163403,28.2503587476942
"3",0.345463499661598,28.4109457597094
"4",0.328921002132794,28.111812799271
"5",0.311121871917304,27.8128214397222
"6",0.241727847347709,27.0401411774188
"7",0.308443191046321,27.881923568894
"8",0.335447054086085,28.2571227701007
"9",0,25.5805693139511
