"","obs","bmi"
"1",0.362354551796472,28.7115225414186
"2",0.332268874943614,28.2557300973174
"3",0.34099539445158,28.3967780672047
"4",0.321636238334808,28.0822151393805
"5",0.302925203099056,27.767840485225
"6",0.243866879109207,27.0892779501333
"7",0.310050218159275,27.9046730776352
"8",0.334093336088083,28.2771293684619
"9",0,25.5347765009628
