"","obs","bmi"
"1",0.361153038836916,28.7284348265147
"2",0.332459328588687,28.2732289919574
"3",0.3544553296512,28.437000754518
"4",0.345780238312855,28.145834109166
"5",0.339509655740997,27.8549478628426
"6",0.24901511117815,27.1097276280046
"7",0.305212317554712,27.8735847325873
"8",0.33616485679607,28.2987379512275
"9",0,25.6012697834026
