"","obs","bmi"
"1",0.361938732362729,28.6932063283195
"2",0.334666413019282,28.2369497936225
"3",0.352939020915252,28.4624003684892
"4",0.343309674729198,28.2317242906176
"5",0.330089549195205,28.0011817521091
"6",0.239326226572425,27.0052207181995
"7",0.306026214122709,27.883665783899
"8",0.337029031732757,28.2931729225029
"9",0,25.545813147539
