"","obs","bmi"
"1",0.353939971562059,28.7158277267053
"2",0.327131628939791,28.2601364713305
"3",0.336244482784237,28.399921013005
"4",0.320655684026955,28.0841751648513
"5",0.299033694553151,27.7685992991395
"6",0.246604460294933,27.0665310552708
"7",0.30432872405344,27.9085467536876
"8",0.335899424908353,28.2707152765653
"9",0,25.6455620979201
