"","obs","bmi"
"1",0.360945812334272,28.6794356967516
"2",0.330277498472101,28.2163783790386
"3",0.337571570508022,28.3578366035997
"4",0.314173008589442,28.0364882614512
"5",0.288431523278998,27.7154034871115
"6",0.244046602922987,27.0295054012735
"7",0.308369712268874,27.9362534814527
"8",0.333574728512855,28.3066718900281
"9",0,25.5413042276159
