"","obs","bmi"
"1",0.359126099945074,28.7089398169158
"2",0.329624618263617,28.2610525892662
"3",0.332880508683873,28.3471750583253
"4",0.303101272393925,27.9855915128373
"5",0.275055184074415,27.6241949825483
"6",0.244870760560734,27.0379887256771
"7",0.303421215154231,27.8464243438006
"8",0.334639516884484,28.2958469810875
"9",0,25.5763281094019
