"","obs","bmi"
"1",0.361390417011103,28.7032460098108
"2",0.331846223537393,28.2488429213282
"3",0.336166569286044,28.381220148588
"4",0.308412087946103,28.059354665459
"5",0.282874294854718,27.7376544174581
"6",0.242383627975521,27.0627084016729
"7",0.311126871117963,27.9063638316383
"8",0.332279797442109,28.2747851581824
"9",0,25.608292923999
