"","obs","bmi"
"1",0.352783380476774,28.6179830098052
"2",0.324238254272037,28.165692213953
"3",0.331380270933258,28.3614290293248
"4",0.308668183028609,28.1050763919075
"5",0.282841196757899,27.8489345392044
"6",0.243669686679314,27.1000512728331
"7",0.308354603369213,27.8933064839921
"8",0.328506874021328,28.2436570925362
"9",0,25.5902768035048
