"","obs","bmi"
"1",0.353043211821846,28.6340842209799
"2",0.323313094747561,28.1796867081143
"3",0.334631784496818,28.341460342487
"4",0.316110192725499,28.0490104568008
"5",0.294256830353423,27.7567412128211
"6",0.249294525681222,27.0650077505177
"7",0.30793057719159,27.9094649382116
"8",0.336590397034128,28.2821725210982
"9",0,25.587851422038
