"","obs","bmi"
"1",0.358588512225694,28.6820402352443
"2",0.330140098341789,28.2187653942561
"3",0.331432202416531,28.3234956883844
"4",0.298153273258475,27.9652855283734
"5",0.267959920689562,27.607429126628
"6",0.238598997591677,27.0036182171449
"7",0.306267479780163,27.8973306987719
"8",0.328035330031665,28.2412541980971
"9",0,25.5829905995977
