"","obs","bmi"
"1",0.35967098956947,28.6750527987592
"2",0.328225781562973,28.2186573669077
"3",0.34064419486467,28.3811017518407
"4",0.324403191642453,28.0872643918835
"5",0.304927626334749,27.7935437710412
"6",0.245526218162456,27.0893480493179
"7",0.306343784291182,27.8976161337796
"8",0.333480122687476,28.2566602320674
"9",0,25.5967014206961
