"","obs","bmi"
"1",0.366597322697737,28.8009372239168
"2",0.337684871661339,28.3484401491535
"3",0.348326540652741,28.5119625159306
"4",0.328921855896404,28.2233024157458
"5",0.309046399277201,27.9349738948652
"6",0.249447029767092,27.1016752823558
"7",0.308160246696814,27.8380040043754
"8",0.333353538405406,28.2466020417096
"9",0,25.5880392562052
