"","obs","bmi"
"1",0.359223014743797,28.7305194852684
"2",0.329773753928961,28.2701186699448
"3",0.336072392257679,28.3912507974798
"4",0.305782101621419,28.0521452401091
"5",0.280076192484395,27.7132064392713
"6",0.235707997056751,26.9726332049574
"7",0.307086671609797,27.8966297501992
"8",0.336106390125743,28.2709978060669
"9",0,25.6210432877789
