"","obs","bmi"
"1",0.357330334700315,28.6811300124176
"2",0.329885391884331,28.2226532385807
"3",0.3408168220384,28.427241833532
"4",0.316911786879375,28.1734330701009
"5",0.297634036688783,27.9197046150994
"6",0.251042145848471,27.1506840391451
"7",0.316399803660114,27.9284346954375
"8",0.337453898075108,28.3238475825281
"9",0,25.6008978615964
