"","obs","bmi"
"1",0.358881347369578,28.6489991371769
"2",0.327100506629277,28.1843274042984
"3",0.337757592694342,28.3167467292094
"4",0.315276145912948,27.9847338160005
"5",0.292206883566281,27.6529700323019
"6",0.245141259697623,27.0635661459071
"7",0.307634635389181,27.9016447388242
"8",0.336815998201414,28.2939736047723
"9",0,25.5896891157323
