"","obs","bmi"
"1",0.355941528141207,28.6754014642679
"2",0.329053101853572,28.217323180216
"3",0.340331408730352,28.3558667987335
"4",0.322856538639707,28.0368697261097
"5",0.303894690113087,27.7184572573218
"6",0.246043854364683,27.0760643778972
"7",0.306528369868386,27.855352038799
"8",0.33139909690265,28.2823816555684
"9",0,25.6163377176503
