"","obs","bmi"
"1",0.359649986221943,28.7206026994185
"2",0.32906070884092,28.2630020113881
"3",0.334345659377665,28.4250641355071
"4",0.304767030914761,28.1296616218963
"5",0.27775003360497,27.8343988108366
"6",0.242177521523911,27.0240905058461
"7",0.311434006173413,27.9644152886936
"8",0.333793555669109,28.2880128913927
"9",0,25.6050051327101
