"","obs","bmi"
"1",0.364221181567282,28.7549929319648
"2",0.333844637972865,28.2921626205071
"3",0.344434443775769,28.4477963489974
"4",0.323727941205041,28.1407414457137
"5",0.301026103714413,27.8338317459757
"6",0.247348686850787,27.0667544095353
"7",0.315517824274422,27.9608979948281
"8",0.333732444511673,28.3020789811628
"9",0,25.5848740398263
