"","obs","bmi"
"1",0.358318396331856,28.6567844853127
"2",0.329066004429006,28.1966363780576
"3",0.346004321206457,28.3452010301519
"4",0.330623181897535,28.0338652479825
"5",0.315690601740881,27.7227876943618
"6",0.246949702700347,27.0801300648292
"7",0.304290605202124,27.8809488836268
"8",0.331536272303317,28.2332339338596
"9",0,25.5537686797167
