"","obs","bmi"
"1",0.35868640132892,28.6815661871805
"2",0.331751018068593,28.2283088397457
"3",0.344927977939502,28.4319054152012
"4",0.328429236384905,28.1824095819151
"5",0.310814198365868,27.933084046428
"6",0.250403148369474,27.1142701210435
"7",0.3098744915444,27.9047087322566
"8",0.33696190837604,28.3618632877093
"9",0,25.6021766388231
