"","obs","bmi"
"1",0.359234456497688,28.7235136350828
"2",0.330422617064781,28.268824572006
"3",0.339790354597413,28.4161900521844
"4",0.320077122631825,28.1090641071568
"5",0.297079101560028,27.8021437731164
"6",0.242509192938509,27.0208164214481
"7",0.303053973046118,27.8295499285072
"8",0.332813540604052,28.2854026691778
"9",0,25.5905083270755
