"","obs","bmi"
"1",0.362622664757943,28.7786534297847
"2",0.334370090518546,28.3092907174897
"3",0.34302126935991,28.377820165024
"4",0.322849914627867,27.9773049642126
"5",0.299486006167409,27.5771227771182
"6",0.246216241751903,27.0792131153148
"7",0.305760105126573,27.8958510402558
"8",0.338594872600635,28.3341752159956
"9",0,25.6659494503589
