"","obs","bmi"
"1",0.363559207277365,28.7294380843971
"2",0.334248858626091,28.2676276382968
"3",0.340024386860475,28.4127196331071
"4",0.315549674767738,28.0962435944836
"5",0.292081388980802,27.780021182024
"6",0.244802485102254,27.0429903419081
"7",0.31336699040745,27.9870848863649
"8",0.338317820733745,28.3326162696559
"9",0,25.552721624234
