"","obs","bmi"
"1",0.358367553763609,28.6737462978014
"2",0.329832556382538,28.2237161871349
"3",0.347198223580623,28.4407773883456
"4",0.335122350596445,28.207987038494
"5",0.32193252806129,27.9753825342207
"6",0.239311962804061,26.9955591584744
"7",0.310017533622083,27.8775041815665
"8",0.333972061987708,28.2993109782925
"9",0,25.5879874735439
