"","obs","bmi"
"1",0.35822960116568,28.7279336807165
"2",0.32861491797595,28.2739018375696
"3",0.338058357745062,28.3656008183432
"4",0.313905132090502,28.0036999535051
"5",0.292251598550297,27.6422599960006
"6",0.246449090635927,27.0848984386911
"7",0.310527397436552,27.9132337837295
"8",0.334593609735047,28.2603254597808
"9",0,25.6561570973419
