"","obs","bmi"
"1",0.362142771529847,28.7036601624172
"2",0.330079079324086,28.2446351995898
"3",0.336993861086474,28.3802428664733
"4",0.309635607695711,28.0569952108925
"5",0.28407494147955,27.733922874068
"6",0.247336264851999,27.1205542628979
"7",0.309133934021042,27.9366323851866
"8",0.337476197395997,28.3338653433514
"9",0,25.5794149596511
