"","obs","bmi"
"1",0.354237276322761,28.6599390666242
"2",0.326704758761471,28.1957052956799
"3",0.335189904045016,28.3727036615059
"4",0.318823587107098,28.0856742051191
"5",0.298989052145555,27.7988595344893
"6",0.247536245856558,27.0922181742252
"7",0.31121697922356,27.9469719225953
"8",0.33800069129351,28.3345659361087
"9",0,25.5811189727223
