"","obs","bmi"
"1",0.357107286285698,28.6939694892844
"2",0.327996079794165,28.2305434657205
"3",0.343269436383441,28.3661463760064
"4",0.325036357369813,28.0386297130482
"5",0.307794063417813,27.7114358343487
"6",0.247057180441621,27.0468833013495
"7",0.309077304803561,27.9108123856935
"8",0.334865713467165,28.2909065520588
"9",0,25.5538685556364
