"","obs","bmi"
"1",0.363863410286125,28.6974537083618
"2",0.332799145185231,28.2332579387731
"3",0.345129871924536,28.3816091256758
"4",0.322414890979837,28.0659932811241
"5",0.299726994520293,27.7506132215442
"6",0.241343300202008,27.0502408788526
"7",0.309867017161625,27.9516589783627
"8",0.331547164560995,28.2737328840994
"9",0,25.5561146141375
