"","obs","bmi"
"1",0.357463947260923,28.6822243177458
"2",0.329270661919884,28.2245065729062
"3",0.337214672474058,28.3584139508793
"4",0.316434109929267,28.0347133230574
"5",0.290872712448791,27.711124459229
"6",0.247618228366974,27.1006664252165
"7",0.309999072760432,27.9135127372031
"8",0.339317256997402,28.2972332249144
"9",0,25.6276541655548
