"","obs","bmi"
"1",0.360587488099291,28.6339596628639
"2",0.330561254393621,28.1788513592895
"3",0.33769621955523,28.2554177583728
"4",0.314242400796819,27.8773025239575
"5",0.289833010902195,27.4996419033866
"6",0.24969803520902,27.1175273382906
"7",0.309255564593492,27.9205234305564
"8",0.338966820757864,28.2997271916351
"9",0,25.5076010112091
