"","obs","bmi"
"1",0.361532632896808,28.7401634927691
"2",0.332563494954528,28.2825444297985
"3",0.343812725969645,28.4688012147742
"4",0.32351510768709,28.1976182483175
"5",0.306558097088292,27.9266219172004
"6",0.248241489589222,27.0630092811457
"7",0.310319031861692,27.9741115214981
"8",0.33906860466752,28.335240668344
"9",0,25.6295506795793
