"","obs","bmi"
"1",0.363472054564622,28.7455288606368
"2",0.332795577569523,28.285214639165
"3",0.344331398160014,28.3903490425551
"4",0.326345455850795,28.0354488520804
"5",0.306833945822281,27.6808419492223
"6",0.252696312779445,27.1340963252739
"7",0.307928986118979,27.9023940906723
"8",0.335288989941106,28.3166528058634
"9",0,25.6069440739449
