"","obs","bmi"
"1",0.365496094100233,28.7428454912618
"2",0.335044591062492,28.287660366944
"3",0.344932518199783,28.4851575996663
"4",0.320421445478287,28.227632285693
"5",0.297788887704148,27.970275114132
"6",0.246079631355644,27.0832898229946
"7",0.3052583855502,27.9148947110194
"8",0.333326699745933,28.2635085475968
"9",0,25.6148001554107
