"","obs","bmi"
"1",0.359965499607901,28.6899669246745
"2",0.330085160073039,28.2406692138009
"3",0.343774076909748,28.3782377874204
"4",0.325707000143731,28.0668040178327
"5",0.307236273623593,27.7556814390859
"6",0.241925319998976,27.0632910384771
"7",0.309145522154522,27.9121696623526
"8",0.336681131656732,28.2800124344616
"9",0,25.6081665367557
