"","obs","bmi"
"1",0.360517205686834,28.7245930744822
"2",0.328879216300657,28.2670745170763
"3",0.333974158294725,28.3679187969906
"4",0.304633616860028,28.0115911900677
"5",0.276154890459653,27.6556317339663
"6",0.242062617828913,27.0275072222391
"7",0.307395950192844,27.9001663498878
"8",0.336057797438252,28.2895097847366
"9",0,25.651290831007
