"","obs","bmi"
"1",0.365829274160111,28.7930042774064
"2",0.334993468582992,28.3421438046849
"3",0.354584645973382,28.5129859600914
"4",0.343057780547568,28.2332079808604
"5",0.330866927288114,27.9536825323538
"6",0.243060752257719,27.0624711625827
"7",0.305818232639112,27.9016424903567
"8",0.339655168854538,28.363449839624
"9",0,25.634647231141
