"","obs","bmi"
"1",0.359120327706593,28.6885109230812
"2",0.330645077814338,28.2260419111526
"3",0.356752884862376,28.4212056142245
"4",0.353126605351401,28.1542266952717
"5",0.348707747315524,27.8875921984126
"6",0.241985708428023,27.040463784518
"7",0.307224550492552,27.8859663154384
"8",0.331579104805516,28.263239808851
"9",0,25.5855628488307
