"","obs","bmi"
"1",0.360256415704014,28.643442765235
"2",0.329431781395806,28.1849216937796
"3",0.334665963543994,28.2248563448724
"4",0.304414871155662,27.8065115314195
"5",0.278764079703567,27.3884178885788
"6",0.248027788996651,27.0642423952397
"7",0.302389620428828,27.8523102240099
"8",0.337315696582914,28.2851406681618
"9",0,25.5671777801585
