"","obs","bmi"
"1",0.362061780035388,28.7196149264554
"2",0.331716825531956,28.2681215516552
"3",0.339039295891931,28.4273305030956
"4",0.309198011568049,28.135132626781
"5",0.279273718979211,27.8430211803853
"6",0.238955738422171,27.0066896544461
"7",0.315328523459373,27.9935876099431
"8",0.332426613761936,28.2993805852004
"9",0,25.5737396931707
