"","obs","bmi"
"1",0.354327030896478,28.6599696759241
"2",0.324039922414814,28.1928951463746
"3",0.33032721904763,28.3162851296799
"4",0.304037603497562,27.9728013688603
"5",0.279350087264907,27.6295260160645
"6",0.246200279375895,27.0820720888498
"7",0.31234157851175,27.9405236334782
"8",0.332163309059682,28.2812657274573
"9",0,25.5961981073152
