"","obs","bmi"
"1",0.359631054609979,28.7064530009853
"2",0.328828005962581,28.247152871552
"3",0.347667094327745,28.4425004687394
"4",0.333904065339377,28.1787924294692
"5",0.32251209473499,27.9153401517128
"6",0.245488400457408,27.0095852628735
"7",0.306907164866086,27.899054099052
"8",0.334382010798748,28.2556645221373
"9",0,25.5907190822172
