"","obs","bmi"
"1",0.364473890424864,28.6982591813503
"2",0.333770406488843,28.24212034745
"3",0.351288091279811,28.3960075546456
"4",0.33408461198607,28.0940771771688
"5",0.32120853987954,27.7924861316859
"6",0.24608128057858,27.0731537340231
"7",0.30315859584436,27.8473436146232
"8",0.335800409468376,28.3124072785631
"9",0,25.5566760040931
