"","obs","bmi"
"1",0.364556522087179,28.7579666825146
"2",0.333953028595141,28.3014934209049
"3",0.342270913497792,28.3590730657557
"4",0.316434041027549,27.9605144523362
"5",0.295668452153926,27.5623063675166
"6",0.241293559303116,27.0707791215144
"7",0.304641538413812,27.8834234099135
"8",0.331639974747084,28.2237677620709
"9",0,25.6342274045593
