"","obs","bmi"
"1",0.35656796697444,28.674351413143
"2",0.329490150387853,28.2151907334172
"3",0.340521627105423,28.3336405038002
"4",0.322112844099368,27.9933370175671
"5",0.302838334516619,27.653467632282
"6",0.240949531929323,27.0613439650041
"7",0.303319202080594,27.909489602514
"8",0.326593142091677,28.2116340909738
"9",0,25.5939515377371
