"","obs","bmi"
"1",0.360546363571603,28.7391840923606
"2",0.333317761792149,28.2798764931346
"3",0.352142557598915,28.4609303921655
"4",0.342877853970812,28.1828728022082
"5",0.333927222481403,27.9050191168947
"6",0.241583647198823,27.0284893698835
"7",0.310986198177161,27.8915583766547
"8",0.341224373336535,28.3355649094382
"9",0,25.5701776518608
