"","obs","bmi"
"1",0.360017712071203,28.7000903719775
"2",0.329534305912579,28.2387436025305
"3",0.338232753191054,28.4276848042935
"4",0.313712879436972,28.1553577566866
"5",0.29331404261644,27.8831101115658
"6",0.245129468712952,27.0768770596309
"7",0.30704756588887,27.9105186220135
"8",0.332332189598981,28.2654837671419
"9",0,25.5774723573152
