"","obs","bmi"
"1",0.360470088982564,28.6909826578426
"2",0.33024659772222,28.219117068975
"3",0.348991735294816,28.3729630369824
"4",0.338765868765421,28.0551895208771
"5",0.327365256623248,27.7376727528042
"6",0.24593852142525,27.0460654055592
"7",0.306113135688644,27.8833037340266
"8",0.332564656191032,28.243226914217
"9",0,25.6121171431091
