"","obs","bmi"
"1",0.354605138110752,28.6111441816271
"2",0.32361976490676,28.153123125769
"3",0.333626301152221,28.2819092164374
"4",0.3114733231619,27.9529306437304
"5",0.288739191475555,27.6242199778948
"6",0.244393582129263,26.9979551741427
"7",0.305946018509386,27.9065614484446
"8",0.330846052942979,28.2542231722888
"9",0,25.5300810720662
