"","obs","bmi"
"1",0.358378480557006,28.7149088434228
"2",0.328051639070516,28.2568215419912
"3",0.335910835956049,28.3552130860356
"4",0.313955664240525,27.9958113526824
"5",0.291035880251132,27.6367179652222
"6",0.245347300699912,27.098421384801
"7",0.303317166368945,27.8348954222817
"8",0.341494282485167,28.3353568073239
"9",0,25.5820349139968
