"","obs","bmi"
"1",0.365031162799668,28.7119506495076
"2",0.334734339531215,28.2440846493596
"3",0.351146499108549,28.3694132933559
"4",0.338340300113984,28.0271836467231
"5",0.321767316735858,27.6852767113943
"6",0.242302794290735,27.0859801033353
"7",0.308586340600028,27.9538202507353
"8",0.333333257882556,28.2896019484498
"9",0,25.6002883848026
