"","obs","bmi"
"1",0.362696131737318,28.7088760275329
"2",0.334286559772523,28.2491816376501
"3",0.339447206593822,28.4548928637136
"4",0.316349784368209,28.2009485925443
"5",0.290275749666277,27.9470424562757
"6",0.237085004634651,26.993933658454
"7",0.307652028079601,27.9180924107104
"8",0.33306488884529,28.3013118576862
"9",0,25.5743114449792
