"","obs","bmi"
"1",0.360059289735991,28.6923848720224
"2",0.331183110769745,28.2371607873459
"3",0.328633549154617,28.3392269410963
"4",0.293934516202795,27.9862305627452
"5",0.259033546612416,27.6333984052207
"6",0.240756188644633,27.0595830328948
"7",0.308012581098843,27.8909166685816
"8",0.333753444603479,28.2942877865144
"9",0,25.5675268197875
