"","obs","bmi"
"1",0.358749582794221,28.7072414736902
"2",0.329109800740762,28.2455687050091
"3",0.332964240234845,28.3155930815626
"4",0.305799273132426,27.9242279723157
"5",0.279090651240594,27.5331576164737
"6",0.247652189244799,27.0576306769249
"7",0.31071268610046,27.9591957834541
"8",0.335419051423182,28.2954798504949
"9",0,25.5763957724862
