"","obs","bmi"
"1",0.36460124147822,28.6916452124207
"2",0.33464460494465,28.2353546026794
"3",0.356145619975829,28.4948330362411
"4",0.346675681249561,28.2981257856818
"5",0.339514585857463,28.101526334242
"6",0.24431820652754,27.0343304904105
"7",0.303403261379793,27.8656279327178
"8",0.331744325152698,28.2801488509822
"9",0,25.522804113041
