"","obs","bmi"
"1",0.360580838315315,28.7280459583456
"2",0.331752756231843,28.2651203254659
"3",0.333358121573518,28.3199503607218
"4",0.301631671393488,27.9122339982928
"5",0.273514412681525,27.5049194617346
"6",0.244545377037783,27.0053796901378
"7",0.306579734494509,27.9311906902892
"8",0.332017392703369,28.215708373681
"9",0,25.5657348975295
