"","obs","bmi"
"1",0.356931279291613,28.7547875662021
"2",0.330044434710715,28.2962157831039
"3",0.336839863343036,28.4060302471494
"4",0.310441461838622,28.057571984111
"5",0.287134919006501,27.7094292004069
"6",0.242701063258697,27.0682578671832
"7",0.306286686320322,27.8928499431084
"8",0.3326574893337,28.2711699082947
"9",0,25.6482353593395
