"","obs","bmi"
"1",0.35967167719405,28.6696643063745
"2",0.330992711562451,28.2137517366981
"3",0.339525237485372,28.3915024282589
"4",0.312927538303468,28.1134450693457
"5",0.288182227361541,27.8354935481676
"6",0.252038205501543,27.0746394987528
"7",0.312149552777379,27.9841366280304
"8",0.338928135184585,28.3270308290368
"9",0,25.5631100801151
