"","obs","bmi"
"1",0.35630403056884,28.6467463495859
"2",0.326368355979999,28.1882380580539
"3",0.342391376494425,28.318858544464
"4",0.327729333369849,27.991501316487
"5",0.314012207139493,27.6647148403215
"6",0.238652979879061,27.0031375161687
"7",0.307659767968608,27.8800908101348
"8",0.336203655062108,28.3135106324286
"9",0,25.5595007701961
