"","obs","bmi"
"1",0.360726472290929,28.7310590410896
"2",0.330887547082085,28.2814972891838
"3",0.34439477469247,28.5184758624263
"4",0.332747572568064,28.3060102510014
"5",0.31785633947447,28.0936656520361
"6",0.246005873000759,27.0668195575237
"7",0.301258093099266,27.8571009700781
"8",0.33640053272358,28.3125403096192
"9",0,25.6362844077227
