"","obs","bmi"
"1",0.357122906215922,28.6864914551465
"2",0.328908227671164,28.2302722017823
"3",0.334861183272023,28.3196625154195
"4",0.311932289977787,27.9530943403057
"5",0.286176129488103,27.5867981889345
"6",0.243835239495469,27.0783412512678
"7",0.3080577627792,27.915784626802
"8",0.334250592331727,28.2571753930317
"9",0,25.6072436080608
