"","obs","bmi"
"1",0.364933156916134,28.7360935571705
"2",0.334630871115607,28.2798210115014
"3",0.354012805339201,28.4664392521993
"4",0.340998036892293,28.1969263098299
"5",0.330287137688255,27.9275605617355
"6",0.247225662493728,27.085298567013
"7",0.310261781754273,27.9124385785037
"8",0.332552510160898,28.2607991654246
"9",0,25.5881123908241
