"","obs","bmi"
"1",0.358517468873694,28.6955943633311
"2",0.328211384237362,28.2342522426806
"3",0.349529010610781,28.3834478200246
"4",0.33855930053595,28.0716283462914
"5",0.327065529961134,27.7601528318673
"6",0.243978512359307,27.0979040395734
"7",0.310739597788409,27.9765726444238
"8",0.332286998715575,28.3083793056805
"9",0,25.6288434981246
