"","obs","bmi"
"1",0.360837882047603,28.654839109494
"2",0.332693767263557,28.1975140386167
"3",0.336580347002393,28.4103889182328
"4",0.308575775892159,28.1659783081459
"5",0.277945898748278,27.9216057027234
"6",0.242569420069457,27.1108973021786
"7",0.304160431586181,27.8831718971764
"8",0.329019750021323,28.2128716102357
"9",0,25.5290465908222
