"","obs","bmi"
"1",0.365985363637008,28.7343081265373
"2",0.333308100421218,28.2735019638397
"3",0.342178085551296,28.5331557613632
"4",0.320879995836658,28.3320614948248
"5",0.299557603854544,28.1310264001598
"6",0.243417431864523,27.0845060600319
"7",0.315010719581841,27.9458362604616
"8",0.333398999918192,28.2838080156077
"9",0,25.6102287227449
