"","obs","bmi"
"1",0.363636853147784,28.7557752133935
"2",0.333763154853516,28.3045366621081
"3",0.343299353682372,28.4083362287573
"4",0.325467000599393,28.0610696257009
"5",0.304685080936301,27.7139813249281
"6",0.245048978113298,27.0551164633701
"7",0.303802660454135,27.8805025219608
"8",0.3289812792514,28.1974848751095
"9",0,25.6163889551225
