"","obs","bmi"
"1",0.356215155933687,28.7310466033393
"2",0.326894555678159,28.2718896929208
"3",0.343126900653501,28.5114502538984
"4",0.331537379856129,28.2919761660906
"5",0.315514306055154,28.0726280003894
"6",0.243428677254643,27.0438162783781
"7",0.308804967852089,27.8855075630188
"8",0.339909788932162,28.2892297093734
"9",0,25.6177809368983
