"","obs","bmi"
"1",0.356055265194234,28.6518100463852
"2",0.32825623402905,28.1919124428948
"3",0.342044969757492,28.3543325158161
"4",0.325367787909558,28.0570556891491
"5",0.31195833160399,27.7599876723734
"6",0.243988109917578,27.0857919811474
"7",0.308247193119795,27.9188206286023
"8",0.33426899744718,28.2723992199929
"9",0,25.5912175546158
