"","obs","bmi"
"1",0.365777145746035,28.7726699724114
"2",0.335584673532272,28.3134244450952
"3",0.353325187916511,28.4694159069169
"4",0.33834039108884,28.1664133767727
"5",0.324702852648201,27.8636734509289
"6",0.245009544816598,27.0945050359631
"7",0.30910457638119,27.9182238353072
"8",0.331737454331383,28.2215809766847
"9",0,25.6291360126552
