"","obs","bmi"
"1",0.359538513368272,28.6754130090786
"2",0.328533081774217,28.2143806054996
"3",0.344593657312211,28.4371315389714
"4",0.328550711403483,28.1990599661256
"5",0.315520515184557,27.9612074403987
"6",0.245073946093503,27.0748587099485
"7",0.308958639043591,27.8660344275864
"8",0.336517334416939,28.2935438909275
"9",0,25.5914772079725
