"","obs","bmi"
"1",0.356053614093808,28.6238218909248
"2",0.326169887851479,28.1644682218859
"3",0.347410893529274,28.4145639540989
"4",0.339017388350507,28.205451373959
"5",0.330114811813253,27.9964907779556
"6",0.246370280380003,27.0814556558223
"7",0.31220439007318,27.9242241397786
"8",0.335698439179501,28.3209494089608
"9",0,25.5596844104757
