"","obs","bmi"
"1",0.355355551259167,28.6385476824742
"2",0.325069516055632,28.1831095913003
"3",0.335061668773951,28.2588632859789
"4",0.310522992029681,27.8795023534607
"5",0.28764219922246,27.5004801680504
"6",0.245789375320012,27.1129556729509
"7",0.309077499155276,27.9156325001128
"8",0.337963742483933,28.3340568363789
"9",0,25.5947256156836
