"","obs","bmi"
"1",0.365851642316949,28.7640212233658
"2",0.337234037305292,28.3110406707
"3",0.355328391230226,28.4357679742222
"4",0.343052883578473,28.1078128378527
"5",0.328987681443255,27.7801704881245
"6",0.246903113440221,27.107035423683
"7",0.305153967269261,27.8942519737812
"8",0.331202084175206,28.2720553691804
"9",0,25.6076431159863
