"","obs","bmi"
"1",0.356984132512105,28.6644879872105
"2",0.328232817881228,28.2062585498766
"3",0.338667687989956,28.3611623858463
"4",0.315484875110755,28.0579584682549
"5",0.293272442111219,27.7548793403911
"6",0.247146866556307,27.0779046614673
"7",0.309624073860538,27.9050602143287
"8",0.335211633170714,28.3062140175309
"9",0,25.5806293334598
