"","obs","bmi"
"1",0.363387996241554,28.7032391093076
"2",0.334365138400437,28.233902755868
"3",0.344404899107552,28.3588713539887
"4",0.320148842374591,28.0146874694939
"5",0.293412089253001,27.6706931632661
"6",0.241262737108949,27.062729222808
"7",0.312187350582359,27.9646035273409
"8",0.334646661924182,28.2887716533996
"9",0,25.6020803605061
