"","obs","bmi"
"1",0.365564714929489,28.7448065184404
"2",0.333477116796348,28.2901599433515
"3",0.344658771593368,28.4395768231256
"4",0.323650150551496,28.1345800274784
"5",0.299310165871626,27.8298274205507
"6",0.244804183713914,27.0564480089697
"7",0.313087565587733,27.9508428244954
"8",0.330822947372441,28.2524394308391
"9",0,25.6184406279858
