"","obs","bmi"
"1",0.359044930976527,28.6492593449959
"2",0.328239219422554,28.192527425055
"3",0.340974177875739,28.3558417956305
"4",0.325654239327639,28.0626065430856
"5",0.307113654618708,27.7695604730739
"6",0.2458211319312,27.0947821873613
"7",0.309082908031052,27.9307297914378
"8",0.333588896625967,28.2481906291253
"9",0,25.5813379736304
