"","obs","bmi"
"1",0.363529893679666,28.7182068331047
"2",0.334099394450818,28.2580173671036
"3",0.345749765990204,28.4084741153464
"4",0.327333919889459,28.0989065566761
"5",0.309332245164279,27.7895091388787
"6",0.241924860917192,27.0280242604728
"7",0.308161716229519,27.889266814951
"8",0.332747993108283,28.3061260678983
"9",0,25.5767128857581
