"","obs","bmi"
"1",0.359833047097609,28.6604934638362
"2",0.331198550720137,28.1980721474294
"3",0.344288128524979,28.4125708855711
"4",0.325458251461782,28.1647501899329
"5",0.302216203128816,27.9170337567363
"6",0.248316209445093,27.1389698952355
"7",0.312725940684138,27.9725595936085
"8",0.331203632024026,28.2678272187208
"9",0,25.5628711134086
