"","obs","bmi"
"1",0.362535772577917,28.6801602527813
"2",0.332055602113614,28.2262500090397
"3",0.350288238565296,28.4242881819869
"4",0.336403243452296,28.1686379900348
"5",0.322430459802504,27.913220286351
"6",0.241903563157787,27.0469285539439
"7",0.308923036257339,27.92408823015
"8",0.335134702454069,28.2653974977564
"9",0,25.5748943491908
