"","obs","bmi"
"1",0.359118700096744,28.7000329842525
"2",0.332301386855852,28.2293817159676
"3",0.346697549389485,28.4236945782444
"4",0.335329767996347,28.1475494926502
"5",0.321046549170908,27.8716055371271
"6",0.2443674421067,27.0561054322217
"7",0.309278436527717,27.9586167575076
"8",0.336747076415885,28.290422290605
"9",0,25.5819192091972
