"","obs","bmi"
"1",0.360403834406812,28.7305958972386
"2",0.329699352762434,28.2692992081678
"3",0.341496120907517,28.4379330011631
"4",0.322246839690499,28.1454062378523
"5",0.303347290012178,27.8530208615866
"6",0.245741954699787,27.0584624485226
"7",0.312779310137674,27.9677406886871
"8",0.336650202849032,28.3032524608259
"9",0,25.6222597021203
