"","obs","bmi"
"1",0.357457887260619,28.6831064085964
"2",0.328158456760468,28.2257592588796
"3",0.330252631341239,28.2920416641455
"4",0.302629737845051,27.9011554044724
"5",0.277797741854365,27.5104525666387
"6",0.246364512278252,27.0836156851057
"7",0.308205180016714,27.9072242995098
"8",0.333287188200313,28.2492656459069
"9",0,25.59392591495
