"","obs","bmi"
"1",0.355354337569591,28.6701783213056
"2",0.324606256265326,28.2109562359346
"3",0.333601972977884,28.4197905273488
"4",0.311881397315181,28.1694480363666
"5",0.28781459373414,27.9191510431951
"6",0.246253627850204,27.0481678973918
"7",0.308091084719069,27.9512782044067
"8",0.332839132812317,28.2956304590176
"9",0,25.6449648595274
