"","obs","bmi"
"1",0.3633973569009,28.7479007951498
"2",0.331205717197229,28.2928692255105
"3",0.339402139943519,28.3302692074002
"4",0.311290258100182,27.9130055316407
"5",0.283758713183909,27.4961309488667
"6",0.240509510404084,27.0558361343224
"7",0.312113120245045,27.9880565104169
"8",0.331011297388799,28.2429069626891
"9",0,25.6153538959005
