"","obs","bmi"
"1",0.361333193315278,28.6718265349459
"2",0.331800872460029,28.2128514599601
"3",0.340812028657934,28.3668941587424
"4",0.316952741946565,28.0620609742317
"5",0.292979052164542,27.757329103271
"6",0.243685946737471,27.0312002346061
"7",0.30736706448765,27.9191365971167
"8",0.336888043298805,28.3006216147543
"9",0,25.5480819537057
