"","obs","bmi"
"1",0.360431657215978,28.7405971782209
"2",0.33218418555578,28.2887465885743
"3",0.336814132995138,28.3805775649937
"4",0.310953129532104,28.0207029187356
"5",0.28160482934518,27.660977739979
"6",0.248471999362796,27.1088349096656
"7",0.311389878663352,27.9343916698738
"8",0.335659636811963,28.3135098008315
"9",0,25.6262915666571
