"","obs","bmi"
"1",0.361634859217524,28.7158369080855
"2",0.332691766256448,28.2525500361696
"3",0.344078506842773,28.4232129605888
"4",0.322781382451162,28.1307463143181
"5",0.305174272721354,27.8384417768171
"6",0.242753027390377,27.0213543988239
"7",0.307483162969492,27.8945255974719
"8",0.325331162926972,28.1977868483727
"9",0,25.6256527974728
