"","obs","bmi"
"1",0.361432663371335,28.687148100722
"2",0.331598666780823,28.2348853055905
"3",0.340665014185325,28.3906675238171
"4",0.322453274427416,28.0944372736846
"5",0.30143604675125,27.7984694259132
"6",0.244167449274543,27.0539145953794
"7",0.311522261797668,27.9103638063028
"8",0.329040991837292,28.2536819408747
"9",0,25.5631283846469
