"","obs","bmi"
"1",0.364456205328876,28.7425894311841
"2",0.334851366140382,28.2871988355144
"3",0.336615805728477,28.4056125917677
"4",0.308676461527852,28.0689490653563
"5",0.278736626251548,27.732617515466
"6",0.246633121504215,27.1500240139487
"7",0.30288922088143,27.8714498401223
"8",0.331985162774157,28.2307792266374
"9",0,25.6240583461726
