"","obs","bmi"
"1",0.360730936204179,28.7250560826826
"2",0.332129571766168,28.2660464705708
"3",0.3467006857041,28.4848818023666
"4",0.330604758148824,28.2448144942406
"5",0.314154507213168,28.0048570430044
"6",0.245300517680922,27.0478580583688
"7",0.3136188037949,27.9591053599308
"8",0.333435619162165,28.2352000426782
"9",0,25.5721024406646
