"","obs","bmi"
"1",0.360180210593041,28.7000961737727
"2",0.328779019047056,28.2446211016764
"3",0.337054388920785,28.4101747585663
"4",0.315593141574463,28.1204320802199
"5",0.290499096728519,27.8308746157681
"6",0.247570567393694,27.0943851443167
"7",0.307280200844256,27.9141504393408
"8",0.329634745174777,28.2078348059681
"9",0,25.6008322734232
