"","obs","bmi"
"1",0.36024872773763,28.7571832262045
"2",0.329862408299906,28.2984856347456
"3",0.342426918397509,28.4653615957328
"4",0.324953359562587,28.1736925323423
"5",0.30705185502605,27.8821829186271
"6",0.243590434079999,27.095225674288
"7",0.304486061342499,27.8438833343223
"8",0.33333350471178,28.2898046423351
"9",0,25.6605608780464
