"","obs","bmi"
"1",0.361843026782105,28.737099242828
"2",0.332071635310315,28.2759930949132
"3",0.337285340797803,28.4008213637594
"4",0.309242162887246,28.064783443015
"5",0.28546848078985,27.7289956402605
"6",0.242178878388929,27.0853441985084
"7",0.301052138819382,27.849773642528
"8",0.338321575708633,28.3181083164467
"9",0,25.6369918945189
