"","obs","bmi"
"1",0.360740149454419,28.7104423766744
"2",0.331961042632384,28.2522556809181
"3",0.343661805016498,28.425172662157
"4",0.323292086258704,28.1400540478191
"5",0.305127522898263,27.855091415856
"6",0.238939319807968,27.0083518071327
"7",0.308444242162509,27.9300581896768
"8",0.339378260279015,28.3296153337312
"9",0,25.5766595742607
