"","obs","bmi"
"1",0.367802594041139,28.7693810545373
"2",0.338210704179734,28.3109301330678
"3",0.353659332167597,28.5378532803738
"4",0.338824625938663,28.3065143867049
"5",0.324830653494902,28.0753723791287
"6",0.246041312329826,27.0709786526505
"7",0.310249701098871,27.9141013743859
"8",0.336828884443666,28.316578407043
"9",0,25.5492063912517
