"","obs","bmi"
"1",0.350609964095024,28.5584622848345
"2",0.320341489706823,28.099754010048
"3",0.322271083225143,28.2477766459188
"4",0.29169241897045,27.9372537543142
"5",0.266017369697749,27.6268964517189
"6",0.246510714099573,27.0747742145068
"7",0.308608937838129,27.9452468377648
"8",0.327505641034202,28.2819718033178
"9",0,25.534909794845
