"","obs","bmi"
"1",0.353655002508611,28.6243646790132
"2",0.324123746708822,28.1666831608337
"3",0.335721388758754,28.2887757673151
"4",0.320061241492853,27.9534213060691
"5",0.3020981350548,27.6183128970004
"6",0.246563654430214,27.0963721071243
"7",0.303706911965763,27.9209835580832
"8",0.333013387695125,28.2567659591495
"9",0,25.6235072277188
