"","obs","bmi"
"1",0.362393097686446,28.7204238316664
"2",0.332542096081967,28.2686270984328
"3",0.343414525540596,28.3880875892161
"4",0.324200539016001,28.0559589031572
"5",0.303169714557744,27.724045832838
"6",0.2535318767636,27.1075845155689
"7",0.305977476846541,27.8727674772858
"8",0.325789351843928,28.2222085160589
"9",0,25.5917504200403
