"","obs","bmi"
"1",0.356129968319313,28.6897491324769
"2",0.328581257176325,28.2349999628832
"3",0.339980092546796,28.4288008367088
"4",0.318189099093668,28.1680733993116
"5",0.300001498603934,27.9075762254332
"6",0.24361618613194,27.0629246346171
"7",0.302068769784029,27.8666375239352
"8",0.335921808414967,28.2694930401754
"9",0,25.6096443524668
