"","obs","bmi"
"1",0.360517205686834,28.7245930744822
"2",0.329364193602805,28.2710447654066
"3",0.335944020348242,28.3602059347963
"4",0.313536465505271,27.9959998744056
"5",0.289931568836369,27.6319816305368
"6",0.242062617828913,27.0275072222391
"7",0.307395950192844,27.9001663498878
"8",0.336057797438252,28.2895097847366
"9",0,25.651290831007
