"","obs","bmi"
"1",0.358233631970662,28.6602783397697
"2",0.328912577227466,28.2016065297175
"3",0.339186869883971,28.3252455826962
"4",0.317660109785388,27.9904529323514
"5",0.293702638098519,27.6559106085703
"6",0.240681211731507,27.0388488679189
"7",0.302981693688381,27.896584157978
"8",0.333753734107109,28.2818009396813
"9",0,25.5629200126996
