"","obs","bmi"
"1",0.360059434558054,28.6851598647632
"2",0.332106973334716,28.2403961577162
"3",0.342734053403832,28.3305405745159
"4",0.326592852387233,27.9763365107048
"5",0.308279651688764,27.6225738211202
"6",0.238799603496432,27.0273886378101
"7",0.298709360513263,27.7875378183661
"8",0.334516070263578,28.2880757124394
"9",0,25.5855042021377
