"","obs","bmi"
"1",0.361817622802742,28.7631079444707
"2",0.333972383851082,28.3019432650655
"3",0.345157020441489,28.4607787882141
"4",0.328759167242727,28.1587546136593
"5",0.312616418052693,27.8570518843121
"6",0.244131125353046,27.0837319827054
"7",0.307633245379798,27.893803118345
"8",0.329900443160865,28.2373959773513
"9",0,25.579994615052
