"","obs","bmi"
"1",0.357783196118311,28.7397970865389
"2",0.330670134002661,28.2835882109608
"3",0.34117252574369,28.3393088287847
"4",0.320128663891391,27.9391505532715
"5",0.302026420435885,27.5393384942107
"6",0.245565844518915,27.0566812356861
"7",0.315040544184649,27.9974415699734
"8",0.340027699434694,28.3253678926273
"9",0,25.5807601124831
