"","obs","bmi"
"1",0.366746824146603,28.7608287352992
"2",0.335578879709151,28.3004351286746
"3",0.356715955461655,28.5139258381892
"4",0.342281471698068,28.267187911613
"5",0.330232115005195,28.0206216971936
"6",0.246142754719188,27.0848277445447
"7",0.303489261560564,27.8910645674145
"8",0.334946742197121,28.3011863528488
"9",0,25.6062486504902
