"","obs","bmi"
"1",0.35980080943453,28.6802960182798
"2",0.330255919111087,28.2209915485417
"3",0.34735987468304,28.4849184840495
"4",0.333388232787825,28.2896319183011
"5",0.322259611487708,28.0944406265914
"6",0.251432590799702,27.1383609586943
"7",0.302975761643548,27.8708801032439
"8",0.334343016059948,28.2737149041883
"9",0,25.5763082670558
