"","obs","bmi"
"1",0.353902342339938,28.6252428440943
"2",0.32387750034671,28.1731663858758
"3",0.334880852083235,28.2884997066766
"4",0.310795932239473,27.9518767713177
"5",0.284594930039495,27.6153758497144
"6",0.23993630281316,27.0405421645968
"7",0.303206538456229,27.8396714499784
"8",0.338363903327859,28.2869926786293
"9",0,25.595204513161
