"","obs","bmi"
"1",0.365114280883512,28.7478069391434
"2",0.336722155903402,28.2892592830697
"3",0.346025148302639,28.4290240079242
"4",0.323662479836794,28.1105257136537
"5",0.305168499961877,27.7923269055989
"6",0.242933563697978,27.0625817944337
"7",0.311665968021939,27.9201902180722
"8",0.331982347563895,28.2426126904637
"9",0,25.60694594095
