"","obs","bmi"
"1",0.365413478198595,28.7114699305512
"2",0.335624544060627,28.2551427277546
"3",0.35027949683507,28.4106347609047
"4",0.333010913686975,28.1100814094435
"5",0.315574936467378,27.8098244692399
"6",0.247488823922291,27.043946211253
"7",0.310949109374713,27.9492687495183
"8",0.335775318247038,28.2797090971008
"9",0,25.5947306345948
