"","obs","bmi"
"1",0.361455930046027,28.7450538798239
"2",0.330003466780937,28.2892063182696
"3",0.334835879845467,28.4132182325032
"4",0.3076331098106,28.0814983272817
"5",0.280596979361013,27.7498954957391
"6",0.250394553476113,27.1284255620462
"7",0.311072336399691,27.9513493335437
"8",0.338160931743427,28.3007737724725
"9",0,25.6865044380382
