"","obs","bmi"
"1",0.362298907797184,28.6961533193657
"2",0.331888241676615,28.2350436448888
"3",0.344520893969044,28.4117309052165
"4",0.325567924594033,28.1274948869828
"5",0.303649250838239,27.8434526779307
"6",0.24739823141559,27.0794923973913
"7",0.312581777186991,27.9662839032749
"8",0.342696316413408,28.3755985757702
"9",0,25.5691331130315
