"","obs","bmi"
"1",0.357475197215668,28.6506401398064
"2",0.328756468842921,28.1969193009912
"3",0.348027095541406,28.4402860308747
"4",0.336928366595812,28.2300253074561
"5",0.322785592251384,28.0198615477418
"6",0.24905836040651,27.1430947244476
"7",0.304589273443491,27.8842444195757
"8",0.336502495938471,28.3073828277383
"9",0,25.5858788988526
