"","obs","bmi"
"1",0.363161020675041,28.7554932237018
"2",0.331556618986753,28.2915168958619
"3",0.339567578749429,28.3893571450768
"4",0.316434884512378,28.0234391198907
"5",0.289242435633586,27.6577468693225
"6",0.251285901047049,27.1572330925516
"7",0.303961091926686,27.8769332505929
"8",0.330623632571292,28.2550920419596
"9",0,25.6221266613166
