"","obs","bmi"
"1",0.359120327706593,28.6885109230812
"2",0.329535633098448,28.2228369092663
"3",0.339432766008242,28.3871091263306
"4",0.317605294473229,28.085889343843
"5",0.293639881577563,27.7848577962763
"6",0.241985708428023,27.040463784518
"7",0.307224550492552,27.8859663154384
"8",0.331579104805516,28.263239808851
"9",0,25.5855628488307
