"","obs","bmi"
"1",0.358583370856363,28.7228235595122
"2",0.32995044323761,28.2714706765051
"3",0.338125648684386,28.4257926498637
"4",0.315970823366484,28.1288662492723
"5",0.294937240708661,27.832046682609
"6",0.242345493121058,27.0403630360465
"7",0.311287174821351,27.9264677414945
"8",0.330315173716506,28.1823077475975
"9",0,25.6033728048843
