"","obs","bmi"
"1",0.351255326261052,28.5861733359764
"2",0.323479937964434,28.1332421543828
"3",0.332254020512629,28.2376756349599
"4",0.314984860551867,27.8895029987814
"5",0.296125176345663,27.5416711299124
"6",0.248916023611443,27.1196567869145
"7",0.306190318298009,27.8913585142276
"8",0.330761616340606,28.2695420236031
"9",0,25.5575728090756
