"","obs","bmi"
"1",0.362898839690404,28.7438637761989
"2",0.332777656280255,28.2813827804249
"3",0.341359911367001,28.4610562972527
"4",0.319947063701602,28.1783507727122
"5",0.297172415137947,27.8957505797489
"6",0.236551984197685,27.0277124799264
"7",0.309921903202736,27.9534650190796
"8",0.328453725166322,28.239758095223
"9",0,25.6295408029382
