"","obs","bmi"
"1",0.354655347244294,28.6128243786236
"2",0.321813225302634,28.1547251215274
"3",0.335415465094037,28.4285742140733
"4",0.315171782047672,28.2443570893056
"5",0.298832618789864,28.0601734067241
"6",0.248478535903031,27.1163303425928
"7",0.30667946533334,27.9120104171032
"8",0.334568558012442,28.2949163860509
"9",0,25.562552545562
