"","obs","bmi"
"1",0.355532479170856,28.6448988641954
"2",0.326730901189572,28.1840879374861
"3",0.330500450770965,28.3669943403177
"4",0.303823487158818,28.0891454562784
"5",0.273823752220075,27.8113515292687
"6",0.243850446179798,27.0531929767139
"7",0.310755498434438,27.9418351517852
"8",0.340053770414606,28.4060954113107
"9",0,25.5365414687665
