"","obs","bmi"
"1",0.35625216124627,28.6704490099931
"2",0.326594753076716,28.2177354253864
"3",0.330810712538672,28.3513684601317
"4",0.304637156782205,28.0324242694162
"5",0.281874386470886,27.7136219339462
"6",0.24694455467284,27.113488882996
"7",0.302661414125449,27.8424052435506
"8",0.329950937215212,28.243031019331
"9",0,25.5957295964155
