"","obs","bmi"
"1",0.364678134719794,28.6937064941077
"2",0.334542261777447,28.241589863305
"3",0.34944576665995,28.4156739591479
"4",0.333594751732112,28.1377558614351
"5",0.319021773078417,27.859956479752
"6",0.242873711150412,27.0601682497244
"7",0.305899747695426,27.9081767757796
"8",0.338235135239077,28.3658446110959
"9",0,25.5818022670909
