"","obs","bmi"
"1",0.361035583113595,28.703519774687
"2",0.331813000087538,28.2468618565235
"3",0.340835933827325,28.3934925659361
"4",0.314900594874978,28.083594292097
"5",0.291152709015908,27.773828347365
"6",0.238818274818544,27.0007517939947
"7",0.308160364314451,27.9047410493258
"8",0.337810542944292,28.3140409230777
"9",0,25.5589925246273
