"","obs","bmi"
"1",0.360891914213073,28.6995691933193
"2",0.330662641305519,28.2427013032125
"3",0.343810122233657,28.3671726028797
"4",0.325281299146831,28.0353337898832
"5",0.308246732377812,27.7040968015313
"6",0.242868709446896,27.0622964158534
"7",0.305360735343963,27.8924279070416
"8",0.333430648050667,28.3129340302671
"9",0,25.5780279244226
