"","obs","bmi"
"1",0.358266961182695,28.7163754807981
"2",0.328393689821041,28.2497296088005
"3",0.345286817123655,28.4727248048594
"4",0.330922426991229,28.2291622969404
"5",0.313800999516868,27.9856900915904
"6",0.248662239154378,27.0981310993761
"7",0.309766091187367,27.9024204480126
"8",0.33155353360762,28.3140331546293
"9",0,25.6074636521738
