"","obs","bmi"
"1",0.361955722938347,28.7095100441249
"2",0.331312052305103,28.2483647416688
"3",0.34014543593503,28.4816177628638
"4",0.317616971081229,28.2537901072139
"5",0.293191631803575,28.0260273753841
"6",0.24163353103535,27.0512863484239
"7",0.308488926748821,27.8879951607421
"8",0.334829649269998,28.2735545660476
"9",0,25.5922103032177
