"","obs","bmi"
"1",0.353893484335539,28.6115846824363
"2",0.323840202253774,28.1468656745343
"3",0.329605871755242,28.3533861770909
"4",0.303071412604364,28.0952607100986
"5",0.278575622656624,27.8372072806212
"6",0.246262340300998,27.0358148861751
"7",0.309949509692745,27.9717095190774
"8",0.325118986163571,28.200375273196
"9",0,25.564360214989
