"","obs","bmi"
"1",0.356394877055875,28.6242058280974
"2",0.32736417932812,28.1685499076481
"3",0.33040464688794,28.2542499332668
"4",0.296941103122885,27.884500265661
"5",0.265662690899962,27.514962713986
"6",0.23821617602619,27.0263075078853
"7",0.311605688922065,28.012294632927
"8",0.333392998134806,28.3144582895147
"9",0,25.6011997308746
