"","obs","bmi"
"1",0.36366767604073,28.7526638589543
"2",0.334771462100238,28.2862187119675
"3",0.350297065265705,28.4607105790344
"4",0.337178297016795,28.1689935417886
"5",0.322742790941025,27.8775236996
"6",0.246998115382874,27.0853308717608
"7",0.311863665100275,27.9624272024392
"8",0.333185436729664,28.2738422998032
"9",0,25.5704939296267
