"","obs","bmi"
"1",0.35578254499901,28.6507668304244
"2",0.327106342355611,28.1852959948001
"3",0.340228702081338,28.3651709249253
"4",0.32113865464193,28.0797215412367
"5",0.303354453733566,27.7944246025777
"6",0.243172216181152,27.0390775341968
"7",0.299653122029883,27.8312668085533
"8",0.332130923006554,28.252738996369
"9",0,25.564235000308
