"","obs","bmi"
"1",0.358211648068918,28.6842185338414
"2",0.329249946049882,28.2152083342516
"3",0.345398075633046,28.3888233889622
"4",0.329067215767759,28.0937178910878
"5",0.3118779096965,27.7989174964273
"6",0.246643391848753,27.1019781395137
"7",0.303449269096379,27.8357371637783
"8",0.342922535134183,28.3628256029338
"9",0,25.5784165466498
