"","obs","bmi"
"1",0.355257409694336,28.672142887101
"2",0.32709063090202,28.2206499646371
"3",0.339943869060218,28.3649258524741
"4",0.3257368999083,28.0579375416522
"5",0.309190915084193,27.7511879185685
"6",0.248261394468796,27.1545974830465
"7",0.309657404117697,27.8803296361508
"8",0.33927484704633,28.3194787550936
"9",0,25.5884636361708
