"","obs","bmi"
"1",0.365478410440441,28.7218782469347
"2",0.3358371446886,28.2697702841253
"3",0.342989204310605,28.2967639708799
"4",0.321034200996219,27.8719921610746
"5",0.296901497271443,27.4475798579959
"6",0.238569119674284,27.029883171349
"7",0.308489104910986,27.8963630125306
"8",0.3339250506433,28.293681180347
"9",0,25.6048095827453
