"","obs","bmi"
"1",0.358212726513299,28.7095649887981
"2",0.328803198270183,28.2529662268142
"3",0.337395707251925,28.4162564636606
"4",0.317163325755438,28.1232198950706
"5",0.294884791151014,27.8304689256334
"6",0.247696061912326,27.1002839170214
"7",0.311459145320834,27.905786691112
"8",0.326981669658007,28.2069962273701
"9",0,25.5789539882752
