"","obs","bmi"
"1",0.366525329461139,28.7217043969401
"2",0.336000950352931,28.2673027238214
"3",0.354682099050145,28.4765627148241
"4",0.341989167712243,28.2315323220544
"5",0.32981534201838,27.9866161894065
"6",0.249258399696085,27.0955767999542
"7",0.308213022415122,27.8976603443876
"8",0.339693462194221,28.34601596075
"9",0,25.5871914757398
