"","obs","bmi"
"1",0.35438503529037,28.6635869757262
"2",0.325827880277968,28.207695792127
"3",0.334773351538224,28.3802614865159
"4",0.312181724289929,28.0970472934057
"5",0.287991614388108,27.8139467242024
"6",0.244781733121784,27.0661324815289
"7",0.308380325601552,27.890130524799
"8",0.333224731172287,28.2556924711797
"9",0,25.608019643376
