"","obs","bmi"
"1",0.360022957341328,28.697886631352
"2",0.327837832348703,28.2497977760052
"3",0.337813158077351,28.4360619525344
"4",0.315928993167593,28.1742964276997
"5",0.29257149104772,27.9125902979554
"6",0.244824058998415,27.0956775848176
"7",0.30906948734015,27.9153302485987
"8",0.341633097207421,28.3247326156035
"9",0,25.6246560496315
