"","obs","bmi"
"1",0.351986156023985,28.5895291783114
"2",0.323303991252397,28.136592170332
"3",0.341907838418308,28.3284307372531
"4",0.333613470611913,28.06746172811
"5",0.320507119773776,27.8066264441609
"6",0.241989144690952,27.0381733058868
"7",0.308917023125011,27.9306074641695
"8",0.337668281827914,28.3232951992259
"9",0,25.526902819039
