"","obs","bmi"
"1",0.365093764306507,28.7182110987104
"2",0.333990602914263,28.2587408885877
"3",0.348622720489285,28.3889122197982
"4",0.331141220061251,28.0599251809817
"5",0.309786860185552,27.7312662079871
"6",0.243555933336632,27.120175684844
"7",0.309006321727708,27.8715247753617
"8",0.334094265911124,28.2841680520325
"9",0,25.5571276564774
