"","obs","bmi"
"1",0.361010576020101,28.7590057519869
"2",0.328913948448765,28.2888491869391
"3",0.347135744913119,28.4628078919351
"4",0.332176570264318,28.1667621167035
"5",0.317562652859601,27.8708738910741
"6",0.243658463103337,27.110420004619
"7",0.314051659666498,27.9256468747578
"8",0.329522857605149,28.226653705564
"9",0,25.61742951296
