"","obs","bmi"
"1",0.358537936739631,28.683160459454
"2",0.328627346131367,28.2237595861848
"3",0.337169398872281,28.401455610988
"4",0.317439329144202,28.1198778306555
"5",0.294227433537959,27.8384307692333
"6",0.243107037882432,27.020375032207
"7",0.303881921250779,27.8822918071602
"8",0.331910256342862,28.2818454793368
"9",0,25.5922207447073
