"","obs","bmi"
"1",0.365690328994356,28.7382983537853
"2",0.336170536075361,28.2809609726755
"3",0.348213176246227,28.4858857827947
"4",0.327355277010843,28.2335847185744
"5",0.309083212635705,27.9813978881492
"6",0.242777190218887,27.0397647188327
"7",0.312312506650369,27.9532868518019
"8",0.331799086043453,28.2631953362815
"9",0,25.5981124494743
