"","obs","bmi"
"1",0.361144956743528,28.7168910637106
"2",0.329290146029287,28.2523269344039
"3",0.336983466117528,28.3645100160584
"4",0.311152073010595,28.0123554334889
"5",0.288287986820273,27.6604359538136
"6",0.243250566315729,27.039903194139
"7",0.309214612113988,27.9470393594438
"8",0.336901508625275,28.2960202312682
"9",0,25.5525046978798
