"","obs","bmi"
"1",0.359527968289243,28.6986107938883
"2",0.332188328898237,28.2418887872904
"3",0.335271389675011,28.3816861856669
"4",0.306147044500646,28.0648648213307
"5",0.27754783034197,27.748146861589
"6",0.244185290203279,27.10478680674
"7",0.306642880365805,27.8814979089449
"8",0.334837818378263,28.2770067515662
"9",0,25.5896401395967
