"","obs","bmi"
"1",0.35873859121524,28.712210771398
"2",0.329978802979576,28.254394854468
"3",0.342616419167099,28.5152772551502
"4",0.327714552748099,28.3184183795115
"5",0.30974901936205,28.1216366587142
"6",0.241810514649773,27.0271524122031
"7",0.302482951974141,27.868873781965
"8",0.331775116677124,28.2019175009184
"9",0,25.607586893281
