"","obs","bmi"
"1",0.364361253217498,28.7597230101345
"2",0.333344281859853,28.2983154317698
"3",0.353511786587264,28.4776232423863
"4",0.343603052245439,28.1956566372712
"5",0.331647159713251,27.9138283750508
"6",0.240909471782134,27.0204293244022
"7",0.31097195910738,27.910313181369
"8",0.339185352900336,28.3652531206418
"9",0,25.6132343166263
