"","obs","bmi"
"1",0.362301775604584,28.6841655080133
"2",0.330816480044069,28.2272657138971
"3",0.34896019158279,28.4554770191521
"4",0.33595204814148,28.2268952578708
"5",0.321355336572598,27.998424265637
"6",0.246869082728571,27.1076000883662
"7",0.30529027984598,27.9066722376716
"8",0.334041256453755,28.2569858143307
"9",0,25.6116477086911
