"","obs","bmi"
"1",0.365854770208212,28.7676879581087
"2",0.334587444711516,28.3062168186652
"3",0.340803340879919,28.4122059527597
"4",0.314879781051931,28.0571705053875
"5",0.28578790005623,27.7026161572663
"6",0.246732056709712,27.073013601983
"7",0.310008391176273,27.9468074413128
"8",0.330062300885352,28.215165855182
"9",0,25.6341559918145
