"","obs","bmi"
"1",0.358087485538627,28.6708346937002
"2",0.329133715194737,28.2094630079064
"3",0.346440325688673,28.3801858471252
"4",0.332479031770156,28.089663579257
"5",0.318665776144338,27.7992736600065
"6",0.237737302735699,27.0270494935207
"7",0.306082346743211,27.8867984138696
"8",0.340053997376779,28.3592316028958
"9",0,25.5548121122704
