"","obs","bmi"
"1",0.358588512225694,28.6820402352443
"2",0.32992054912917,28.2153985921082
"3",0.340090330916221,28.3967964388629
"4",0.320591596057467,28.1116806805798
"5",0.301644383853407,27.8266972671043
"6",0.238598997591677,27.0036182171449
"7",0.306267479780163,27.8973306987719
"8",0.328035330031665,28.2412541980971
"9",0,25.5829905995977
