"","obs","bmi"
"1",0.362074127685207,28.7537431289819
"2",0.330768161823475,28.3039772878151
"3",0.341069221328529,28.3853534857832
"4",0.319246913333646,28.0173349201228
"5",0.294275334368857,27.6497088437237
"6",0.245499972082087,27.0672699582004
"7",0.304352428920532,27.8665410402359
"8",0.337545526806642,28.3199526476501
"9",0,25.6163082656427
