"","obs","bmi"
"1",0.362137811351919,28.7056703200338
"2",0.33277228314341,28.2482126009331
"3",0.349105658139829,28.4692524603225
"4",0.332706332687127,28.2330497951091
"5",0.316610549816291,27.9970717128556
"6",0.244614006290796,27.1035978380106
"7",0.303151876983099,27.8318129191666
"8",0.331497771599909,28.2559172793746
"9",0,25.5637575118088
