"","obs","bmi"
"1",0.35690376958298,28.710209933688
"2",0.329922858498297,28.2556659026264
"3",0.341877414410668,28.3797346481946
"4",0.322620311663011,28.0495181198744
"5",0.306653395628876,27.7195722669653
"6",0.239768152092911,27.0461981881827
"7",0.306912406159962,27.8902831327735
"8",0.338329257432594,28.3399671845731
"9",0,25.6021692237576
