"","obs","bmi"
"1",0.361689173943866,28.6862164099677
"2",0.330121393922216,28.222353568442
"3",0.344597531301599,28.4797983922881
"4",0.329465280174598,28.2735206941942
"5",0.310720290185703,28.067388553675
"6",0.239501238978759,27.0251876984066
"7",0.302744234085323,27.862306336699
"8",0.338772440959687,28.3064016935956
"9",0,25.5260656063151
