"","obs","bmi"
"1",0.366700544134273,28.7763272013386
"2",0.337499937679238,28.3152611325053
"3",0.348881069803413,28.4683397842261
"4",0.326548133183681,28.1605061532817
"5",0.304791659277254,27.8528310218213
"6",0.248220193096178,27.1302191548135
"7",0.308684495245518,27.9414005265106
"8",0.334555786252267,28.2889957837965
"9",0,25.6037115211353
