"","obs","bmi"
"1",0.357463947260923,28.6822243177458
"2",0.328736024453539,28.2280799611837
"3",0.336073162795375,28.3611628433116
"4",0.313725400214716,28.0402346468384
"5",0.28931383831269,27.7194434321243
"6",0.247618228366974,27.1006664252165
"7",0.309999072760432,27.9135127372031
"8",0.339317256997402,28.2972332249144
"9",0,25.6276541655548
