"","obs","bmi"
"1",0.358598112080405,28.6806163325238
"2",0.327887785555344,28.2234438657111
"3",0.339959000960146,28.3226748686683
"4",0.317934777869088,27.9650308468548
"5",0.299624430993607,27.607699608681
"6",0.245514049286284,27.0897928311518
"7",0.311580192761468,27.9388691988412
"8",0.334729761129021,28.3113109421992
"9",0,25.5523818927147
