"","obs","bmi"
"1",0.356281686191843,28.693205035337
"2",0.327584550104906,28.2447047361995
"3",0.330399796242677,28.3256399282783
"4",0.29939148508697,27.9584054749539
"5",0.274182752434079,27.5915192627599
"6",0.243094147840352,27.056982643774
"7",0.309623379624062,27.8810763134526
"8",0.336462527045889,28.2918879817224
"9",0,25.5781326051307
