"","obs","bmi"
"1",0.36163014820449,28.7525011591503
"2",0.329293222637038,28.3020514605532
"3",0.346962475465293,28.5143228263313
"4",0.331694337864729,28.2762772325643
"5",0.31849320679048,28.0383686562168
"6",0.247319059285402,27.1144758858795
"7",0.311956825995091,27.9487749679063
"8",0.337904743533203,28.2999687413082
"9",0,25.6099517422219
