"","obs","bmi"
"1",0.355837948013374,28.6565543454352
"2",0.326151563140753,28.1904599504303
"3",0.334038291936503,28.3262539799537
"4",0.31077087637024,27.9961381294941
"5",0.288106890047312,27.6662134964117
"6",0.24575493243362,27.0499546923807
"7",0.305858781186963,27.8655502348266
"8",0.328702671972173,28.2238986677066
"9",0,25.5949515775222
