"","obs","bmi"
"1",0.355166582158671,28.6576268906846
"2",0.32516771748338,28.1944167361208
"3",0.324964686527981,28.2417331308423
"4",0.288842547509776,27.826093677594
"5",0.260496601538718,27.4107207741533
"6",0.24376203143087,27.0550988238824
"7",0.309978843843892,27.934568688309
"8",0.339291072214225,28.3218221925413
"9",0,25.6307379441352
