"","obs","bmi"
"1",0.363514534335396,28.7052736688752
"2",0.332088685657741,28.2431360628447
"3",0.344559415281578,28.332941451585
"4",0.32202565985372,27.9609369758025
"5",0.301494668673586,27.5892781146385
"6",0.240833186708144,27.0284628685074
"7",0.305574300284692,27.8821751838298
"8",0.334684732220742,28.2656609821845
"9",0,25.5752100523655
