"","obs","bmi"
"1",0.361764628039777,28.6885556835351
"2",0.332084151650738,28.2336775671161
"3",0.340241080963071,28.3778170788725
"4",0.315447177092181,28.067282560645
"5",0.293465744808263,27.7569591829112
"6",0.236307191305097,27.0698956568564
"7",0.307847828077846,27.8289502112901
"8",0.334575553479763,28.3024016940382
"9",0,25.5750340432097
