"","obs","bmi"
"1",0.358889318253429,28.7123297425041
"2",0.329056132521398,28.2625911561959
"3",0.345746218954411,28.4577039927816
"4",0.333592056329008,28.2032350326533
"5",0.321627703299236,27.9489280141504
"6",0.24588119408562,27.1387060979543
"7",0.311168982297714,27.9296556214017
"8",0.33916996682347,28.3118892159413
"9",0,25.6346436012413
