"","obs","bmi"
"1",0.357468422457878,28.7028809651671
"2",0.328605650276858,28.248431929934
"3",0.344662990463029,28.456385806201
"4",0.33076448693408,28.2099801404389
"5",0.316209305982629,27.963666696968
"6",0.239779663437094,27.0468559288079
"7",0.301690767447397,27.8873867982684
"8",0.33470733544347,28.303181323915
"9",0,25.5724373365969
