"","obs","bmi"
"1",0.358207705887299,28.7117654097722
"2",0.327772690872714,28.2584121439065
"3",0.336472170796311,28.4223406624878
"4",0.310863709531691,28.1330381965715
"5",0.288615792605289,27.8438608918584
"6",0.244251182967755,27.0955521816571
"7",0.303311805656341,27.884945919093
"8",0.340487569839762,28.3047559853739
"9",0,25.6069443169536
