"","obs","bmi"
"1",0.359244274987134,28.6957143256446
"2",0.329140888113107,28.2307898191548
"3",0.340755928987727,28.4177569065277
"4",0.323003167976205,28.1400047465625
"5",0.303751248908341,27.862465744991
"6",0.245795640251242,27.1106655108694
"7",0.302641675473886,27.879251274347
"8",0.336649886701527,28.3110040634638
"9",0,25.5940587276767
