"","obs","bmi"
"1",0.354925961889368,28.6774838326934
"2",0.325922986125605,28.2210630364272
"3",0.340090999925324,28.3218784060599
"4",0.323908398089932,27.9665842265808
"5",0.304465172143657,27.6116211758529
"6",0.247897301427818,27.1322580059313
"7",0.308062038425935,27.9230312740867
"8",0.328349216944624,28.178270634966
"9",0,25.6066530045308
