"","obs","bmi"
"1",0.358282598730196,28.7276968164837
"2",0.328185820002778,28.2642628193778
"3",0.341593341543029,28.4749661372895
"4",0.323418667262048,28.22235190127
"5",0.303792126073591,27.969857220672
"6",0.247136608047116,27.1327529066318
"7",0.310116499454462,27.9169181443088
"8",0.330670165774418,28.2236649076003
"9",0,25.6387357483163
