"","obs","bmi"
"1",0.359223688510925,28.7096788651736
"2",0.328562141031734,28.2545130070996
"3",0.343779218364942,28.4717212432984
"4",0.324963516418981,28.2339871653002
"5",0.30611301723093,27.9964871172602
"6",0.245596090882462,27.1271649807908
"7",0.307964260335034,27.8616574750106
"8",0.340297552758194,28.3432889274418
"9",0,25.6386140863727
