"","obs","bmi"
"1",0.3565270482322,28.6764301435627
"2",0.327197448786416,28.2146252680226
"3",0.34386931671623,28.4382310003034
"4",0.330731992336382,28.2001225941357
"5",0.318438825489474,27.9621076825338
"6",0.244938758489954,27.0547943527732
"7",0.313145603335996,27.981403135612
"8",0.332554269241725,28.2532920011012
"9",0,25.572425993769
