"","obs","bmi"
"1",0.359640326945569,28.6725447049748
"2",0.329953950360168,28.2107283219487
"3",0.337316981394087,28.3426706422172
"4",0.309621539187833,28.0129885614491
"5",0.284929920995405,27.6835044433666
"6",0.249574803530021,27.137163772986
"7",0.315451478429271,27.9384832508953
"8",0.336807717460838,28.3007313399505
"9",0,25.5943701617145
