"","obs","bmi"
"1",0.355441388924084,28.6905973326893
"2",0.327344736846137,28.2362907504724
"3",0.334434360725661,28.3739665441686
"4",0.311502633766617,28.0575315527161
"5",0.286378499052324,27.741300622708
"6",0.247965687844792,27.1064767080989
"7",0.302549589213621,27.9082019746095
"8",0.330530305561368,28.2877771968887
"9",0,25.6345145280402
