"","obs","bmi"
"1",0.358618470625304,28.6934065697251
"2",0.330042981137338,28.237791921786
"3",0.335054899736808,28.3435317508606
"4",0.30895953357562,27.9939004275276
"5",0.284241798198424,27.6445230624319
"6",0.243531561511943,27.0620031893741
"7",0.315147426315615,27.9567332257758
"8",0.342961418069261,28.3345155943691
"9",0,25.5697919596953
