"","obs","bmi"
"1",0.361233916111879,28.7450049125767
"2",0.332301373263849,28.2885673724368
"3",0.340122584390298,28.415259114031
"4",0.316707485096635,28.0857315963715
"5",0.294110686155087,27.7564313136305
"6",0.244551510316846,27.1145335985029
"7",0.299835930256992,27.8761445894192
"8",0.3320041375429,28.2593533963899
"9",0,25.6497424116339
