"","obs","bmi"
"1",0.362764484370617,28.7245260664952
"2",0.33282567995796,28.2688422633455
"3",0.338335905550595,28.3737351307598
"4",0.31168312194949,28.0231742151628
"5",0.283770603045083,27.6728526258489
"6",0.249550848374038,27.0928145757437
"7",0.308922961063841,27.9151475716899
"8",0.335348626891484,28.2941679713912
"9",0,25.5885734778196
