"","obs","bmi"
"1",0.36097136930129,28.7318023831321
"2",0.330141392820204,28.2677844133476
"3",0.326890174452367,28.3291099830088
"4",0.292913398968181,27.9265807682311
"5",0.258048519547162,27.5242167687768
"6",0.244986661981319,27.0851743924903
"7",0.308879295701273,27.9373025715992
"8",0.338304432842301,28.2926105031695
"9",0,25.5995463542778
