"","obs","bmi"
"1",0.363598845684397,28.7799721859808
"2",0.335518901213957,28.3156963801127
"3",0.340943133972774,28.3851670369066
"4",0.311428212031031,27.990660533026
"5",0.284877527482037,27.5964669580542
"6",0.243721051930892,27.0617303315602
"7",0.30650841165302,27.8660015959655
"8",0.3349229593397,28.3000993347736
"9",0,25.6588997593726
