"","obs","bmi"
"1",0.358483245833289,28.6712171927923
"2",0.329698656732364,28.2193969183308
"3",0.341691782780298,28.3640103528987
"4",0.322122114611027,28.0570236845539
"5",0.305035920030098,27.7502652537317
"6",0.241122975183579,27.0514644102821
"7",0.303377406336772,27.8877421915948
"8",0.33518187522156,28.3007716513528
"9",0,25.5529735351266
