"","obs","bmi"
"1",0.358165109812792,28.6605940603457
"2",0.328291612020681,28.2080003093495
"3",0.342071940195907,28.3035030847718
"4",0.325992442562129,27.9466868425336
"5",0.307342299754847,27.5901593051401
"6",0.242721115607265,27.1051000738448
"7",0.305594682841078,27.8907114662819
"8",0.333683510002848,28.2604118385212
"9",0,25.5819939589739
