"","obs","bmi"
"1",0.353042293259493,28.664121434245
"2",0.324307034927532,28.1972701091007
"3",0.343023522876099,28.3186918830909
"4",0.33195240173513,27.9735769967909
"5",0.319401724858226,27.6287926637378
"6",0.239384591850943,27.0091943604201
"7",0.30367940638679,27.8351008407846
"8",0.33701778613866,28.3375365493393
"9",0,25.6321198457874
