"","obs","bmi"
"1",0.358115798578864,28.7094391269858
"2",0.330612494115459,28.2530648107047
"3",0.333666669946317,28.3724680094706
"4",0.304821611976398,28.0358205468596
"5",0.279438461386277,27.6995156462222
"6",0.243781258794614,27.0793534332516
"7",0.307147139135305,27.9500351418288
"8",0.333104809321866,28.2454550935392
"9",0,25.6345323581827
