"","obs","bmi"
"1",0.362354551796472,28.7115225414186
"2",0.331614784849963,28.2478082529594
"3",0.342099933802773,28.4144897643138
"4",0.322514569617109,28.1176325490177
"5",0.298443223627107,27.8209571145764
"6",0.243866879109207,27.0892779501333
"7",0.310050218159275,27.9046730776352
"8",0.334093336088083,28.2771293684619
"9",0,25.5347765009628
