"","obs","bmi"
"1",0.36126592270611,28.7061753216589
"2",0.331068515541958,28.25009056191
"3",0.343406840439973,28.3699604396792
"4",0.322010289599044,28.0342008026824
"5",0.303147131201806,27.6989268252852
"6",0.24579259616242,27.0831005145308
"7",0.309980972184683,27.9338342282659
"8",0.329596274928789,28.2105257583006
"9",0,25.5993058624219
