"","obs","bmi"
"1",0.359135599416761,28.6612747693095
"2",0.331165741087446,28.204721267304
"3",0.350427668864787,28.4628566168143
"4",0.339183269905822,28.2645696655852
"5",0.329524685051016,28.0664180835029
"6",0.243615576305391,27.0650716664997
"7",0.303591851361454,27.948820648909
"8",0.330793747618191,28.2787996430626
"9",0,25.5596478780428
