"","obs","bmi"
"1",0.359398020229907,28.6943983123567
"2",0.329835202154746,28.2401585629324
"3",0.33378233908648,28.3536284759884
"4",0.302758908087201,28.012996056783
"5",0.271942509690003,27.6725031732971
"6",0.245762635164397,27.1139280862314
"7",0.307629894560651,27.8976228965344
"8",0.333277824127479,28.2726673327962
"9",0,25.5745210019634
