"","obs","bmi"
"1",0.363595738550823,28.7331973372053
"2",0.333415874431933,28.2747318767538
"3",0.343502397476328,28.4557399993781
"4",0.323964565210706,28.1784256379715
"5",0.300156547929325,27.9012589628018
"6",0.249422860068353,27.1158030970522
"7",0.310439585583144,27.8968164906159
"8",0.329231484677299,28.2084389873553
"9",0,25.5835768709542
