"","obs","bmi"
"1",0.361669309520553,28.7071001018687
"2",0.3319862358978,28.2511022043545
"3",0.346029838074387,28.4100520258444
"4",0.33110115017643,28.1131948667191
"5",0.318242777377027,27.8165364181844
"6",0.24303505873853,27.0542029319074
"7",0.303408159329302,27.8915630180339
"8",0.333923478807519,28.2147519075105
"9",0,25.579541268672
