"","obs","bmi"
"1",0.359183431720523,28.7287199213186
"2",0.329670854541657,28.2749334108164
"3",0.346742646447763,28.50629225384
"4",0.333928867228782,28.2840076584218
"5",0.321242730981435,28.0618712916579
"6",0.241329282060334,27.0145826837597
"7",0.304989342127357,27.8942999823575
"8",0.33503115300498,28.2849517806729
"9",0,25.6166281965604
