"","obs","bmi"
"1",0.354296025137254,28.6749440337766
"2",0.325796147620013,28.2205072344689
"3",0.34136588903794,28.4321673095715
"4",0.324857131978275,28.1894913461504
"5",0.309068824162185,27.9469197236136
"6",0.243155474371775,27.0890625027894
"7",0.307359958033266,27.859555123025
"8",0.326808811524847,28.2015029446863
"9",0,25.6100760821951
