"","obs","bmi"
"1",0.361450205706834,28.7546020270699
"2",0.333806141813021,28.2934455710108
"3",0.35183099163119,28.5040881496495
"4",0.34068731140402,28.2538297163494
"5",0.330043816886753,28.0038396844389
"6",0.243245661040558,27.0561309164273
"7",0.307811598706198,27.9041730310376
"8",0.334828825880303,28.3237796920923
"9",0,25.6053670718161
