"","obs","bmi"
"1",0.359593974779738,28.7421553112443
"2",0.330736924981642,28.2834524562256
"3",0.340816401721098,28.449747073301
"4",0.321909192188098,28.1574551674315
"5",0.301891474902548,27.8652831175894
"6",0.244546156960048,27.1040980963585
"7",0.308480020384066,27.9125291644294
"8",0.333850698264585,28.2778311900463
"9",0,25.6331613303329
