"","obs","bmi"
"1",0.356129968319313,28.6897491324769
"2",0.326985334190999,28.2438501217829
"3",0.327006314065281,28.3281657252746
"4",0.292694406600297,27.9667139092251
"5",0.261548485844879,27.6053953493062
"6",0.24361618613194,27.0629246346171
"7",0.302068769784029,27.8666375239352
"8",0.335921808414967,28.2694930401754
"9",0,25.6096443524668
