"","obs","bmi"
"1",0.358640224806806,28.6821511553878
"2",0.332331349545029,28.2398353344893
"3",0.348184562423352,28.4191773518189
"4",0.338501395336511,28.1563627804861
"5",0.328038048632087,27.8937139158951
"6",0.250216222203062,27.0976828516432
"7",0.307459573253741,27.8917977352275
"8",0.335191753135914,28.2832955002207
"9",0,25.600968448355
