"","obs","bmi"
"1",0.358382189194471,28.7034669835491
"2",0.330396642207081,28.243538610507
"3",0.340553807921125,28.4434828289678
"4",0.319282062654015,28.18358048837
"5",0.301188853838098,27.9237616759657
"6",0.241515786845011,27.0410402446664
"7",0.315752371550036,27.9364525468002
"8",0.329625344028204,28.2195382130272
"9",0,25.6146327599506
