"","obs","bmi"
"1",0.364460631436866,28.774456570185
"2",0.333563452916371,28.3081581370526
"3",0.340883573370769,28.4158715761694
"4",0.31312074800266,28.0574850695046
"5",0.287473494512166,27.6993042314616
"6",0.247536920058783,27.1052449777765
"7",0.303254057778259,27.8490782004467
"8",0.336300513366575,28.2908723210416
"9",0,25.6108908504418
