"","obs","bmi"
"1",0.362918299605017,28.7446534098381
"2",0.332403255669189,28.2918316522697
"3",0.355460002199402,28.5190366184201
"4",0.347081789436164,28.2936486940797
"5",0.340594689320053,28.0685008804305
"6",0.242476652924132,27.0274336974929
"7",0.311410275310734,27.9534012246529
"8",0.332280516760311,28.2361271508684
"9",0,25.6171775616955
