"","obs","bmi"
"1",0.359255941355701,28.72108674618
"2",0.331043887611343,28.2611545549437
"3",0.340835739945249,28.4370355402415
"4",0.319547645401536,28.1531304847172
"5",0.3002167697623,27.8693756914568
"6",0.241344293113644,27.0289236833738
"7",0.310161683038173,27.8847852867287
"8",0.330639767750299,28.2542328980735
"9",0,25.5503839989404
