"","obs","bmi"
"1",0.353040732552441,28.6445460598882
"2",0.322605863084363,28.1846571320212
"3",0.339792677735686,28.3144063030123
"4",0.324206597587767,27.9845280792992
"5",0.307383333544924,27.6549239829909
"6",0.240356392793346,27.0264350144539
"7",0.310743677399735,27.9410416262728
"8",0.331351344623615,28.2447422032379
"9",0,25.6076628990386
