"","obs","bmi"
"1",0.350609964095024,28.5584622848345
"2",0.320519428238069,28.1050364273993
"3",0.327532659541001,28.1800017108987
"4",0.29953128053936,27.8020409626468
"5",0.272829172682069,27.4246151731237
"6",0.246510714099573,27.0747742145068
"7",0.308608937838129,27.9452468377648
"8",0.327505641034202,28.2819718033178
"9",0,25.534909794845
