"","obs","bmi"
"1",0.372729995117138,28.8117962313862
"2",0.343183506588689,28.3586894292617
"3",0.346167747851562,28.4399366202416
"4",0.314417722200812,28.0682161242634
"5",0.287055681775102,27.6966377937492
"6",0.239377347570082,27.0078989630237
"7",0.302678121633995,27.8544878802578
"8",0.325614512402453,28.2199129883668
"9",0,25.5985517167682
