"","obs","bmi"
"1",0.359561668132091,28.6969225870925
"2",0.329481528778225,28.2295036610212
"3",0.348211695006918,28.4480114199194
"4",0.332462646574464,28.1993840814513
"5",0.317072666472362,27.9510567065826
"6",0.24223303976909,27.0042853145558
"7",0.299558403659527,27.825321730655
"8",0.3313354993843,28.2712262401698
"9",0,25.639285470028
