"","obs","bmi"
"1",0.360817221463473,28.7013159397998
"2",0.330670089874247,28.2461870796168
"3",0.337978570148453,28.3566085547585
"4",0.312231489364052,28.0121188305867
"5",0.284687528350366,27.6678552456272
"6",0.24346208279789,26.9964346275093
"7",0.310429007783403,27.9203969282324
"8",0.339360847214068,28.3018694246276
"9",0,25.6193891215321
