"","obs","bmi"
"1",0.364670165587508,28.6753828010988
"2",0.331991845259848,28.2178719342499
"3",0.349010287496295,28.4659501925067
"4",0.335352851035636,28.2567429110602
"5",0.320488077101043,28.0477727429007
"6",0.244712562629021,27.0840179838637
"7",0.308446957436742,27.8898931022469
"8",0.334432084288511,28.286653565599
"9",0,25.5934651337029
