"","obs","bmi"
"1",0.361990265561088,28.7342856361419
"2",0.329538411461326,28.2750262300373
"3",0.341191579785755,28.4753523473771
"4",0.319879040507339,28.2165316034892
"5",0.300782709435511,27.9578257278127
"6",0.246496312919953,27.0613173941428
"7",0.309203468612287,27.9128397582575
"8",0.337014732149054,28.3062066630859
"9",0,25.5857305987423
