"","obs","bmi"
"1",0.360583577262928,28.7333009649319
"2",0.331281118398407,28.2726089675549
"3",0.33604175438406,28.4223946920324
"4",0.307301947271775,28.1116012407653
"5",0.278823122730027,27.8009234110615
"6",0.242063936473114,27.0464555647384
"7",0.310670937489987,27.9518409646277
"8",0.333023926240978,28.2631163221013
"9",0,25.6578052727382
