"","obs","bmi"
"1",0.357827020651023,28.6648177150361
"2",0.327720018141379,28.2077955132907
"3",0.339263423489421,28.4030026151254
"4",0.320634341414158,28.1413302390558
"5",0.298182016722538,27.8798047743903
"6",0.244884231704141,27.0940225093634
"7",0.309229268987919,27.9069291668365
"8",0.331877233819315,28.2422943665701
"9",0,25.5789286976587
