"","obs","bmi"
"1",0.358512392681529,28.717797927782
"2",0.331448224665775,28.2576361504021
"3",0.332870153616296,28.3291570803002
"4",0.303746374607309,27.9407425605105
"5",0.276587925437582,27.5525629577942
"6",0.237559527878155,26.9901748158595
"7",0.309681161925988,27.9482404453168
"8",0.333825325661752,28.2604840603986
"9",0,25.6194636106604
