"","obs","bmi"
"1",0.357427073696175,28.6492026010736
"2",0.327355648330951,28.1851111142915
"3",0.330922517815857,28.3301373082002
"4",0.298467852112327,28.0111962527069
"5",0.271605457352869,27.692380810263
"6",0.239222259146229,27.0374510692664
"7",0.310466797215545,27.904487108145
"8",0.331050621513343,28.2705197327196
"9",0,25.5552409114079
