"","obs","bmi"
"1",0.358907450326565,28.7158866000427
"2",0.329506863320284,28.2553974904893
"3",0.340731236365989,28.4273951146548
"4",0.322630600603575,28.1390353760969
"5",0.301741560074449,27.8508111042565
"6",0.240106160680025,27.0783852168232
"7",0.308892834862988,27.94729241816
"8",0.330549835206378,28.2641798313899
"9",0,25.6033249193495
