"","obs","bmi"
"1",0.352847746384932,28.6428286441838
"2",0.323094110675394,28.1859283626783
"3",0.332271374589155,28.3310721898313
"4",0.305967375573501,28.0194463092728
"5",0.281081518217986,27.7079535622842
"6",0.248342490947252,27.0873432779921
"7",0.31250420383318,27.9340590582058
"8",0.341024025838503,28.3419058997082
"9",0,25.6447559535967
