"","obs","bmi"
"1",0.364178453833458,28.7502792931334
"2",0.335749301786575,28.2855413727911
"3",0.344626209259892,28.4083590611248
"4",0.326678786647027,28.066741668699
"5",0.302807433639242,27.7254434062314
"6",0.249385447760723,27.1790588209385
"7",0.303279769654493,27.8607036055137
"8",0.331172051101682,28.2666975723824
"9",0,25.608859839
