"","obs","bmi"
"1",0.362415852368438,28.68202302126
"2",0.330607063689482,28.2274748332233
"3",0.339257064236547,28.3078667968152
"4",0.31135590089965,27.9339159721496
"5",0.285994237413741,27.5601769367748
"6",0.247285042749992,27.0977650489544
"7",0.312927984750814,27.9443464295698
"8",0.342250163571947,28.3432076566891
"9",0,25.5534801645444
