"","obs","bmi"
"1",0.3623972680102,28.6975531760263
"2",0.334919949953185,28.2485247946536
"3",0.342595278270236,28.4433309828924
"4",0.319201239662692,28.1892024779846
"5",0.29486016045081,27.9351710849666
"6",0.247831003550789,27.1111176131494
"7",0.305175380013796,27.8388682933443
"8",0.338522520780521,28.3192818893438
"9",0,25.5384480195865
