"","obs","bmi"
"1",0.36279515626798,28.6753745383207
"2",0.332189166094578,28.2211429486254
"3",0.33972013557135,28.2947270563903
"4",0.312832178131233,27.9142606518012
"5",0.288866060600104,27.5339820950729
"6",0.238144649953835,27.0006785588994
"7",0.309776377884156,27.8848562091237
"8",0.340219886390418,28.3817245014327
"9",0,25.5534912694587
