"","obs","bmi"
"1",0.362497972239467,28.7079879614608
"2",0.334004080874067,28.2448377968459
"3",0.349036595846181,28.5018824035099
"4",0.335969104170973,28.2958278725363
"5",0.318545210368183,28.0898248616379
"6",0.244371898478481,27.0342683927316
"7",0.306672181903275,27.8965791153066
"8",0.3310324210073,28.2644601021449
"9",0,25.5252094747888
