"","obs","bmi"
"1",0.360156286981553,28.7035448873763
"2",0.327444965596148,28.2337938363247
"3",0.340289739788815,28.3539011739957
"4",0.318985035096563,28.0046047772274
"5",0.300625918488087,27.6556749487199
"6",0.244405578905479,27.047485565979
"7",0.309423233228203,27.9175215472691
"8",0.335169664070674,28.2774398344877
"9",0,25.6100023561953
