"","obs","bmi"
"1",0.353607163420683,28.6242009913221
"2",0.325522778623918,28.1714631094514
"3",0.331220101146241,28.219782649401
"4",0.309889745437243,27.8157202524499
"5",0.285777328465579,27.4120329376135
"6",0.24195389592341,27.0475203492977
"7",0.311314150625575,27.9320909517731
"8",0.329405061755625,28.2363754568824
"9",0,25.5801551076697
