"","obs","bmi"
"1",0.356377533380816,28.6748391926168
"2",0.326510443635302,28.2263321359406
"3",0.326262317823279,28.3348594001913
"4",0.295063530604668,27.9949964598144
"5",0.265001304486056,27.6552516350702
"6",0.23952683340194,27.0315874557289
"7",0.312147151375583,27.9595245157274
"8",0.331034138028783,28.2753472519634
"9",0,25.5725278045464
