"","obs","bmi"
"1",0.366023245632983,28.7820891997648
"2",0.336119198547417,28.3222380029456
"3",0.363915630696959,28.5705636985547
"4",0.360780617562255,28.3593838066207
"5",0.35828845543224,28.1485707629007
"6",0.243846394168505,27.0835545926121
"7",0.30893913004755,27.888637074459
"8",0.336332372823762,28.2806542179443
"9",0,25.6247801433875
