"","obs","bmi"
"1",0.366048511843591,28.7471304194862
"2",0.336048560127462,28.288995443538
"3",0.342203800940061,28.4707842284671
"4",0.315230445765177,28.1945597920417
"5",0.29461764604234,27.918458639739
"6",0.2435142147674,27.0309315524328
"7",0.307821236184593,27.9353785238217
"8",0.33482255088474,28.2455572872188
"9",0,25.595344630305
