"","obs","bmi"
"1",0.362904637887694,28.745029264674
"2",0.333267974330805,28.2887553009
"3",0.344171550644363,28.4527496096475
"4",0.323708327676269,28.1607118827308
"5",0.303767031281829,27.8689264098805
"6",0.240439077348293,27.0288634394081
"7",0.302483635718156,27.8581202080021
"8",0.333206749619071,28.2895139808547
"9",0,25.552744657265
