"","obs","bmi"
"1",0.366505224627961,28.790981405756
"2",0.336865067605098,28.338199774036
"3",0.347888037137503,28.5203973691683
"4",0.329682280409318,28.2498972746988
"5",0.30656470698341,27.9794824399665
"6",0.246030066483241,27.13947610358
"7",0.311146566600458,27.9698069451504
"8",0.334018288858104,28.2423253146814
"9",0,25.6310939978871
