"","obs","bmi"
"1",0.3593374057814,28.7093938986032
"2",0.33176490965854,28.2604295685629
"3",0.352672428772171,28.579199913776
"4",0.345421702441201,28.4490630990489
"5",0.337154475603566,28.3189856442662
"6",0.245409485578341,27.0690906661627
"7",0.307348755433944,27.9100655672247
"8",0.330332722801044,28.239758077346
"9",0,25.5883588003946
