"","obs","bmi"
"1",0.364359232328056,28.7408888577418
"2",0.332996397803808,28.2781351581682
"3",0.344908241463138,28.4436488190714
"4",0.328004501280338,28.1467523495105
"5",0.308419825765691,27.8502216921165
"6",0.247437369083003,27.0930352952093
"7",0.298140107453458,27.8538371410423
"8",0.335860905831741,28.3265448375363
"9",0,25.6081835799015
