"","obs","bmi"
"1",0.363189545278875,28.7473402251203
"2",0.333919347239822,28.285384978058
"3",0.348757449396218,28.4341981703388
"4",0.333474305923766,28.1212181782649
"5",0.317469557045133,27.808406117588
"6",0.242477914115224,27.0763687728801
"7",0.30570790543976,27.9079867552538
"8",0.330283188966532,28.2504917032163
"9",0,25.633593157641
