"","obs","bmi"
"1",0.358072005870397,28.7428294210543
"2",0.328820142819149,28.281364266797
"3",0.346279830370652,28.4479005882043
"4",0.334791718556464,28.1531998934989
"5",0.32447705213969,27.8587373019167
"6",0.242201251187521,27.0369443221142
"7",0.303437486843848,27.8547170106692
"8",0.338203078729081,28.3312117413518
"9",0,25.6108521300685
