"","obs","bmi"
"1",0.366505224627961,28.790981405756
"2",0.33740337128649,28.338372953234
"3",0.345432354783659,28.5005858154464
"4",0.322405716208453,28.2103720378657
"5",0.297329648046176,27.9203471032211
"6",0.246030066483241,27.13947610358
"7",0.311146566600458,27.9698069451504
"8",0.334018288858104,28.2423253146814
"9",0,25.6310939978871
