"","obs","bmi"
"1",0.355614633340576,28.6615274315508
"2",0.326327294860264,28.2000504187882
"3",0.333877091090289,28.3585538955137
"4",0.308847253980285,28.0557025308436
"5",0.287496659583429,27.7529750002117
"6",0.245775781865961,27.0506397365437
"7",0.303179361059279,27.860560536972
"8",0.333603139009087,28.2746952604589
"9",0,25.5928595817657
