"","obs","bmi"
"1",0.358359309328508,28.6600877852428
"2",0.328794886809242,28.1949467261292
"3",0.333395915898555,28.3019263817483
"4",0.302888156370862,27.9439929985361
"5",0.275289438507345,27.5862960453103
"6",0.246225707004656,27.076846582458
"7",0.307238568032326,27.8774016880017
"8",0.33615276784549,28.2853841663589
"9",0,25.5967574936445
