"","obs","bmi"
"1",0.366322957151884,28.7396633026622
"2",0.340132677719708,28.2793240610808
"3",0.364348076559914,28.4870007974752
"4",0.362804436661053,28.234724287614
"5",0.360284081967223,27.982857235067
"6",0.246531399951953,27.0743234212748
"7",0.308012922648358,27.940858956188
"8",0.336690385946222,28.2989800635735
"9",0,25.5674801766998
