"","obs","bmi"
"1",0.356656250765562,28.6483649820173
"2",0.325569791250468,28.1849882795471
"3",0.331479013921315,28.3236173986774
"4",0.302489292013121,27.9989679016446
"5",0.275764023324203,27.6744179356686
"6",0.245334000835873,27.0941697716037
"7",0.308977077193436,27.9255048507282
"8",0.333678397982178,28.2641771821221
"9",0,25.5779004611313
