"","obs","bmi"
"1",0.361951578877271,28.6802060662356
"2",0.332244387224393,28.2194810755935
"3",0.351215030360282,28.3676050576832
"4",0.335957394825197,28.0553091373714
"5",0.323378075922519,27.743333738883
"6",0.244234393876086,27.0492184285191
"7",0.307300166125732,27.9183038227644
"8",0.33011188663936,28.3000297089214
"9",0,25.5532147312826
