"","obs","bmi"
"1",0.364078853923872,28.7065733079531
"2",0.333799698842713,28.2524319300613
"3",0.350147788926416,28.4036689424865
"4",0.334305546025044,28.1012312977201
"5",0.318813514529698,27.7992964243546
"6",0.245417448683032,27.074191973998
"7",0.309921421578037,27.9137366223361
"8",0.334549189030493,28.2812722883759
"9",0,25.5261338392531
