"","obs","bmi"
"1",0.358246454982081,28.6966199408566
"2",0.329314447675955,28.2344412065187
"3",0.33207015009302,28.2987454337577
"4",0.303950248269384,27.9013249520199
"5",0.274977208339884,27.5043898093557
"6",0.240663514681293,27.0107786143131
"7",0.310592963095026,27.9292731913151
"8",0.333326829422112,28.2900768117099
"9",0,25.6374309178615
