"","obs","bmi"
"1",0.362074127685207,28.7537431289819
"2",0.330920328539064,28.2939416787164
"3",0.345867163667635,28.4977950696135
"4",0.324627229487492,28.241986197787
"5",0.308900627092721,27.9863203350279
"6",0.245499972082087,27.0672699582004
"7",0.304352428920532,27.8665410402359
"8",0.337545526806642,28.3199526476501
"9",0,25.6163082656427
