"","obs","bmi"
"1",0.363315052149873,28.740452461725
"2",0.335047188430838,28.2794662090207
"3",0.339253701404183,28.3186778353727
"4",0.306830665907414,27.8972566782714
"5",0.280063071275978,27.4762070377304
"6",0.252476125606344,27.151554243742
"7",0.306231073452878,27.8871164625961
"8",0.336523898320629,28.2921779602833
"9",0,25.5895316577001
