"","obs","bmi"
"1",0.361099169045847,28.7142830738354
"2",0.331450928748705,28.262018098233
"3",0.338411996915909,28.3289387639356
"4",0.314601956603716,27.9439122492603
"5",0.292520913652496,27.5592224112552
"6",0.242317157288269,27.0423199993376
"7",0.305330087669829,27.8777379112358
"8",0.333797904566311,28.2792347782899
"9",0,25.6378108087565
