"","obs","bmi"
"1",0.358945252834209,28.6680079387723
"2",0.330811491761345,28.2108513621768
"3",0.328058548897493,28.3003740718865
"4",0.294326898696101,27.9328473289625
"5",0.261646367842052,27.5654299217626
"6",0.244351414405327,27.1004719441547
"7",0.30797157571646,27.8898250298688
"8",0.338383859956193,28.3083618577832
"9",0,25.5733671579723
