"","obs","bmi"
"1",0.357913503480814,28.6526488289038
"2",0.328098637556026,28.1941754003259
"3",0.336429124612561,28.3662092774261
"4",0.311195316455154,28.0798783284935
"5",0.283643812175786,27.7936570957936
"6",0.244253350294844,27.0680505426874
"7",0.304584019896172,27.8748270085122
"8",0.338999139814044,28.3219382931853
"9",0,25.5831525465325
