"","obs","bmi"
"1",0.355513576360246,28.6317060731308
"2",0.328000354340364,28.1683660655714
"3",0.339094509963994,28.2766414768898
"4",0.32071763168655,27.9217973479578
"5",0.302012995976253,27.5671830460467
"6",0.249139543381672,27.1301015446882
"7",0.30585131828336,27.8761014071689
"8",0.335061630433841,28.2773796467053
"9",0,25.5544901133733
