"","obs","bmi"
"1",0.361162171765433,28.6820993193212
"2",0.33297082348721,28.2311455775836
"3",0.342533648403927,28.4022940647487
"4",0.318487804912392,28.1226333999479
"5",0.296144131761612,27.8431206063535
"6",0.25138447247635,27.1712768603156
"7",0.305974147813879,27.8587869744238
"8",0.335128852456067,28.2583255176966
"9",0,25.5935676921449
