"","obs","bmi"
"1",0.359297986533771,28.7141739888993
"2",0.328663068046831,28.2608658019602
"3",0.344754621044391,28.4192425507139
"4",0.327795144258831,28.1245003599244
"5",0.311923198518063,27.82995447147
"6",0.247609598011962,27.1050896554743
"7",0.305495164576916,27.9096994373945
"8",0.329119661996118,28.250730178066
"9",0,25.6365103146138
