"","obs","bmi"
"1",0.360635916956025,28.7301481081402
"2",0.330557928816333,28.2712202984568
"3",0.349045367908974,28.516273504325
"4",0.337802073146956,28.3025434467399
"5",0.327322828024181,28.0889632170764
"6",0.243685153843715,27.075147863255
"7",0.315009186797193,27.9546041566598
"8",0.33532441965621,28.2859408449582
"9",0,25.6523724614016
