"","obs","bmi"
"1",0.364816727084719,28.7683466723999
"2",0.333972180083969,28.3044030074995
"3",0.346035568634295,28.5454244652739
"4",0.326348407535145,28.3225743848475
"5",0.306025083078422,28.0997980416193
"6",0.249944453820768,27.0867762457838
"7",0.309735118229602,27.8982583619266
"8",0.332534154902969,28.2388058937033
"9",0,25.6063830345239
