"","obs","bmi"
"1",0.361749831412628,28.6987401310174
"2",0.33213259651134,28.2413684659217
"3",0.345103296381006,28.4215150444643
"4",0.326357635304582,28.1444047877977
"5",0.307393222287996,27.8674122035407
"6",0.247390256898702,27.0642245631385
"7",0.309049362087537,27.8572687222724
"8",0.339950881109773,28.3102357130437
"9",0,25.5854607068038
