"","obs","bmi"
"1",0.362438166989675,28.7583595765725
"2",0.336144936541818,28.30487022086
"3",0.340078939838174,28.3974785590469
"4",0.312737253548794,28.03676358419
"5",0.284196261445865,27.676217429652
"6",0.245526490610878,27.048067531619
"7",0.311625503132559,27.8949962352919
"8",0.330552809130683,28.2138026958779
"9",0,25.5820762715349
