"","obs","bmi"
"1",0.359667413692522,28.6391153044915
"2",0.329112632764994,28.1820747358103
"3",0.340146227069869,28.3409411459891
"4",0.323266523045244,28.0429460529166
"5",0.305298765926079,27.7451357873461
"6",0.239986085006432,27.02037618152
"7",0.309320516888732,27.8708973465084
"8",0.33210448630701,28.2520821968891
"9",0,25.5417406722827
