"","obs","bmi"
"1",0.36565554559634,28.7601994896396
"2",0.336256023457566,28.3034037582611
"3",0.341453196827827,28.4585807564756
"4",0.312210977903017,28.1570314554948
"5",0.288468729139019,27.8555516386635
"6",0.243131875943661,27.0295431806675
"7",0.304473175633165,27.8672856947835
"8",0.332711046087648,28.2600892237617
"9",0,25.6145759722481
