"","obs","bmi"
"1",0.356235903799641,28.6722750004812
"2",0.326656005987748,28.2139860543142
"3",0.333724438887363,28.4169569698516
"4",0.308140903741231,28.1617207461947
"5",0.281456554854721,27.9065674281801
"6",0.24827411954791,27.0996759178769
"7",0.307154229005104,27.9130411039498
"8",0.340591932962495,28.339348469876
"9",0,25.5801494852342
