"","obs","bmi"
"1",0.356581939883694,28.7075925267038
"2",0.327417827962195,28.2498052247101
"3",0.34118637541352,28.4330335886363
"4",0.32856218186728,28.1586681010298
"5",0.313377469340518,27.8845041281492
"6",0.242852476710697,27.0334750159961
"7",0.302059113586951,27.8340781591775
"8",0.330293960403555,28.2881229618225
"9",0,25.6035447098978
