"","obs","bmi"
"1",0.361292329906719,28.6803544508865
"2",0.331109234137647,28.2184096342863
"3",0.352495005247566,28.4482430412161
"4",0.342721336457654,28.216293547473
"5",0.332541618032711,27.9845111894945
"6",0.243560228286854,27.0705413777569
"7",0.305225546951232,27.9383264838633
"8",0.334270937937514,28.2598737010895
"9",0,25.6090343937646
