"","obs","bmi"
"1",0.354672932763149,28.6513769285884
"2",0.325236113738567,28.187871729565
"3",0.34109560824652,28.4250030281807
"4",0.326471348845995,28.1987353324488
"5",0.309574281965587,27.9725760324404
"6",0.243861301100937,27.1088110725784
"7",0.308991990293316,27.9118168046774
"8",0.332836533972836,28.2675833320093
"9",0,25.5795359530951
