"","obs","bmi"
"1",0.361068733106027,28.6898671224836
"2",0.330377521701688,28.2340699995453
"3",0.348867514490006,28.3526105246344
"4",0.333654251339491,28.0157144946759
"5",0.322592896831362,27.6791990656932
"6",0.242064953820757,27.0576469330242
"7",0.308727482143084,27.8932213972029
"8",0.331227404266677,28.295852335383
"9",0,25.5718115805643
