"","obs","bmi"
"1",0.35967098956947,28.6750527987592
"2",0.328793149883626,28.2120378524785
"3",0.338200819421497,28.3697515982572
"4",0.318878203959939,28.0647236120911
"5",0.296729746194473,27.759983765943
"6",0.245526218162456,27.0893480493179
"7",0.306343784291182,27.8976161337796
"8",0.333480122687476,28.2566602320674
"9",0,25.5967014206961
