"","obs","bmi"
"1",0.360441220292249,28.6841096763846
"2",0.334647093351586,28.2222395260356
"3",0.341231540769798,28.3422071567229
"4",0.31720100214254,28.0004794286772
"5",0.294905113625027,27.6589318328576
"6",0.242398531972889,27.0521103748979
"7",0.30248236296398,27.8757340358493
"8",0.330712982482312,28.2434264535914
"9",0,25.5277903199229
