"","obs","bmi"
"1",0.361641597281765,28.7210079768602
"2",0.332984925306677,28.2565247595426
"3",0.343421111895143,28.4748610831706
"4",0.325261122417096,28.228769614143
"5",0.304846153690127,27.9827342375969
"6",0.243192458856859,27.0801447628036
"7",0.305336036533296,27.9159505037692
"8",0.334874779712229,28.2574611586633
"9",0,25.5635811673205
