"","obs","bmi"
"1",0.363604766709875,28.7388562932255
"2",0.332577303910857,28.275134443216
"3",0.348340192801017,28.4851689353207
"4",0.330965994628328,28.2316590751731
"5",0.318674497246265,27.9783338711789
"6",0.244549143545513,27.0418208523352
"7",0.312480609381514,27.9213746430765
"8",0.336221480008375,28.3171477987262
"9",0,25.6142506542022
