"","obs","bmi"
"1",0.359244004507338,28.7250501929852
"2",0.331841256087452,28.2678395457844
"3",0.337847236325521,28.3900104680109
"4",0.314205982432583,28.0551754703634
"5",0.2868325707565,27.7205538553417
"6",0.244995783780485,27.0777964038063
"7",0.312458609544426,27.9050542472146
"8",0.326556156477238,28.2012938567795
"9",0,25.623684101105
