"","obs","bmi"
"1",0.368437764372925,28.7757913038732
"2",0.336707872298974,28.3158982312153
"3",0.350539910257371,28.4379781136878
"4",0.330295100585108,28.1003907124698
"5",0.311198899908212,27.7630377499607
"6",0.248960514973375,27.130421614867
"7",0.304128430710686,27.8416220992123
"8",0.332879300869911,28.2816150431011
"9",0,25.6107989329107
