"","obs","bmi"
"1",0.35807866463751,28.6369972078085
"2",0.328895455377171,28.1865742537188
"3",0.32793274593477,28.2423816052115
"4",0.291610539851846,27.8480032987104
"5",0.259953211950157,27.4538701886967
"6",0.241596070396,27.0448342853957
"7",0.304375423013067,27.8667847228155
"8",0.330664262442733,28.2475117260016
"9",0,25.5572476272496
