"","obs","bmi"
"1",0.359169104786398,28.7103906711531
"2",0.330062563076748,28.2556775685973
"3",0.335610876927753,28.4683882976172
"4",0.313955348015003,28.2264352193171
"5",0.289241417757123,27.9845315346787
"6",0.247021635544566,27.0726026962187
"7",0.305151666299558,27.9043433044467
"8",0.32966194731715,28.2349091704843
"9",0,25.6262250246351
