"","obs","bmi"
"1",0.362543007558167,28.7238889125254
"2",0.331273521200731,28.263391807687
"3",0.350137914767769,28.4202659949004
"4",0.33866251413467,28.1169226239147
"5",0.327768838278169,27.8138727467591
"6",0.242034704464371,27.0410970930136
"7",0.310502084150074,27.9265802486873
"8",0.331256163223056,28.2680055841371
"9",0,25.6143742749427
