"","obs","bmi"
"1",0.358821985415027,28.7003801936339
"2",0.330679663116895,28.2398689205961
"3",0.3485672401081,28.433309237066
"4",0.335624605499481,28.1664310977726
"5",0.3215332691242,27.8997541668582
"6",0.241081873882167,27.0430542819189
"7",0.301833456691409,27.7904691356384
"8",0.331507534768403,28.3009521540756
"9",0,25.5969120886444
