"","obs","bmi"
"1",0.360403834406812,28.7305958972386
"2",0.329699352762434,28.2674744869731
"3",0.346384346024607,28.4854878736367
"4",0.329684344062396,28.2405915007216
"5",0.314064135208471,27.995916222242
"6",0.245741954699787,27.0584624485226
"7",0.312779310137674,27.9677406886871
"8",0.336650202849032,28.3032524608259
"9",0,25.6222597021203
