"","obs","bmi"
"1",0.355141689565258,28.6404677942264
"2",0.326313138382755,28.183564656932
"3",0.331509647341916,28.3313587713022
"4",0.304687646205202,28.0223654496241
"5",0.279340936721568,27.7134909419608
"6",0.24117747242333,27.07698127856
"7",0.309408396060642,27.8810340686867
"8",0.329068445481311,28.2501894705293
"9",0,25.5911723116576
