"","obs","bmi"
"1",0.354544332935486,28.6516511121238
"2",0.3266481327349,28.2008964661382
"3",0.329949860620736,28.3420392628078
"4",0.304145563692005,28.032573947132
"5",0.277889670730084,27.7232579914424
"6",0.243388504049961,27.0605314283067
"7",0.311282501260036,27.9356136168788
"8",0.331876466110038,28.267337576032
"9",0,25.5652327201323
