"","obs","bmi"
"1",0.364955369881863,28.7455217623132
"2",0.337482646943768,28.2859802034493
"3",0.338514657488069,28.4483974824481
"4",0.304771403730223,28.1513847458149
"5",0.277654454316472,27.8544850276389
"6",0.245177516686128,27.0473289944995
"7",0.309258050119749,27.9219663489159
"8",0.332382987145422,28.3091991144057
"9",0,25.5999655399963
