"","obs","bmi"
"1",0.357488264939991,28.6740650596178
"2",0.327584086273995,28.2181168679726
"3",0.331311162271948,28.2879470554814
"4",0.305534378285281,27.9020770777544
"5",0.27964636423788,27.5164648614206
"6",0.2486133907684,27.0979126246491
"7",0.302176962504372,27.8637249312691
"8",0.331951745741816,28.2592053873161
"9",0,25.5862410030027
