"","obs","bmi"
"1",0.357965612368383,28.7111070878126
"2",0.331659458078964,28.2550886927832
"3",0.337872015541427,28.3746283404692
"4",0.318283499665641,28.0383345433273
"5",0.293826167309384,27.7022319301506
"6",0.241909612994838,27.0775272440622
"7",0.312867135624937,27.9141187164284
"8",0.33478835685574,28.2639821616768
"9",0,25.5938044759551
