"","obs","bmi"
"1",0.35864769509091,28.6618055555351
"2",0.327399514195558,28.207830751502
"3",0.34184292307861,28.3759067698211
"4",0.32299143964074,28.0903353586926
"5",0.303791336534178,27.80511225044
"6",0.249790531655279,27.1084655110828
"7",0.307301397365025,27.9077328649733
"8",0.333227297278233,28.2810699492304
"9",0,25.570955561219
