"","obs","bmi"
"1",0.355428199968794,28.6389533978002
"2",0.32614968725447,28.176262844859
"3",0.338491690227116,28.3684446009838
"4",0.323965619358328,28.0980458287031
"5",0.306165085685978,27.8277613461637
"6",0.241524382028716,27.0335506829363
"7",0.306420084607404,27.9014031281224
"8",0.331109618425058,28.2683876731617
"9",0,25.595755392637
