"","obs","bmi"
"1",0.362213374616275,28.6760547435657
"2",0.33076439825094,28.2220307773333
"3",0.332937697882026,28.2634370043852
"4",0.298375276761732,27.8510798874281
"5",0.270091056148717,27.4389928138987
"6",0.247458192254852,27.1179063007589
"7",0.30265191529658,27.8266281266406
"8",0.333296414152985,28.3060006839784
"9",0,25.5851730579884
