"","obs","bmi"
"1",0.362132147876675,28.7061155644215
"2",0.332498528502646,28.2479832535379
"3",0.342896449149231,28.4592970744185
"4",0.319401432638921,28.212584128105
"5",0.295576645112439,27.9659778473225
"6",0.243964586701179,27.0662835401844
"7",0.303636226308837,27.8850634904979
"8",0.335095852924515,28.245288501561
"9",0,25.5788077542593
