"","obs","bmi"
"1",0.361646493128465,28.6880029689406
"2",0.331595109402117,28.220524019077
"3",0.335191532906566,28.3857215580931
"4",0.305818481132937,28.0836483019841
"5",0.272979284827788,27.7817913387571
"6",0.245497935491369,27.0620273333834
"7",0.309604431997952,27.9114971024569
"8",0.337717015331401,28.2980170470952
"9",0,25.5617074963668
