"","obs","bmi"
"1",0.357237384557242,28.7103434254455
"2",0.33055118611853,28.2478459968266
"3",0.348923820021168,28.3823787244193
"4",0.337590541168536,28.0548546221935
"5",0.326851303300257,27.7278009380901
"6",0.236876152970508,27.022686869963
"7",0.313433846425967,27.9271704878856
"8",0.335445129204708,28.2924362099379
"9",0,25.5352697534097
