"","obs","bmi"
"1",0.364363534252225,28.7281179439566
"2",0.335391540187262,28.268598425862
"3",0.355898551875734,28.5053253748618
"4",0.345733133502131,28.2826127092211
"5",0.337051545873274,28.0599825554912
"6",0.244047395847999,27.0683458142795
"7",0.304429260428588,27.9183199699452
"8",0.329319229509302,28.2044503812533
"9",0,25.6304568170089
