"","obs","bmi"
"1",0.358259005246832,28.6804046429428
"2",0.328671711923549,28.2225948667269
"3",0.344553481942203,28.4285044324571
"4",0.330429419178126,28.1767153473529
"5",0.316237367347852,27.9250407130756
"6",0.24509210753214,27.0521232552695
"7",0.306709940946542,27.8580486234205
"8",0.331971700604694,28.2842632831321
"9",0,25.5638350515256
