"","obs","bmi"
"1",0.36422542389389,28.7383451586592
"2",0.335582127917053,28.2846253012294
"3",0.355488056069628,28.5677772059341
"4",0.346864185801639,28.3972661499384
"5",0.336480696318689,28.2268128512998
"6",0.244541144427305,27.0584443343835
"7",0.305582751397847,27.9020374528476
"8",0.329261961264106,28.2183754551771
"9",0,25.5858023354224
