"","obs","bmi"
"1",0.363999942662648,28.7102159096733
"2",0.332500945815301,28.2577078068953
"3",0.337930207290304,28.3928323094074
"4",0.309972609086733,28.0755728634179
"5",0.278872818386075,27.7584405657944
"6",0.241727847347709,27.0401411774188
"7",0.308443191046321,27.881923568894
"8",0.335447054086085,28.2571227701007
"9",0,25.5805693139511
