"","obs","bmi"
"1",0.362489243903486,28.6627291195769
"2",0.330677017260258,28.2055824071043
"3",0.338397935494486,28.3435685334111
"4",0.313644066752319,28.0245173199697
"5",0.285484601351721,27.705577773031
"6",0.24451116283921,27.0354457179675
"7",0.299401867533963,27.8292215893873
"8",0.330695541809309,28.2433034465158
"9",0,25.5243297133814
