"","obs","bmi"
"1",0.361714082342056,28.6887296937579
"2",0.332588974236985,28.2318780324931
"3",0.340733671795299,28.4022750442138
"4",0.319444006781722,28.1161345962304
"5",0.297861997972034,27.8303283118403
"6",0.248956797373221,27.0507773405694
"7",0.309523062789198,27.9287218695789
"8",0.333380428165316,28.2564828151276
"9",0,25.5470481214039
