"","obs","bmi"
"1",0.356653460565761,28.6685800463175
"2",0.325768276555077,28.2058672633095
"3",0.336009439041088,28.3131265063368
"4",0.313376581962403,27.9578946492183
"5",0.290650049693594,27.6028925025274
"6",0.242513420707604,27.0556547966658
"7",0.304783609950715,27.887093615431
"8",0.330799214139974,28.2610794011528
"9",0,25.5875090009654
