"","obs","bmi"
"1",0.360726472290929,28.7310590410896
"2",0.330142286938374,28.2695292807289
"3",0.342570617787053,28.4438625230179
"4",0.328349103461311,28.1567862015557
"5",0.31135451930077,27.8698332700704
"6",0.246005873000759,27.0668195575237
"7",0.301258093099266,27.8571009700781
"8",0.33640053272358,28.3125403096192
"9",0,25.6362844077227
