"","obs","bmi"
"1",0.35822960116568,28.7279336807165
"2",0.328327230977096,28.2692859326324
"3",0.332140683422136,28.2780342808726
"4",0.301013659144428,27.8285796038441
"5",0.271516406068229,27.3795977626795
"6",0.246449090635927,27.0848984386911
"7",0.310527397436552,27.9132337837295
"8",0.334593609735047,28.2603254597808
"9",0,25.6561570973419
