"","obs","bmi"
"1",0.35923735133715,28.6936759521947
"2",0.330050522665389,28.2387027788054
"3",0.347287944040193,28.4078192736527
"4",0.333825640670725,28.1222167442211
"5",0.322583131406302,27.8368803911547
"6",0.249583189968498,27.1249108314864
"7",0.309865503412326,27.8903636720264
"8",0.331748592138382,28.2760797813519
"9",0,25.585544161047
