"","obs","bmi"
"1",0.361634859217524,28.7158369080855
"2",0.333662032932658,28.2627333213585
"3",0.334099489501191,28.2907467403952
"4",0.299529039853943,27.8659101313494
"5",0.267307727179656,27.4413363337225
"6",0.242753027390377,27.0213543988239
"7",0.307483162969492,27.8945255974719
"8",0.325331162926972,28.1977868483727
"9",0,25.6256527974728
