"","obs","bmi"
"1",0.36126468530263,28.7230906177973
"2",0.331310754564154,28.2517260209332
"3",0.336129185175103,28.3468463939165
"4",0.305197486494453,27.9707763063696
"5",0.277107204452115,27.5948864849303
"6",0.248197313716758,27.1038053749709
"7",0.30549054868054,27.8638020856297
"8",0.338285381387761,28.3492589226897
"9",0,25.6133020731823
