"","obs","bmi"
"1",0.356664341481408,28.6613329176761
"2",0.326908815188637,28.2031040177169
"3",0.319115625107934,28.2858740939796
"4",0.27697040230904,27.9105305345165
"5",0.244146841720939,27.5352999450423
"6",0.244986156767458,27.0811918479921
"7",0.306436360860151,27.889401795486
"8",0.33361160175074,28.2746660231738
"9",0,25.5884902647173
