"","obs","bmi"
"1",0.362700057301864,28.729472903492
"2",0.333696539165123,28.2660395507589
"3",0.352596852977159,28.4769722976019
"4",0.337628291681661,28.224661026753
"5",0.323988330341308,27.9725469720783
"6",0.248081401072226,27.1249735911746
"7",0.302317855673029,27.8564744776073
"8",0.329555540031641,28.2634577892652
"9",0,25.6136069368633
