"","obs","bmi"
"1",0.358468501009026,28.6835096484088
"2",0.326979271849224,28.2213589561252
"3",0.332887961986946,28.3609816817784
"4",0.308409827359644,28.0385586998526
"5",0.279556220941617,27.7162419442013
"6",0.246057959229668,27.0844460765022
"7",0.307793671835949,27.9332056279094
"8",0.333254711404866,28.2527897325964
"9",0,25.6058194327545
