"","obs","bmi"
"1",0.362072272075681,28.7201957364263
"2",0.335385825568009,28.2603610262884
"3",0.345251585756595,28.3803861402071
"4",0.324466139439935,28.0408686069208
"5",0.303856225915585,27.7016572910765
"6",0.23882365903866,27.0003817389385
"7",0.313247916774642,27.9177592085285
"8",0.336231954298486,28.2869863024492
"9",0,25.6006004643723
