"","obs","bmi"
"1",0.369630541102531,28.7364277703872
"2",0.336051579240274,28.2821040208544
"3",0.343459047520228,28.3983140284221
"4",0.319114163333626,28.0603213739948
"5",0.298583942740138,27.7224535597573
"6",0.245905511128753,27.1426596090524
"7",0.308245992195415,27.8897926304913
"8",0.333445805688978,28.2815876679803
"9",0,25.5501393327971
