"","obs","bmi"
"1",0.366248199179762,28.7429885713672
"2",0.336178661390651,28.2797593591489
"3",0.356770459369,28.5356186800517
"4",0.348930687458065,28.3284056901482
"5",0.339557547815992,28.1213570906228
"6",0.243654352132759,27.0711097963264
"7",0.303720091738841,27.8353157061904
"8",0.333511872187614,28.2755132883361
"9",0,25.6193995222242
