"","obs","bmi"
"1",0.356571603438624,28.6845774635112
"2",0.329273070495857,28.2269520956699
"3",0.331414036371454,28.2849828049366
"4",0.304768754588927,27.8855972650725
"5",0.281539890812155,27.4864264599426
"6",0.243833743202091,27.0998304419023
"7",0.308593117295809,27.8836002718158
"8",0.338365258415805,28.3456691609514
"9",0,25.6029624257459
