"","obs","bmi"
"1",0.359423700493276,28.7246563657755
"2",0.327235338751711,28.2608564327539
"3",0.338223161046306,28.3741899760519
"4",0.315601857040007,28.0239335889859
"5",0.297812570242136,27.6738965955897
"6",0.245599033354123,27.0939869059944
"7",0.312886290559805,27.9719647158659
"8",0.335650274546979,28.289455040167
"9",0,25.598913309732
