"","obs","bmi"
"1",0.363785064552715,28.7274482676692
"2",0.333068248540486,28.2695152471749
"3",0.342473794643535,28.4045145022079
"4",0.319748194188723,28.0817447347328
"5",0.297524791185638,27.7591437598969
"6",0.24033344573553,27.0563860703907
"7",0.305947161069002,27.9356143952277
"8",0.330707043887459,28.2477797241164
"9",0,25.5681919365603
