"","obs","bmi"
"1",0.357079681298877,28.6623572934684
"2",0.328133186072357,28.2076167491787
"3",0.327725027003122,28.2893031431893
"4",0.291538421363851,27.9163735941384
"5",0.261962350646239,27.5435700642293
"6",0.240504103467497,27.0166072390008
"7",0.307902196578832,27.9101961748596
"8",0.337956097354953,28.310154338602
"9",0,25.5573678355453
