"","obs","bmi"
"1",0.36796212631015,28.7601790218191
"2",0.340498092226776,28.3023782686383
"3",0.348847222631961,28.4529728447151
"4",0.326719919300736,28.1459247139837
"5",0.301696217688676,27.8390398428225
"6",0.244812838396525,27.1078016289254
"7",0.307760576441032,27.9032652485049
"8",0.333665803091486,28.2576811902038
"9",0,25.5859012598072
