"","obs","bmi"
"1",0.359828882486897,28.7086546125242
"2",0.331424668225575,28.2517160530743
"3",0.344884478110853,28.3974895454736
"4",0.329555315974934,28.0865334940898
"5",0.311173311517743,27.7757954170483
"6",0.246199412313971,27.1245681269328
"7",0.308494534289908,27.9238361874695
"8",0.335628248561775,28.3355906243786
"9",0,25.6255941647635
