"","obs","bmi"
"1",0.365793624307304,28.7597013428075
"2",0.335469750525621,28.2998558241918
"3",0.355649436411205,28.5382316104389
"4",0.34328623377104,28.3168734552617
"5",0.333108604217742,28.0956306271241
"6",0.248142517406196,27.0979384150655
"7",0.303603686461657,27.8482564704087
"8",0.330426325924631,28.2581189542987
"9",0,25.5658019489096
