"","obs","bmi"
"1",0.358142667320469,28.6919902514448
"2",0.329647767112617,28.2363970958972
"3",0.329753748815871,28.3685274053992
"4",0.296760903101596,28.0451335104619
"5",0.267250359918407,27.7218068684402
"6",0.245362255361789,27.0630668786933
"7",0.308339310424406,27.9231689547884
"8",0.338761717425305,28.3131345385599
"9",0,25.5917544463742
