"","obs","bmi"
"1",0.356093033524825,28.6528389484944
"2",0.325674543123185,28.191830339088
"3",0.338546596729894,28.3468624821664
"4",0.320984596568636,28.0411264776303
"5",0.307432374511137,27.7356421345733
"6",0.245424014500954,27.0905259075417
"7",0.309271890659118,27.9362748968751
"8",0.333719529464248,28.306334996053
"9",0,25.5662397397335
