"","obs","bmi"
"1",0.364731616367085,28.7130003378765
"2",0.334457470917513,28.2575553338572
"3",0.34457105269103,28.386560469781
"4",0.324159463166691,28.0603392974221
"5",0.303073141666548,27.7343457169568
"6",0.255220143642942,27.1579463980297
"7",0.302360975361117,27.862321549157
"8",0.331127163557118,28.2172410964779
"9",0,25.5951887432779
