"","obs","bmi"
"1",0.354613217731312,28.644563287702
"2",0.323230326931184,28.1856470669676
"3",0.3281930635766,28.2944896452424
"4",0.298577857662897,27.9445826355779
"5",0.272248234011742,27.5948460621084
"6",0.242927893058155,27.0539699381227
"7",0.307628608217577,27.9503126386372
"8",0.336059279043653,28.2739592519522
"9",0,25.5788173943031
