"","obs","bmi"
"1",0.360789576721189,28.7225065474464
"2",0.329502746825309,28.2748292087455
"3",0.344230769766275,28.419073745881
"4",0.3253664894655,28.1159368477517
"5",0.306033234563212,27.8131121705052
"6",0.245282163167586,27.0970595031225
"7",0.308813750433522,27.9229996612636
"8",0.338001431722553,28.3266285724672
"9",0,25.6028107073741
