"","obs","bmi"
"1",0.361585231730651,28.7309544972486
"2",0.334456223842596,28.2738882059477
"3",0.333931080564087,28.4098266146257
"4",0.297025296564954,28.0887770416905
"5",0.265812495914381,27.7678056091439
"6",0.244374294067559,27.0706088461745
"7",0.304230894448619,27.8697769085536
"8",0.33878339753302,28.3459021079757
"9",0,25.6068322228585
