"","obs","bmi"
"1",0.37407999458638,28.7647939827434
"2",0.342595914154609,28.3152620971912
"3",0.348330375689667,28.3755683884069
"4",0.321806722172841,27.9867900143717
"5",0.298097244746485,27.5984883750882
"6",0.242303226805336,27.0397318949949
"7",0.307537712409876,27.960756946654
"8",0.33316977071884,28.2692311745479
"9",0,25.5316078977623
