"","obs","bmi"
"1",0.356547504430474,28.6606585721469
"2",0.328271231016126,28.2177025655925
"3",0.337465069319952,28.3322219328367
"4",0.316924030775397,28.0040323737239
"5",0.29241589788475,27.6761009828604
"6",0.240558517887347,27.0202908316955
"7",0.304062969749891,27.8564424781413
"8",0.334679142294842,28.2720315511449
"9",0,25.6380517786065
