"","obs","bmi"
"1",0.360661084688391,28.6665655709136
"2",0.330825000769482,28.2028334789254
"3",0.335098484664112,28.2800519185989
"4",0.306483097967985,27.8938103699941
"5",0.277329411081236,27.5078523879622
"6",0.244782164407944,27.0696569999556
"7",0.309345689912331,27.8771200231515
"8",0.338987322540202,28.2731283612545
"9",0,25.5872757676805
