"","obs","bmi"
"1",0.362137811351919,28.7056703200338
"2",0.332369221654242,28.2462013993012
"3",0.345771273758128,28.3631667188832
"4",0.325887795104558,28.0208940833216
"5",0.303483400947239,27.6788627481558
"6",0.244614006290796,27.1035978380106
"7",0.303151876983099,27.8318129191666
"8",0.331497771599909,28.2559172793746
"9",0,25.5637575118088
