"","obs","bmi"
"1",0.36227819084572,28.7531176324736
"2",0.331429018504562,28.2850199699116
"3",0.350328866971558,28.4610779356808
"4",0.337860958457475,28.1694605732805
"5",0.326158924497846,27.8782923316181
"6",0.247794831182392,27.1154647863369
"7",0.307582036890965,27.910131446967
"8",0.336270949406918,28.2760537159321
"9",0,25.6074969979376
