"","obs","bmi"
"1",0.350590266732536,28.6534993420476
"2",0.321825153827872,28.1935752072625
"3",0.331980854689583,28.293723827248
"4",0.311746215805001,27.9343359048125
"5",0.292951693794903,27.5753582056864
"6",0.244982240908709,27.0544755970903
"7",0.306588424907508,27.8258309113726
"8",0.331202765546329,28.2552833279093
"9",0,25.6016857135798
