"","obs","bmi"
"1",0.364210063249418,28.7283921364257
"2",0.335089369174029,28.2696190588859
"3",0.349630484679283,28.3767563374165
"4",0.333024914093415,28.0254609863004
"5",0.31723037570357,27.6745253585545
"6",0.244383964976441,27.0477510163753
"7",0.304166371946941,27.879439981666
"8",0.336141915493326,28.344204332903
"9",0,25.5402673622805
