"","obs","bmi"
"1",0.362730557439654,28.6876641609227
"2",0.332748682182716,28.2222668818038
"3",0.350728772173328,28.4287449076968
"4",0.339651145816377,28.1699664839674
"5",0.324039332604801,27.9113343175678
"6",0.247547770396428,27.0810804727759
"7",0.309317003169719,27.8804968741976
"8",0.334769632468835,28.2739446144246
"9",0,25.5828416535937
