"","obs","bmi"
"1",0.360294872708605,28.7385296583475
"2",0.332141638781883,28.2861976257836
"3",0.340789101712292,28.3539056719253
"4",0.320401052748194,27.9696839871139
"5",0.300160827785079,27.5858898234339
"6",0.245123666598932,27.069627008184
"7",0.308007718653852,27.9138670994188
"8",0.338175994898496,28.3258729698706
"9",0,25.6314509206132
