"","obs","bmi"
"1",0.362492868573162,28.6777271714047
"2",0.334745527305729,28.2287189726332
"3",0.347677140009292,28.3301512178685
"4",0.332208027703642,27.9827996247047
"5",0.318314309764415,27.6356820303299
"6",0.253938664867498,27.1754323848121
"7",0.311207365388999,27.8999222358672
"8",0.334797570896179,28.264902170055
"9",0,25.5672897040198
