"","obs","bmi"
"1",0.352825154919188,28.6518980091594
"2",0.325057241283212,28.1927617257025
"3",0.328335791461642,28.2844480225307
"4",0.300664680401944,27.9172313288245
"5",0.271526748920274,27.5502570640039
"6",0.246076356218859,27.0902634922748
"7",0.310066242417391,27.9491113152712
"8",0.336029675445612,28.2856643364355
"9",0,25.6246303780514
