"","obs","bmi"
"1",0.364058006819244,28.7261157449305
"2",0.333291769072105,28.2667938992962
"3",0.341512880498371,28.423872170815
"4",0.319893459190203,28.1218398309294
"5",0.298399202065579,27.8200269505534
"6",0.244612115160774,27.1099458220506
"7",0.3054320404325,27.8710761843405
"8",0.335523732693205,28.2957578963138
"9",0,25.5568796023878
