"","obs","bmi"
"1",0.362213374616275,28.6760547435657
"2",0.332004477060174,28.2198102703185
"3",0.356122178609905,28.476555528099
"4",0.34880333098604,28.2771859240794
"5",0.340560212902654,28.0779511412872
"6",0.247458192254852,27.1179063007589
"7",0.30265191529658,27.8266281266406
"8",0.333296414152985,28.3060006839784
"9",0,25.5851730579884
