"","obs","bmi"
"1",0.351098780401901,28.6905066954323
"2",0.322596514161015,28.2379405692626
"3",0.330708924231049,28.437462665627
"4",0.310445097425204,28.1845033880387
"5",0.286276935526265,27.9316310717385
"6",0.248801033793083,27.0801382087525
"7",0.300060250669136,27.818250391348
"8",0.334206693908546,28.2788181906019
"9",0,25.6336055603612
