"","obs","bmi"
"1",0.35864769509091,28.6618055555351
"2",0.327479494336062,28.2066990315921
"3",0.338147000302991,28.359308985919
"4",0.316930457811477,28.0570021710624
"5",0.293899596147505,27.7548916163609
"6",0.249790531655279,27.1084655110828
"7",0.307301397365025,27.9077328649733
"8",0.333227297278233,28.2810699492304
"9",0,25.570955561219
