"","obs","bmi"
"1",0.354338658493865,28.6704071419054
"2",0.326730019107306,28.2121974396305
"3",0.32962990783021,28.2678445000708
"4",0.303303804079791,27.8655593749357
"5",0.273478395737676,27.4635669789834
"6",0.243286614236368,27.0056781996004
"7",0.31065263630056,27.9307152934733
"8",0.338421116235366,28.3700615863619
"9",0,25.5953699899133
