"","obs","bmi"
"1",0.358049988424156,28.6501371646298
"2",0.32598249659045,28.187249350677
"3",0.351142659949745,28.3960048052163
"4",0.343937044622769,28.142240428118
"5",0.336399419954358,27.8888663356184
"6",0.243712199021147,27.0876010001697
"7",0.311217006515812,27.8911712326725
"8",0.332794685331673,28.2754097244217
"9",0,25.5868494352745
