"","obs","bmi"
"1",0.362885689073741,28.7266170965371
"2",0.333196571790149,28.268569200857
"3",0.340932306963229,28.3687728499672
"4",0.315644076580688,28.0111876609769
"5",0.290146023381959,27.6538741867876
"6",0.25141054146948,27.1905120992099
"7",0.305239284128571,27.8620055748747
"8",0.336459221584682,28.3269078957796
"9",0,25.5806567038189
