"","obs","bmi"
"1",0.359511036497067,28.7162182261119
"2",0.329374427786956,28.2496566362962
"3",0.333914788559491,28.3457734543736
"4",0.309606684498216,27.9756575250221
"5",0.282394302242066,27.6058883584574
"6",0.246851253747284,27.0617146935255
"7",0.301013923585707,27.823696271817
"8",0.335050688213343,28.307978940192
"9",0,25.6152356400586
