"","obs","bmi"
"1",0.356071607512175,28.6312712280377
"2",0.325417897970736,28.1770876280403
"3",0.337871172403907,28.3271484839644
"4",0.314262888422963,28.0233435408605
"5",0.297226806870025,27.7198744417025
"6",0.246102618764505,27.075376737771
"7",0.313328492978178,27.9500892584849
"8",0.328635342691315,28.2938280878455
"9",0,25.5615622603079
