"","obs","bmi"
"1",0.362605689739615,28.7498742583468
"2",0.332537519570671,28.2960707204673
"3",0.339213835882969,28.44366336951
"4",0.318099875625753,28.1376482448153
"5",0.295285815467721,27.8318360630604
"6",0.252234631850373,27.1639430820287
"7",0.31113705677467,27.9631260791119
"8",0.33152138070511,28.2521384737383
"9",0,25.5626326274379
