"","obs","bmi"
"1",0.360221952204395,28.6934751726797
"2",0.330392745041321,28.240084315098
"3",0.336117010034167,28.3654142808144
"4",0.308902102602029,28.0375783169233
"5",0.282437801479616,27.709976711581
"6",0.24639418143043,27.0972760873768
"7",0.305437011877508,27.8789391701514
"8",0.332475001569677,28.2762716993203
"9",0,25.6024475892606
