"","obs","bmi"
"1",0.358440756636433,28.6851809814085
"2",0.327355258425508,28.2205474093747
"3",0.330973456662088,28.2261089871715
"4",0.302225809689158,27.7675508143256
"5",0.272645434320165,27.3095416810218
"6",0.243229078213064,27.0584280736748
"7",0.309369623920005,27.9505259424933
"8",0.333450787938468,28.3002060231094
"9",0,25.5966613998121
