"","obs","bmi"
"1",0.363602459813761,28.733247707218
"2",0.334138910846506,28.2743400215442
"3",0.342655468448841,28.384982516117
"4",0.315365844574943,28.0370031348739
"5",0.289673906143626,27.6893233465152
"6",0.250952630072928,27.1559332781145
"7",0.305983807581881,27.9198956908906
"8",0.327192003919873,28.2284509369222
"9",0,25.6197528813445
