"","obs","bmi"
"1",0.36163014820449,28.7525011591503
"2",0.32827471519288,28.2818076177938
"3",0.33945956243311,28.3556027481956
"4",0.31774095544298,27.9591341798122
"5",0.295435554600367,27.5631214136772
"6",0.247319059285402,27.1144758858795
"7",0.311956825995091,27.9487749679063
"8",0.337904743533203,28.2999687413082
"9",0,25.6099517422219
