"","obs","bmi"
"1",0.361951578877271,28.6802060662356
"2",0.333337343027613,28.229706174756
"3",0.345062033083448,28.2906512221002
"4",0.323656171574816,27.9015482489534
"5",0.302787405125956,27.5129262496614
"6",0.244234393876086,27.0492184285191
"7",0.307300166125732,27.9183038227644
"8",0.33011188663936,28.3000297089214
"9",0,25.5532147312826
