"","obs","bmi"
"1",0.364210063249418,28.7283921364257
"2",0.335324796908905,28.2653055033517
"3",0.347188518516247,28.3980727923874
"4",0.32998582103076,28.0679636500601
"5",0.314003115124673,27.7380724098703
"6",0.244383964976441,27.0477510163753
"7",0.304166371946941,27.879439981666
"8",0.336141915493326,28.344204332903
"9",0,25.5402673622805
