"","obs","bmi"
"1",0.361356726086642,28.7070177049379
"2",0.32954945393504,28.2433407645467
"3",0.341385478870347,28.3619195239986
"4",0.319188032686766,28.0172589912015
"5",0.295872598340985,27.6730688848102
"6",0.248176533846685,27.0755617107179
"7",0.312693847170396,27.9768731037817
"8",0.334662051836201,28.308473027022
"9",0,25.5795656928029
