"","obs","bmi"
"1",0.361801674977755,28.7175694388733
"2",0.333943165146037,28.2572888851682
"3",0.331855071457495,28.4102013172353
"4",0.296867376539884,28.1029886452378
"5",0.267055938688852,27.7959353065172
"6",0.241581324883607,27.0494013196785
"7",0.30537754859387,27.8702186125284
"8",0.329213842373541,28.2087855398313
"9",0,25.6118125751213
