"","obs","bmi"
"1",0.357482251934916,28.6653206836597
"2",0.329278313555377,28.2085308854807
"3",0.34301394248502,28.3734574959807
"4",0.326983760505616,28.0817786358336
"5",0.310747852556432,27.7902909493124
"6",0.252102889376433,27.1185735458336
"7",0.30633011954812,27.858272438326
"8",0.336503444864523,28.3076077543507
"9",0,25.5793596420544
