"","obs","bmi"
"1",0.358186346415861,28.6582658772674
"2",0.328814581794056,28.1966021278143
"3",0.339641955742651,28.300486368998
"4",0.318547846379816,27.9429460671635
"5",0.293737598274183,27.5856548834678
"6",0.239118975183721,27.0682010009174
"7",0.305250437464268,27.9089692309545
"8",0.332018750074653,28.2834585920042
"9",0,25.5187159755267
