"","obs","bmi"
"1",0.362790128589057,28.7099039713545
"2",0.332491790387135,28.2457332814018
"3",0.345963417381969,28.4153290785306
"4",0.325449808435197,28.1209175196446
"5",0.304114862937833,27.8266740871187
"6",0.241597993359429,27.0465271029217
"7",0.305389756639747,27.9014608980796
"8",0.331318354882473,28.2719893449496
"9",0,25.6328013019075
