"","obs","bmi"
"1",0.354305104844894,28.6651981417415
"2",0.325778279582623,28.2047864716538
"3",0.32724832815144,28.3201418706654
"4",0.297612423381657,27.9752526383357
"5",0.271209737924078,27.630534190628
"6",0.24483973344848,27.0763412674781
"7",0.307885517836026,27.8832278518463
"8",0.335661366525088,28.271841938541
"9",0,25.6028034367746
