"","obs","bmi"
"1",0.363377224918209,28.755885393609
"2",0.33584769409357,28.3082069709636
"3",0.342315739600941,28.3827020763737
"4",0.318756019932542,28.0098246008797
"5",0.295712181691554,27.6372670426895
"6",0.242165156903018,27.0363624727319
"7",0.303036994964814,27.9001591392696
"8",0.332952527233993,28.2733810052269
"9",0,25.6365381616856
