"","obs","bmi"
"1",0.361876695687496,28.7285372015605
"2",0.331964349197092,28.267026385136
"3",0.348699928729316,28.4267612012621
"4",0.336032318509972,28.125388328238
"5",0.320022892758304,27.8244461449819
"6",0.246206170410555,27.0857129527661
"7",0.307414695874031,27.9414080594315
"8",0.337746395094468,28.2954529098155
"9",0,25.6211270551434
