"","obs","bmi"
"1",0.3596222154481,28.6852392355786
"2",0.329337137586088,28.2294877713009
"3",0.33758421324428,28.4098825771231
"4",0.318480509302541,28.134715764434
"5",0.294957586110134,27.859747419714
"6",0.245893260037144,27.0953738713778
"7",0.304737607938919,27.8742796269758
"8",0.325762297106229,28.1727591213104
"9",0,25.5735844039065
