"","obs","bmi"
"1",0.368126357103077,28.8030002733535
"2",0.338480680731134,28.3437126820597
"3",0.344798845573922,28.478601468159
"4",0.320120985925636,28.1542972979191
"5",0.295250599087928,27.8300889752908
"6",0.241591545905211,27.0615939915254
"7",0.306328015949424,27.971192834052
"8",0.338527495707008,28.3397748481719
"9",0,25.582675063002
