"","obs","bmi"
"1",0.361532632896808,28.7401634927691
"2",0.332222537831143,28.2852730585907
"3",0.339503129113566,28.4694547000287
"4",0.318501814021086,28.1988318605826
"5",0.300401857652107,27.9282987259753
"6",0.248241489589222,27.0630092811457
"7",0.310319031861692,27.9741115214981
"8",0.33906860466752,28.335240668344
"9",0,25.6295506795793
