"","obs","bmi"
"1",0.353902342339938,28.6252428440943
"2",0.323307186542844,28.1705480551191
"3",0.329859494972863,28.2905402353907
"4",0.302586256280832,27.956038024294
"5",0.27307149059293,27.6217420292747
"6",0.23993630281316,27.0405421645968
"7",0.303206538456229,27.8396714499784
"8",0.338363903327859,28.2869926786293
"9",0,25.595204513161
