"","obs","bmi"
"1",0.360414726167723,28.6808615390339
"2",0.33124368548006,28.2204262668864
"3",0.350509552894845,28.3748970541738
"4",0.340247958387249,28.0691800568395
"5",0.328178669447384,27.763721800486
"6",0.243937735804136,27.0945363010742
"7",0.307135568442582,27.9497167425016
"8",0.33658818151112,28.3096165074416
"9",0,25.5656582730919
