"","obs","bmi"
"1",0.354401845603747,28.6311183167512
"2",0.324273269515814,28.1749665787602
"3",0.341512226823183,28.340098227372
"4",0.325291553741958,28.0493178597245
"5",0.310801233432722,27.758787629005
"6",0.244329714055748,27.0894994014441
"7",0.307391562718655,27.924430678331
"8",0.337552447413288,28.3125298319416
"9",0,25.5534245668817
