"","obs","bmi"
"1",0.360426952180371,28.6848102977436
"2",0.330239238458214,28.2234702572291
"3",0.342672766460533,28.3529617729243
"4",0.322741514088987,28.021419360114
"5",0.304060023241142,27.6901985927986
"6",0.244111650973406,27.0956540575337
"7",0.31439154546037,27.9777539725907
"8",0.336671000260906,28.3018762575224
"9",0,25.5638294428727
