"","obs","bmi"
"1",0.360529778095888,28.6867484200152
"2",0.330022274760374,28.2355761700887
"3",0.342283968399168,28.2806236804194
"4",0.324742426554599,27.8749261695222
"5",0.29919733850165,27.4696816007126
"6",0.243424855396639,27.1355770769575
"7",0.309421267905884,27.9288684440829
"8",0.335735528446314,28.3646076891135
"9",0,25.6330706101876
