"","obs","bmi"
"1",0.35228351697632,28.6610887318023
"2",0.322246675460877,28.1973335114346
"3",0.331052771390984,28.4432770272715
"4",0.308824175683163,28.2254869769974
"5",0.284636824198973,28.0077179350766
"6",0.243894837274583,27.0756287793168
"7",0.307119447950037,27.9265022281342
"8",0.335140536792841,28.2449808790671
"9",0,25.6031268987808
