"","obs","bmi"
"1",0.361303512754592,28.7499958770715
"2",0.332695012014436,28.2949503937902
"3",0.345940796915086,28.4558617387508
"4",0.331873096857368,28.1619094784425
"5",0.313795216338603,27.8681460202252
"6",0.237433751671762,27.0385099264196
"7",0.304623989749461,27.8891577045161
"8",0.339910520584637,28.3088636280591
"9",0,25.615997848696
