"","obs","bmi"
"1",0.355109379559932,28.6937616457795
"2",0.326045100739564,28.2307210934069
"3",0.336053052513528,28.4260974438369
"4",0.315211268275677,28.1585702220335
"5",0.293518202867206,27.8911840903068
"6",0.24035286779985,27.0273078923561
"7",0.307477801270552,27.8911065763097
"8",0.335295798365377,28.2903902391839
"9",0,25.62924430647
