"","obs","bmi"
"1",0.364860978567444,28.7652244128306
"2",0.336487638741609,28.3038453758601
"3",0.35126143461219,28.4814811573257
"4",0.335436733297452,28.1979266825287
"5",0.323323135244151,27.9145682064485
"6",0.248078753238969,27.0696058992028
"7",0.30309239726159,27.8536990859719
"8",0.332295321925234,28.2857419756867
"9",0,25.6004098553305
