"","obs","bmi"
"1",0.361043417086199,28.7056675971422
"2",0.332243922601943,28.2569416466323
"3",0.329997365286776,28.3647768464846
"4",0.293469085171645,28.0239576372054
"5",0.263307974404903,27.6832075189728
"6",0.242459020474731,27.0709926948776
"7",0.30928830853301,27.9237570300282
"8",0.328717164456696,28.2314712486996
"9",0,25.6127060893608
