"","obs","bmi"
"1",0.361822637028042,28.7246329364492
"2",0.333340064669719,28.262239086446
"3",0.344654932079004,28.4365630700723
"4",0.326378978993809,28.1486194283388
"5",0.306879340100519,27.8608061683967
"6",0.243570250286666,27.0494652223971
"7",0.311797123234857,27.9316734825814
"8",0.340683290515394,28.3518809132525
"9",0,25.5803657975957
