"","obs","bmi"
"1",0.357587660448042,28.6493144351756
"2",0.328972715107496,28.1944262149457
"3",0.340593448623244,28.3838829252766
"4",0.319755340935468,28.1185811389425
"5",0.299037023242619,27.8534129699252
"6",0.245747778346199,27.0818140333849
"7",0.312414620981268,27.9107956425084
"8",0.337831891174728,28.3456890174281
"9",0,25.5705289908228
