"","obs","bmi"
"1",0.357427073696175,28.6492026010736
"2",0.326571768652547,28.1904894090803
"3",0.3331050016449,28.3097341706771
"4",0.306997538339656,27.9704018598753
"5",0.282825809610702,27.6312081371494
"6",0.239222259146229,27.0374510692664
"7",0.310466797215545,27.904487108145
"8",0.331050621513343,28.2705197327196
"9",0,25.5552409114079
