"","obs","bmi"
"1",0.353042293259493,28.664121434245
"2",0.325034164950076,28.2021067396536
"3",0.336409746127853,28.3500050121519
"4",0.318318801247135,28.0360389996681
"5",0.297064579148165,27.7222278063067
"6",0.239384591850943,27.0091943604201
"7",0.30367940638679,27.8351008407846
"8",0.33701778613866,28.3375365493393
"9",0,25.6321198457874
