"","obs","bmi"
"1",0.359607412601155,28.6877956838453
"2",0.329839695876282,28.2260996714967
"3",0.344692564495247,28.3775434217114
"4",0.32529842834297,28.0676576253333
"5",0.304829572489257,27.7581593451788
"6",0.243729800470944,27.0523549209059
"7",0.303226198711171,27.8839796014829
"8",0.336761800058931,28.3111712239981
"9",0,25.6240857193922
