"","obs","bmi"
"1",0.357401949032659,28.7075911018125
"2",0.32898245369257,28.2516138721562
"3",0.338350921689684,28.3451615422018
"4",0.320705313974603,27.9831697040175
"5",0.30119804606099,27.6216437794081
"6",0.250116232859381,27.1012918973733
"7",0.312014762430743,27.9665812892865
"8",0.33832273434389,28.3164736779602
"9",0,25.6052315011773
