"","obs","bmi"
"1",0.365771074139208,28.7546349299307
"2",0.334106124139532,28.2978817243299
"3",0.346360214726732,28.3719192521855
"4",0.325025604561818,27.9896109130908
"5",0.306266724046093,27.6077349335632
"6",0.248213053662016,27.1039153312622
"7",0.3088204277909,27.9416769230513
"8",0.330341172485178,28.2114625243148
"9",0,25.5981456373265
