"","obs","bmi"
"1",0.356664341481408,28.6613329176761
"2",0.327657134087508,28.2011297744922
"3",0.341294241531515,28.3438199122402
"4",0.319306204394951,28.0265148455914
"5",0.298951016153025,27.7094252591148
"6",0.244986156767458,27.0811918479921
"7",0.306436360860151,27.889401795486
"8",0.33361160175074,28.2746660231738
"9",0,25.5884902647173
