"","obs","bmi"
"1",0.35967167719405,28.6696643063745
"2",0.330418952918122,28.2056917491676
"3",0.341197733091417,28.3587265155119
"4",0.316962568542535,28.0479635869692
"5",0.295745432400298,27.7373809075321
"6",0.252038205501543,27.0746394987528
"7",0.312149552777379,27.9841366280304
"8",0.338928135184585,28.3270308290368
"9",0,25.5631100801151
