"","obs","bmi"
"1",0.355351769199599,28.674531536021
"2",0.327644600233184,28.2076636474007
"3",0.33686479852102,28.3132015938692
"4",0.315794155005096,27.9521677279765
"5",0.295220305378914,27.5914450237767
"6",0.244459262302142,27.1078170907675
"7",0.308178908089031,27.9164520518275
"8",0.335165809474604,28.2947394035776
"9",0,25.6431567504406
