"","obs","bmi"
"1",0.361568261702033,28.7282566708057
"2",0.3305563153332,28.2731954414169
"3",0.337914650479568,28.4059677086953
"4",0.317080051938817,28.0838027399185
"5",0.294817241254395,27.7617656864747
"6",0.247083556774015,27.0942725468052
"7",0.309016088418473,27.9172697213614
"8",0.334208135839352,28.3003616284569
"9",0,25.5624419203155
