"","obs","bmi"
"1",0.355567895226271,28.6319237350429
"2",0.327867389717361,28.1877365903981
"3",0.335601287151248,28.2823013186965
"4",0.314099560246578,27.9328521063828
"5",0.291079669285942,27.583580926804
"6",0.241871779528095,27.0265264197369
"7",0.309685001796875,27.9269631585285
"8",0.335791957175243,28.295081399177
"9",0,25.5977942098032
