"","obs","bmi"
"1",0.358175824478256,28.6580333714368
"2",0.326528389972314,28.2017693843092
"3",0.345166791122364,28.3791154204731
"4",0.330053534332278,28.1003351108035
"5",0.319277033593402,27.8216982863731
"6",0.241179450467602,27.0828643710725
"7",0.308410440789842,27.9501644146668
"8",0.334669814218613,28.2783565716149
"9",0,25.5529386406691
