"","obs","bmi"
"1",0.362184829364189,28.7544989076309
"2",0.332486176270026,28.2929064214856
"3",0.352015518510307,28.4490174516606
"4",0.341505685847998,28.1438387540415
"5",0.331138479459896,27.8389789063007
"6",0.250590072740663,27.136447298376
"7",0.303342314757997,27.9078323921568
"8",0.337321336996528,28.3127585629955
"9",0,25.607682165963
