"","obs","bmi"
"1",0.353607163420683,28.6242009913221
"2",0.323017814109512,28.1617213166798
"3",0.333313803617947,28.2994210389544
"4",0.311262597277004,27.9749084444523
"5",0.292151653666553,27.6506761917225
"6",0.24195389592341,27.0475203492977
"7",0.311314150625575,27.9320909517731
"8",0.329405061755625,28.2363754568824
"9",0,25.5801551076697
