"","obs","bmi"
"1",0.358109613613366,28.7013405945781
"2",0.328050645168397,28.2440639729888
"3",0.344636570326236,28.4890494826518
"4",0.330545549152941,28.2769363640678
"5",0.315869379710392,28.0650091199322
"6",0.240904375956917,27.0153998309118
"7",0.310131219724791,27.9078881719314
"8",0.334271085887146,28.2805914650831
"9",0,25.5988872794052
