"","obs","bmi"
"1",0.357469196935907,28.6969727316462
"2",0.328855232886897,28.2362345300894
"3",0.333716985120213,28.2623962966079
"4",0.309911545345434,27.82829138207
"5",0.287430977233815,27.3946882658953
"6",0.243241752500772,27.057326692099
"7",0.309412413221439,27.8943642253571
"8",0.329278411305039,28.223016533561
"9",0,25.6394856967631
