"","obs","bmi"
"1",0.35652498044867,28.707458616846
"2",0.329643549207603,28.2503043389996
"3",0.342001750704574,28.3460358403345
"4",0.322309362126177,27.9849359717049
"5",0.300895830750054,27.6241741333872
"6",0.238957382636813,27.0379232953424
"7",0.309531457992006,27.95929079878
"8",0.327446536025464,28.2151039458877
"9",0,25.5923225391836
