"","obs","bmi"
"1",0.359808846453455,28.717909501857
"2",0.330811744510614,28.2673622834225
"3",0.347846003509761,28.4934215208317
"4",0.333330851123472,28.2690610313906
"5",0.318381582307615,28.0448324563478
"6",0.240703268821697,27.0470029839385
"7",0.310961315776872,27.9184298289375
"8",0.327478849489934,28.2606213299001
"9",0,25.5868714819467
