"","obs","bmi"
"1",0.361543830519193,28.7495572781155
"2",0.331946924931874,28.2904098983011
"3",0.341631889449067,28.4016187363664
"4",0.31978868074918,28.0539111195266
"5",0.294904000891176,27.7064427976033
"6",0.242713923012078,27.0352049726249
"7",0.308909407868921,27.8839101766253
"8",0.332011365122912,28.2365118678067
"9",0,25.6018574324082
