"","obs","bmi"
"1",0.358468501009026,28.6835096484088
"2",0.32781001782617,28.230542936258
"3",0.332760782730324,28.2962566118696
"4",0.308852143661374,27.9092433102226
"5",0.277745948657948,27.5224777504782
"6",0.246057959229668,27.0844460765022
"7",0.307793671835949,27.9332056279094
"8",0.333254711404866,28.2527897325964
"9",0,25.6058194327545
