"","obs","bmi"
"1",0.362087659535833,28.7484944799243
"2",0.333987363749737,28.2939498824952
"3",0.339402328009711,28.3967225031198
"4",0.315375946802578,28.045097590393
"5",0.289801670402822,27.6936247386483
"6",0.245013330660972,27.0504889199249
"7",0.312923549787288,27.9247388125386
"8",0.333190494803652,28.2286669280494
"9",0,25.6002438522909
