"","obs","bmi"
"1",0.351098780401901,28.6905066954323
"2",0.322203879983318,28.2320238466358
"3",0.333240037386605,28.4032261767226
"4",0.315940476679213,28.1160544477028
"5",0.294912120574453,27.8289943680397
"6",0.248801033793083,27.0801382087525
"7",0.300060250669136,27.818250391348
"8",0.334206693908546,28.2788181906019
"9",0,25.6336055603612
