"","obs","bmi"
"1",0.365823893355323,28.7498591678938
"2",0.335994218419126,28.2931985891901
"3",0.345872304122406,28.4150338583158
"4",0.326275169393364,28.080542597198
"5",0.305096217001324,27.7464047396893
"6",0.247110481875309,27.082394686157
"7",0.309890191485893,27.9212303584516
"8",0.33348092585395,28.2703200471387
"9",0,25.5704218844394
