"","obs","bmi"
"1",0.362551992131711,28.705408022649
"2",0.333315474254091,28.257811579343
"3",0.350397835910073,28.4206379252136
"4",0.337200254880628,28.1360183776601
"5",0.325314700017161,27.8515551277177
"6",0.244329129179707,27.0540574583243
"7",0.307621436461769,27.8683455975339
"8",0.328424430984152,28.2206574508459
"9",0,25.5946200393229
