"","obs","bmi"
"1",0.356672194268927,28.6884610858695
"2",0.32953525270703,28.2366494289187
"3",0.344215842541445,28.4125958600219
"4",0.327388038946759,28.1369614541213
"5",0.311088882672604,27.8615668224982
"6",0.241284691144889,27.0537878700992
"7",0.302758512447494,27.8759238863896
"8",0.33134944543364,28.2669659784593
"9",0,25.5998277668982
