"","obs","bmi"
"1",0.363887538538874,28.7322073689816
"2",0.330351111731883,28.2668524937697
"3",0.334672217547739,28.4079444392558
"4",0.304144076090899,28.0838102275265
"5",0.27328295998297,27.7598064668102
"6",0.244553854327286,27.0276992476411
"7",0.30988810168305,27.8898008882504
"8",0.332209918478471,28.2499429054362
"9",0,25.6218304913856
