"","obs","bmi"
"1",0.364460631436866,28.774456570185
"2",0.33441200417877,28.3195783452561
"3",0.34699336315759,28.5162718223491
"4",0.327229404450327,28.2581514345197
"5",0.309334043507559,28.0000964810038
"6",0.247536920058783,27.1052449777765
"7",0.303254057778259,27.8490782004467
"8",0.336300513366575,28.2908723210416
"9",0,25.6108908504418
