"","obs","bmi"
"1",0.362105252865248,28.6902120304266
"2",0.33221239545146,28.2306907791107
"3",0.341900036184537,28.4160037909591
"4",0.321565512018868,28.1418948537683
"5",0.299271982783344,27.8678878534879
"6",0.244602688369228,27.0644573327998
"7",0.305796645751495,27.9072986294217
"8",0.326652231326098,28.244017850025
"9",0,25.5798136489154
