"","obs","bmi"
"1",0.363641885842403,28.7196097923927
"2",0.330067105116096,28.2519858082366
"3",0.347989585408055,28.4645357042537
"4",0.334042331146381,28.2096203738012
"5",0.319772944417514,27.9548694675736
"6",0.248518054453006,27.147100559286
"7",0.306930774003512,27.8702430812104
"8",0.331128220092255,28.2626080463863
"9",0,25.6317038542995
