"","obs","bmi"
"1",0.357528694914268,28.6205872078888
"2",0.328180767486532,28.1621441872985
"3",0.341398696756761,28.29866742593
"4",0.323212614119384,27.9771440895575
"5",0.304433447516052,27.6560437874037
"6",0.246159422079575,27.1197325920322
"7",0.303959954324192,27.8650984133068
"8",0.328536682796194,28.2370399063063
"9",0,25.5578743431937
