"","obs","bmi"
"1",0.354586417879435,28.6754581104909
"2",0.326169193661083,28.2131845789904
"3",0.334602609266396,28.4033605293875
"4",0.312193795091427,28.1313480687483
"5",0.290204233694006,27.8594222712808
"6",0.24390277005612,27.0537767640711
"7",0.305774695880374,27.8780625192221
"8",0.337796751521279,28.3449621077052
"9",0,25.5859088816026
