"","obs","bmi"
"1",0.358109613613366,28.7013405945781
"2",0.327576410838,28.247428325187
"3",0.340741898697618,28.3116237192211
"4",0.320888999800488,27.9224566968108
"5",0.298487266689519,27.5338819908018
"6",0.240904375956917,27.0153998309118
"7",0.310131219724791,27.9078881719314
"8",0.334271085887146,28.2805914650831
"9",0,25.5988872794052
