"","obs","bmi"
"1",0.35228351697632,28.6610887318023
"2",0.322538362093849,28.1971038278475
"3",0.331908118132015,28.3709079685688
"4",0.307263401027708,28.0808376818291
"5",0.28413268149031,27.7908802942804
"6",0.243894837274583,27.0756287793168
"7",0.307119447950037,27.9265022281342
"8",0.335140536792841,28.2449808790671
"9",0,25.6031268987808
