"","obs","bmi"
"1",0.356992678832994,28.6668828008933
"2",0.327339404964133,28.206234854641
"3",0.338437939989435,28.391620931148
"4",0.317257333867985,28.1164735920309
"5",0.297439592151882,27.8414434891227
"6",0.24754365722165,27.0722825176835
"7",0.306207219925508,27.8744910776772
"8",0.334248961426704,28.2958352969168
"9",0,25.6107170765207
