"","obs","bmi"
"1",0.358173715370882,28.7119179194753
"2",0.328191693554232,28.259333997205
"3",0.338537259362397,28.4330313717247
"4",0.313719906231869,28.154233418298
"5",0.291886963966789,27.8755254461336
"6",0.246581270191778,27.041340880479
"7",0.305639829474928,27.9547075055878
"8",0.333215078361655,28.2479017160774
"9",0,25.6644458748928
