"","obs","bmi"
"1",0.365595527031819,28.7389002984843
"2",0.335087994749666,28.2834150635294
"3",0.343916249969188,28.4359905695048
"4",0.325240272005639,28.1334619885549
"5",0.299820715338634,27.8313416955012
"6",0.242749660462209,27.0908728897251
"7",0.309801575964487,27.9326265851515
"8",0.328902778211969,28.243200397369
"9",0,25.5773350092999
