"","obs","bmi"
"1",0.362719264733651,28.7108121542446
"2",0.333806333083279,28.2502838963475
"3",0.347828936091373,28.3949926216792
"4",0.33202023319427,28.0793822730451
"5",0.314077273143885,27.763990419759
"6",0.244104962053722,27.043344157464
"7",0.304431449420695,27.8558881105095
"8",0.339761343391577,28.3362167468146
"9",0,25.5752489554591
