"","obs","bmi"
"1",0.361629490904218,28.6900146106484
"2",0.330346283909217,28.2264224000872
"3",0.344580589375076,28.39994554567
"4",0.327807593986851,28.1100288529822
"5",0.307916400737111,27.8202685878062
"6",0.240172893526536,27.0248591565395
"7",0.30180090474762,27.8649178176518
"8",0.333873802468727,28.2915850828085
"9",0,25.5807597441834
