"","obs","bmi"
"1",0.36488502609895,28.7690752579185
"2",0.334193793427022,28.3174278148596
"3",0.345802584666517,28.4641934329751
"4",0.330005451846939,28.1596048932617
"5",0.313131509350329,27.8553250270678
"6",0.246105838297788,27.0594410639107
"7",0.31457734718486,27.9447586922453
"8",0.335847054117964,28.3064533281335
"9",0,25.6106566742694
