"","obs","bmi"
"1",0.356830008840435,28.649618034479
"2",0.325408394355297,28.1944395112744
"3",0.338367462688664,28.32740529697
"4",0.319131205993887,28.0053449487727
"5",0.301430133133249,27.6834426210373
"6",0.245151523600621,27.0565755539071
"7",0.306523777843142,27.8569379054701
"8",0.33603230660483,28.3365825446003
"9",0,25.5869908927113
