"","obs","bmi"
"1",0.362749634869587,28.7166118865265
"2",0.333806767218119,28.2539196129252
"3",0.347135765974947,28.4296091144469
"4",0.326542434090753,28.1426841233391
"5",0.308095438916342,27.8558385021145
"6",0.245126950720886,27.0297693066308
"7",0.305682059714069,27.8436844550963
"8",0.333256331381866,28.2414750215138
"9",0,25.6307314131534
