"","obs","bmi"
"1",0.3632324731153,28.7041965248098
"2",0.33299155203894,28.2472059519383
"3",0.336492138378073,28.3903265572727
"4",0.308169016960133,28.0765568027416
"5",0.277957536712327,27.7628894056743
"6",0.238975123102803,27.0401442972918
"7",0.306260276277232,27.8914954040538
"8",0.331080747257415,28.2055238570313
"9",0,25.5261148388846
