"","obs","bmi"
"1",0.364020695590601,28.7308302516043
"2",0.333114649768268,28.2685969222863
"3",0.349790965872872,28.5305559555317
"4",0.336829116931357,28.3304025471302
"5",0.323821524669094,28.1303735865733
"6",0.241813486115553,27.0344507307364
"7",0.311064292856587,27.9241999561166
"8",0.331072137108746,28.3055616642846
"9",0,25.6242275474641
