"","obs","bmi"
"1",0.364357724698387,28.7436798613108
"2",0.332714131972377,28.2863351988161
"3",0.334207338259625,28.4259418639411
"4",0.301532394049722,28.1082748677603
"5",0.273068401550926,27.7906782205239
"6",0.241544350266836,27.0877403774169
"7",0.307363080179997,27.9158576322832
"8",0.336252435177704,28.3282339947501
"9",0,25.5853497113797
