"","obs","bmi"
"1",0.360945812334272,28.6794356967516
"2",0.330070333503733,28.218114424567
"3",0.338000049927683,28.2981292302492
"4",0.312568718824126,27.9173512213622
"5",0.285997564813046,27.5371438416887
"6",0.244046602922987,27.0295054012735
"7",0.308369712268874,27.9362534814527
"8",0.333574728512855,28.3066718900281
"9",0,25.5413042276159
