"","obs","bmi"
"1",0.357123652774545,28.6465795931283
"2",0.327803716043822,28.1874768552705
"3",0.332737634690332,28.3289081407731
"4",0.306502919663794,28.0113702581234
"5",0.278546687292106,27.6939692293195
"6",0.241056009166463,26.9923153228411
"7",0.305688519144789,27.9109966528161
"8",0.337903128348972,28.3550700539192
"9",0,25.5611282938231
