"","obs","bmi"
"1",0.361357702187784,28.7141649195023
"2",0.332498946598991,28.2504178387466
"3",0.340197763290633,28.3353585342224
"4",0.319197426331704,27.9568441061416
"5",0.295902752406525,27.5786346702661
"6",0.24636417138059,27.0990072397326
"7",0.3046820383147,27.8795488482551
"8",0.332804066967034,28.2862491847699
"9",0,25.5699321446698
