"","obs","bmi"
"1",0.361339088003681,28.6974925332233
"2",0.334862114402109,28.2424261860383
"3",0.344229390596277,28.4417164684682
"4",0.321994722470754,28.1860327991688
"5",0.296052098310421,27.930443453868
"6",0.24238223248236,27.0413583467113
"7",0.310880542695776,27.9590068834345
"8",0.334153534332535,28.2745538708511
"9",0,25.571398170936
