"","obs","bmi"
"1",0.361484575695614,28.7017758272813
"2",0.329923394617445,28.2473430572251
"3",0.351044157108186,28.3863884447618
"4",0.337024953833006,28.07122338108
"5",0.325755565040011,27.7562903461482
"6",0.246240357753682,27.0893260409929
"7",0.306219838797787,27.911203722989
"8",0.333894666850054,28.2759322124871
"9",0,25.5991246618301
