"","obs","bmi"
"1",0.364616970743467,28.7581589437113
"2",0.333422904814218,28.2974710573768
"3",0.350061255560448,28.4121813194295
"4",0.335722298749201,28.066458572661
"5",0.319945697724305,27.7210028207983
"6",0.246082409150059,27.0895185364075
"7",0.305858846344868,27.8450524380374
"8",0.340104037990861,28.3723023830305
"9",0,25.5961727788877
