"","obs","bmi"
"1",0.361761493678685,28.7230050789881
"2",0.331747770641698,28.2664564221938
"3",0.342649781437091,28.3867474453329
"4",0.321813810377597,28.0507433953932
"5",0.302283105670629,27.7150047153676
"6",0.240564838095743,27.0531358075773
"7",0.311511139690834,27.9392982833239
"8",0.327794378591186,28.2061360639353
"9",0,25.6070384812685
