"","obs","bmi"
"1",0.362809656885809,28.7497015476186
"2",0.332632064849752,28.2922654214381
"3",0.343117380746569,28.3360425057604
"4",0.319340832682109,27.9227898593804
"5",0.296391460444446,27.5099690501542
"6",0.243028189005859,27.0416328762914
"7",0.308846921027683,27.9286769564367
"8",0.331738272152825,28.2829272532046
"9",0,25.6075857050311
