"","obs","bmi"
"1",0.36055338384118,28.6430727711477
"2",0.329711494563176,28.1841141084528
"3",0.330128809896824,28.2922285277196
"4",0.295245575497192,27.94160229021
"5",0.265323161034355,27.5912023602901
"6",0.243981083065289,27.0941075208211
"7",0.305917376622205,27.8961908745316
"8",0.336606467580798,28.2648471861539
"9",0,25.5631515315202
