"","obs","bmi"
"1",0.358012938317007,28.7060099061904
"2",0.328007891355723,28.2431520233454
"3",0.341687588900548,28.4268363899274
"4",0.324193409443324,28.1477995587169
"5",0.304863638556472,27.8689033113886
"6",0.241768733245994,27.0676767590341
"7",0.309374043136285,27.8826920287169
"8",0.338581405752476,28.2761159866409
"9",0,25.6944401928031
