"","obs","bmi"
"1",0.366641599091058,28.7579955536829
"2",0.335953823355115,28.2970835978176
"3",0.347939841166987,28.4235326389097
"4",0.32727710061614,28.0893848243472
"5",0.305978956157242,27.7555697807931
"6",0.2388515909874,26.9970388483647
"7",0.303860277944668,27.8570588145984
"8",0.33785687616313,28.3303848661247
"9",0,25.5953025667141
