"","obs","bmi"
"1",0.362777020927604,28.7045127499629
"2",0.332104784586466,28.2481207388876
"3",0.34838313495709,28.4531639903378
"4",0.335486121555408,28.2019729087291
"5",0.322332534777166,27.9509448491822
"6",0.244507388218723,27.0376288590811
"7",0.310335673439175,27.8965256405421
"8",0.334291088280798,28.2456925555949
"9",0,25.585249715344
