"","obs","bmi"
"1",0.361749831412628,28.6987401310174
"2",0.331278794210605,28.2390206200204
"3",0.339511472351301,28.3842001538736
"4",0.314529830556721,28.0698216463435
"5",0.287908155316672,27.7556098338044
"6",0.247390256898702,27.0642245631385
"7",0.309049362087537,27.8572687222724
"8",0.339950881109773,28.3102357130437
"9",0,25.5854607068038
