"","obs","bmi"
"1",0.365042974097417,28.7302072886351
"2",0.337464151454905,28.2760806790701
"3",0.349327587840382,28.3405551782623
"4",0.330847376242407,27.9513998708637
"5",0.311795752138121,27.5627758298766
"6",0.246647362003499,27.1108194092577
"7",0.307353789371437,27.8687968334384
"8",0.32614305258688,28.1235268647605
"9",0,25.5847764806926
