"","obs","bmi"
"1",0.364519639191207,28.7485520678779
"2",0.334205749516564,28.2860409766546
"3",0.352655289479673,28.4921232423431
"4",0.339783222591112,28.235824417715
"5",0.327542138257597,27.9796609460203
"6",0.245523355401766,27.0812853801858
"7",0.305461922077011,27.8302872094731
"8",0.332177615715879,28.2426194653352
"9",0,25.6001733782949
