"","obs","bmi"
"1",0.3632687192927,28.7598826830455
"2",0.331982520393065,28.2895769818856
"3",0.340179808292651,28.3897929732944
"4",0.314958269160589,28.0199363114647
"5",0.287115223798402,27.6503213333293
"6",0.241183576488866,26.9816709006233
"7",0.308857799668597,27.9074477793479
"8",0.334606920140969,28.2784526212689
"9",0,25.6086413113943
