"","obs","bmi"
"1",0.358889318253429,28.7123297425041
"2",0.328751344693803,28.2562897621829
"3",0.345002606663738,28.4238821806067
"4",0.330505091664057,28.1356088372351
"5",0.315150105465986,27.847516416952
"6",0.24588119408562,27.1387060979543
"7",0.311168982297714,27.9296556214017
"8",0.33916996682347,28.3118892159413
"9",0,25.6346436012413
