"","obs","bmi"
"1",0.363423017100441,28.7176119040246
"2",0.33394706552588,28.248555726511
"3",0.347828428479453,28.3305315350086
"4",0.33055722782697,27.9440111453086
"5",0.312750781249126,27.5580934441335
"6",0.245500667124149,27.0653186457798
"7",0.311096404324326,27.8774022421597
"8",0.335645884856801,28.2841097192234
"9",0,25.5819414621905
