"","obs","bmi"
"1",0.362436967042867,28.7302840794193
"2",0.331733018864503,28.2753622247379
"3",0.342163744846177,28.3798073969335
"4",0.32025161223228,28.029494762147
"5",0.295758844018511,27.6793519062938
"6",0.246760398654027,27.0797490420559
"7",0.313187867210254,27.9431706438739
"8",0.333971644871878,28.2598585449577
"9",0,25.6095900699586
