"","obs","bmi"
"1",0.36565554559634,28.7601994896396
"2",0.335834150140996,28.3003903615954
"3",0.33469187472968,28.3291755492324
"4",0.299736794864156,27.8984396445941
"5",0.270500311055169,27.4680039689447
"6",0.243131875943661,27.0295431806675
"7",0.304473175633165,27.8672856947835
"8",0.332711046087648,28.2600892237617
"9",0,25.6145759722481
