"","obs","bmi"
"1",0.361105324378921,28.6995971208449
"2",0.329883311225323,28.2438607674795
"3",0.353084177089759,28.4179871189326
"4",0.342332478626626,28.1365436995922
"5",0.331658920713338,27.8552730701217
"6",0.239862093965456,27.0278332091551
"7",0.310596616243094,27.9178687997794
"8",0.335383683662414,28.2507596440364
"9",0,25.5913414579805
