"","obs","bmi"
"1",0.362811386221129,28.7235676192251
"2",0.331321709264228,28.2618898141092
"3",0.332002491411484,28.3047601577823
"4",0.297845495104303,27.886148836267
"5",0.266736072064096,27.4677386893823
"6",0.248014350301166,27.1316125788357
"7",0.309555086452716,27.9264220247758
"8",0.333723772600892,28.2589688293113
"9",0,25.5861265875853
