"","obs","bmi"
"1",0.357886705210485,28.6933792613265
"2",0.329708421883028,28.2253989533392
"3",0.335928310355323,28.3605356120882
"4",0.312360609937864,28.0278054458974
"5",0.285188814563686,27.6951909348696
"6",0.245766722154728,27.0801278761123
"7",0.313530135460425,27.9530181107146
"8",0.331325966031595,28.2882154175172
"9",0,25.5806282259855
