"","obs","bmi"
"1",0.357518109954837,28.6860136128992
"2",0.329039238717116,28.2400092184326
"3",0.346732318169095,28.4883802624368
"4",0.3343820034241,28.290867416803
"5",0.319652127917002,28.0934789927115
"6",0.244543655408116,27.0364516160909
"7",0.30927137881527,27.9362687013879
"8",0.343892184663958,28.335465515087
"9",0,25.6125110757438
