"","obs","bmi"
"1",0.361361438312864,28.6865444017491
"2",0.332398947993977,28.2257343351756
"3",0.34728154177138,28.453067605916
"4",0.329264122052221,28.219716964818
"5",0.310614480957363,27.9864950220199
"6",0.241408343726656,27.04534683371
"7",0.30883917204537,27.9143587793197
"8",0.330981250428715,28.2332641765017
"9",0,25.5763676402495
