"","obs","bmi"
"1",0.362736021705295,28.6964378199905
"2",0.33173167460928,28.2402514482659
"3",0.33729629469551,28.3290139596142
"4",0.312812368595393,27.9619335508028
"5",0.289155532309419,27.5952158851476
"6",0.240457005381187,27.010902932785
"7",0.304216599993127,27.8732608838391
"8",0.335477781546688,28.3114797900775
"9",0,25.5934638135591
