"","obs","bmi"
"1",0.36105813620457,28.7180409199463
"2",0.331869905375333,28.2616741365066
"3",0.344544818344241,28.4398847195016
"4",0.327572653294666,28.1618725690069
"5",0.307662318498943,27.8840101199627
"6",0.244294890979078,27.0630953308868
"7",0.306419187332425,27.9132540078768
"8",0.338893990321572,28.322276234368
"9",0,25.6263616134285
