"","obs","bmi"
"1",0.35960926193116,28.6749512615819
"2",0.330155641091246,28.2134996090057
"3",0.344168484698046,28.3498300685618
"4",0.330819136672394,28.0249003354757
"5",0.310846903856785,27.7001692833636
"6",0.240671758067406,27.0285688845476
"7",0.308039593228858,27.9224792594516
"8",0.326142613222346,28.2616519596465
"9",0,25.5573392668351
