"","obs","bmi"
"1",0.359895983102006,28.7570237947286
"2",0.332731877913366,28.2963633609404
"3",0.339288243156799,28.3453899431082
"4",0.314499443352925,27.9341578147014
"5",0.29096534915455,27.5233515568695
"6",0.254637557668744,27.1836344967813
"7",0.307674000580787,27.8910366085282
"8",0.339197656282095,28.3036443797902
"9",0,25.5936773087895
