"","obs","bmi"
"1",0.365420178864595,28.7050103732537
"2",0.336933299769299,28.2491869428311
"3",0.330521448983064,28.3019776894947
"4",0.292285422526869,27.8990896114632
"5",0.256155125265313,27.496346399845
"6",0.24813703081269,27.105706545108
"7",0.307539983047169,27.8982323712825
"8",0.332843765694722,28.3002880514066
"9",0,25.5863109501893
