"","obs","bmi"
"1",0.35989295578429,28.7095903490688
"2",0.330401812744382,28.2479444547827
"3",0.346227911758766,28.4411680168048
"4",0.329099451504018,28.1729324599603
"5",0.315726510891012,27.9048912865978
"6",0.245344724742923,27.0811462192013
"7",0.31024472157782,27.9720583395054
"8",0.337234749121361,28.2959683156619
"9",0,25.6134135691005
