"","obs","bmi"
"1",0.362105252865248,28.6902120304266
"2",0.332137451324878,28.2361778761473
"3",0.346543345179887,28.3297422595334
"4",0.326664176659523,27.9695640872259
"5",0.313277715782926,27.6096914199875
"6",0.244602688369228,27.0644573327998
"7",0.305796645751495,27.9072986294217
"8",0.326652231326098,28.244017850025
"9",0,25.5798136489154
