"","obs","bmi"
"1",0.364604070319036,28.6960596663896
"2",0.335766673525063,28.2457557769688
"3",0.347659942336827,28.464670223095
"4",0.331655914630732,28.233342506397
"5",0.313327136829932,28.0020776007876
"6",0.247824490440561,27.0857050874502
"7",0.302443600074565,27.875025903871
"8",0.339262510122991,28.3089121428886
"9",0,25.574850574041
