"","obs","bmi"
"1",0.354371523399049,28.6149289049393
"2",0.324070274266884,28.154116803773
"3",0.327874303502292,28.2215258688075
"4",0.302259964203804,27.8284541354061
"5",0.276452226367382,27.4357301954094
"6",0.249314730766117,27.1582741545865
"7",0.304881401748919,27.8596388082711
"8",0.335628236849255,28.2865854904344
"9",0,25.5294392680994
