"","obs","bmi"
"1",0.362990952377295,28.7100278968841
"2",0.334688346655061,28.2582568901853
"3",0.348809114861207,28.4172735514611
"4",0.334629361416828,28.1247046133695
"5",0.318911529504628,27.8323288248924
"6",0.241750237091278,27.0406084368586
"7",0.312413749241252,27.9420294390578
"8",0.334133620158921,28.2920871082256
"9",0,25.5922858951395
