"","obs","bmi"
"1",0.361306111672162,28.7189254299474
"2",0.334194618057785,28.2613462169607
"3",0.33969044810597,28.4054456650658
"4",0.317234701908605,28.0920926704404
"5",0.294343919888951,27.7788705017338
"6",0.243305076253806,27.0839772523091
"7",0.3105773291912,27.9483019418902
"8",0.335301779300095,28.2890836677934
"9",0,25.5595445613927
