"","obs","bmi"
"1",0.36241367854252,28.6933661753492
"2",0.336226352097935,28.2374863764769
"3",0.336490652477168,28.3293554506921
"4",0.306049878626458,27.9655938540031
"5",0.282190154643994,27.602092052801
"6",0.243330450046129,27.0738510964969
"7",0.308787411154664,27.9243188799072
"8",0.339244678120228,28.3135418220738
"9",0,25.5791193166035
