"","obs","bmi"
"1",0.364456205328876,28.7425894311841
"2",0.334276322103874,28.2808730400049
"3",0.341871883277765,28.3448732074437
"4",0.319469858045867,27.947372891507
"5",0.296552987136207,27.5500985006964
"6",0.246633121504215,27.1500240139487
"7",0.30288922088143,27.8714498401223
"8",0.331985162774157,28.2307792266374
"9",0,25.6240583461726
