"","obs","bmi"
"1",0.372729995117138,28.8117962313862
"2",0.342272187800447,28.3504017621098
"3",0.355855049048431,28.5722550468331
"4",0.339965506419656,28.3331851684946
"5",0.325207451467329,28.094624902861
"6",0.239377347570082,27.0078989630237
"7",0.302678121633995,27.8544878802578
"8",0.325614512402453,28.2199129883668
"9",0,25.5985517167682
