"","obs","bmi"
"1",0.359426973279645,28.7425056982449
"2",0.329511306498407,28.2922788704254
"3",0.345609771297823,28.4860601913962
"4",0.331110928237461,28.2297641101449
"5",0.317202607513406,27.9736226480939
"6",0.239197092096755,27.0017290777354
"7",0.309296743488893,27.9307708477387
"8",0.332224732488348,28.2230956125373
"9",0,25.5745258026054
