"","obs","bmi"
"1",0.360110355998218,28.6514310323071
"2",0.329595249157433,28.195074315846
"3",0.333274079448361,28.3071199788853
"4",0.302948444821874,27.9629404349714
"5",0.271748291771066,27.61889407682
"6",0.249757327725448,27.1844346682053
"7",0.302970696748341,27.8207356224933
"8",0.335496605224659,28.3326637557872
"9",0,25.5567992915904
