"","obs","bmi"
"1",0.361126831113254,28.6824896801569
"2",0.331711519821028,28.2310750795863
"3",0.341105142951538,28.3803278568992
"4",0.317353971454093,28.0783118738865
"5",0.29351627022921,27.7764455149632
"6",0.239344961579138,27.0398522855472
"7",0.311177082888181,27.9116088886225
"8",0.339058555285157,28.2797056106015
"9",0,25.6405293413688
