"","obs","bmi"
"1",0.352448963037114,28.6508160997007
"2",0.322386336597622,28.1886724378209
"3",0.33738177776455,28.4031379046268
"4",0.324389401601932,28.1555781628076
"5",0.308887507742888,27.9081403935035
"6",0.243497343790138,27.0381330401539
"7",0.311121509877365,27.9147374523408
"8",0.33464288455333,28.2686058711218
"9",0,25.6183797036098
