"","obs","bmi"
"1",0.361837506203608,28.686149255789
"2",0.331736430483486,28.2210614986937
"3",0.344024210084577,28.3685900372334
"4",0.322421635682687,28.0514459738418
"5",0.298938704237416,27.7347452484591
"6",0.24798467740061,27.058504164707
"7",0.304486669248197,27.8510651242977
"8",0.335844059425166,28.3112836256127
"9",0,25.5798320065764
