"","obs","bmi"
"1",0.356393411172869,28.6973632852032
"2",0.326803630988292,28.2418367470956
"3",0.329833662789318,28.3667478777057
"4",0.301182187018299,28.0362482662467
"5",0.274082955523207,27.7058684475362
"6",0.245956077624343,27.0632938144245
"7",0.305964233220264,27.9083161992462
"8",0.334139637842081,28.2612446822507
"9",0,25.5882409628486
