"","obs","bmi"
"1",0.362339480756904,28.65930771057
"2",0.330342398643268,28.1961769699754
"3",0.334788161592559,28.2933511302469
"4",0.30695347887176,27.927615742456
"5",0.277863274800711,27.5621101398946
"6",0.242349097113623,27.0418592847647
"7",0.30573931490756,27.8729787586304
"8",0.342259157218019,28.3021546407399
"9",0,25.5453458744657
