"","obs","bmi"
"1",0.356923489661295,28.6899719723636
"2",0.328829530689067,28.2323996676154
"3",0.340293571035951,28.4063666712733
"4",0.320315083123076,28.1230102390432
"5",0.298935701159052,27.8399153965569
"6",0.248343677472922,27.1069934206427
"7",0.303992234029797,27.8791085019913
"8",0.333069780250932,28.24984701215
"9",0,25.6096385166499
