"","obs","bmi"
"1",0.361021387666155,28.705507965209
"2",0.333153833915975,28.2538912920983
"3",0.341422044985472,28.3667478935062
"4",0.318245321310398,28.0282176931689
"5",0.296194220568791,27.6899275955698
"6",0.247104518673693,27.0544987843042
"7",0.313468417291149,27.9280534880908
"8",0.334124311464567,28.2876742975611
"9",0,25.6162387027958
