"","obs","bmi"
"1",0.352192721452628,28.6477260143277
"2",0.323355171880805,28.1867465771412
"3",0.33634987847546,28.3891601166696
"4",0.320835938027087,28.1307269348748
"5",0.301958630243335,27.8724316846799
"6",0.243798385905941,27.05222717496
"7",0.312307904040064,27.9136251181314
"8",0.333583821185119,28.231606395948
"9",0,25.634506249408
