"","obs","bmi"
"1",0.360668238342036,28.7039114646306
"2",0.332364916867192,28.2437633216393
"3",0.346187927414064,28.4922868401623
"4",0.330254883477699,28.2807356996734
"5",0.311932205427078,28.069259628557
"6",0.24406612022968,27.047605959041
"7",0.309859175440465,27.9302485695229
"8",0.33470662941734,28.3202459862715
"9",0,25.6096876442276
