"","obs","bmi"
"1",0.368926620653432,28.7690710977167
"2",0.339732496938266,28.2992023308303
"3",0.357964407774067,28.4323194791584
"4",0.348386260492795,28.0958857986341
"5",0.336488995390715,27.7597855550299
"6",0.242936489325404,27.0524576522798
"7",0.308883188744863,27.8605141664112
"8",0.331072478855014,28.2144201304091
"9",0,25.5537005454397
