"","obs","bmi"
"1",0.358431409456839,28.6669568879754
"2",0.327491650936079,28.2071693539265
"3",0.336672891175143,28.3426792596849
"4",0.312819488530778,28.0185814339682
"5",0.287696041445151,27.6946704271571
"6",0.242384042678321,27.0183694876195
"7",0.310052641092913,27.9326956101321
"8",0.340747545689663,28.3053204882389
"9",0,25.5531410684037
