"","obs","bmi"
"1",0.363100807845836,28.745535112519
"2",0.331727629752916,28.2927282642246
"3",0.346592305918586,28.4429464044296
"4",0.327943362114189,28.1405064784089
"5",0.309575363047252,27.8382204521808
"6",0.241817858819255,27.066548544267
"7",0.312946188840288,27.8946601299385
"8",0.333163831906134,28.2791620040935
"9",0,25.6075132825633
