"","obs","bmi"
"1",0.35648881167457,28.6943532403018
"2",0.327411747505753,28.2311466547083
"3",0.325665987877578,28.3345703202718
"4",0.2888203909191,27.9748681598723
"5",0.253409343382017,27.6152456699468
"6",0.244503040647949,27.092946835918
"7",0.306110118841346,27.8869196969652
"8",0.33230428136594,28.2733951665154
"9",0,25.6620878837027
