"","obs","bmi"
"1",0.367945355008149,28.7500443947004
"2",0.336534384858835,28.2915678223967
"3",0.347888943542098,28.4787123501412
"4",0.329909243094524,28.2076431762578
"5",0.312722939959923,27.9368493860612
"6",0.242878106552388,27.0437308576533
"7",0.307248923907247,27.8807640814045
"8",0.329732618086919,28.2576607651744
"9",0,25.5684620059468
