"","obs","bmi"
"1",0.361333193315278,28.6718265349459
"2",0.331969578172196,28.2136908852956
"3",0.35049820362469,28.3468736748764
"4",0.339529808026965,28.0222396127825
"5",0.327990654444744,27.6979409981194
"6",0.243685946737471,27.0312002346061
"7",0.30736706448765,27.9191365971167
"8",0.336888043298805,28.3006216147543
"9",0,25.5480819537057
