"","obs","bmi"
"1",0.358448817710985,28.6512438453114
"2",0.329305083368957,28.1884189464191
"3",0.336402863055263,28.3024113557754
"4",0.307629520842489,27.9537372953678
"5",0.286279999596416,27.6052262262402
"6",0.248407217840681,27.1067944378364
"7",0.304101840291098,27.8354211805228
"8",0.330322502067478,28.22097626451
"9",0,25.5994335637014
