"","obs","bmi"
"1",0.367984681023206,28.7571424551385
"2",0.336339789196194,28.3052859463981
"3",0.349044983002861,28.4514145559309
"4",0.330357304292217,28.1459563841435
"5",0.311956242892515,27.8407818117223
"6",0.247091736259413,27.0881190484255
"7",0.300703105025619,27.8814091966762
"8",0.331903086780294,28.2972952379329
"9",0,25.5515021884126
