"","obs","bmi"
"1",0.35513044260019,28.669023346363
"2",0.325574213259764,28.2199764120617
"3",0.334275366916943,28.35995758126
"4",0.314149422994832,28.0510726270277
"5",0.292894999573824,27.7423759874465
"6",0.251262234162821,27.1870968284028
"7",0.311704719420188,27.9217333296349
"8",0.340385223488158,28.307887033724
"9",0,25.5733737422625
