"","obs","bmi"
"1",0.360150108868927,28.7386213182768
"2",0.329924025609927,28.2873503120105
"3",0.337648537947428,28.4231011040653
"4",0.31510020805953,28.1077214091196
"5",0.291387996435521,27.7924860610488
"6",0.243079706339427,27.0608502605375
"7",0.307825428428127,27.8859424112983
"8",0.337993826416042,28.3166018063193
"9",0,25.6278149782512
