"","obs","bmi"
"1",0.362372523883185,28.7331337251937
"2",0.332775641810436,28.2768281847177
"3",0.336534627933171,28.3976653879868
"4",0.306673125547128,28.0623701338932
"5",0.282979727714502,27.727252415213
"6",0.246120599112546,27.101237298242
"7",0.311585073648415,27.9452573697391
"8",0.334648911556373,28.3012958023775
"9",0,25.5728936381245
