"","obs","bmi"
"1",0.361822637028042,28.7246329364492
"2",0.334071125306201,28.2652461377841
"3",0.340649879043429,28.4027642068699
"4",0.315942438315386,28.0810124654747
"5",0.289391671838701,27.7593804048082
"6",0.243570250286666,27.0494652223971
"7",0.311797123234857,27.9316734825814
"8",0.340683290515394,28.3518809132525
"9",0,25.5803657975957
