"","obs","bmi"
"1",0.358856250312263,28.7479566818725
"2",0.330092636863628,28.2953162044353
"3",0.351693350609174,28.567923137372
"4",0.343015480607857,28.3880122093348
"5",0.33540679671829,28.2082279196475
"6",0.245749008754004,27.1100269327791
"7",0.307894162254335,27.9672437944075
"8",0.329677917217684,28.2474625816453
"9",0,25.6314419036741
