"","obs","bmi"
"1",0.363580323346666,28.7818923894229
"2",0.333685854524594,28.3142702930211
"3",0.341634237902673,28.4268549847588
"4",0.317153731258328,28.0720887987288
"5",0.294286594503461,27.7176062150663
"6",0.24879454536776,27.0818528963703
"7",0.305074370103867,27.8860075656748
"8",0.337042726556363,28.3487473363742
"9",0,25.6177217595425
