"","obs","bmi"
"1",0.361791701712313,28.7545506902398
"2",0.331968317514046,28.2934618303253
"3",0.335746559893477,28.4818385655256
"4",0.308202261153509,28.2092548172496
"5",0.283890315267967,27.9368032681898
"6",0.244498538807118,27.0383753059164
"7",0.303192808279931,27.872546823403
"8",0.337025703154843,28.2739629237967
"9",0,25.6338673600936
