"","obs","bmi"
"1",0.36225971526013,28.72720950697
"2",0.331573588221059,28.2685965142028
"3",0.335785081339082,28.322516304801
"4",0.303575038419312,27.9183783532879
"5",0.274139124793751,27.5148413624701
"6",0.243698414901252,27.0756023406266
"7",0.309418142168321,27.8958255098506
"8",0.333590990147039,28.2977838012076
"9",0,25.5978576121122
