"","obs","bmi"
"1",0.357252193877317,28.7284332028951
"2",0.328803215058402,28.2779744621927
"3",0.334623743878265,28.3924526721773
"4",0.307187209564534,28.0566321611444
"5",0.285052161568963,27.7209761692161
"6",0.242303967259647,27.0391605631085
"7",0.311310175722366,27.9601641668778
"8",0.331187699789931,28.2607004583112
"9",0,25.5948322845011
