"","obs","bmi"
"1",0.361089957688059,28.7012981533819
"2",0.330631241562392,28.2377241380921
"3",0.354624542847504,28.4257705273864
"4",0.345564243942252,28.1504938027899
"5",0.340540756126736,27.8754789788834
"6",0.239171113708167,27.0554172813915
"7",0.312047751027549,27.9530566913033
"8",0.339446171852386,28.3856592436171
"9",0,25.6430197446806
