"","obs","bmi"
"1",0.357912597883964,28.6756586207948
"2",0.325965070976502,28.2145504554315
"3",0.346790866287549,28.4139403664613
"4",0.337718835168705,28.1525529502356
"5",0.330235735097796,27.8915158281325
"6",0.241197316611602,27.0301266322819
"7",0.306403547336698,27.8614150683594
"8",0.330205150178776,28.1970068865953
"9",0,25.6024617492628
