"","obs","bmi"
"1",0.365114280883512,28.7478069391434
"2",0.336286702152839,28.2892548417876
"3",0.349560137012578,28.4799193640125
"4",0.333439626625551,28.212163411296
"5",0.314633380121729,27.9445423790882
"6",0.242933563697978,27.0625817944337
"7",0.311665968021939,27.9201902180722
"8",0.331982347563895,28.2426126904637
"9",0,25.60694594095
