"","obs","bmi"
"1",0.356001183648189,28.6645332874701
"2",0.325886514631842,28.1994108744308
"3",0.332995753476948,28.3354761361806
"4",0.307949202810649,28.0067838471236
"5",0.282296035157025,27.6784776046949
"6",0.249456538367537,27.0627742627266
"7",0.310405404916526,27.946974843223
"8",0.325660565990753,28.1741187270682
"9",0,25.6207664054722
