"","obs","bmi"
"1",0.362967399857982,28.7473596606328
"2",0.33337383891697,28.291750923162
"3",0.338629458343562,28.3838325269116
"4",0.310756120575358,28.0204742817002
"5",0.283832482287689,27.6572903685295
"6",0.243962460604899,27.0751817421501
"7",0.307375290433836,27.8803682023896
"8",0.334296043402721,28.3420684562676
"9",0,25.5904764117035
