"","obs","bmi"
"1",0.359632829988934,28.6798551112825
"2",0.330095493995279,28.2262619016183
"3",0.35388339323848,28.4799868756822
"4",0.347299268431322,28.2802035733996
"5",0.341040391358848,28.0805075579934
"6",0.250951684590681,27.146943052665
"7",0.302864325927407,27.8610387906252
"8",0.335772690013587,28.2801341441143
"9",0,25.6235592925212
