"","obs","bmi"
"1",0.359423700493276,28.7246563657755
"2",0.328556569794105,28.2680749129055
"3",0.332577259618058,28.4089490321786
"4",0.302248133670343,28.0933469818649
"5",0.271589497586854,27.7778508716766
"6",0.245599033354123,27.0939869059944
"7",0.312886290559805,27.9719647158659
"8",0.335650274546979,28.289455040167
"9",0,25.598913309732
