"","obs","bmi"
"1",0.355540652081188,28.6271005884479
"2",0.324034298382198,28.1717634686696
"3",0.350323883385335,28.3642933264309
"4",0.343545136551778,28.1019977263371
"5",0.33687369364297,27.8402534589251
"6",0.238720474217719,27.0394341093571
"7",0.301139965567873,27.8559437155717
"8",0.327654005886874,28.223634846014
"9",0,25.5820875304125
