"","obs","bmi"
"1",0.357587660448042,28.6493144351756
"2",0.327757040464327,28.1888860837227
"3",0.340610086260417,28.2844875261448
"4",0.322013669132083,27.9199408193577
"5",0.302737876186443,27.5556880464913
"6",0.245747778346199,27.0818140333849
"7",0.312414620981268,27.9107956425084
"8",0.337831891174728,28.3456890174281
"9",0,25.5705289908228
