"","obs","bmi"
"1",0.362052202147352,28.7791391493316
"2",0.332690034625756,28.3078885100123
"3",0.347460545311785,28.5204393018716
"4",0.330992035570531,28.2618712808103
"5",0.313454497802803,28.0034393390278
"6",0.24764326196177,27.0959177863515
"7",0.307208246359401,27.8993231076745
"8",0.33519812504708,28.2555893911995
"9",0,25.6289427757461
