"","obs","bmi"
"1",0.360165051400518,28.6835637641963
"2",0.32983459853247,28.2295842109267
"3",0.339740472223768,28.3500477216226
"4",0.320653469411638,28.0168567016131
"5",0.300360234556594,27.684009180422
"6",0.241097421152632,27.0340589130298
"7",0.314290258027766,27.9138376660509
"8",0.334948375635061,28.2889062999651
"9",0,25.5798032256535
