"","obs","bmi"
"1",0.36337790008213,28.746974474697
"2",0.333236751531204,28.2900074913413
"3",0.336596303888513,28.3630221062947
"4",0.308636218879759,27.9794744830972
"5",0.284784785477781,27.5963545153017
"6",0.240353085462626,27.0305604340115
"7",0.311964364840558,27.9324715015244
"8",0.33706273994284,28.3186431137582
"9",0,25.6348018847686
