"","obs","bmi"
"1",0.363230685505771,28.7068907436042
"2",0.330758701080991,28.245596754613
"3",0.345729149539255,28.411897486301
"4",0.324457102706947,28.1170878626959
"5",0.301995540412068,27.8224674162516
"6",0.248727362816265,27.1222143448604
"7",0.305012262092635,27.8797206707391
"8",0.337850821842327,28.3503891147299
"9",0,25.5648427558254
