"","obs","bmi"
"1",0.360404346401653,28.7425582628965
"2",0.328134308162502,28.2813902969365
"3",0.333348898044746,28.3731736462852
"4",0.3068504474577,28.0041358202901
"5",0.282733690550778,27.6354648521442
"6",0.245874833136974,27.0583743932584
"7",0.30542789483579,27.9078264159774
"8",0.329522907800963,28.2263924222757
"9",0,25.6502778593655
