"","obs","bmi"
"1",0.368491056357017,28.8584944122344
"2",0.339221149624207,28.3982274704906
"3",0.356232369451818,28.598472699063
"4",0.346448414029848,28.3385611264634
"5",0.33164923498878,28.0787630105732
"6",0.242906339991363,27.0735794088345
"7",0.301940112750408,27.8498196103639
"8",0.335018420567614,28.2702504318908
"9",0,25.6149339126874
