"","obs","bmi"
"1",0.35967098956947,28.6750527987592
"2",0.329252402337973,28.2257144010302
"3",0.345699393678768,28.3893596647638
"4",0.332487371611432,28.1039773910692
"5",0.31845450659121,27.8189228040528
"6",0.245526218162456,27.0893480493179
"7",0.306343784291182,27.8976161337796
"8",0.333480122687476,28.2566602320674
"9",0,25.5967014206961
