"","obs","bmi"
"1",0.356683787521004,28.6776610887125
"2",0.330210572570846,28.2228971577436
"3",0.334560011181657,28.3877566437829
"4",0.306199385935618,28.0979188518799
"5",0.277973104158476,27.8081471388017
"6",0.242778462584385,27.0797869934571
"7",0.309534466700645,27.9113428157075
"8",0.335491059012465,28.2792480628934
"9",0,25.5994587019918
