"","obs","bmi"
"1",0.35742606487878,28.6581396462115
"2",0.329216040326099,28.2060155940517
"3",0.337190699350808,28.3400277972477
"4",0.312074459564368,28.0220578289842
"5",0.291089369732521,27.7042340437705
"6",0.239355533970606,27.0096035660765
"7",0.307890741780706,27.8896917597843
"8",0.3314462403678,28.2450139325416
"9",0,25.5687787293295
