"","obs","bmi"
"1",0.361092497693206,28.6750373226038
"2",0.33179530060287,28.2182763325996
"3",0.34237861153773,28.3243821943252
"4",0.32322461048614,27.9739764510774
"5",0.30012057374248,27.6238305830476
"6",0.242135731288523,27.0523962782063
"7",0.309514809428476,27.9199073899481
"8",0.328465827677448,28.2239383818599
"9",0,25.5722419329608
