"","obs","bmi"
"1",0.354680685305616,28.6751973508637
"2",0.324505691009212,28.2135276991381
"3",0.33581427442988,28.3510427495056
"4",0.320688338642135,28.0271549844195
"5",0.299102448561589,27.7035473798539
"6",0.239666468037651,27.0220150363825
"7",0.307430752810156,27.8823879288213
"8",0.334154156873381,28.2883843270807
"9",0,25.5601918383971
