"","obs","bmi"
"1",0.358743435080474,28.6858944087324
"2",0.328124149952822,28.2297419469581
"3",0.337319020496616,28.423966130382
"4",0.319343802196145,28.1621322757375
"5",0.297017635325844,27.9003952120886
"6",0.249280777263306,27.1314279832371
"7",0.307786462188119,27.8783156018655
"8",0.330800987126015,28.2457482881737
"9",0,25.5463631370341
