"","obs","bmi"
"1",0.357202119030526,28.6699883491803
"2",0.327691426941574,28.2150466333931
"3",0.329403052018818,28.2453444243157
"4",0.303921858649385,27.8209768027292
"5",0.274659473037142,27.3968978267757
"6",0.241666297809394,27.098976552118
"7",0.304406966046744,27.8948181470307
"8",0.334298957771858,28.2766461815598
"9",0,25.5583526512763
