"","obs","bmi"
"1",0.355745034441716,28.6247250628573
"2",0.325561096833274,28.1683002766325
"3",0.334934914604529,28.3343449301756
"4",0.317048047790686,28.0440659620251
"5",0.2925052291116,27.7538902704547
"6",0.24861983536261,27.1694733268723
"7",0.30070009261519,27.8270380682055
"8",0.335412170322334,28.2498907649575
"9",0,25.5924904072795
