"","obs","bmi"
"1",0.360623236772494,28.7109710392271
"2",0.33044558252153,28.2574383555594
"3",0.336847116727232,28.3551910087589
"4",0.310073882086956,27.9996380942982
"5",0.278895297677329,27.6443205758697
"6",0.242438030541627,27.0522534711842
"7",0.302464582025196,27.8745400763154
"8",0.334119122761609,28.3374956404008
"9",0,25.5831004526512
