"","obs","bmi"
"1",0.358684274784271,28.6912055894175
"2",0.328002101566811,28.2351061774696
"3",0.346576116114961,28.4593192253877
"4",0.334568702096806,28.2276056476179
"5",0.322808697679799,27.9960717745817
"6",0.243043433885493,27.0318649725139
"7",0.306316221995602,27.8667099817569
"8",0.330686105667358,28.283719854037
"9",0,25.6426341652743
