"","obs","bmi"
"1",0.360021353333976,28.6920437256807
"2",0.331693714281789,28.233265929766
"3",0.332082317593054,28.3577532524949
"4",0.299157435033684,28.0235726228771
"5",0.266585163279807,27.6895022389622
"6",0.252468043008297,27.1372311090454
"7",0.312403936727816,27.9354335698336
"8",0.334430932059625,28.2464292264545
"9",0,25.5901381450291
