"","obs","bmi"
"1",0.361924505534099,28.7332136656162
"2",0.332529791230555,28.2687323964048
"3",0.348435561792779,28.4516468783383
"4",0.330971734381567,28.1702393480549
"5",0.314308336913796,27.8889966703197
"6",0.247975019249844,27.1225002160349
"7",0.303888830473212,27.924284071352
"8",0.334362348220707,28.2962888584808
"9",0,25.5849124710204
