"","obs","bmi"
"1",0.361520011534257,28.7033835899525
"2",0.333205222070265,28.2387700088796
"3",0.343267429232606,28.3989415259944
"4",0.321496285843106,28.0946541832854
"5",0.29870557169661,27.790525882981
"6",0.244183464952549,27.0430229290683
"7",0.313068042860041,27.9182964244672
"8",0.331239800565599,28.2379885779423
"9",0,25.5949276460895
