"","obs","bmi"
"1",0.368050493777298,28.7528663065013
"2",0.33565142699039,28.296536742961
"3",0.345495278077743,28.4339053238289
"4",0.317465191839706,28.1151084497804
"5",0.295061867050856,27.7964818520999
"6",0.238743496057388,26.9897104474063
"7",0.311399650431267,27.9102363105626
"8",0.338713557904185,28.2888484261649
"9",0,25.6219871176975
