"","obs","bmi"
"1",0.360842813119002,28.7256398479677
"2",0.333086420534701,28.272395776747
"3",0.340601605498544,28.3982858673643
"4",0.317729523438324,28.0711152994237
"5",0.293492192391468,27.7441347269797
"6",0.24191954164397,27.0169440784111
"7",0.309699427310042,27.8856440732527
"8",0.334398266502646,28.2988856924066
"9",0,25.5818689648242
