"","obs","bmi"
"1",0.367872510771783,28.7961382572872
"2",0.338947400869013,28.3375883777656
"3",0.344059399462334,28.5077299994165
"4",0.319290297690729,28.2193775101648
"5",0.29348988653304,27.9310809186455
"6",0.245162359851762,27.0744978453228
"7",0.305913880903012,27.8823390287475
"8",0.335489185964659,28.3016353929318
"9",0,25.6331149402216
