"","obs","bmi"
"1",0.364205475396204,28.7274562241234
"2",0.331699831350156,28.270219989267
"3",0.327836149985025,28.3920296614568
"4",0.287233430931998,28.0566936263866
"5",0.25433832896568,27.7214454577238
"6",0.24380882389431,27.0497269798539
"7",0.308116698660496,27.8893657473295
"8",0.334839411252449,28.2970587287421
"9",0,25.5946462903663
