"","obs","bmi"
"1",0.360370051598868,28.7529211725959
"2",0.331180980738824,28.2853517848857
"3",0.345772381180893,28.460106448184
"4",0.332972668472627,28.167695267711
"5",0.321937272505364,27.8757165680298
"6",0.238992668956438,27.0394467969456
"7",0.313654647939345,27.9857807195142
"8",0.335435483712775,28.3188932145478
"9",0,25.6902094844394
