"","obs","bmi"
"1",0.357415304182843,28.7119569348698
"2",0.325437251267583,28.2464704275583
"3",0.345933303151907,28.3909904366541
"4",0.334620771781025,28.0702871029514
"5",0.323244116535944,27.7498586719036
"6",0.239227805204952,27.0524134246779
"7",0.312247762171545,27.9250658170386
"8",0.331502528765859,28.2878689100081
"9",0,25.614964503675
