"","obs","bmi"
"1",0.359759412708994,28.7219364509078
"2",0.329486840693093,28.2646251386347
"3",0.35032934937857,28.4673931805425
"4",0.340631711400162,28.2130801403362
"5",0.329898404695841,27.959007232682
"6",0.24084907815126,27.0468972387898
"7",0.305210830539993,27.885990467144
"8",0.336107066686561,28.2991351828035
"9",0,25.6025424029337
