"","obs","bmi"
"1",0.359895983102006,28.7570237947286
"2",0.332332413265911,28.296726421514
"3",0.34762842290247,28.5448637341075
"4",0.332020411690755,28.332782690566
"5",0.317450666714026,28.1207821057379
"6",0.254637557668744,27.1836344967813
"7",0.307674000580787,27.8910366085282
"8",0.339197656282095,28.3036443797902
"9",0,25.5936773087895
