"","obs","bmi"
"1",0.357463947260923,28.6822243177458
"2",0.330742109477046,28.2356990266765
"3",0.34106922154251,28.4717070103251
"4",0.322912255539965,28.2612410070653
"5",0.304877032418836,28.0508266077422
"6",0.247618228366974,27.1006664252165
"7",0.309999072760432,27.9135127372031
"8",0.339317256997402,28.2972332249144
"9",0,25.6276541655548
