"","obs","bmi"
"1",0.361523734671737,28.7016848556613
"2",0.331846861663185,28.246036813216
"3",0.351138783497266,28.4414336102304
"4",0.341654404872271,28.1815371036105
"5",0.328827687854125,27.922017248721
"6",0.244533706503614,27.0994091662998
"7",0.298857358191262,27.8406629530087
"8",0.333147229885284,28.2886014057553
"9",0,25.5621872506902
