"","obs","bmi"
"1",0.363390120893535,28.7589000467861
"2",0.333731453082943,28.2985493814239
"3",0.344359845158731,28.4404560709986
"4",0.322106825362676,28.122175603546
"5",0.302887450037963,27.8040642549319
"6",0.242584362249843,27.0472281942569
"7",0.314906494879507,27.9791552919916
"8",0.335479374904093,28.2755875705631
"9",0,25.6569815162319
