"","obs","bmi"
"1",0.356895023926981,28.6460292906963
"2",0.328332860980293,28.1858738148498
"3",0.329993765399952,28.2884162295665
"4",0.301172694535651,27.9309710053933
"5",0.270569024000467,27.5736970564528
"6",0.24990593711806,27.1255829845114
"7",0.310900450931415,27.9318647085975
"8",0.33320986366106,28.2788282425885
"9",0,25.5748082643412
