"","obs","bmi"
"1",0.359273732812964,28.7320262930259
"2",0.329830793122397,28.2741552958556
"3",0.339065944075428,28.4051442252826
"4",0.316862731998543,28.0785533288927
"5",0.294097827996514,27.7522699467936
"6",0.244018707124955,27.0537971831502
"7",0.309609594096262,27.9067968585274
"8",0.339731346893359,28.3159403942714
"9",0,25.6276086073543
