"","obs","bmi"
"1",0.362170733333297,28.7239657220584
"2",0.333341993501095,28.271171287097
"3",0.344200426455331,28.4731704709714
"4",0.327949318802283,28.2224992792737
"5",0.305954549530202,27.9719559583995
"6",0.239329825064286,27.0330057361919
"7",0.312145355486364,27.9699988432856
"8",0.330893017306212,28.2786080587937
"9",0,25.5574612138133
