"","obs","bmi"
"1",0.358743435080474,28.6858944087324
"2",0.328845550227622,28.2318897742027
"3",0.349444371482071,28.3996672147567
"4",0.339562865386171,28.1137022388626
"5",0.330007157149495,27.8280119939817
"6",0.249280777263306,27.1314279832371
"7",0.307786462188119,27.8783156018655
"8",0.330800987126015,28.2457482881737
"9",0,25.5463631370341
