"","obs","bmi"
"1",0.359129144407796,28.6880476809988
"2",0.32873781454432,28.2303392922893
"3",0.339608004751316,28.4149743839885
"4",0.318772485935765,28.1419764146479
"5",0.300446743656965,27.8690557207685
"6",0.245464776462904,27.0608172909794
"7",0.30057550580247,27.8316114090739
"8",0.337221371968109,28.3071356872066
"9",0,25.5893071398323
