"","obs","bmi"
"1",0.356507820208202,28.6893586788681
"2",0.328152686694688,28.246045170799
"3",0.331393500591018,28.3225412764686
"4",0.301608662274766,27.9560248351828
"5",0.276709424222214,27.5898228941658
"6",0.243756676654237,27.0434046666663
"7",0.304568163097299,27.9070548148387
"8",0.337062504686474,28.3247922941556
"9",0,25.6152043627647
