"","obs","bmi"
"1",0.349196723977803,28.6176168888226
"2",0.321592315204195,28.1689612468388
"3",0.334043497166283,28.2577016636127
"4",0.313941712631907,27.8982595344017
"5",0.296222904259379,27.539320965689
"6",0.247793271597568,27.1080829084353
"7",0.30741459985736,27.8948520265426
"8",0.329987171623849,28.2280107543625
"9",0,25.5976300227104
