"","obs","bmi"
"1",0.365862684478308,28.747413050984
"2",0.336144893900967,28.2962797908574
"3",0.342849037301321,28.5083634823508
"4",0.316972740876324,28.2693660805149
"5",0.292467262027412,28.0304198376327
"6",0.239636712546776,27.0240026738652
"7",0.305208296125961,27.8667804068776
"8",0.328747553225475,28.2388977941542
"9",0,25.5602779621232
