"","obs","bmi"
"1",0.362918299605017,28.7446534098381
"2",0.332213679090114,28.2892337674695
"3",0.346412231930308,28.4515215158412
"4",0.32982566473383,28.1586568536098
"5",0.312388627929997,27.8660731729692
"6",0.242476652924132,27.0274336974929
"7",0.311410275310734,27.9534012246529
"8",0.332280516760311,28.2361271508684
"9",0,25.6171775616955
