"","obs","bmi"
"1",0.361455930046027,28.7450538798239
"2",0.330328620825952,28.2886985071944
"3",0.338257308786515,28.4255019069508
"4",0.313992207750562,28.1060988898455
"5",0.292224928667943,27.7868486114143
"6",0.250394553476113,27.1284255620462
"7",0.311072336399691,27.9513493335437
"8",0.338160931743427,28.3007737724725
"9",0,25.6865044380382
