"","obs","bmi"
"1",0.364435269769978,28.7125378130219
"2",0.334671526593233,28.24684331926
"3",0.349166799342557,28.3798649014785
"4",0.329277225677212,28.0475528575047
"5",0.312135916732481,27.715622464462
"6",0.244241654041702,27.0240516303698
"7",0.309947531939616,27.8815916869937
"8",0.331021209270119,28.2465437116131
"9",0,25.5580162304017
