"","obs","bmi"
"1",0.357401949032659,28.7075911018125
"2",0.328151664142051,28.2501684518943
"3",0.346624248477061,28.4251471787826
"4",0.334458307570547,28.1428859941344
"5",0.3238415119519,27.8608144053305
"6",0.250116232859381,27.1012918973733
"7",0.312014762430743,27.9665812892865
"8",0.33832273434389,28.3164736779602
"9",0,25.6052315011773
