"","obs","bmi"
"1",0.362634614113852,28.7204494116549
"2",0.330694647666279,28.2620507662234
"3",0.355398183802485,28.4909357332227
"4",0.344964591144228,28.2617776928616
"5",0.337676942344867,28.0329965674699
"6",0.246460956991948,27.0914653362537
"7",0.303702925842298,27.8632549052753
"8",0.339761480420783,28.3153561434056
"9",0,25.6370339487846
