"","obs","bmi"
"1",0.363279488894608,28.7102488252067
"2",0.330092396506204,28.2508702369926
"3",0.341680213749278,28.3900290795559
"4",0.316896363747942,28.0701266663402
"5",0.295245269988266,27.7505603462832
"6",0.240916503780223,27.0167508636213
"7",0.31011959700441,27.9175398568298
"8",0.340523624991761,28.3302692547394
"9",0,25.5726483877898
