"","obs","bmi"
"1",0.358218939062342,28.6851579464342
"2",0.328510268325524,28.230197929743
"3",0.340987888052558,28.437032895371
"4",0.323107774654817,28.1890230112295
"5",0.30348593952566,27.9411319032612
"6",0.243368059525067,27.0062018892429
"7",0.302774106923506,27.8198022451306
"8",0.335924127961621,28.2829601909982
"9",0,25.5349681428697
