"","obs","bmi"
"1",0.353893484335539,28.6115846824363
"2",0.324381877113426,28.1486080506132
"3",0.333323540566798,28.2284786157318
"4",0.311929792612606,27.8458565421357
"5",0.288083413423304,27.4637519865198
"6",0.246262340300998,27.0358148861751
"7",0.309949509692745,27.9717095190774
"8",0.325118986163571,28.200375273196
"9",0,25.564360214989
