"","obs","bmi"
"1",0.362721941176586,28.7335023534384
"2",0.332630110270737,28.2738558392984
"3",0.347821475580592,28.396342959586
"4",0.330811812486338,28.0594767676054
"5",0.311270995938935,27.7229198456196
"6",0.241941424745294,27.0415798255503
"7",0.314483598521163,27.9645105884921
"8",0.336925639841123,28.3221597009381
"9",0,25.6237930635299
