"","obs","bmi"
"1",0.366612627088154,28.7441872389181
"2",0.336389888624486,28.286444418537
"3",0.350306638419027,28.5159597271989
"4",0.330687444409728,28.287797716989
"5",0.308858103563861,28.0597028895707
"6",0.24219336382574,27.0524322608278
"7",0.309220023779163,27.9393835030076
"8",0.335151835317941,28.2507181628148
"9",0,25.6116167956128
