"","obs","bmi"
"1",0.362752397958515,28.7303658905985
"2",0.332476877477856,28.2774595724635
"3",0.332408710519997,28.3234218337024
"4",0.299471474458257,27.9167609130572
"5",0.265977806575405,27.5103954562643
"6",0.243452659527837,27.043235071447
"7",0.308464151584294,27.9017996201208
"8",0.332566184095233,28.2357983268144
"9",0,25.6119631391204
