"","obs","bmi"
"1",0.358109613613366,28.7013405945781
"2",0.328144721081648,28.2491696422675
"3",0.341330795283859,28.4609344266208
"4",0.319415631950551,28.2206783302899
"5",0.301905410522261,27.9805773652092
"6",0.240904375956917,27.0153998309118
"7",0.310131219724791,27.9078881719314
"8",0.334271085887146,28.2805914650831
"9",0,25.5988872794052
