"","obs","bmi"
"1",0.361172829775801,28.678671345885
"2",0.330553910140818,28.2224354924749
"3",0.333264279992064,28.2575493926111
"4",0.30263669457404,27.8367600829605
"5",0.275576549221968,27.4163205882671
"6",0.244391862454007,27.0823367774887
"7",0.312977477544706,27.9207985020256
"8",0.336927189038272,28.2571225288444
"9",0,25.5674878019522
