"","obs","bmi"
"1",0.359338115486051,28.7120906325847
"2",0.329833682473969,28.2489389308822
"3",0.344888666242844,28.4446907037735
"4",0.330420289978952,28.1774743732148
"5",0.316025137155773,27.9104555624765
"6",0.241277105928737,27.0261716789808
"7",0.31225445701004,27.9865631707401
"8",0.332399224395817,28.2569011205217
"9",0,25.5894784030165
