"","obs","bmi"
"1",0.352448963037114,28.6508160997007
"2",0.322386336597622,28.1922723343503
"3",0.334512924276871,28.3118885282543
"4",0.318436647451739,27.973373710543
"5",0.300739025496367,27.6352989606935
"6",0.243497343790138,27.0381330401539
"7",0.311121509877365,27.9147374523408
"8",0.33464288455333,28.2686058711218
"9",0,25.6183797036098
