"","obs","bmi"
"1",0.364816727084719,28.7683466723999
"2",0.333972180083969,28.3070064192116
"3",0.340084785676923,28.4558013455569
"4",0.313577265899863,28.1433383486647
"5",0.28589440953532,27.8309589654314
"6",0.249944453820768,27.0867762457838
"7",0.309735118229602,27.8982583619266
"8",0.332534154902969,28.2388058937033
"9",0,25.6063830345239
