"","obs","bmi"
"1",0.359763900374236,28.6966587405197
"2",0.328988294105867,28.2456266669888
"3",0.333241520731014,28.3246055703064
"4",0.304393278477007,27.9526978596636
"5",0.281687930450106,27.5809412053246
"6",0.250518043131969,27.1132498692116
"7",0.301824681943493,27.8416566923728
"8",0.334025168668708,28.3513819546878
"9",0,25.5936794729213
