"","obs","bmi"
"1",0.359392495266818,28.6919973113473
"2",0.329227498896387,28.235694181495
"3",0.336611382912348,28.3726443322608
"4",0.317465070382821,28.0535156457994
"5",0.292771551452302,27.7346207039884
"6",0.250272623696969,27.1273101788457
"7",0.307608788666799,27.8987453225442
"8",0.333923866643052,28.2903414531729
"9",0,25.5823376188672
