"","obs","bmi"
"1",0.362535648509288,28.7564496437456
"2",0.333729615799238,28.3001386686434
"3",0.336205388153651,28.3238019567404
"4",0.303918542208887,27.8914512451245
"5",0.275206374910541,27.459410132729
"6",0.244720446021505,27.1055138633833
"7",0.310501103751049,27.9336424170015
"8",0.332522349960066,28.2601068257396
"9",0,25.6151886635535
