"","obs","bmi"
"1",0.358635120033138,28.7082566897524
"2",0.331578324319353,28.2513522156431
"3",0.343367634523316,28.4236144974556
"4",0.326450958736774,28.13915321391
"5",0.310199691345233,27.8548796501338
"6",0.246796744779799,27.1072988411846
"7",0.309954671448431,27.9172411704528
"8",0.338513343601516,28.3444143500919
"9",0,25.5454840181487
