"","obs","bmi"
"1",0.362438166989675,28.7583595765725
"2",0.336794209398128,28.3079785068371
"3",0.334506626244005,28.3850320096757
"4",0.303353357591217,28.0118501064648
"5",0.268699317221866,27.6388164983188
"6",0.245526490610878,27.048067531619
"7",0.311625503132559,27.8949962352919
"8",0.330552809130683,28.2138026958779
"9",0,25.5820762715349
