"","obs","bmi"
"1",0.367675863743347,28.7361115903848
"2",0.336114130880269,28.2793222166982
"3",0.339876934764896,28.4381214997302
"4",0.310154719426745,28.1401807074658
"5",0.281661880462089,27.8422878832097
"6",0.251384580865493,27.136700916157
"7",0.305635424618488,27.918736694626
"8",0.331690437523724,28.2992619860443
"9",0,25.5858034019038
