"","obs","bmi"
"1",0.358279523803822,28.6826180974765
"2",0.327924837282047,28.2111078505034
"3",0.340365939741071,28.4555872889431
"4",0.321876920712615,28.2285966471515
"5",0.299839154460218,28.0016464569777
"6",0.2473647878725,27.0801855676487
"7",0.299585119874759,27.8378353992229
"8",0.326738733702426,28.2430787825095
"9",0,25.5859778695808
