"","obs","bmi"
"1",0.354887042004528,28.6349058271607
"2",0.328616522124161,28.1735359607363
"3",0.335392498971793,28.3767775963022
"4",0.311752213119243,28.118745552824
"5",0.288147644334317,27.8608114680946
"6",0.24561986998913,27.0508063101004
"7",0.312516607753411,27.9694178826129
"8",0.336466631109802,28.3328467424931
"9",0,25.5796930912811
