"","obs","bmi"
"1",0.352893678927933,28.5788103543624
"2",0.322458296397533,28.1199621024087
"3",0.328903338866152,28.2950353773527
"4",0.306955919417007,28.0113361299058
"5",0.281842032404916,27.7277129070886
"6",0.242173330704505,27.0488939152016
"7",0.303890396837934,27.8382292405463
"8",0.335089148018354,28.2869275772993
"9",0,25.5143358724083
