"","obs","bmi"
"1",0.359593974779738,28.7421553112443
"2",0.330481558599993,28.2891113195443
"3",0.342089459543559,28.4561711620471
"4",0.324981671889132,28.1703218175205
"5",0.308542211771885,27.8846128174729
"6",0.244546156960048,27.1040980963585
"7",0.308480020384066,27.9125291644294
"8",0.333850698264585,28.2778311900463
"9",0,25.6331613303329
