"","obs","bmi"
"1",0.359360544207182,28.6949766883723
"2",0.331020723248011,28.2299088403092
"3",0.337044044362562,28.406439096483
"4",0.313065240155465,28.1180157409379
"5",0.28529738044386,27.8297095025338
"6",0.243395813936616,27.009922367091
"7",0.307143010984752,27.9073094295052
"8",0.336038630092273,28.302039938362
"9",0,25.6094175568625
