"","obs","bmi"
"1",0.359249321568737,28.6971104806588
"2",0.329087580552479,28.239210961931
"3",0.339064580447326,28.327332439751
"4",0.317795366726291,27.9578300102955
"5",0.294616197777257,27.5886160182397
"6",0.247125319979628,27.1120109281991
"7",0.311021029323773,27.9216477644768
"8",0.332947831787682,28.267228112878
"9",0,25.6256104480149
