"","obs","bmi"
"1",0.35989295578429,28.7095903490688
"2",0.330454451902946,28.2560580112766
"3",0.348606286138485,28.4866714165305
"4",0.336138690624233,28.2638327538501
"5",0.324953869570335,28.0410758605657
"6",0.245344724742923,27.0811462192013
"7",0.31024472157782,27.9720583395054
"8",0.337234749121361,28.2959683156619
"9",0,25.6134135691005
