"","obs","bmi"
"1",0.364252489838846,28.7616116728381
"2",0.334078546134636,28.3017239833115
"3",0.344355314530861,28.561730199227
"4",0.321453931800754,28.3618790527534
"5",0.302981427075517,28.1620571413672
"6",0.244290396091509,27.0699953088626
"7",0.310263493911223,27.9228741793763
"8",0.328059218210535,28.2472667909902
"9",0,25.6082202282857
