"","obs","bmi"
"1",0.358257597171128,28.6830607004962
"2",0.328661868232879,28.2302469738709
"3",0.336712353052779,28.3609787491786
"4",0.314815772489366,28.0390000428698
"5",0.29204972888864,27.7171267487267
"6",0.249271979590037,27.1526048964157
"7",0.308485118756608,27.8918900055275
"8",0.334521261505877,28.2875960152502
"9",0,25.5850629450788
