"","obs","bmi"
"1",0.362016793859036,28.7231532136289
"2",0.331377741546921,28.2641182815973
"3",0.345260234324827,28.4113401977188
"4",0.328617260591698,28.1000545079158
"5",0.312144555628719,27.7893370314354
"6",0.240192901590624,27.042856328266
"7",0.308051819353309,27.8945211543052
"8",0.329778845114727,28.2496599936709
"9",0,25.6184506977208
