"","obs","bmi"
"1",0.356239566251383,28.6426226931472
"2",0.324694567759378,28.1751122159227
"3",0.339105070942813,28.3435023635158
"4",0.321260142829666,28.0445203296045
"5",0.306385923613358,27.7456818399457
"6",0.244903009395423,27.0708972753474
"7",0.312960936615804,27.9374643441535
"8",0.324299488021436,28.2205738835464
"9",0,25.5319693955095
