"","obs","bmi"
"1",0.362149476578451,28.7059536880529
"2",0.33287578334643,28.2507733315949
"3",0.342466876461261,28.3652448183842
"4",0.320097712980113,28.0247022702122
"5",0.302419425931902,27.684330908042
"6",0.250063111912444,27.149159830094
"7",0.305453417753252,27.8566350464447
"8",0.337807806629538,28.2717957543201
"9",0,25.5879913417775
