"","obs","bmi"
"1",0.359186049905654,28.6896860198051
"2",0.329292741864129,28.2252956856946
"3",0.330177380358678,28.283515699079
"4",0.296406457248817,27.8776078657479
"5",0.266112429223666,27.4719728414772
"6",0.24588861317341,27.0914670427964
"7",0.304699973648556,27.9018264929823
"8",0.333778369923125,28.2981332622335
"9",0,25.609565932457
