"","obs","bmi"
"1",0.364089209722805,28.7436447100163
"2",0.337019007627744,28.2791636838486
"3",0.341908509882689,28.3357229217643
"4",0.316656154793285,27.9280433031699
"5",0.291346884199722,27.5206164530481
"6",0.245948409098258,27.1281239828235
"7",0.310568619819587,27.9304882689367
"8",0.332131594840479,28.2671132916894
"9",0,25.5802735049047
