"","obs","bmi"
"1",0.359280370327518,28.7215824480803
"2",0.329885098405743,28.2677087130369
"3",0.332732220676357,28.2947155915299
"4",0.300757595624109,27.8681256816771
"5",0.273137059771952,27.4418237812963
"6",0.247811876708142,27.0937748452647
"7",0.3093328182646,27.9136627504961
"8",0.336861541710016,28.2937297324961
"9",0,25.6199562000045
