"","obs","bmi"
"1",0.368695522312554,28.7805495518299
"2",0.338664114073657,28.3315002355906
"3",0.336342711574443,28.4029814608638
"4",0.303812130427266,28.0255256827311
"5",0.273665663899453,27.6481807662802
"6",0.239667040336252,27.0391763400683
"7",0.30815081631349,27.8862541525609
"8",0.334466326216717,28.2997534520678
"9",0,25.5776541959194
