"","obs","bmi"
"1",0.3500700353288,28.6277399231509
"2",0.323400014022322,28.1677121820694
"3",0.334762634391259,28.3216059571676
"4",0.318260688231232,28.0157093703665
"5",0.300302959647164,27.7100610507435
"6",0.241737431348652,27.0525787132555
"7",0.313782783008616,27.9292718028013
"8",0.336404577128972,28.3062687135896
"9",0,25.5954792550999
