"","obs","bmi"
"1",0.359060125080944,28.7448030674294
"2",0.329402842329924,28.2828948074028
"3",0.330128545084746,28.2873407215036
"4",0.295072868071806,27.8301921274809
"5",0.265495484030577,27.3733717740491
"6",0.243194648714437,27.0730744468314
"7",0.311685695153709,27.9673678504559
"8",0.332053217707336,28.2720455714276
"9",0,25.6303576718743
