"","obs","bmi"
"1",0.364221181567282,28.7549929319648
"2",0.335104081782795,28.2970683379782
"3",0.341577370138872,28.4198536498539
"4",0.318008977304188,28.0848856004323
"5",0.295104246832764,27.7500944076622
"6",0.247348686850787,27.0667544095353
"7",0.315517824274422,27.9608979948281
"8",0.333732444511673,28.3020789811628
"9",0,25.5848740398263
