"","obs","bmi"
"1",0.361430739976313,28.7074630590136
"2",0.32992195674771,28.2510810083972
"3",0.331052467874482,28.3753903587824
"4",0.298142225158399,28.0434073012831
"5",0.266716839641104,27.7115129533479
"6",0.241738040186129,27.1059211821121
"7",0.307387744342818,27.87641930009
"8",0.331303331715435,28.2483018716088
"9",0,25.5973233556476
