"","obs","bmi"
"1",0.365579107806348,28.7806276010258
"2",0.336208977451073,28.3234829917393
"3",0.340559314062051,28.4668380311776
"4",0.30991037987079,28.1531336153906
"5",0.284798551924689,27.8395148650823
"6",0.244279405810506,27.0360066768127
"7",0.308924843006247,27.8927205385241
"8",0.337475138859828,28.3201079971822
"9",0,25.6359034218701
