"","obs","bmi"
"1",0.35690376958298,28.710209933688
"2",0.329500716317848,28.2495529187682
"3",0.330245266163853,28.347053204998
"4",0.297282651509416,27.9840502226349
"5",0.267376133541618,27.6212042942207
"6",0.239768152092911,27.0461981881827
"7",0.306912406159962,27.8902831327735
"8",0.338329257432594,28.3399671845731
"9",0,25.6021692237576
