"","obs","bmi"
"1",0.356507820208202,28.6893586788681
"2",0.327929787045573,28.2405027666582
"3",0.335558340935036,28.3598806840992
"4",0.312328762178669,28.0306196085793
"5",0.290400869876124,27.7015841851622
"6",0.243756676654237,27.0434046666663
"7",0.304568163097299,27.9070548148387
"8",0.337062504686474,28.3247922941556
"9",0,25.6152043627647
