"","obs","bmi"
"1",0.362922542675781,28.7170660879085
"2",0.333337477525376,28.2653700686322
"3",0.337662108132473,28.3745819912289
"4",0.304341516967895,28.0323237028008
"5",0.276813108509701,27.6902995130291
"6",0.242133298259443,27.0455573723391
"7",0.305796078310812,27.8940541847944
"8",0.337026407354211,28.3180092203833
"9",0,25.5834468021842
