"","obs","bmi"
"1",0.355626518518331,28.6484521651016
"2",0.325286560948092,28.1816200989226
"3",0.331668484003676,28.3177583192901
"4",0.306485644102184,27.987221183269
"5",0.282438091047452,27.6568442047672
"6",0.245130017973327,27.0637553867024
"7",0.30804103641612,27.9087226956138
"8",0.337966295924572,28.3013023385012
"9",0,25.5966420108997
