"","obs","bmi"
"1",0.36069785383349,28.6899558316418
"2",0.329644579659051,28.2335069575302
"3",0.342055363683519,28.4731910369358
"4",0.325996896693623,28.2565162972159
"5",0.306833007640493,28.0399342068199
"6",0.237785818000738,27.0209872915458
"7",0.305095197202156,27.8625698780428
"8",0.33036332512719,28.2884940590215
"9",0,25.5569788988192
