"","obs","bmi"
"1",0.362533934620806,28.7018121022235
"2",0.332185801656405,28.2465640262224
"3",0.351242289069437,28.3837573879231
"4",0.340600407626324,28.0660826066195
"5",0.329850290076717,27.7488104995344
"6",0.238785406534081,27.0185157354606
"7",0.309072846394249,27.888475019002
"8",0.325675023728607,28.2122830268195
"9",0,25.643914962793
