"","obs","bmi"
"1",0.360726112821441,28.7101169006236
"2",0.328884250088352,28.2559910378013
"3",0.337618305903596,28.4054133165625
"4",0.312657532499468,28.1008296485739
"5",0.287940467325631,27.7963684546491
"6",0.243354280477029,27.0618723709893
"7",0.307822012888571,27.8883142171707
"8",0.336957139795439,28.326466820089
"9",0,25.6164666385037
