"","obs","bmi"
"1",0.364620512723386,28.7531990593052
"2",0.334228967174254,28.2926950123992
"3",0.345708327351637,28.4738470632972
"4",0.32350657101013,28.194710831295
"5",0.301169725604271,27.9157996924095
"6",0.246565121851566,27.0735803422228
"7",0.309424392649962,27.912948803933
"8",0.338595908451516,28.3330913736457
"9",0,25.6311408320099
