"","obs","bmi"
"1",0.367842112848478,28.7631037598471
"2",0.338705469509528,28.3098066659675
"3",0.355722181068991,28.5261601609359
"4",0.345703583223835,28.2893146149114
"5",0.33034738515327,28.0525709500004
"6",0.247292394893189,27.0793586100256
"7",0.307472928956972,27.8902295196347
"8",0.33374886397068,28.2619031540961
"9",0,25.5951026788952
