"","obs","bmi"
"1",0.362184829364189,28.7544989076309
"2",0.333406459308545,28.3006491407985
"3",0.337574352982516,28.3041201001848
"4",0.311873835265632,27.8541499272703
"5",0.284763931915131,27.4046120924031
"6",0.250590072740663,27.136447298376
"7",0.303342314757997,27.9078323921568
"8",0.337321336996528,28.3127585629955
"9",0,25.607682165963
