"","obs","bmi"
"1",0.364467763803581,28.7259234249185
"2",0.335547987812838,28.2656043333453
"3",0.347348196608168,28.3941672227692
"4",0.32658183869353,28.0626850881183
"5",0.306740464775841,27.7314897157361
"6",0.248461618889234,27.1195169239234
"7",0.307087854752915,27.8734817610163
"8",0.334550478674153,28.307920497003
"9",0,25.5544874553236
