"","obs","bmi"
"1",0.359837569732807,28.69490555271
"2",0.329675395230872,28.2394690055916
"3",0.342096876370775,28.392314847067
"4",0.325963840734744,28.0899030557098
"5",0.305851093618674,27.787676677207
"6",0.247458999091844,27.1106003343907
"7",0.307264998407334,27.9054870747566
"8",0.335994761704235,28.3131631266662
"9",0,25.5777259018926
