"","obs","bmi"
"1",0.359837569732807,28.69490555271
"2",0.329713748335496,28.2382588312776
"3",0.34098900130444,28.3531164814382
"4",0.323068487208725,28.0117088507476
"5",0.304458219657152,27.6707052810082
"6",0.247458999091844,27.1106003343907
"7",0.307264998407334,27.9054870747566
"8",0.335994761704235,28.3131631266662
"9",0,25.5777259018926
