"","obs","bmi"
"1",0.369679865395551,28.8379351524902
"2",0.341169374873117,28.3847767857196
"3",0.351544586148048,28.5292247145468
"4",0.331121280590658,28.2208927983586
"5",0.306648416387181,27.9129649204539
"6",0.24501185221667,27.0569081036804
"7",0.309990047994952,27.9202114570954
"8",0.334240089149409,28.3151097465525
"9",0,25.6320985681163
