"","obs","bmi"
"1",0.358186346415861,28.6582658772674
"2",0.329878164884143,28.2066135636639
"3",0.342537108327792,28.3664243791563
"4",0.327049204492393,28.0748089933273
"5",0.309521768614791,27.7834289387635
"6",0.239118975183721,27.0682010009174
"7",0.305250437464268,27.9089692309545
"8",0.332018750074653,28.2834585920042
"9",0,25.5187159755267
