"","obs","bmi"
"1",0.360013778592356,28.6993611176581
"2",0.332812278607322,28.2455436508654
"3",0.344107466924475,28.3800429501816
"4",0.326624864086896,28.0609409497729
"5",0.306023573736346,27.7420640351804
"6",0.243777950238384,27.0917646735698
"7",0.31166550376028,27.8951822489862
"8",0.335733527176884,28.3218798696619
"9",0,25.5858042398324
