"","obs","bmi"
"1",0.362809656885809,28.7497015476186
"2",0.333336719031524,28.291124046482
"3",0.346706458710128,28.4663709337274
"4",0.3293852359186,28.1833223600086
"5",0.314200822109982,27.9005710129801
"6",0.243028189005859,27.0416328762914
"7",0.308846921027683,27.9286769564367
"8",0.331738272152825,28.2829272532046
"9",0,25.6075857050311
