"","obs","bmi"
"1",0.357882860532329,28.6613430257671
"2",0.329962765510132,28.2102453143141
"3",0.342675757686949,28.4210460542853
"4",0.326361669307868,28.1808953850664
"5",0.305457965830261,27.9408982759054
"6",0.244902941882951,27.0307523724358
"7",0.313169736627459,27.9323353674667
"8",0.334501624832529,28.3095465988315
"9",0,25.5705115146611
