"","obs","bmi"
"1",0.361739199451615,28.7541572648236
"2",0.333078648816767,28.2922888243201
"3",0.344622205990808,28.4236740436074
"4",0.329612843547723,28.0936264203253
"5",0.311474413236337,27.7640455944793
"6",0.243417638433264,27.0696601335963
"7",0.309157070661878,27.9621791501448
"8",0.340521477480658,28.3035154521003
"9",0,25.6245937831237
