"","obs","bmi"
"1",0.359749145378908,28.6748347493879
"2",0.330002656133128,28.2192771641704
"3",0.344536410304355,28.3819096113494
"4",0.326528234509876,28.0892209307261
"5",0.310645781827421,27.796779338022
"6",0.242360260627264,27.0341613225057
"7",0.305477957923531,27.8847745288825
"8",0.330736167869104,28.2219733665682
"9",0,25.5253950030336
