"","obs","bmi"
"1",0.360635916956025,28.7301481081402
"2",0.330186569603792,28.2723622041231
"3",0.350128825673745,28.5568742463371
"4",0.337838527677167,28.3836720132149
"5",0.326551680786443,28.2105429763687
"6",0.243685153843715,27.075147863255
"7",0.315009186797193,27.9546041566598
"8",0.33532441965621,28.2859408449582
"9",0,25.6523724614016
