"","obs","bmi"
"1",0.364936811168452,28.7211720011151
"2",0.333592693733593,28.2539482103162
"3",0.346472105819911,28.4272498383212
"4",0.327700146749377,28.1335012063045
"5",0.303946648368259,27.8399322375749
"6",0.245376789221881,27.0967919435795
"7",0.308956242534354,27.9137932693043
"8",0.331838872199057,28.2743583128539
"9",0,25.5433447765113
