"","obs","bmi"
"1",0.358020153860555,28.6871604030215
"2",0.329404506664654,28.2277225163129
"3",0.332460274467456,28.3047335652772
"4",0.302926057988946,27.9226669493664
"5",0.275471527134607,27.5409818311627
"6",0.243539848864969,27.0868045648431
"7",0.310536131389382,27.9412282395053
"8",0.336685143798647,28.305722213623
"9",0,25.6024084641308
