"","obs","bmi"
"1",0.362232032407176,28.7461981600942
"2",0.333712523142103,28.2907169903006
"3",0.348643112573793,28.4912763945343
"4",0.332849046755405,28.2366644422196
"5",0.31660707090374,27.9823799060012
"6",0.241977772043151,27.065705916561
"7",0.305859303332201,27.9258147111139
"8",0.328954313189041,28.212430335118
"9",0,25.6223926868243
