"","obs","bmi"
"1",0.35986702373045,28.730856467057
"2",0.330345349946307,28.2765933519681
"3",0.337430474182909,28.4436288663405
"4",0.313509770887166,28.1565604471009
"5",0.293956140505325,27.869654281289
"6",0.241085131970609,27.041837941365
"7",0.309443227319145,27.909053786829
"8",0.333365219503929,28.2606782394169
"9",0,25.6454920390409
