"","obs","bmi"
"1",0.360003342301868,28.7516419076157
"2",0.333376119677532,28.2929954614605
"3",0.343465746230785,28.3996412649624
"4",0.326859016649571,28.048067706822
"5",0.308635247207828,27.6969502293331
"6",0.244642902112424,27.0835766634533
"7",0.311269355873846,27.9134064473545
"8",0.336516246724898,28.2771423225981
"9",0,25.6629841845436
