"","obs","bmi"
"1",0.362375626714972,28.7958031416826
"2",0.332015400017892,28.3325042663104
"3",0.338607786355233,28.5083797745971
"4",0.313931466802775,28.2210149469948
"5",0.284633590186926,27.9337082635297
"6",0.244467282823627,27.0859171654109
"7",0.306520786432789,27.9247295833566
"8",0.338723742824592,28.3183496299391
"9",0,25.6093095568815
