"","obs","bmi"
"1",0.361306111672162,28.7189254299474
"2",0.333117461176509,28.2633687080766
"3",0.344494725714908,28.4269650435354
"4",0.324092149284159,28.1352086747248
"5",0.303841732822707,27.8436642720931
"6",0.243305076253806,27.0839772523091
"7",0.3105773291912,27.9483019418902
"8",0.335301779300095,28.2890836677934
"9",0,25.5595445613927
