"","obs","bmi"
"1",0.359037869477873,28.7063927170692
"2",0.329066224404272,28.2515230671583
"3",0.334058625928422,28.4162464754134
"4",0.303441541617101,28.1261715879202
"5",0.278945314398567,27.8361683761439
"6",0.239507738453348,27.0453097635163
"7",0.306591283744685,27.8873070262641
"8",0.340704904456971,28.3358444685714
"9",0,25.6333870164959
