"","obs","bmi"
"1",0.361075860158788,28.7047405055074
"2",0.332507854744583,28.2435272724086
"3",0.340694362556299,28.288189149766
"4",0.318457859566034,27.8720334292469
"5",0.29297020094397,27.4562956170294
"6",0.242950927821295,27.0735355563399
"7",0.312515452525662,27.9264893347331
"8",0.335378890221697,28.3060238159117
"9",0,25.5722450910897
