"","obs","bmi"
"1",0.357522258432671,28.6742194632599
"2",0.328361767738875,28.2102916514506
"3",0.346139044380923,28.4403755156968
"4",0.334489788416607,28.2066312352675
"5",0.321579047750625,27.9729887266757
"6",0.247877222131661,27.1605363631812
"7",0.30530374972409,27.8649886733935
"8",0.335740830067016,28.2867693812562
"9",0,25.5644184173367
