"","obs","bmi"
"1",0.359846135100862,28.7007280295673
"2",0.328908737781885,28.247648036004
"3",0.345569024312503,28.4133338557011
"4",0.331756311375463,28.1260974658
"5",0.320431871280113,27.8390244434915
"6",0.245383027782561,27.102614825244
"7",0.312600168133173,27.9403010507548
"8",0.328592322941767,28.2447516842269
"9",0,25.6570987771611
