"","obs","bmi"
"1",0.356051804917429,28.6529712345616
"2",0.328411182762403,28.2011161638355
"3",0.342954788780118,28.3782459003498
"4",0.327116669316359,28.103732698656
"5",0.312993721987927,27.8294406028128
"6",0.240693154675829,27.0310486450807
"7",0.311840680037289,27.9212690186159
"8",0.332447240046902,28.2543589574697
"9",0,25.6071141230886
