"","obs","bmi"
"1",0.363785064552715,28.7274482676692
"2",0.333105972088163,28.269975849204
"3",0.342601706023277,28.4683272011721
"4",0.321744479262209,28.2094718742629
"5",0.300422862950881,27.9508962180727
"6",0.24033344573553,27.0563860703907
"7",0.305947161069002,27.9356143952277
"8",0.330707043887459,28.2477797241164
"9",0,25.5681919365603
