"","obs","bmi"
"1",0.368227396272891,28.7675218759714
"2",0.338132048741053,28.3101258579543
"3",0.357406897274227,28.4647448288546
"4",0.344678639620356,28.1623523521636
"5",0.335838972321164,27.8603679862428
"6",0.247290848765598,27.1190148832971
"7",0.309424260540492,27.9032971808997
"8",0.333682356790204,28.2717646151547
"9",0,25.6183559479068
