"","obs","bmi"
"1",0.363884136084286,28.7620219212585
"2",0.334084528390842,28.3147275660309
"3",0.344496103105133,28.4788105991004
"4",0.32353819243421,28.1957577628785
"5",0.302868253181218,27.9128688737827
"6",0.246551583436527,27.1119220955359
"7",0.309700229768964,27.9246117108594
"8",0.332193803430013,28.2354426832501
"9",0,25.6044913694523
