"","obs","bmi"
"1",0.354522889917741,28.6155705593211
"2",0.324978978719378,28.1599052069947
"3",0.333038393980423,28.2271469885954
"4",0.312506160085614,27.8389906383587
"5",0.292160213647973,27.451114776836
"6",0.243246259996474,27.1264563205617
"7",0.306777750688286,27.8805629123836
"8",0.334735517673547,28.2866765964716
"9",0,25.5780665977007
