"","obs","bmi"
"1",0.355518629743107,28.6743807572592
"2",0.323632177628369,28.2186863467903
"3",0.337802983782165,28.4108845318376
"4",0.317968261958972,28.147630194896
"5",0.298337732987292,27.8846305488331
"6",0.242435692805678,27.027110865977
"7",0.309652519202669,27.9431945138111
"8",0.33212463394439,28.2816783072465
"9",0,25.6228593718581
