"","obs","bmi"
"1",0.357886705210485,28.6933792613265
"2",0.329997662985801,28.2418331320821
"3",0.334911801879433,28.407426422969
"4",0.311954899681968,28.121585636479
"5",0.286223120476828,27.8358584650908
"6",0.245766722154728,27.0801278761123
"7",0.313530135460425,27.9530181107146
"8",0.331325966031595,28.2882154175172
"9",0,25.5806282259855
