"","obs","bmi"
"1",0.358795841602066,28.6604592160463
"2",0.32960184106368,28.2015073152038
"3",0.342740665231028,28.4105373924836
"4",0.32413553167032,28.1607000406867
"5",0.306364531749391,27.9109487749855
"6",0.246023668428234,27.0468266383388
"7",0.310395478866124,27.9048944939049
"8",0.335684539235885,28.3129970467788
"9",0,25.5673120552834
