"","obs","bmi"
"1",0.361689173943866,28.6862164099677
"2",0.331066840912565,28.2338198191672
"3",0.335276823192262,28.3383665247648
"4",0.307973832171954,27.9907146681778
"5",0.28096637274299,27.6432675611005
"6",0.239501238978759,27.0251876984066
"7",0.302744234085323,27.862306336699
"8",0.338772440959687,28.3064016935956
"9",0,25.5260656063151
