"","obs","bmi"
"1",0.362850308657439,28.7251853194804
"2",0.332429612163598,28.2749903059383
"3",0.336950026727418,28.3753535515957
"4",0.309254738857143,28.0257189440401
"5",0.279632949946017,27.6762881930116
"6",0.243237500799225,27.0784721256417
"7",0.310998470953501,27.921718929987
"8",0.329622783812986,28.2369752328234
"9",0,25.6045623952666
