"","obs","bmi"
"1",0.361169751053608,28.6907236729388
"2",0.330888268125459,28.2296498759829
"3",0.352389467287887,28.4592955946059
"4",0.343347075638873,28.2281179740998
"5",0.333355898128103,27.9972026464979
"6",0.246573511680852,27.0771074956718
"7",0.310642769086586,27.9279623268621
"8",0.329620857374632,28.2541008963325
"9",0,25.6028418347318
