"","obs","bmi"
"1",0.361876695687496,28.7285372015605
"2",0.33307252923909,28.2732976177095
"3",0.332672487367008,28.3248796590268
"4",0.2991850311338,27.9214894955015
"5",0.268568023993448,27.5183772877401
"6",0.246206170410555,27.0857129527661
"7",0.307414695874031,27.9414080594315
"8",0.337746395094468,28.2954529098155
"9",0,25.6211270551434
