"","obs","bmi"
"1",0.369938661998613,28.7991076096214
"2",0.339914640522462,28.3431363892235
"3",0.366037801762185,28.6276316921298
"4",0.361995122244704,28.4564478407138
"5",0.357788941602119,28.2855730447695
"6",0.245301858759798,27.0718543936811
"7",0.306978637452851,27.8873491906143
"8",0.33277755729798,28.2863054294298
"9",0,25.6388603805614
