"","obs","bmi"
"1",0.357302982832837,28.6653636997786
"2",0.328164712766444,28.2067907745772
"3",0.341227230837247,28.3997155208578
"4",0.325890365892689,28.1342896639842
"5",0.30737783448837,27.8690954853986
"6",0.237209937382157,27.0103605217592
"7",0.31011313844351,27.9270633202894
"8",0.332594831248075,28.2408663462992
"9",0,25.5836146720576
