"","obs","bmi"
"1",0.361632195860319,28.6889162886561
"2",0.334049332431478,28.2256209490156
"3",0.341931364762154,28.3861118536425
"4",0.32128727963117,28.0835156118046
"5",0.297033317593926,27.7811365974916
"6",0.24436286092959,27.029478786175
"7",0.306368314679141,27.8946993869309
"8",0.332668678050305,28.2627138107438
"9",0,25.5806025065949
