"","obs","bmi"
"1",0.359254585334795,28.7495463515775
"2",0.330214952364172,28.2881590451331
"3",0.347562003512488,28.4385154571826
"4",0.334932628880354,28.1278399941355
"5",0.323921427807672,27.8175409923971
"6",0.246635762881375,27.1110620272922
"7",0.305337252898489,27.8876927557253
"8",0.332312123832291,28.283752566886
"9",0,25.6467383144794
