"","obs","bmi"
"1",0.363370027898469,28.7356098427271
"2",0.33340877124782,28.2608566934414
"3",0.358308815869051,28.4941390500247
"4",0.351954970383301,28.2529484292453
"5",0.345688200732803,28.0120523657065
"6",0.246559387216025,27.0537472232253
"7",0.305374364495104,27.8862969710767
"8",0.332116411586946,28.265203621213
"9",0,25.5939731324658
