"","obs","bmi"
"1",0.361303512754592,28.7499958770715
"2",0.33351253829158,28.2969659324395
"3",0.335628261144626,28.3102190432246
"4",0.306883383619212,27.870877112329
"5",0.281772497982776,27.4319959577885
"6",0.237433751671762,27.0385099264196
"7",0.304623989749461,27.8891577045161
"8",0.339910520584637,28.3088636280591
"9",0,25.615997848696
