"","obs","bmi"
"1",0.355202772491683,28.6667427148025
"2",0.325584289081656,28.2086536590619
"3",0.321070115308752,28.3051777478273
"4",0.282530194361353,27.9436794994673
"5",0.247431272828573,27.5822457933074
"6",0.241899613918987,27.0215139682609
"7",0.304524395753058,27.8593812198172
"8",0.326124616999947,28.1975427447501
"9",0,25.5446932031276
