"","obs","bmi"
"1",0.355505784543825,28.6694700115254
"2",0.32357516880719,28.2096598385594
"3",0.343497348313576,28.4187366096399
"4",0.331466390059148,28.1681337194037
"5",0.320701330249015,27.9176654874592
"6",0.24371282877663,27.0341118366573
"7",0.304366818561464,27.9024104425272
"8",0.337815334282649,28.2911483253853
"9",0,25.5940457244697
