"","obs","bmi"
"1",0.360239109301787,28.6729036899194
"2",0.33112050045124,28.213020037674
"3",0.344876520491234,28.3779897068408
"4",0.327886834458548,28.0834648072729
"5",0.309154496798304,27.7893543908391
"6",0.240658653210231,27.079347240382
"7",0.308419380899229,27.8839639369455
"8",0.33497446350768,28.2829554015003
"9",0,25.5448524896797
