"","obs","bmi"
"1",0.360032450404213,28.6662109080069
"2",0.330796814467542,28.21498789935
"3",0.34442187170215,28.3299013088402
"4",0.328842918374076,27.993949258502
"5",0.314144470521213,27.6583752790315
"6",0.242736314674406,27.0907624504164
"7",0.310135386347491,27.9329185860647
"8",0.332872164381641,28.2913597391127
"9",0,25.5589904958415
