"","obs","bmi"
"1",0.357123652774545,28.6465795931283
"2",0.3269390273257,28.184502169218
"3",0.332130746355354,28.2568504445468
"4",0.306932138747299,27.8673694779815
"5",0.277832292310571,27.478145908243
"6",0.241056009166463,26.9923153228411
"7",0.305688519144789,27.9109966528161
"8",0.337903128348972,28.3550700539192
"9",0,25.5611282938231
