"","obs","bmi"
"1",0.361348344344869,28.6899915379249
"2",0.331965967172371,28.2273447830957
"3",0.343400756981827,28.4138056202045
"4",0.321917608437104,28.1377446215186
"5",0.299483447352098,27.8618113364368
"6",0.243647691542143,27.0348401994199
"7",0.308229932442036,27.9017073193313
"8",0.339542309183745,28.3604160001478
"9",0,25.6202653106626
