"","obs","bmi"
"1",0.356425619393479,28.6696186601177
"2",0.326933774177242,28.214637562114
"3",0.333296719394002,28.3302438995983
"4",0.307127219260851,27.9911605059401
"5",0.28273837629957,27.6523827367017
"6",0.244731243805592,27.0523315238666
"7",0.30851991096769,27.9276872180649
"8",0.335723020476592,28.3205686467006
"9",0,25.6205124015919
