"","obs","bmi"
"1",0.361083413875946,28.6973778970377
"2",0.333809839428992,28.2478145125092
"3",0.341803710513482,28.3481642349356
"4",0.321209024967436,27.9992436276465
"5",0.297493730138758,27.6506296814406
"6",0.245975694156969,27.0509306736302
"7",0.307436456147828,27.9050078032919
"8",0.334481885986891,28.3048416022641
"9",0,25.5760300511687
