"","obs","bmi"
"1",0.361303512754592,28.7499958770715
"2",0.332243691024515,28.2969382075213
"3",0.349499569004206,28.4505161205601
"4",0.339013824183169,28.1514029119465
"5",0.32530227187789,27.8526797988687
"6",0.237433751671762,27.0385099264196
"7",0.304623989749461,27.8891577045161
"8",0.339910520584637,28.3088636280591
"9",0,25.615997848696
