"","obs","bmi"
"1",0.357962836630608,28.6789077404371
"2",0.330645410918973,28.2307326485946
"3",0.33022727082249,28.3288554112714
"4",0.29783182900193,27.9789167173839
"5",0.268658146667889,27.6290915200244
"6",0.244544832871113,27.0862701800358
"7",0.309625968639522,27.9464870739665
"8",0.329826197405798,28.2102321245288
"9",0,25.5641505248042
