"","obs","bmi"
"1",0.362572262784789,28.7501766537019
"2",0.333450978303995,28.2937629630323
"3",0.354965627789068,28.4332968122289
"4",0.347308360212815,28.1167764828435
"5",0.340034102755158,27.8006352520333
"6",0.245508326743242,27.1071570051189
"7",0.314771556846759,27.9662526241022
"8",0.329408752708788,28.274729395151
"9",0,25.6142373416781
