"","obs","bmi"
"1",0.363598845684397,28.7799721859808
"2",0.335948582673812,28.3256603479312
"3",0.347313895906583,28.4579810747458
"4",0.323887815680355,28.1363103807079
"5",0.307817545121936,27.8149783925333
"6",0.243721051930892,27.0617303315602
"7",0.30650841165302,27.8660015959655
"8",0.3349229593397,28.3000993347736
"9",0,25.6588997593726
