"","obs","bmi"
"1",0.358012938317007,28.7060099061904
"2",0.328007891355723,28.2428476351368
"3",0.338395721819705,28.3348249098111
"4",0.316197303887859,27.9640478220283
"5",0.294728147178854,27.5937051394334
"6",0.241768733245994,27.0676767590341
"7",0.309374043136285,27.8826920287169
"8",0.338581405752476,28.2761159866409
"9",0,25.6944401928031
