"","obs","bmi"
"1",0.357919230806116,28.6442037383864
"2",0.326459079559273,28.182123852634
"3",0.341508844607966,28.3382493975947
"4",0.321876570922182,28.0324612758227
"5",0.305232762675093,27.7268461804942
"6",0.243784453166383,27.0615194587003
"7",0.304792270647193,27.8980457595542
"8",0.33564823170969,28.3174703641528
"9",0,25.5427820400139
