"","obs","bmi"
"1",0.357950023672328,28.6977436078634
"2",0.328831425595749,28.2401605852205
"3",0.346467755331669,28.4911857977815
"4",0.333496455730644,28.2847241626045
"5",0.318803291659288,28.0783624481663
"6",0.245426134618831,27.0663022165025
"7",0.303431573365889,27.8337528092587
"8",0.329933997138803,28.2644197421848
"9",0,25.6222923191489
