"","obs","bmi"
"1",0.365193953071722,28.7704547223054
"2",0.33582369485442,28.3168302445733
"3",0.343880117031679,28.4668027874476
"4",0.318082859916985,28.1632615211734
"5",0.29330103305721,27.859833589115
"6",0.247958792940415,27.0971368283786
"7",0.309360253945134,27.9151017823809
"8",0.334905221847784,28.2798957482091
"9",0,25.6531229391901
