"","obs","bmi"
"1",0.364544270453501,28.7571490495054
"2",0.335894583343049,28.2956293598941
"3",0.348532852694548,28.457265102747
"4",0.334752313792661,28.1576255575573
"5",0.318402684250569,27.8582421266822
"6",0.242806247403061,27.0581464816031
"7",0.311233193320315,27.9196072676122
"8",0.33637125581349,28.3013152084787
"9",0,25.5750337398616
