"","obs","bmi"
"1",0.355847120756051,28.7040395267287
"2",0.327038617953071,28.2487118622406
"3",0.341611548570039,28.468179307025
"4",0.329506412248376,28.2325284206236
"5",0.312615275294553,27.997097024987
"6",0.24250922457998,27.0302564092317
"7",0.30684710943319,27.8913557964177
"8",0.338645711628845,28.3074597228228
"9",0,25.6509098294245
