"","obs","bmi"
"1",0.359546436080429,28.6872697664284
"2",0.327928904811687,28.2345528209827
"3",0.339192612585406,28.3785186429352
"4",0.318884255795633,28.0699361770081
"5",0.297635583941651,27.7615275344015
"6",0.238849314839498,26.9905427866783
"7",0.309189862741916,27.8892681240132
"8",0.332914551742491,28.2811295162191
"9",0,25.594552330488
