"","obs","bmi"
"1",0.359426973279645,28.7425056982449
"2",0.329527576661565,28.2817320817002
"3",0.335860343239441,28.3832043630775
"4",0.312823726873549,28.0241070956896
"5",0.288291104247472,27.6652215974428
"6",0.239197092096755,27.0017290777354
"7",0.309296743488893,27.9307708477387
"8",0.332224732488348,28.2230956125373
"9",0,25.5745258026054
