"","obs","bmi"
"1",0.354327030896478,28.6599696759241
"2",0.324781681015638,28.204769640795
"3",0.331629558160457,28.3129412530381
"4",0.309650624930617,27.9662763246099
"5",0.287531475741877,27.6199970071746
"6",0.246200279375895,27.0820720888498
"7",0.31234157851175,27.9405236334782
"8",0.332163309059682,28.2812657274573
"9",0,25.5961981073152
