"","obs","bmi"
"1",0.359299565519629,28.6632424323146
"2",0.32831871466097,28.2041101337362
"3",0.342288301047041,28.3786204481242
"4",0.325780228532187,28.094134530887
"5",0.306178792150299,27.8097887712366
"6",0.240907725583024,27.0223034540787
"7",0.302308467234094,27.8820460094517
"8",0.333483038649573,28.2351078720895
"9",0,25.596580403037
