"","obs","bmi"
"1",0.363315052149873,28.740452461725
"2",0.335047188430838,28.2806591359306
"3",0.352594041684893,28.5344839655756
"4",0.341212202544168,28.3287781435287
"5",0.328142132099457,28.1233505869939
"6",0.252476125606344,27.151554243742
"7",0.306231073452878,27.8871164625961
"8",0.336523898320629,28.2921779602833
"9",0,25.5895316577001
