"","obs","bmi"
"1",0.356895023926981,28.6460292906963
"2",0.329224528322716,28.1886172180623
"3",0.336104499495453,28.298519351936
"4",0.312926008795631,27.9512924442269
"5",0.291931516340617,27.6043622484744
"6",0.24990593711806,27.1255829845114
"7",0.310900450931415,27.9318647085975
"8",0.33320986366106,28.2788282425885
"9",0,25.5748082643412
