"","obs","bmi"
"1",0.352483963936956,28.6291789675825
"2",0.322753647231759,28.1699839305351
"3",0.32388022293943,28.292704829782
"4",0.289885468870036,27.956424625508
"5",0.260816505512424,27.620343730799
"6",0.243620995724449,27.0651418637346
"7",0.308705922551158,27.8749586174637
"8",0.334349132026578,28.3244686963069
"9",0,25.5889047115993
