"","obs","bmi"
"1",0.358152316284251,28.674787493329
"2",0.328951435845124,28.2213056222058
"3",0.34129227125527,28.3705637342638
"4",0.324370010485098,28.0666515181438
"5",0.30961525387787,27.7630698218036
"6",0.245471335016982,27.0836887513811
"7",0.307857226598494,27.9019444071852
"8",0.326832490987325,28.2071690108035
"9",0,25.61536939035
