"","obs","bmi"
"1",0.357973971154266,28.7320967847087
"2",0.32825002441635,28.2752712485904
"3",0.335694183089935,28.3769623812816
"4",0.313543447996123,28.0220166806618
"5",0.288001100238179,27.6672679503645
"6",0.250812424989354,27.1272485395533
"7",0.308041313360302,27.9326676386921
"8",0.326234531136239,28.2524458845202
"9",0,25.6614018248239
