"","obs","bmi"
"1",0.359180751944061,28.6991495121538
"2",0.330097225705997,28.2348528557481
"3",0.342916776606867,28.3864038143604
"4",0.324444779277207,28.0738128441891
"5",0.30236727821669,27.7613816295852
"6",0.246513754967181,27.0752371228229
"7",0.303184724668242,27.8652614225592
"8",0.331352609420994,28.2372806187337
"9",0,25.6357159530041
