"","obs","bmi"
"1",0.364666809801077,28.7628071787263
"2",0.334898335289149,28.3042865093843
"3",0.342711328762458,28.4250572412601
"4",0.317116427333111,28.087576055598
"5",0.292165572901935,27.7503775081372
"6",0.245988740138423,27.0870376845411
"7",0.303071784737409,27.8116756502776
"8",0.342098340612466,28.3258369821679
"9",0,25.6513508761118
