"","obs","bmi"
"1",0.361271555452979,28.7262026797783
"2",0.331175331964688,28.2692465498191
"3",0.333852685272293,28.3878903211069
"4",0.305445637947325,28.0498191046167
"5",0.279315270715361,27.7119995907551
"6",0.242481867960051,27.0417893681651
"7",0.309827426202605,27.9360400083605
"8",0.332257537925628,28.2357173354647
"9",0,25.6028413376172
