"","obs","bmi"
"1",0.364216811943317,28.7187001530653
"2",0.335816697846929,28.258324607391
"3",0.343286051872746,28.4324986090501
"4",0.316217290836922,28.1464055858488
"5",0.292838958252846,27.860423176503
"6",0.244113345952374,27.0631360558571
"7",0.309550754492664,27.9070605712004
"8",0.340662119841297,28.3035708462709
"9",0,25.5846340325377
