"","obs","bmi"
"1",0.365866544519202,28.783343984594
"2",0.336652259381432,28.3213313654785
"3",0.345079452737574,28.4383341475436
"4",0.323668067495595,28.0935197696095
"5",0.301172887976642,27.7489073676894
"6",0.245910219242415,27.059811495979
"7",0.31223780705454,27.9493014915554
"8",0.336762963241632,28.277245510173
"9",0,25.6077603491423
