"","obs","bmi"
"1",0.368476760592626,28.7279087396005
"2",0.33643732578113,28.2749990672474
"3",0.34743657543071,28.4488119049592
"4",0.324173023798673,28.1698652059015
"5",0.303725770164053,27.891073803089
"6",0.243591165703143,27.1140500404665
"7",0.310581555632131,27.9307310211025
"8",0.335011699809911,28.3340601049369
"9",0,25.5729088419178
