"","obs","bmi"
"1",0.362240976265587,28.6922757372562
"2",0.333097276133697,28.234278950917
"3",0.339614493579828,28.3599778037967
"4",0.315388389736202,28.0278475974961
"5",0.292342734673517,27.6958909168788
"6",0.24161858438054,27.029112390811
"7",0.30491586786445,27.8828106643875
"8",0.333653170168436,28.2554799987443
"9",0,25.5450581064037
