"","obs","bmi"
"1",0.355980797296147,28.6725463243845
"2",0.328340683530321,28.2185059999378
"3",0.328196524979283,28.3536248263932
"4",0.298388030100986,28.03483026859
"5",0.272989538539197,27.7161623236846
"6",0.245029804824016,27.0327930654917
"7",0.309976684877621,27.8751530372185
"8",0.332326241359188,28.2923964725756
"9",0,25.6531475730878
