"","obs","bmi"
"1",0.363548098068666,28.7470626773965
"2",0.332710245404461,28.2805510957267
"3",0.343978892344086,28.4582901070194
"4",0.323822172204423,28.1698330160253
"5",0.303850280326708,27.8817079252542
"6",0.245856567347061,27.0513591142742
"7",0.308332745432225,27.9306366323234
"8",0.327268125636384,28.2084392506184
"9",0,25.6206482091181
