"","obs","bmi"
"1",0.352235466402831,28.6559617338636
"2",0.323299579312723,28.1985138376577
"3",0.334082205191488,28.3120067385525
"4",0.317992665342961,27.9682245490013
"5",0.296640188259095,27.6246218225601
"6",0.246239773850272,27.0681446716763
"7",0.305506314111737,27.8753085537893
"8",0.334812895565232,28.3117580714694
"9",0,25.5952095923193
