"","obs","bmi"
"1",0.369690510529593,28.7719586329172
"2",0.338847271767452,28.3159463441558
"3",0.347010334192533,28.3847561867804
"4",0.3235274669648,27.9979416188487
"5",0.297883458327826,27.6115385929428
"6",0.24415611444995,27.0504254321818
"7",0.309633656356433,27.888903067106
"8",0.338542043638524,28.3397618619702
"9",0,25.5962063117452
