"","obs","bmi"
"1",0.357164568096101,28.7154126348102
"2",0.326404578715371,28.257833348083
"3",0.343504502439816,28.4588395585528
"4",0.332633929569287,28.2023877407205
"5",0.320772090777009,27.9460605048793
"6",0.245513952484297,27.1032779214204
"7",0.305504434199625,27.8641267408933
"8",0.326801179740212,28.221156157183
"9",0,25.6470442808711
