"","obs","bmi"
"1",0.354825886555457,28.7081591923269
"2",0.324842424618987,28.2552378709149
"3",0.339371749164065,28.4284275699114
"4",0.321247769258308,28.1488450529044
"5",0.307154345405252,27.8694163341039
"6",0.245749509053056,27.1197007603112
"7",0.30786769881014,27.9385729076011
"8",0.336552549430438,28.3248551159233
"9",0,25.6418045291972
