"","obs","bmi"
"1",0.356394877055875,28.6242058280974
"2",0.327707390147583,28.1742215236229
"3",0.341968255263328,28.3222707192197
"4",0.330100789107789,28.0207045269189
"5",0.313751825867202,27.7195299257945
"6",0.23821617602619,27.0263075078853
"7",0.311605688922065,28.012294632927
"8",0.333392998134806,28.3144582895147
"9",0,25.6011997308746
