"","obs","bmi"
"1",0.359104457659952,28.6492908780773
"2",0.332474526232058,28.1953007095219
"3",0.336329225417426,28.3440447431306
"4",0.313320683507392,28.0389827559612
"5",0.289034809699427,27.7341120495992
"6",0.246099391273866,27.0772848669764
"7",0.303844589778119,27.9173985747064
"8",0.330584957140559,28.2162531470129
"9",0,25.5545413543132
