"","obs","bmi"
"1",0.355823140973367,28.6736816128438
"2",0.326060116031198,28.2203501730598
"3",0.335593705104885,28.3089616553724
"4",0.317702038281826,27.9444981672069
"5",0.29527710522372,27.5803022973195
"6",0.24571729405074,27.0893677934949
"7",0.309981118289466,27.9601554764835
"8",0.338545322367346,28.279397178776
"9",0,25.5940184044155
