"","obs","bmi"
"1",0.354210992114419,28.6527646916451
"2",0.325101561738607,28.1983568794133
"3",0.331240351924481,28.2812366081507
"4",0.30707312989915,27.9100651085071
"5",0.282497977810779,27.5392696888928
"6",0.243197529806044,27.0831217246387
"7",0.306908645014784,27.9150936226136
"8",0.341117794865661,28.338664953939
"9",0,25.6169898744212
