"","obs","bmi"
"1",0.362651465366686,28.8034278126355
"2",0.333646003510272,28.3432690470124
"3",0.340046320523151,28.4163222785593
"4",0.316213585992306,28.0294508076125
"5",0.28788290892795,27.6428214282134
"6",0.24559484543023,27.1047570690718
"7",0.304284945753414,27.9153274617781
"8",0.342952460870214,28.3355721957331
"9",0,25.682493976482
