"","obs","bmi"
"1",0.35537441873987,28.6517184795563
"2",0.326442598781231,28.2009510762471
"3",0.337167863106872,28.3888480890194
"4",0.319001612255852,28.1260801837299
"5",0.300147981608522,27.8634161253027
"6",0.241356496517791,27.1128086237067
"7",0.307748161460174,27.8844693923578
"8",0.337413300478196,28.273889141491
"9",0,25.5732569892851
