"","obs","bmi"
"1",0.357687519964073,28.6639962112011
"2",0.328318813451632,28.2123354332547
"3",0.347608949099267,28.4089850130171
"4",0.33508405219175,28.1541696216011
"5",0.321667739894426,27.8995565778823
"6",0.245170172915862,27.0690500490215
"7",0.308594936437255,27.9098073979702
"8",0.336388594049992,28.3103429876166
"9",0,25.6027126006719
