"","obs","bmi"
"1",0.363572047939135,28.7837527756592
"2",0.333549050570628,28.3227615663107
"3",0.347252986131113,28.5479452833296
"4",0.332410322158762,28.3122834727042
"5",0.318191972553675,28.0767729991499
"6",0.248378223985609,27.0813564196738
"7",0.304123879882509,27.8569354092268
"8",0.337840527201767,28.3320100687063
"9",0,25.6337048323998
