"","obs","bmi"
"1",0.363731480056891,28.7261009361864
"2",0.332853775068649,28.2729260835059
"3",0.348279765546421,28.368857247201
"4",0.334371956503556,28.0121536147118
"5",0.317763786559882,27.6560310541844
"6",0.239590362213004,27.017594770688
"7",0.303861506377086,27.911698263845
"8",0.330636105238057,28.2494510238023
"9",0,25.5932501390253
