"","obs","bmi"
"1",0.356124330033721,28.6965562094451
"2",0.329328315411654,28.2375319284948
"3",0.34686082122902,28.4220507994057
"4",0.33763569663291,28.1478417352958
"5",0.328617833472656,27.8739448058854
"6",0.245344206582025,27.0183332083395
"7",0.311335628330334,27.9359988314878
"8",0.331698953170281,28.2168935256559
"9",0,25.5953495011586
