"","obs","bmi"
"1",0.36611519409184,28.7699575747718
"2",0.334874652139544,28.3190561623066
"3",0.340219112185514,28.3985899332341
"4",0.314741628351158,28.0275331807177
"5",0.291425593784976,27.6568038165965
"6",0.244395159281348,27.07262341968
"7",0.305348649276183,27.8862946608367
"8",0.334287433578033,28.2597869984406
"9",0,25.6526154786258
