"","obs","bmi"
"1",0.363413569306015,28.7576229591291
"2",0.333064738850474,28.2880046876919
"3",0.335770548615062,28.4460760259659
"4",0.299439819589761,28.1345913458447
"5",0.271250055601947,27.8231681281834
"6",0.245405056416985,27.0912627069725
"7",0.310598033652127,27.9121344014456
"8",0.337940884011067,28.3549970008074
"9",0,25.6060382535814
