"","obs","bmi"
"1",0.354881066763172,28.6226178282855
"2",0.323600444490275,28.1627899516608
"3",0.345894211267286,28.3733026186247
"4",0.336799579535786,28.1242204283487
"5",0.325469642118073,27.8753824009823
"6",0.24841714014024,27.0657090251824
"7",0.304221154201816,27.9050263324927
"8",0.333975951636134,28.2704890949133
"9",0,25.5618044420853
