"","obs","bmi"
"1",0.360468310971875,28.7058200965172
"2",0.328329193655075,28.2390876296761
"3",0.336553224373662,28.4256569537156
"4",0.31853904648605,28.1455961519089
"5",0.299027817602755,27.8656395874706
"6",0.245332023834536,27.0765223567418
"7",0.308760115987161,27.9118914137711
"8",0.336749974890524,28.3186678291974
"9",0,25.5878350127422
