"","obs","bmi"
"1",0.36226820488337,28.7370492197556
"2",0.331389470869888,28.27424052434
"3",0.35242202193546,28.4587512950195
"4",0.339326231514471,28.1806557857402
"5",0.326874985676563,27.9027707210739
"6",0.24209797285829,27.0249685732703
"7",0.309883165403013,27.8753806120173
"8",0.335934832657864,28.3421191501794
"9",0,25.604023877697
