"","obs","bmi"
"1",0.361894139084393,28.7095055150593
"2",0.331451973859575,28.2510009038459
"3",0.349624085276101,28.4000215023012
"4",0.334239380502811,28.0907523409869
"5",0.321582017477886,27.7817061314857
"6",0.249860398943151,27.074595714282
"7",0.308154069872305,27.9011868501864
"8",0.335039718670257,28.2629397682284
"9",0,25.6099789500831
