"","obs","bmi"
"1",0.364678134719794,28.6937064941077
"2",0.333566955100293,28.2332073753843
"3",0.343778027026955,28.3641923843398
"4",0.325351549897141,28.0350334359246
"5",0.299575512008436,27.7062502924694
"6",0.242873711150412,27.0601682497244
"7",0.305899747695426,27.9081767757796
"8",0.338235135239077,28.3658446110959
"9",0,25.5818022670909
