"","obs","bmi"
"1",0.363434641295993,28.7384508122403
"2",0.3353389326779,28.2825523605018
"3",0.351669830231985,28.4420237790676
"4",0.340499865771586,28.1458478034749
"5",0.327672794544544,27.84993455056
"6",0.249791579027445,27.1093216103019
"7",0.305857226326378,27.9073310295676
"8",0.339035254871767,28.3162884368127
"9",0,25.5756962972138
