"","obs","bmi"
"1",0.357741114932901,28.693361524532
"2",0.326739687112994,28.2297886765809
"3",0.334647368101874,28.3667055393251
"4",0.311539307921213,28.0403312414543
"5",0.288113447932178,27.7142533713377
"6",0.245482914856101,27.0721210857885
"7",0.308655342706515,27.9107977101848
"8",0.333934843295617,28.2979945057759
"9",0,25.6194257540638
