"","obs","bmi"
"1",0.36321227905522,28.7157535307365
"2",0.334171495951353,28.2519363762405
"3",0.349079255695225,28.3972510365849
"4",0.33178309376008,28.0790465694059
"5",0.311389487723071,27.7611560980151
"6",0.244497413305316,27.0654380932315
"7",0.308987127200662,27.9212343477722
"8",0.337146235693537,28.2537845217278
"9",0,25.5661840772375
