"","obs","bmi"
"1",0.365046532659029,28.7550273515404
"2",0.335213669386906,28.2953455016815
"3",0.343315281624079,28.5184615867723
"4",0.316357803923675,28.2819253513471
"5",0.292482952939464,28.0454173720695
"6",0.248570196671825,27.0782097255916
"7",0.303550656918516,27.8497677330053
"8",0.334591847606782,28.2774602343295
"9",0,25.5856913248347
