"","obs","bmi"
"1",0.357252193877317,28.7284332028951
"2",0.328806470234396,28.2822331439083
"3",0.338565165422067,28.4150395902334
"4",0.315065828773928,28.1020996759471
"5",0.294150396178742,27.7896479202252
"6",0.242303967259647,27.0391605631085
"7",0.311310175722366,27.9601641668778
"8",0.331187699789931,28.2607004583112
"9",0,25.5948322845011
