"","obs","bmi"
"1",0.365496094100233,28.7428454912618
"2",0.333762634863209,28.2794967016824
"3",0.337217322437371,28.4008713138397
"4",0.308740037421742,28.0589942656491
"5",0.27792255970301,27.7172158643769
"6",0.246079631355644,27.0832898229946
"7",0.3052583855502,27.9148947110194
"8",0.333326699745933,28.2635085475968
"9",0,25.6148001554107
