"","obs","bmi"
"1",0.356651747253178,28.6501112819332
"2",0.326871534693613,28.1831423046693
"3",0.346483769879733,28.4074307110347
"4",0.337995126345952,28.1649029099509
"5",0.327099436125926,27.9225333409037
"6",0.245772704753887,27.0883157501912
"7",0.308837470665886,27.8681479574913
"8",0.336900529022417,28.3535515455273
"9",0,25.5764076374886
