"","obs","bmi"
"1",0.361231994086184,28.712168597111
"2",0.331381350137196,28.2535611929094
"3",0.340229855138453,28.3853260920132
"4",0.315766894030607,28.0585949782867
"5",0.292876450933421,27.7319774343538
"6",0.241191072762507,27.0355750646413
"7",0.306051904426578,27.8756118559196
"8",0.329696641275398,28.2632927566998
"9",0,25.6199002802831
