"","obs","bmi"
"1",0.365713297876428,28.7536192320261
"2",0.336648064815806,28.2990338305563
"3",0.340092693453918,28.4292589627358
"4",0.311759797714461,28.1051254150308
"5",0.286924054434437,27.7812292800007
"6",0.242761486930295,27.0259851111105
"7",0.309922855409403,27.9276779274884
"8",0.335019057440188,28.3379393067907
"9",0,25.6044617088744
