"","obs","bmi"
"1",0.358757089775004,28.7224996890479
"2",0.330888069241222,28.2677398564666
"3",0.340467570725246,28.3445433161882
"4",0.319238777790658,27.966962696173
"5",0.296228533704131,27.5897787333464
"6",0.24616466277734,27.0539703982012
"7",0.310432186270651,27.895956362253
"8",0.331812204271558,28.260162973986
"9",0,25.5746918366363
