"","obs","bmi"
"1",0.364691220226808,28.7683585020998
"2",0.336668438964562,28.31232831137
"3",0.355208673315865,28.5188613482698
"4",0.345326057222485,28.269532620482
"5",0.334626766798355,28.0203784031103
"6",0.243132712985132,27.1102661600483
"7",0.303282820866284,27.8751272645747
"8",0.331567931103206,28.2670155903119
"9",0,25.6167100497806
