"","obs","bmi"
"1",0.361439953238222,28.7235029725646
"2",0.330642343657427,28.2658709269657
"3",0.345110939135951,28.4492100612954
"4",0.330196349254256,28.1750882155853
"5",0.313749762844308,27.9011435273548
"6",0.248124993959288,27.1052939121792
"7",0.300688766028108,27.8727422196807
"8",0.334920380527167,28.2834164796428
"9",0,25.5728787427388
