"","obs","bmi"
"1",0.363872230012555,28.7263157542867
"2",0.332973383514284,28.2704111798749
"3",0.335870510690996,28.3917593170977
"4",0.308616598458507,28.0573488655156
"5",0.282587432033415,27.7230881974937
"6",0.240248966954564,27.0009717592321
"7",0.307067800505767,27.9329992620527
"8",0.336687988465667,28.2600966205974
"9",0,25.6258758816919
