"","obs","bmi"
"1",0.356155285883043,28.6609098781042
"2",0.326315881150722,28.1978622384209
"3",0.340753214011982,28.4129518046623
"4",0.32763521466881,28.1651684384951
"5",0.311298352470996,27.9175666796046
"6",0.244616670343401,27.0853600114342
"7",0.300717445738955,27.8766620232879
"8",0.328511721429761,28.2201329085283
"9",0,25.609688428556
