"","obs","bmi"
"1",0.368647207303669,28.7740999910953
"2",0.338227222545362,28.3179509762027
"3",0.351149116495256,28.5845257350861
"4",0.334115382435896,28.3949997858095
"5",0.317231655198053,28.2055239438057
"6",0.246209305569418,27.1126363244681
"7",0.302442378426669,27.8427734970996
"8",0.337901407879589,28.3067190433202
"9",0,25.5511265845067
