"","obs","bmi"
"1",0.359802901789345,28.7327871368222
"2",0.332828153778858,28.2788738945648
"3",0.334694649964974,28.3042866170986
"4",0.304999256389932,27.8762549188243
"5",0.27374877562256,27.4487225307316
"6",0.245495708393357,27.0983587585457
"7",0.311255795235443,27.9757611230932
"8",0.336081007438623,28.2608456799171
"9",0,25.6050128853292
