"","obs","bmi"
"1",0.363610992716827,28.7519038587151
"2",0.335695026027299,28.2943639149112
"3",0.343657718652156,28.4212844137755
"4",0.323891435110535,28.0908599177106
"5",0.297767253209091,27.7606371841135
"6",0.243254180630045,27.0603882323539
"7",0.302660226148885,27.888270420177
"8",0.334719921659353,28.2654121498917
"9",0,25.6276307076609
