"","obs","bmi"
"1",0.362043558259815,28.7227210322977
"2",0.335889320607748,28.2682367797688
"3",0.342251818180256,28.3325102165251
"4",0.318203649165138,27.9425465016075
"5",0.291950290884015,27.5528391575526
"6",0.246100744217722,27.0346459828029
"7",0.312962461054079,27.9822762585326
"8",0.327752494717602,28.2166969811823
"9",0,25.5710403167867
