"","obs","bmi"
"1",0.359037869477873,28.7063927170692
"2",0.328991765887376,28.2475796143808
"3",0.337573853042255,28.4512974584193
"4",0.314926501528827,28.196307535145
"5",0.289344441123086,27.9414251076858
"6",0.239507738453348,27.0453097635163
"7",0.306591283744685,27.8873070262641
"8",0.340704904456971,28.3358444685714
"9",0,25.6333870164959
