"","obs","bmi"
"1",0.364078853923872,28.7065733079531
"2",0.333658174824669,28.2474244060436
"3",0.347341999336553,28.4208699739949
"4",0.330424322661123,28.1352885349491
"5",0.311119173423833,27.849834243752
"6",0.245417448683032,27.074191973998
"7",0.309921421578037,27.9137366223361
"8",0.334549189030493,28.2812722883759
"9",0,25.5261338392531
