"","obs","bmi"
"1",0.362078186657521,28.7369834723109
"2",0.334545126400432,28.2800564105895
"3",0.3420533804842,28.523251843143
"4",0.319988499886668,28.3095434681754
"5",0.298811037754441,28.0958572720958
"6",0.239925428061466,27.0222503343368
"7",0.314905818408048,27.9027617303891
"8",0.33530891702513,28.3320476685591
"9",0,25.6368199340283
