"","obs","bmi"
"1",0.360449422523583,28.6936909039406
"2",0.33010759192446,28.2448351050534
"3",0.343923920682676,28.4337318710273
"4",0.323006620472507,28.173929231404
"5",0.302177894530556,27.9142876503239
"6",0.246727675164483,27.0889700527785
"7",0.309005251166039,27.9047088760138
"8",0.335310841055187,28.2959591635829
"9",0,25.5758643805621
