"","obs","bmi"
"1",0.363640957699845,28.6976817804223
"2",0.333750766719964,28.2434113260375
"3",0.341687305877198,28.4230682395871
"4",0.320389999668189,28.148576466837
"5",0.296804231354932,27.8742097350117
"6",0.239087011500079,27.0328875609222
"7",0.307495578637803,27.897240855047
"8",0.333558444892591,28.3095471629412
"9",0,25.5533210799901
