"","obs","bmi"
"1",0.359381118148395,28.6649124642267
"2",0.327915845233132,28.2071687472406
"3",0.336902072333959,28.3036588615894
"4",0.316483193780271,27.9426900552331
"5",0.293777841152555,27.5820187516494
"6",0.240596840338708,27.0387905474287
"7",0.309821437938735,27.9194209703049
"8",0.340833894809931,28.3486690073187
"9",0,25.5891357791742
