"","obs","bmi"
"1",0.355901899643373,28.7075170751702
"2",0.328425891050316,28.2502487632471
"3",0.335997233260032,28.2985404762267
"4",0.313470011266006,27.8898883934187
"5",0.290015524950272,27.481580715197
"6",0.242015567223586,27.083979816776
"7",0.304799522242163,27.901387482852
"8",0.334551544149229,28.3397697447078
"9",0,25.6167624421937
