"","obs","bmi"
"1",0.360567825826087,28.6999999649639
"2",0.328891102045193,28.244932054015
"3",0.338916322402046,28.3599209197909
"4",0.316794812919828,28.0201792724396
"5",0.293572539570761,27.680794475231
"6",0.245885246559723,27.0724202129372
"7",0.310060601970207,27.9271930722929
"8",0.33786825278221,28.3117249700822
"9",0,25.6306695337812
