"","obs","bmi"
"1",0.35948628392134,28.6947770883598
"2",0.329860696770647,28.2357607934237
"3",0.33625717941302,28.2843538183081
"4",0.309368121896933,27.874201272541
"5",0.284128432685279,27.4643317087219
"6",0.245020747427531,27.0705381004605
"7",0.305890731138183,27.8698145489047
"8",0.33065477378369,28.248403387814
"9",0,25.5625768171426
