"","obs","bmi"
"1",0.358249018586064,28.68320826971
"2",0.329033099760232,28.2303071470139
"3",0.346811265092254,28.4006400791282
"4",0.332587598263699,28.1183401535901
"5",0.317695360066994,27.8363212807855
"6",0.244176426223931,27.0613435569723
"7",0.30420501714518,27.898383591372
"8",0.328999390774458,28.257366282898
"9",0,25.5603489500835
