"","obs","bmi"
"1",0.359720584120185,28.7257647619704
"2",0.329263250896268,28.2668922420231
"3",0.33755086086036,28.4536594523425
"4",0.31516911140453,28.1816490987289
"5",0.288586754812744,27.9097354393807
"6",0.247659327030957,27.0855336868997
"7",0.304767170295615,27.8686848701555
"8",0.330267217297244,28.231171898288
"9",0,25.5909697328071
