"","obs","bmi"
"1",0.361847306569522,28.6728840595902
"2",0.332211336592787,28.2158048886406
"3",0.342688320969848,28.2914812182739
"4",0.322313430901999,27.910384794851
"5",0.299712809347335,27.5296090458899
"6",0.245753752338405,27.0859834194976
"7",0.306601098625975,27.9133470192557
"8",0.33509474289922,28.2912658584692
"9",0,25.5442828700051
