"","obs","bmi"
"1",0.361298444196442,28.7345513555985
"2",0.332025110110997,28.2782500617785
"3",0.345763438756075,28.4809983445235
"4",0.333577704827445,28.2275379946275
"5",0.318231974709125,27.9741723677831
"6",0.248268193197352,27.0720872522945
"7",0.308050052142,27.9177858892808
"8",0.336992544937659,28.3291558429285
"9",0,25.5740345918913
