"","obs","bmi"
"1",0.357957760727243,28.6756017933149
"2",0.33053202495042,28.2233560296945
"3",0.343597831445924,28.3647962548606
"4",0.328801925363219,28.054345832704
"5",0.312602662965504,27.7442729422952
"6",0.245178114837099,27.0631105375979
"7",0.311304657716042,27.9332723796387
"8",0.336590784354405,28.3056907695753
"9",0,25.6079113344397
