"","obs","bmi"
"1",0.361843026782105,28.737099242828
"2",0.331463463434936,28.2734603356479
"3",0.346064746173307,28.4865824734286
"4",0.328109527845281,28.2362846284081
"5",0.308812398677212,27.9862159832643
"6",0.242178878388929,27.0853441985084
"7",0.301052138819382,27.849773642528
"8",0.338321575708633,28.3181083164467
"9",0,25.6369918945189
