"","obs","bmi"
"1",0.364558102023016,28.7174366917216
"2",0.334950058248065,28.2665286971847
"3",0.350075906317235,28.4319441978399
"4",0.333252003021681,28.1467952003662
"5",0.315630730126275,27.8620108992978
"6",0.243654779133807,27.0649758497916
"7",0.302373809253046,27.841883290351
"8",0.336962541828846,28.2648633241593
"9",0,25.5835473897368
