"","obs","bmi"
"1",0.357912077909364,28.6858257156154
"2",0.326628540838322,28.223280477999
"3",0.332889764339805,28.3343947719384
"4",0.305404126811775,27.9831372820133
"5",0.277642374116107,27.6320580741086
"6",0.242486550232361,27.0624296687556
"7",0.304182438337107,27.8790793145851
"8",0.335004939006061,28.3014834295635
"9",0,25.6225011518478
