"","obs","bmi"
"1",0.353902342339938,28.6252428440943
"2",0.322782732089927,28.1586055299059
"3",0.332233270825043,28.3443128615863
"4",0.308571187112616,28.0634370476428
"5",0.282710719287273,27.7826157586562
"6",0.23993630281316,27.0405421645968
"7",0.303206538456229,27.8396714499784
"8",0.338363903327859,28.2869926786293
"9",0,25.595204513161
