"","obs","bmi"
"1",0.357105869815867,28.6205250990517
"2",0.327312354820051,28.1645022166639
"3",0.334341486332663,28.2648271299455
"4",0.311266800989226,27.9095839574972
"5",0.284808163084253,27.5548292442414
"6",0.245729060982894,27.0868606693879
"7",0.301296873419475,27.8554420780032
"8",0.337981370156516,28.3646022181518
"9",0,25.5834952385189
