"","obs","bmi"
"1",0.357954603418335,28.7205703248391
"2",0.33009172877794,28.2551529751949
"3",0.345785337183651,28.4562067686423
"4",0.335344429393313,28.191981795552
"5",0.323492818772015,27.9278998956336
"6",0.241968498099569,27.0886928177428
"7",0.315178924208272,27.9927447135993
"8",0.334071817723243,28.3284125821378
"9",0,25.6288460258192
