"","obs","bmi"
"1",0.358478740988689,28.6814441488493
"2",0.328576918610892,28.2220277171974
"3",0.339305433115844,28.3554466153926
"4",0.321084818148893,28.0297092751754
"5",0.299229735876167,27.7042440524767
"6",0.244927265780026,27.0872007334754
"7",0.311355773841926,27.9860626230048
"8",0.333441014060308,28.314658473368
"9",0,25.5993105804446
