"","obs","bmi"
"1",0.355937769317638,28.6579103281628
"2",0.327455662803854,28.2096805688803
"3",0.330005926519335,28.3363803586138
"4",0.296652935350536,28.0149412849696
"5",0.26705408390178,27.693593051324
"6",0.248382645033546,27.1016113492947
"7",0.30839279337694,27.9268922006614
"8",0.338331034131694,28.3347541818145
"9",0,25.5713274029957
