"","obs","bmi"
"1",0.360260223733004,28.7095977626535
"2",0.330512848148169,28.255011382591
"3",0.353611188153696,28.4576980944865
"4",0.347464720712775,28.2059503990258
"5",0.338427010278945,27.9543601705452
"6",0.240412396854545,27.0188641740599
"7",0.30661967376931,27.9413327063414
"8",0.328715246950497,28.2166842207356
"9",0,25.5971037496674
