"","obs","bmi"
"1",0.36080185755508,28.7035213989179
"2",0.332198617496961,28.23906781808
"3",0.342918273572208,28.444523190238
"4",0.325716399876338,28.1856038880588
"5",0.302951742707666,27.9267651632589
"6",0.244985867970473,27.1141051336477
"7",0.307122311255267,27.9268547813254
"8",0.335583675550924,28.2796144293786
"9",0,25.5709916778631
