"","obs","bmi"
"1",0.362975959364501,28.7871475572141
"2",0.333222600048719,28.3217051820692
"3",0.347748437909502,28.5245606335141
"4",0.329012865159792,28.2621284542157
"5",0.313094479513504,27.9998574418998
"6",0.249293611094077,27.1278648202005
"7",0.305943080340942,27.8935320825157
"8",0.336307720893644,28.273798732748
"9",0,25.6640756630242
