"","obs","bmi"
"1",0.356571603438624,28.6845774635112
"2",0.329319430868285,28.2235746594152
"3",0.33789431294197,28.3705019444478
"4",0.31447323299653,28.0565406074241
"5",0.292323153789241,27.7426967199024
"6",0.243833743202091,27.0998304419023
"7",0.308593117295809,27.8836002718158
"8",0.338365258415805,28.3456691609514
"9",0,25.6029624257459
