"","obs","bmi"
"1",0.35979454154392,28.6928651794423
"2",0.331291344235661,28.2349837178748
"3",0.340541765435075,28.339235801686
"4",0.31927802952595,27.9859834663685
"5",0.298391149321732,27.6331301424698
"6",0.241792559303927,27.0525596754625
"7",0.305958644110191,27.902676748832
"8",0.339829438693397,28.3472407670137
"9",0,25.5615097550364
