"","obs","bmi"
"1",0.365823893355323,28.7498591678938
"2",0.33655366875845,28.2919832830943
"3",0.345617127390885,28.4428318326131
"4",0.326140669115824,28.136022667425
"5",0.30478181694083,27.8294412518626
"6",0.247110481875309,27.082394686157
"7",0.309890191485893,27.9212303584516
"8",0.33348092585395,28.2703200471387
"9",0,25.5704218844394
