"","obs","bmi"
"1",0.365249653525444,28.7272637937971
"2",0.334225079155149,28.2723808746511
"3",0.34811408651246,28.4902252651623
"4",0.330448574599156,28.2533463683603
"5",0.314837942114603,28.0166332343017
"6",0.245527374312363,27.0641370040879
"7",0.307977776976974,27.9146165915952
"8",0.338111648953452,28.303537087442
"9",0,25.55485620881
