"","obs","bmi"
"1",0.359464846942522,28.7318018669579
"2",0.329893989531462,28.2801058476703
"3",0.344001885700869,28.4170672667832
"4",0.327156636469032,28.102580469353
"5",0.31157696329017,27.7883526974575
"6",0.243688340126518,27.0648515072531
"7",0.306901845834465,27.8849547369006
"8",0.331367353340629,28.2631578687841
"9",0,25.6383815254717
