"","obs","bmi"
"1",0.363996821951476,28.717959351761
"2",0.333397224153019,28.2540520877188
"3",0.333724411139741,28.3211872283339
"4",0.297576921011884,27.9246815318382
"5",0.267402047721117,27.5284516898924
"6",0.250013033957202,27.0887267553212
"7",0.312433701190656,27.9637918686396
"8",0.340045544573178,28.3625197220985
"9",0,25.535884763371
