"","obs","bmi"
"1",0.361455930046027,28.7450538798239
"2",0.330672149658851,28.2838817187936
"3",0.345180941009845,28.4230161309756
"4",0.325704644252858,28.1015565402436
"5",0.307332186708081,27.7807261686496
"6",0.250394553476113,27.1284255620462
"7",0.311072336399691,27.9513493335437
"8",0.338160931743427,28.3007737724725
"9",0,25.6865044380382
