"","obs","bmi"
"1",0.362244743792797,28.7558201074829
"2",0.331847475010002,28.2985302651611
"3",0.341328798773809,28.4920250727949
"4",0.323205901812678,28.228337589885
"5",0.302154144473897,27.9647599496814
"6",0.244725449889573,27.0637790663623
"7",0.301089248897205,27.8337836042911
"8",0.337458763959696,28.2804224757261
"9",0,25.5955239595582
