"","obs","bmi"
"1",0.362962072477021,28.735718124851
"2",0.335925017977989,28.2784800467908
"3",0.3371593289615,28.3706491447161
"4",0.308203902888919,28.0057295756253
"5",0.280709412025479,27.640962494139
"6",0.243223552191524,27.0967549091488
"7",0.311493310994948,27.9350509456934
"8",0.337930179532453,28.3009468034322
"9",0,25.597790900586
