"","obs","bmi"
"1",0.358686029117723,28.6808376850106
"2",0.326280162579949,28.2167756075248
"3",0.353358399817222,28.4459099752864
"4",0.346861879940613,28.2111325585464
"5",0.340063591890724,27.9765115338175
"6",0.247197448547971,27.1192518794519
"7",0.313137484203435,27.9201891372931
"8",0.327325919188528,28.2320654660636
"9",0,25.5965745145847
