"","obs","bmi"
"1",0.357146793387171,28.6851774893988
"2",0.327435050798046,28.2291404220725
"3",0.336750274946295,28.358379879556
"4",0.315542330559088,28.0318290326477
"5",0.296220472289172,27.7055355561594
"6",0.247337000262336,27.1227893684614
"7",0.307551485415889,27.950176410308
"8",0.334981947746278,28.3184716783435
"9",0,25.6068075729979
