"","obs","bmi"
"1",0.361828739805281,28.7365011676228
"2",0.333379411600045,28.2785095096635
"3",0.352271119795224,28.4846567100118
"4",0.34155168396796,28.2332632105512
"5",0.330842098125486,27.9823568199093
"6",0.24077380094849,27.058338199586
"7",0.30241687194953,27.8792916599313
"8",0.329667792382593,28.2120312657088
"9",0,25.5940569410159
