"","obs","bmi"
"1",0.362043558259815,28.7227210322977
"2",0.334073619590787,28.2603367776164
"3",0.348900969246642,28.3910154151878
"4",0.335442464081963,28.0595652872932
"5",0.321974044828915,27.7283818791036
"6",0.246100744217722,27.0346459828029
"7",0.312962461054079,27.9822762585326
"8",0.327752494717602,28.2166969811823
"9",0,25.5710403167867
