"","obs","bmi"
"1",0.360896026652783,28.644541334569
"2",0.330455454610842,28.1852368406384
"3",0.338318384646944,28.2613583692307
"4",0.316863717774675,27.8784344376575
"5",0.2919008459565,27.495780431359
"6",0.244025722081608,27.1259561139543
"7",0.304871225774223,27.8846569829899
"8",0.340173992688165,28.2863610778032
"9",0,25.5400384474391
