"","obs","bmi"
"1",0.360403834406812,28.7305958972386
"2",0.329557264727484,28.2745080232492
"3",0.335072016660403,28.3670761957959
"4",0.309667202311586,28.0038054555807
"5",0.290274958661898,27.6407943981737
"6",0.245741954699787,27.0584624485226
"7",0.312779310137674,27.9677406886871
"8",0.336650202849032,28.3032524608259
"9",0,25.6222597021203
