"","obs","bmi"
"1",0.357618132638769,28.6835127855
"2",0.328872974195211,28.2221110573995
"3",0.340180984769337,28.2794795954274
"4",0.323947624574238,27.875887150488
"5",0.306838062183317,27.472762106197
"6",0.247251133253236,27.0906657233346
"7",0.306099371796617,27.845164119332
"8",0.338599090770443,28.3297246733528
"9",0,25.5493774812198
