"","obs","bmi"
"1",0.362493877658382,28.7377748335078
"2",0.335504900234286,28.2831039849484
"3",0.340088102717719,28.4249829666695
"4",0.312307189439074,28.1123313744714
"5",0.289964556146822,27.7998228907033
"6",0.245565981666076,27.1012875020121
"7",0.31160798309476,27.9090025920023
"8",0.329842071709376,28.241700370745
"9",0,25.6304053356596
