"","obs","bmi"
"1",0.357293553224692,28.6891945562909
"2",0.32841116391763,28.2269910583434
"3",0.342282051275092,28.400225043309
"4",0.327904973073555,28.1114074298144
"5",0.314758534069806,27.8227468741259
"6",0.244389514255929,27.0959574487491
"7",0.306072454379977,27.8784064513261
"8",0.331318754371778,28.2952171663432
"9",0,25.6115037024062
