"","obs","bmi"
"1",0.364936811168452,28.7211720011151
"2",0.333112892287102,28.258449550155
"3",0.351139941542611,28.440643087398
"4",0.33537707194809,28.1602911848616
"5",0.321145556482593,27.8801228309621
"6",0.245376789221881,27.0967919435795
"7",0.308956242534354,27.9137932693043
"8",0.331838872199057,28.2743583128539
"9",0,25.5433447765113
