"","obs","bmi"
"1",0.358233631970662,28.6602783397697
"2",0.329344526498821,28.1982040527573
"3",0.337396866965329,28.3400204642165
"4",0.314225646668816,28.019973471723
"5",0.288337168876258,27.7001449646047
"6",0.240681211731507,27.0388488679189
"7",0.302981693688381,27.896584157978
"8",0.333753734107109,28.2818009396813
"9",0,25.5629200126996
