"","obs","bmi"
"1",0.356574347916047,28.7146045776021
"2",0.326728171555627,28.2559831437214
"3",0.338383592031267,28.4461966810096
"4",0.321154043805773,28.1778815713245
"5",0.304020902415549,27.9096616141101
"6",0.245962265394957,27.1048742662481
"7",0.306431944291897,27.9220728942025
"8",0.332619795793765,28.3253987984481
"9",0,25.5942300509009
