"","obs","bmi"
"1",0.36012507410031,28.7347883173598
"2",0.330765623342699,28.2694337712691
"3",0.329628427521741,28.3504474937505
"4",0.293726830974269,27.9663251091017
"5",0.264961748132031,27.5824283878526
"6",0.246115850029802,27.0750877979501
"7",0.311644316982633,27.9381974509831
"8",0.332379141518996,28.2756383309971
"9",0,25.6410991963843
