"","obs","bmi"
"1",0.35852004247454,28.6869379729131
"2",0.328133052528208,28.2317723556639
"3",0.345765058269506,28.4577939199034
"4",0.333326725687459,28.2287503971247
"5",0.319263217625012,27.9998102027619
"6",0.239503658331412,27.0656387779607
"7",0.312944653673424,27.9325594014449
"8",0.333135759089709,28.2786785709266
"9",0,25.5793303592308
