"","obs","bmi"
"1",0.369472152148391,28.8117453906712
"2",0.340514742585237,28.3541504694609
"3",0.354910868075462,28.4608937377038
"4",0.336945914160925,28.1104115346762
"5",0.318925246445529,27.7603206721809
"6",0.245199604629348,27.0687259398979
"7",0.313203438433514,27.9383447853592
"8",0.333629825633278,28.2935444779442
"9",0,25.5706492744649
