"","obs","bmi"
"1",0.354338658493865,28.6704071419054
"2",0.326508725013934,28.2075554485569
"3",0.335671179026789,28.3521563303701
"4",0.315762611996167,28.0340406096946
"5",0.294843238383943,27.7160629418019
"6",0.243286614236368,27.0056781996004
"7",0.31065263630056,27.9307152934733
"8",0.338421116235366,28.3700615863619
"9",0,25.5953699899133
