"","obs","bmi"
"1",0.353043211821846,28.6340842209799
"2",0.32401795103894,28.1723604804951
"3",0.333839218017112,28.3421789126362
"4",0.313877107078276,28.0504157686661
"5",0.29117389021295,27.7587991264925
"6",0.249294525681222,27.0650077505177
"7",0.30793057719159,27.9094649382116
"8",0.336590397034128,28.2821725210982
"9",0,25.587851422038
