"","obs","bmi"
"1",0.353332672469534,28.6455326497757
"2",0.325260787485729,28.1900376482636
"3",0.337962286491602,28.2700228232795
"4",0.321538081842334,27.8949490528144
"5",0.303968118778197,27.5203375110396
"6",0.242132832173365,27.0725776478012
"7",0.313041929818755,27.9388821589935
"8",0.332408466824965,28.2764717271926
"9",0,25.5755863922066
