"","obs","bmi"
"1",0.364539530410462,28.712791847109
"2",0.332588492131743,28.2518222751115
"3",0.326450812890238,28.3055784324883
"4",0.287056624424796,27.8985048131059
"5",0.254189194170501,27.4915701790498
"6",0.240962756377688,27.0629589514635
"7",0.304092084814445,27.8612773489093
"8",0.337044377348872,28.2925264433028
"9",0,25.5722361748132
