"","obs","bmi"
"1",0.357871360891747,28.6941351051764
"2",0.329879832315155,28.2370616957544
"3",0.342691290915553,28.41816063574
"4",0.323673400681134,28.1423243082954
"5",0.305646067437271,27.8666318035858
"6",0.244597888702676,27.047740628714
"7",0.307358777480907,27.9081653415091
"8",0.337909038920336,28.30271513851
"9",0,25.5627881180414
