"","obs","bmi"
"1",0.362072492919964,28.7280610964229
"2",0.330850906529794,28.2696288096462
"3",0.351963492666019,28.4891994750794
"4",0.338590088243478,28.2504758253526
"5",0.325836679004184,28.0118960909068
"6",0.249790686488574,27.1246348403373
"7",0.311636619247713,27.9294622219877
"8",0.333043078862737,28.2642469074566
"9",0,25.6346007406852
