"","obs","bmi"
"1",0.361272312591443,28.66105726514
"2",0.330707791873024,28.1986942148975
"3",0.325928671495262,28.1673024605901
"4",0.282066472413757,27.6739378693362
"5",0.245683039746144,27.1809834624389
"6",0.239193353945045,27.0253241549727
"7",0.3094608693967,27.9116396136787
"8",0.335509499964264,28.2718978307783
"9",0,25.5432926798256
