"","obs","bmi"
"1",0.366163827256684,28.7216157285849
"2",0.335289473799689,28.2554510820525
"3",0.346284615237827,28.3933076072849
"4",0.326587151503735,28.0651606584123
"5",0.304055232489719,27.7371798904438
"6",0.252161927458624,27.1396884002674
"7",0.310973607690932,27.9086963969391
"8",0.336002008600173,28.2985215062275
"9",0,25.5514065691674
