"","obs","bmi"
"1",0.368784116321477,28.7596777874501
"2",0.339336955649427,28.3063104437082
"3",0.357098423555167,28.4840371665403
"4",0.344118122473409,28.2085430843376
"5",0.331496482948773,27.9332006886112
"6",0.25213192578711,27.1571504195998
"7",0.309689807705304,27.9242221271449
"8",0.330545102897468,28.2488110890984
"9",0,25.5241985989773
