"","obs","bmi"
"1",0.357334850502319,28.7091898756841
"2",0.328137270048146,28.2541238577103
"3",0.333976135320888,28.3347789637962
"4",0.305729004401575,27.9605302305463
"5",0.279056815163122,27.5864474554281
"6",0.245022388981747,27.1104380272155
"7",0.311961917693434,27.958783045092
"8",0.33188264476079,28.2893880664869
"9",0,25.5854780542652
