"","obs","bmi"
"1",0.351048165314417,28.6481082410303
"2",0.321689794212046,28.1879447253778
"3",0.326292444358231,28.3353862902083
"4",0.30041157960895,28.0227834413714
"5",0.276141254828175,27.7103046212148
"6",0.241744896411424,27.0705646081013
"7",0.305066069281925,27.8602590244259
"8",0.331526541321582,28.2765704217124
"9",0,25.6276434172277
