"","obs","bmi"
"1",0.359114809253864,28.7118595893474
"2",0.331908286490155,28.2552280928715
"3",0.337651766854864,28.3387350395327
"4",0.314216246478775,27.9658510282978
"5",0.288231346124275,27.5932175179079
"6",0.241998395372311,27.0185089518036
"7",0.304330171093972,27.9098889612106
"8",0.335709657085329,28.3204324589376
"9",0,25.5805678321788
