"","obs","bmi"
"1",0.360021418045802,28.6467170210192
"2",0.331251860444135,28.1883007379741
"3",0.340931541273999,28.3827838148892
"4",0.321475867788542,28.1189432315766
"5",0.300770007334857,27.8551977931233
"6",0.242284252355193,27.0588818596078
"7",0.310595431551773,27.9341555074116
"8",0.334399294609781,28.2541247273373
"9",0,25.5732859153909
