"","obs","bmi"
"1",0.358284908357718,28.6577694422526
"2",0.328328732546976,28.1992176343284
"3",0.343476101751406,28.3847264602768
"4",0.33095577437942,28.1118273274652
"5",0.314033733625347,27.8390764822727
"6",0.242073548820731,27.0558178687307
"7",0.305690435787914,27.8737019233221
"8",0.335549388444367,28.344127590503
"9",0,25.5430632925048
