"","obs","bmi"
"1",0.362034003285301,28.7364686408734
"2",0.331287959093679,28.2652247879578
"3",0.348570408696352,28.517027877703
"4",0.33467830128354,28.2976952002003
"5",0.319451329527365,28.0784734901015
"6",0.244943032405496,27.0879173080088
"7",0.308391481573753,27.8608075927473
"8",0.333726231460551,28.2597957441972
"9",0,25.5870780202216
