"","obs","bmi"
"1",0.356468139314141,28.6740123210937
"2",0.325731385478256,28.2156437005601
"3",0.344477565647271,28.3858211971477
"4",0.329970168096624,28.0979233393205
"5",0.315285237400729,27.8103350427733
"6",0.241423661201168,27.0836557404399
"7",0.307233075396939,27.9164682372923
"8",0.329537458522173,28.2376341549585
"9",0,25.6250125774431
