"","obs","bmi"
"1",0.357498831253818,28.6531861647377
"2",0.327643152460385,28.194351518904
"3",0.342057017842917,28.356797041727
"4",0.324695045073553,28.0605607166946
"5",0.306880120666554,27.7644818109082
"6",0.247700510508144,27.0721981612456
"7",0.306986736167659,27.88648617126
"8",0.338495821116089,28.3218635736533
"9",0,25.6010989538507
