"","obs","bmi"
"1",0.352847746384932,28.6428286441838
"2",0.322762472760858,28.1818034404625
"3",0.329123904642226,28.3124185102235
"4",0.301146517414738,27.9821256973186
"5",0.269321239315031,27.6519521931021
"6",0.248342490947252,27.0873432779921
"7",0.31250420383318,27.9340590582058
"8",0.341024025838503,28.3419058997082
"9",0,25.6447559535967
