"","obs","bmi"
"1",0.354613217731312,28.644563287702
"2",0.325267801002274,28.1892090069991
"3",0.330758212038187,28.305758343246
"4",0.304256697476348,27.967262709738
"5",0.280498269289776,27.6290925705907
"6",0.242927893058155,27.0539699381227
"7",0.307628608217577,27.9503126386372
"8",0.336059279043653,28.2739592519522
"9",0,25.5788173943031
