"","obs","bmi"
"1",0.359515527088286,28.7118933901653
"2",0.329643299724656,28.256568333529
"3",0.337376313517452,28.4003742906909
"4",0.316751145668482,28.089090623057
"5",0.293182509585905,27.7780531199272
"6",0.252847139289785,27.1253761306691
"7",0.307114091097023,27.9096142553675
"8",0.335436805625827,28.2854204564134
"9",0,25.626730937442
