"","obs","bmi"
"1",0.356404150942224,28.6791626906127
"2",0.325818865773508,28.2159088275811
"3",0.345373865448646,28.4748154413601
"4",0.334100723594309,28.270545331956
"5",0.323979082583225,28.0663548486094
"6",0.244508043260567,27.096882455773
"7",0.303625645142822,27.8595511862702
"8",0.332357431688287,28.2764560017577
"9",0,25.6296491057353
