"","obs","bmi"
"1",0.358122014697273,28.6958120448279
"2",0.326942395789699,28.2357572513678
"3",0.335395038642837,28.376628441002
"4",0.312705120250004,28.0578294733868
"5",0.289274344103864,27.7394383148226
"6",0.245142708921591,27.0878997419937
"7",0.309541199304439,27.887839880019
"8",0.331339627747145,28.2552287745681
"9",0,25.6023461567467
