"","obs","bmi"
"1",0.364472384034033,28.767093152647
"2",0.336060349726471,28.3125428486446
"3",0.351277348542478,28.4191421346534
"4",0.337201381689088,28.071479918097
"5",0.322210901345086,27.7241218819902
"6",0.242577675111722,27.0607501602113
"7",0.306947145438517,27.9151668040917
"8",0.338683107586696,28.3497146771967
"9",0,25.5910391302193
