"","obs","bmi"
"1",0.361959552184912,28.7162200821359
"2",0.334255426033731,28.2591699939317
"3",0.340262881844023,28.3953472124239
"4",0.314990183791011,28.0746317619429
"5",0.28893428401044,27.7540782547972
"6",0.246300234928835,27.1343639958855
"7",0.308667788430686,27.9064299610416
"8",0.334812225482116,28.2854191209967
"9",0,25.6083053383888
