"","obs","bmi"
"1",0.364877899010187,28.7568657275374
"2",0.336224082788677,28.299728326736
"3",0.35137918023319,28.4159060942541
"4",0.337324996276175,28.0752349576518
"5",0.319049458602625,27.7348661201272
"6",0.246195146500716,27.0654491779064
"7",0.307828407476242,27.8782771960053
"8",0.336418265889054,28.2697066893836
"9",0,25.6417260316722
