"","obs","bmi"
"1",0.355164805918697,28.6260233299428
"2",0.326412385559608,28.1623505579929
"3",0.333268728978248,28.2658739266746
"4",0.307672627253148,27.9059867556842
"5",0.279221172740278,27.5463731682153
"6",0.244787401812923,27.0791851604584
"7",0.302028457071282,27.839301357633
"8",0.329130850970716,28.2684625613172
"9",0,25.5991222610902
