"","obs","bmi"
"1",0.36568396217503,28.7353048485814
"2",0.335709230443459,28.2761923073488
"3",0.338366638412183,28.3297445494919
"4",0.308516252863683,27.9245317198393
"5",0.2798919643308,27.5196848232649
"6",0.245058508349917,27.0388057411162
"7",0.307033286705203,27.8869214762793
"8",0.329993315615975,28.2010367291976
"9",0,25.5515623886565
