"","obs","bmi"
"1",0.356574926633402,28.6920509023728
"2",0.325648123522017,28.2376990923545
"3",0.329420648446608,28.37225644513
"4",0.301341020637971,28.0526521868667
"5",0.270054420054196,27.7332447275066
"6",0.242624914024993,27.0476929916151
"7",0.302742405305718,27.8723505741724
"8",0.339736815078387,28.3038232902349
"9",0,25.6163638826029
