"","obs","bmi"
"1",0.362123391914836,28.6588433494073
"2",0.330840623635143,28.1950114675626
"3",0.34582495714404,28.2956235994936
"4",0.329068288666982,27.9327887613233
"5",0.311265651675283,27.5703611224685
"6",0.243579075482967,27.0665882980956
"7",0.305919391170815,27.8692879973482
"8",0.338589602853458,28.3550649399811
"9",0,25.5662793289965
