"","obs","bmi"
"1",0.358504879804333,28.6951176632013
"2",0.329816791780008,28.2465956669009
"3",0.334226395846906,28.3720491262329
"4",0.305283937054274,28.0491155446832
"5",0.278850937238758,27.7263201542767
"6",0.243233764036941,27.0394757856373
"7",0.30718407485375,27.9211251395137
"8",0.324631704704092,28.18347901478
"9",0,25.6226895612336
