"","obs","bmi"
"1",0.358583370856363,28.7228235595122
"2",0.329377799937434,28.2577790221218
"3",0.332413127551033,28.3460400142099
"4",0.307279958838557,27.9694607764863
"5",0.283024004550474,27.5930935969946
"6",0.242345493121058,27.0403630360465
"7",0.311287174821351,27.9264677414945
"8",0.330315173716506,28.1823077475975
"9",0,25.6033728048843
