"","obs","bmi"
"1",0.353040732552441,28.6445460598882
"2",0.322112064515723,28.1938496050039
"3",0.328745287078973,28.259808482679
"4",0.301321734042984,27.8753881072839
"5",0.278973515548827,27.4913009625317
"6",0.240356392793346,27.0264350144539
"7",0.310743677399735,27.9410416262728
"8",0.331351344623615,28.2447422032379
"9",0,25.6076628990386
