"","obs","bmi"
"1",0.357357235342579,28.6253622238258
"2",0.328325169522297,28.1703077467972
"3",0.338431033920956,28.3707449313687
"4",0.320171997691274,28.1162535586755
"5",0.296719917412758,27.8618911286185
"6",0.246382922144379,27.0766810403434
"7",0.312731785234022,27.9785520171812
"8",0.335725427713641,28.3119460563172
"9",0,25.5693161019695
