"","obs","bmi"
"1",0.369890094690519,28.7666313001768
"2",0.341332579158048,28.3198990087122
"3",0.354395098163254,28.4700120402236
"4",0.33372673204906,28.1735144616338
"5",0.315578023050323,27.8771409777548
"6",0.242605130323505,27.0475061735493
"7",0.307243452178341,27.9162849267582
"8",0.331291633284248,28.239566736879
"9",0,25.5867394012856
