"","obs","bmi"
"1",0.3624019237219,28.6860205638033
"2",0.332942222778217,28.2311138652369
"3",0.339322598198586,28.3094124965393
"4",0.309908920694834,27.9330314590784
"5",0.279385225942079,27.5568851876254
"6",0.24617280627175,27.0704268310185
"7",0.30750887637756,27.8660886882896
"8",0.337931769883217,28.3222376124109
"9",0,25.5527395195799
