"","obs","bmi"
"1",0.358659145834118,28.6721903024932
"2",0.329449832811239,28.2115180235279
"3",0.332668255278763,28.311421303614
"4",0.299383231988253,27.9508258925245
"5",0.271822078467798,27.590408423855
"6",0.246159905011938,27.0244191731658
"7",0.305586008125455,27.8395271307814
"8",0.334688361528591,28.2369136354588
"9",0,25.5969357395648
