"","obs","bmi"
"1",0.363762141654026,28.713632287942
"2",0.333964887810895,28.2611549073374
"3",0.351091406671141,28.3990917909706
"4",0.335734759334499,28.0847119295181
"5",0.316828697808638,27.7704984144635
"6",0.234854919751224,26.9964118656733
"7",0.303657049537564,27.8344804861162
"8",0.335230640067191,28.3000582138677
"9",0,25.5990173098936
