"","obs","bmi"
"1",0.359942274589823,28.6994564485627
"2",0.328301852809998,28.2322358024376
"3",0.32840170871456,28.3764289593924
"4",0.294736076568245,28.053537534997
"5",0.263995949896695,27.730783919831
"6",0.243091736131406,27.0869138438129
"7",0.307560984782837,27.9040659970574
"8",0.329907555615101,28.2148323967502
"9",0,25.6090600890157
