"","obs","bmi"
"1",0.365690328994356,28.7382983537853
"2",0.335920645097212,28.2828791685066
"3",0.342904969996385,28.405799480687
"4",0.317873145779097,28.0734467297153
"5",0.292677685867677,27.7412435278586
"6",0.242777190218887,27.0397647188327
"7",0.312312506650369,27.9532868518019
"8",0.331799086043453,28.2631953362815
"9",0,25.5981124494743
