"","obs","bmi"
"1",0.360256415704014,28.643442765235
"2",0.331160869734373,28.1875387039081
"3",0.34429971552309,28.3764357642755
"4",0.329126875197863,28.1095866868116
"5",0.311261714623505,27.8429008652107
"6",0.248027788996651,27.0642423952397
"7",0.302389620428828,27.8523102240099
"8",0.337315696582914,28.2851406681618
"9",0,25.5671777801585
