"","obs","bmi"
"1",0.363155920471709,28.7752660488318
"2",0.333260160981539,28.3112636965578
"3",0.342176034934665,28.4712489520683
"4",0.32100031631574,28.1675639005025
"5",0.29672990346925,27.8642297923874
"6",0.24538638279053,27.0710535342642
"7",0.305887728865078,27.8753341570471
"8",0.335716595775434,28.3057463511776
"9",0,25.5964367904408
