"","obs","bmi"
"1",0.364449932328892,28.7141854515027
"2",0.334924823422725,28.2537257363494
"3",0.340837555028562,28.4223868486797
"4",0.312725499405074,28.130691192981
"5",0.28593408681296,27.8390991811783
"6",0.244907702211297,27.0660665534339
"7",0.31188657619975,27.9551797206043
"8",0.340383260143675,28.3430912954079
"9",0,25.5734195184606
