"","obs","bmi"
"1",0.361584436235302,28.6738497790483
"2",0.331006922995129,28.2131004993044
"3",0.350913007002478,28.4239524962448
"4",0.339676061095481,28.1742999903965
"5",0.330104982854132,27.9249033020514
"6",0.243486048490495,27.049233952686
"7",0.306026347458208,27.9219808845104
"8",0.337005539159167,28.3044126651199
"9",0,25.6256377210259
