"","obs","bmi"
"1",0.359265765478727,28.7152011239088
"2",0.329621090788531,28.2524352857912
"3",0.344133905797051,28.3492038593307
"4",0.328438078876745,27.9835448889411
"5",0.311356106412002,27.6182437117574
"6",0.2468761248946,27.1082607243465
"7",0.308809609065612,27.903993025661
"8",0.331925910006466,28.2946533060152
"9",0,25.6265383028754
