"","obs","bmi"
"1",0.363586798931423,28.7386773980048
"2",0.33637089801885,28.2850583417232
"3",0.35695269618614,28.5085524293531
"4",0.348259191065691,28.2787162645229
"5",0.340567607195785,28.0491848835593
"6",0.245849431399412,27.0943365167102
"7",0.303062833094774,27.8677322284228
"8",0.342758980502729,28.3751534861871
"9",0,25.5683825482517
