"","obs","bmi"
"1",0.358846830657427,28.7350837658904
"2",0.331318052606759,28.2793459884045
"3",0.339934699860023,28.4189236100502
"4",0.323941023497586,28.1029860638799
"5",0.300808035006061,27.7872803366386
"6",0.246608018760891,27.1079404831458
"7",0.308043960283631,27.8885492559861
"8",0.332553539444902,28.1999473004425
"9",0,25.6369737726326
