"","obs","bmi"
"1",0.357377937407521,28.6993108883157
"2",0.32662893104234,28.2332878937345
"3",0.336130192008068,28.3476462107928
"4",0.316329167903956,27.9965295882514
"5",0.292612200437946,27.646008570227
"6",0.244801552593207,27.0828526855221
"7",0.307161071891782,27.8845640209722
"8",0.333536244611865,28.2205477263743
"9",0,25.6299593186873
