"","obs","bmi"
"1",0.355937037447784,28.6317889616767
"2",0.326827059775798,28.1691003845444
"3",0.332757117296263,28.2267276489665
"4",0.30838908982881,27.8218980469968
"5",0.278449877412991,27.4173103308462
"6",0.241584855458986,27.064794717403
"7",0.311294259929996,27.9329809044056
"8",0.332847082814841,28.2555110874387
"9",0,25.616533632465
