"","obs","bmi"
"1",0.35807310423722,28.6927404652143
"2",0.330009142868753,28.2224201559239
"3",0.34109543630431,28.3577288951399
"4",0.321821106374422,28.0232778919721
"5",0.3039150046211,27.6894335396579
"6",0.248319014070458,27.1402243590918
"7",0.312690033049647,27.9590699118921
"8",0.336615856747207,28.2896006016737
"9",0,25.58388164848
