"","obs","bmi"
"1",0.361144956743528,28.7168910637106
"2",0.330023993683232,28.2581223866852
"3",0.341124961211452,28.4848879462569
"4",0.319616030150136,28.2529429959088
"5",0.301708687188132,28.0210574864995
"6",0.243250566315729,27.039903194139
"7",0.309214612113988,27.9470393594438
"8",0.336901508625275,28.2960202312682
"9",0,25.5525046978798
