"","obs","bmi"
"1",0.356394023010093,28.6544544831519
"2",0.327930897235948,28.1927714097592
"3",0.340978359016003,28.3243466998351
"4",0.324292487315643,27.9946386099229
"5",0.308368471668766,27.6653551697608
"6",0.251462703508007,27.1398713865709
"7",0.307886271877105,27.9327409246251
"8",0.32993511314439,28.256008681666
"9",0,25.57356820155
