"","obs","bmi"
"1",0.366633672219458,28.7908146161075
"2",0.337429302167781,28.3270797730509
"3",0.35571974408632,28.499095644729
"4",0.33977279199212,28.2076280174903
"5",0.323599394978316,27.9164237453086
"6",0.240589869211497,27.0563194141218
"7",0.306615208157861,27.9068728622158
"8",0.335707885880175,28.2582914016456
"9",0,25.6456384787547
