"","obs","bmi"
"1",0.361260534774105,28.7155658486835
"2",0.332629089024968,28.2588279103469
"3",0.354912001245757,28.5109865082676
"4",0.34708327457287,28.3065609454832
"5",0.340469630279681,28.102295647925
"6",0.24373761300213,27.0975742837566
"7",0.30533270506232,27.9078522142769
"8",0.331988741298688,28.2403877265928
"9",0,25.5687383062146
