"","obs","bmi"
"1",0.357112946555484,28.6529918621855
"2",0.328375219629646,28.1894081683199
"3",0.332537268423107,28.2504903893623
"4",0.305932927247776,27.8482312792477
"5",0.280360647173181,27.4462236341269
"6",0.24352369353597,27.0871976486566
"7",0.309703755672845,27.9376007341421
"8",0.338131688862637,28.3464183254568
"9",0,25.5809863156223
