"","obs","bmi"
"1",0.360116535506518,28.6565926074718
"2",0.32908573084281,28.1992701988901
"3",0.337091948111014,28.334482611572
"4",0.314699402768737,28.0125188784641
"5",0.29135962509737,27.690704954006
"6",0.240507498990308,26.9607531704726
"7",0.307564326273477,27.9044057957659
"8",0.340185389592307,28.3229955868447
"9",0,25.5494440793916
