"","obs","bmi"
"1",0.359916135250249,28.722829915941
"2",0.330961051453263,28.2667001860512
"3",0.34377020028384,28.4649712029601
"4",0.32915718608514,28.2072475262918
"5",0.310610129336938,27.9496629635133
"6",0.245160890463764,27.0933336443866
"7",0.307221930246507,27.8802713552992
"8",0.337509187352399,28.2780243017037
"9",0,25.6235732500023
