"","obs","bmi"
"1",0.356210326445122,28.65613757937
"2",0.327807270697504,28.1947715245439
"3",0.34543621123824,28.3848796063183
"4",0.334746841726339,28.1139089220517
"5",0.325928707036389,27.8432396263165
"6",0.249292135421315,27.1132057177346
"7",0.307723859773401,27.8950837001849
"8",0.332523530494077,28.2545707375937
"9",0,25.5813351605936
