"","obs","bmi"
"1",0.364118317951935,28.726114758376
"2",0.334282808892277,28.2702018159785
"3",0.350413983048016,28.4023270052691
"4",0.338402428746535,28.0790280071462
"5",0.323642321567423,27.7562536879623
"6",0.241883695534544,27.076796099209
"7",0.303430601011687,27.8856404584218
"8",0.335004623491039,28.27884432616
"9",0,25.5607473525464
