"","obs","bmi"
"1",0.358060710462083,28.7014403702047
"2",0.329994556370498,28.2337209077634
"3",0.34690852022687,28.5023731077381
"4",0.336629704428828,28.3034148491693
"5",0.325376287870476,28.1045689408756
"6",0.247469775619598,27.0915507659216
"7",0.30116309438379,27.8270138527092
"8",0.335706178316901,28.2720856992101
"9",0,25.5608129793501
