"","obs","bmi"
"1",0.36651300184368,28.7672888086522
"2",0.336708660732013,28.3153799141676
"3",0.340184200082291,28.4551585026336
"4",0.313656207326951,28.1431733003065
"5",0.28505154256018,27.8313371877466
"6",0.243772953763333,27.0836395989126
"7",0.309564390927933,27.885197756089
"8",0.332156421645794,28.3121861517166
"9",0,25.6013884822058
