"","obs","bmi"
"1",0.356850405740742,28.6826280545336
"2",0.327606173203076,28.2252364103072
"3",0.347639295195437,28.4799721886445
"4",0.339197595287893,28.277433420222
"5",0.330717660997594,28.0750163967547
"6",0.241492123714669,27.0482157694491
"7",0.307073947714481,27.8934107130867
"8",0.334727753075174,28.2965629496796
"9",0,25.5405896431713
