"","obs","bmi"
"1",0.362565703233077,28.7752816210167
"2",0.332098831304164,28.3126488322128
"3",0.338542062282768,28.378461776864
"4",0.311298328326117,27.9820550040518
"5",0.28490241890217,27.5860885394298
"6",0.248453775069771,27.1219374515736
"7",0.311138319719782,27.8968857638999
"8",0.331476031166748,28.2866458009327
"9",0,25.6463544810061
