"","obs","bmi"
"1",0.364221181567282,28.7549929319648
"2",0.334803185994977,28.3007306994948
"3",0.35292043203542,28.4737282943663
"4",0.343777237364714,28.1927930471564
"5",0.332046843061612,27.9122054503099
"6",0.247348686850787,27.0667544095353
"7",0.315517824274422,27.9608979948281
"8",0.333732444511673,28.3020789811628
"9",0,25.5848740398263
