"","obs","bmi"
"1",0.355626518518331,28.6484521651016
"2",0.325473711370482,28.1881750213278
"3",0.339880879409512,28.364726788772
"4",0.323895327486421,28.0811703109401
"5",0.305869411324166,27.7977891585098
"6",0.245130017973327,27.0637553867024
"7",0.30804103641612,27.9087226956138
"8",0.337966295924572,28.3013023385012
"9",0,25.5966420108997
