"","obs","bmi"
"1",0.357585670535693,28.6680397749258
"2",0.32509723862141,28.2090619468578
"3",0.328422133234867,28.3725425483407
"4",0.2978910705907,28.077128628016
"5",0.272451336208663,27.7817968129669
"6",0.244715336027442,27.0597577946913
"7",0.303470619350067,27.8566431702329
"8",0.32732692032846,28.2454224991469
"9",0,25.5678080122962
