"","obs","bmi"
"1",0.358496587165658,28.6847250196264
"2",0.328977956768141,28.2130589082592
"3",0.333189579273695,28.3762665902529
"4",0.305947412661882,28.0679531951912
"5",0.277328043284265,27.7597889040965
"6",0.240991656876422,27.0522502596766
"7",0.309729689255269,27.8840237510362
"8",0.32676804385682,28.1704759934974
"9",0,25.6041768847515
