"","obs","bmi"
"1",0.355343413003053,28.6607104818042
"2",0.325626574993385,28.2075219770366
"3",0.334846085101739,28.3501566775893
"4",0.31442353009938,28.0399225630012
"5",0.293261533480431,27.730027284835
"6",0.248568764688859,27.0663379433853
"7",0.308475489770767,27.9225381286153
"8",0.330142452128812,28.2879888185428
"9",0,25.6241623792182
