"","obs","bmi"
"1",0.36011098428346,28.6552996848304
"2",0.328253998873149,28.19310169159
"3",0.331201280498455,28.3372110160498
"4",0.301499656519186,28.0191974315256
"5",0.273433184795116,27.7012576969977
"6",0.241765593083765,27.0420852179542
"7",0.307649066166131,27.8737482536218
"8",0.331412338687882,28.2677880527933
"9",0,25.5708011264018
