"","obs","bmi"
"1",0.360650652779672,28.7038230803045
"2",0.331938451131637,28.2454252575677
"3",0.34298795614685,28.3337417448674
"4",0.322433476074268,27.9639778376592
"5",0.30311916752668,27.5945472622226
"6",0.247712191896073,27.1118025554968
"7",0.304673962861495,27.8647219349502
"8",0.335777264719353,28.2685569503894
"9",0,25.5820087225923
