"","obs","bmi"
"1",0.364557208171528,28.7582237630544
"2",0.335884835296855,28.3054719866771
"3",0.342642416009337,28.446553435673
"4",0.320016460229857,28.1350475828134
"5",0.29669810435091,27.8237115066901
"6",0.238562110775067,26.993959443155
"7",0.304744281081307,27.8674317155325
"8",0.339339796018717,28.3538388572704
"9",0,25.6114347304195
