"","obs","bmi"
"1",0.36488502609895,28.7690752579185
"2",0.332048632998429,28.3082727813173
"3",0.348204555227769,28.4854821010629
"4",0.331430705857688,28.2021420989189
"5",0.313701079860311,27.9190668721338
"6",0.246105838297788,27.0594410639107
"7",0.31457734718486,27.9447586922453
"8",0.335847054117964,28.3064533281335
"9",0,25.6106566742694
