"","obs","bmi"
"1",0.356404150942224,28.6791626906127
"2",0.32754636647067,28.2258344836708
"3",0.33291849617515,28.2937517221926
"4",0.310320767757845,27.9086132537837
"5",0.287450205030822,27.5237595509391
"6",0.244508043260567,27.096882455773
"7",0.303625645142822,27.8595511862702
"8",0.332357431688287,28.2764560017577
"9",0,25.6296491057353
