"","obs","bmi"
"1",0.35931924902134,28.7350532267793
"2",0.328955631361806,28.2823387915608
"3",0.341896800737851,28.4455326028267
"4",0.322595674263937,28.1561258553467
"5",0.303269348533578,27.8668380601683
"6",0.245512806539518,27.1055921561392
"7",0.308487828833567,27.9399429417453
"8",0.330268665268554,28.2640412749982
"9",0,25.6356134437905
