"","obs","bmi"
"1",0.355858176320532,28.6122409788082
"2",0.326357452557861,28.1511109627756
"3",0.339931393856783,28.3112819958965
"4",0.323551044355007,28.0105770271144
"5",0.302093643209249,27.7101381878386
"6",0.248868108189955,27.1383807471749
"7",0.309962181132082,27.9497179408251
"8",0.336759954224367,28.3424559682216
"9",0,25.5732170299376
