"","obs","bmi"
"1",0.358078799109263,28.6673150606018
"2",0.328805921404714,28.2130503376237
"3",0.340819453037553,28.3972580515876
"4",0.325616544540334,28.1274917802171
"5",0.305181400785521,27.85803359124
"6",0.249216742205987,27.0983226949512
"7",0.311352120794118,27.9499538579574
"8",0.335540422169714,28.3036715513618
"9",0,25.5284510228404
