"","obs","bmi"
"1",0.360297208314951,28.7194733996655
"2",0.331862280437166,28.2592356229953
"3",0.337141477782048,28.3547748772496
"4",0.308206946527911,27.9902614166105
"5",0.279210705795628,27.6259377575865
"6",0.249872784423721,27.1048695278217
"7",0.315146992298895,27.9531432516888
"8",0.336436843200896,28.2974606432227
"9",0,25.5958577311871
