"","obs","bmi"
"1",0.356036065178938,28.6576684419312
"2",0.327005582608279,28.2011562659085
"3",0.338259377568098,28.2897333010302
"4",0.316069570245538,27.9221593056432
"5",0.298115515435499,27.5549668175817
"6",0.241293609848278,27.0227442651503
"7",0.312138602599723,27.9168414816414
"8",0.335435627553457,28.318865749506
"9",0,25.5511309834421
