"","obs","bmi"
"1",0.369938661998613,28.7991076096214
"2",0.340753906050093,28.3490473784414
"3",0.34796469592228,28.5020705905753
"4",0.324680848967215,28.2052429996787
"5",0.299727318010499,27.908632958806
"6",0.245301858759798,27.0718543936811
"7",0.306978637452851,27.8873491906143
"8",0.33277755729798,28.2863054294298
"9",0,25.6388603805614
