"","obs","bmi"
"1",0.358020358309155,28.6758012684864
"2",0.32810815503513,28.2161608661335
"3",0.339323811276335,28.3997229922409
"4",0.322342597309817,28.1237722324238
"5",0.303821811083423,27.8479540316838
"6",0.246136304176822,27.0453748195105
"7",0.312395677581107,27.9342541176473
"8",0.340129848420491,28.3076290005282
"9",0,25.6374813538476
