"","obs","bmi"
"1",0.35340632293836,28.6300906921517
"2",0.325857925704528,28.1814066601904
"3",0.337990560126023,28.3041260478736
"4",0.322787976418111,27.9784271246827
"5",0.306079420606208,27.6530067685295
"6",0.248921915890978,27.0743910808278
"7",0.314544530217059,27.9193604192689
"8",0.337068689333787,28.3159366962568
"9",0,25.5542129044798
