"","obs","bmi"
"1",0.357769947839815,28.6957928847197
"2",0.32844583712142,28.2343546496542
"3",0.331435174749419,28.3689091417873
"4",0.304031337331969,28.0420977510087
"5",0.278126340532957,27.7153593801141
"6",0.249457431211894,27.1388988975494
"7",0.308067670714666,27.9114483931543
"8",0.331301267082559,28.2651566719527
"9",0,25.5774660644426
