"","obs","bmi"
"1",0.358233631970662,28.6602783397697
"2",0.329878923055045,28.2098871515532
"3",0.338975163328228,28.3008675525097
"4",0.317463982829099,27.9418524375331
"5",0.296966660199951,27.583258839865
"6",0.240681211731507,27.0388488679189
"7",0.302981693688381,27.896584157978
"8",0.333753734107109,28.2818009396813
"9",0,25.5629200126996
