"","obs","bmi"
"1",0.36156499451138,28.661317015306
"2",0.331717092725218,28.1914816786584
"3",0.344419351438635,28.413515359803
"4",0.324149615704338,28.165908267312
"5",0.302319758304954,27.9185044369607
"6",0.239761619898246,27.0573120892627
"7",0.302230403188916,27.8887462367343
"8",0.336330164280115,28.3046039081077
"9",0,25.5633378625361
