"","obs","bmi"
"1",0.356955773869814,28.6897480380571
"2",0.328690088152856,28.236427800498
"3",0.343449249387338,28.4298415948916
"4",0.331183337058639,28.1701070042449
"5",0.317644152562003,27.9105504980519
"6",0.240268123792231,27.0416445461208
"7",0.308664158767378,27.9144472514712
"8",0.328089148546518,28.2166610684854
"9",0,25.6369513638937
