"","obs","bmi"
"1",0.361852721361994,28.7660188990613
"2",0.333653972541978,28.3017572879083
"3",0.334910059989888,28.3933628475547
"4",0.303885631383036,28.0208912585581
"5",0.271672323664601,27.6486090328241
"6",0.242562338022133,27.089214435088
"7",0.300941306934597,27.8566527537862
"8",0.336417460915142,28.3085182320692
"9",0,25.642479655278
