"","obs","bmi"
"1",0.358569056282887,28.6756225472628
"2",0.327326817744298,28.2195778830852
"3",0.333164978155178,28.3002214740469
"4",0.306713370441321,27.9250796928554
"5",0.282823780194252,27.5502085267567
"6",0.243001571092462,27.047183002459
"7",0.316421609677876,28.0286014972732
"8",0.32883132695579,28.2322933666553
"9",0,25.5631566682866
