"","obs","bmi"
"1",0.361999978909994,28.7545554129133
"2",0.333489556719302,28.2966282265224
"3",0.34610250760425,28.483881984718
"4",0.328861993011112,28.2133472408606
"5",0.311176604435622,27.9429557781664
"6",0.243663389933526,27.0999051912314
"7",0.301654356393996,27.8329725473204
"8",0.335962124434038,28.2711938182295
"9",0,25.5747336459267
