"","obs","bmi"
"1",0.362427277835912,28.6606116654135
"2",0.333260970741884,28.2120918080879
"3",0.34628686555754,28.3537769126562
"4",0.326504923963013,28.0471411526302
"5",0.307045553084538,27.7407108561568
"6",0.240076344458773,27.0732999652178
"7",0.310994958291798,27.9176050009448
"8",0.337220430762491,28.3185456157458
"9",0,25.5628938080867
