"","obs","bmi"
"1",0.362259677538058,28.7314455533379
"2",0.333713544218649,28.2775103240978
"3",0.347387350869211,28.4414190230453
"4",0.331397517148562,28.1515198274565
"5",0.314699077028574,27.8617519117156
"6",0.245708495170006,27.0610858467555
"7",0.306854200758761,27.8693645472628
"8",0.333984186235749,28.2964594757571
"9",0,25.5941216929792
