"","obs","bmi"
"1",0.360580838315315,28.7280459583456
"2",0.332202039637403,28.2685422642701
"3",0.348713010329817,28.4605447940695
"4",0.334373240492667,28.193266733492
"5",0.317598571407222,27.926221870001
"6",0.244545377037783,27.0053796901378
"7",0.306579734494509,27.9311906902892
"8",0.332017392703369,28.215708373681
"9",0,25.5657348975295
