"","obs","bmi"
"1",0.352805798072966,28.6265004270248
"2",0.323014313892857,28.168608467085
"3",0.327238639785286,28.266270457783
"4",0.301946041899615,27.9061734362149
"5",0.273301244679235,27.5462117866509
"6",0.239396007987727,27.0780859000754
"7",0.311760986413724,27.9178194034542
"8",0.342627345946405,28.3348059460518
"9",0,25.5781436323477
