"","obs","bmi"
"1",0.364266441221911,28.7540848534978
"2",0.336939263445466,28.2915128018285
"3",0.341569123518179,28.4340913825136
"4",0.312593391848801,28.1141983166104
"5",0.285318744324135,27.7944071171147
"6",0.244809733987919,27.0266310445929
"7",0.309543341511045,27.9142587059385
"8",0.33683459478904,28.3056083284244
"9",0,25.5941590326383
