"","obs","bmi"
"1",0.36205345087147,28.6994318290522
"2",0.334719678273068,28.2391240031816
"3",0.34618312080715,28.4593346641939
"4",0.328055326158591,28.2193165234256
"5",0.308449408303727,27.9793789121929
"6",0.246023187215571,27.0623702449358
"7",0.309330703752701,27.9150133920052
"8",0.336473840281188,28.3108357339196
"9",0,25.5252878987852
