"","obs","bmi"
"1",0.366505224627961,28.790981405756
"2",0.337010978769503,28.3284914498134
"3",0.339924468483018,28.4199912928716
"4",0.306553079854923,28.049183626607
"5",0.277058230537284,27.6785634459977
"6",0.246030066483241,27.13947610358
"7",0.311146566600458,27.9698069451504
"8",0.334018288858104,28.2423253146814
"9",0,25.6310939978871
