"","obs","bmi"
"1",0.366769170215147,28.7548035941412
"2",0.33808032278258,28.2966956109985
"3",0.345422821813151,28.5207302865942
"4",0.322619198844291,28.2867733116949
"5",0.299361673936894,28.0529360140703
"6",0.242540134575761,27.0535234589798
"7",0.308129337169766,27.9134660951015
"8",0.32931620275113,28.2276749944563
"9",0,25.5728504624516
