"","obs","bmi"
"1",0.361470519906495,28.6873971280259
"2",0.330534604017859,28.2328241410891
"3",0.344415667347142,28.3800761523622
"4",0.325826035666693,28.0729649950058
"5",0.30997205883974,27.7660729492373
"6",0.238596255355567,27.0403702218415
"7",0.307741630924888,27.8642960101717
"8",0.334988263812644,28.2717911134545
"9",0,25.563511614522
