"","obs","bmi"
"1",0.36498433349223,28.7460498332779
"2",0.332335889351605,28.2941171779698
"3",0.360958413407875,28.5193554496415
"4",0.35698794598248,28.2929893106168
"5",0.35293740118562,28.0669719781375
"6",0.242232232377326,27.0295237405444
"7",0.302970324111459,27.8992269383294
"8",0.332155761749988,28.2577834970752
"9",0,25.592340744614
