"","obs","bmi"
"1",0.363996821951476,28.717959351761
"2",0.333044652014909,28.2561617559715
"3",0.347459490785623,28.4453887546893
"4",0.32973695064059,28.1729258724955
"5",0.312792223670066,27.9005743468155
"6",0.250013033957202,27.0887267553212
"7",0.312433701190656,27.9637918686396
"8",0.340045544573178,28.3625197220985
"9",0,25.535884763371
