"","obs","bmi"
"1",0.352589280137029,28.6425580747812
"2",0.32428504871626,28.1813652881015
"3",0.336405626534644,28.3593019126686
"4",0.317891659474009,28.0763263806335
"5",0.300136659864334,27.7936467010282
"6",0.242329634899003,27.0253177233319
"7",0.307414369182464,27.880746792592
"8",0.339186318302036,28.3055839723735
"9",0,25.5733301238816
