"","obs","bmi"
"1",0.359464846942522,28.7318018669579
"2",0.3290840358013,28.2730341951048
"3",0.343819885184082,28.457150369415
"4",0.325450106415871,28.1826348484666
"5",0.307016330005616,27.9082589611687
"6",0.243688340126518,27.0648515072531
"7",0.306901845834465,27.8849547369006
"8",0.331367353340629,28.2631578687841
"9",0,25.6383815254717
