"","obs","bmi"
"1",0.357274830656163,28.6567936807271
"2",0.329193965992908,28.207743894834
"3",0.336822602059459,28.3275710414321
"4",0.314128478863368,27.9985125845526
"5",0.29207155074868,27.6696251467407
"6",0.239357179308298,27.0162553067142
"7",0.306673995090868,27.8551950934638
"8",0.331373948535659,28.2144518185698
"9",0,25.587089709876
