"","obs","bmi"
"1",0.362950823713622,28.6904950006795
"2",0.330663498274623,28.2335478203294
"3",0.326034040832987,28.2924586603322
"4",0.2850985111069,27.8946872211605
"5",0.255908563103981,27.4971908650669
"6",0.245229337368223,27.1112082003862
"7",0.304808312309912,27.8808786980571
"8",0.334069528558848,28.292325902823
"9",0,25.5523035825286
