"","obs","bmi"
"1",0.357438744055733,28.6693374540581
"2",0.330009433403728,28.2067024336069
"3",0.331633953218328,28.3132179834353
"4",0.301784666147118,27.9572115699073
"5",0.27127400861941,27.6013190508908
"6",0.245508105445548,27.09888659262
"7",0.297839919291778,27.8271425561396
"8",0.338602018462406,28.3267935118656
"9",0,25.5873564121696
