"","obs","bmi"
"1",0.360059434558054,28.6851598647632
"2",0.332015668028111,28.2381379600308
"3",0.347020980094732,28.3726034801676
"4",0.331675534631875,28.0604031244252
"5",0.317816107460207,27.7485776302402
"6",0.238799603496432,27.0273886378101
"7",0.298709360513263,27.7875378183661
"8",0.334516070263578,28.2880757124394
"9",0,25.5855042021377
