"","obs","bmi"
"1",0.359338115486051,28.7120906325847
"2",0.329119950474523,28.2361782321898
"3",0.342742204727887,28.3691626884478
"4",0.326823078258508,28.0265862325555
"5",0.30690667733996,27.6843822485885
"6",0.241277105928737,27.0261716789808
"7",0.31225445701004,27.9865631707401
"8",0.332399224395817,28.2569011205217
"9",0,25.5894784030165
