"","obs","bmi"
"1",0.364097754836011,28.700515054456
"2",0.335049602911756,28.2461237646862
"3",0.350183321738325,28.4761149875703
"4",0.337304638870593,28.2518728141934
"5",0.321423702064754,28.0277940283848
"6",0.247868060322634,27.1136242868249
"7",0.304897195815816,27.8514559877208
"8",0.338471343448391,28.2860414911578
"9",0,25.5845543775831
