"","obs","bmi"
"1",0.358131316513584,28.669293089004
"2",0.326636680882224,28.2140249412382
"3",0.334821074801959,28.320684080124
"4",0.310549993752396,27.9723217990365
"5",0.289016758325498,27.6242168044388
"6",0.237292369029666,27.0233419507088
"7",0.312108188115512,27.9578986534611
"8",0.331860274355653,28.2270786314553
"9",0,25.5943274931603
