"","obs","bmi"
"1",0.362455154650953,28.7343512401426
"2",0.334283763115753,28.2759467434728
"3",0.342789023580992,28.4722917559698
"4",0.322405515987766,28.2103162350855
"5",0.302122474317096,27.9484256988911
"6",0.2417492361636,27.0278085858053
"7",0.309667818570154,27.9040512351055
"8",0.337130423086134,28.3101176392308
"9",0,25.5910545023336
