"","obs","bmi"
"1",0.359882277828667,28.6788896819378
"2",0.33077221993147,28.221793045221
"3",0.33892477182184,28.4043045207544
"4",0.31663987949989,28.1298242155297
"5",0.289923811438527,27.8554508197128
"6",0.245144526330695,27.0620075507405
"7",0.30824822780519,27.9352565530598
"8",0.335199654249639,28.2836078613149
"9",0,25.6189215255242
