"","obs","bmi"
"1",0.352888537308118,28.6120772699914
"2",0.322956581086923,28.1557033515856
"3",0.324845109703916,28.2539605783536
"4",0.293686151539926,27.8959924703596
"5",0.265389963970673,27.5381757293592
"6",0.246928925497856,27.1070784785658
"7",0.307181562214354,27.8928528972349
"8",0.336506000232241,28.2780381480462
"9",0,25.5421818922878
