"","obs","bmi"
"1",0.36337790008213,28.746974474697
"2",0.332683099252239,28.2871252717514
"3",0.348138005699987,28.4307281748032
"4",0.327857111133905,28.1146505955514
"5",0.309542472874313,27.7987483929334
"6",0.240353085462626,27.0305604340115
"7",0.311964364840558,27.9324715015244
"8",0.33706273994284,28.3186431137582
"9",0,25.6348018847686
