"","obs","bmi"
"1",0.356941299542097,28.6683243876561
"2",0.325600432987822,28.2103007588809
"3",0.338167712035025,28.3470478637432
"4",0.316000159419544,28.0259098319381
"5",0.297213481007195,27.7049148023625
"6",0.247283327442005,27.1214972524793
"7",0.301806631924556,27.8325549205814
"8",0.331439690384631,28.2702542542929
"9",0,25.54807378617
