"","obs","bmi"
"1",0.358124600334748,28.7046094965886
"2",0.327197567668922,28.2327778224626
"3",0.338597263126909,28.3014186772679
"4",0.314900306286175,27.8986865983546
"5",0.295296643415546,27.4964446383898
"6",0.245423408622636,27.0618381427666
"7",0.308602455906868,27.9100452423123
"8",0.336841387767376,28.2627776614384
"9",0,25.6091099668939
