"","obs","bmi"
"1",0.359051423095644,28.6793190201327
"2",0.328817013617207,28.2186523376485
"3",0.337652633523546,28.4426865969053
"4",0.313188387581987,28.2060790927871
"5",0.290620408864339,27.9694952401607
"6",0.241700539536818,27.0012762100938
"7",0.309995529542052,27.9248354656884
"8",0.333964718642274,28.3017556979855
"9",0,25.6277825278219
