"","obs","bmi"
"1",0.356574926633402,28.6920509023728
"2",0.325175715885598,28.2428500474798
"3",0.33297272260739,28.3761895443051
"4",0.309218657109838,28.0604492705223
"5",0.282787256882115,27.7448325217338
"6",0.242624914024993,27.0476929916151
"7",0.302742405305718,27.8723505741724
"8",0.339736815078387,28.3038232902349
"9",0,25.6163638826029
