"","obs","bmi"
"1",0.357782035979322,28.6611814179171
"2",0.326513108837733,28.2022316077759
"3",0.344781196283213,28.4056224804446
"4",0.331347769961981,28.150377614895
"5",0.315614787512154,27.8954665650145
"6",0.247118038508926,27.057313908877
"7",0.300473730072169,27.833983766683
"8",0.340971465706224,28.310731583066
"9",0,25.5579463041386
