"","obs","bmi"
"1",0.366398219290933,28.8021417789487
"2",0.337832154427172,28.3360706415382
"3",0.348260562938295,28.4090953363986
"4",0.324893611561211,28.0162640568898
"5",0.301506166989912,27.6236579046496
"6",0.245713367581738,27.059448753617
"7",0.301984921020779,27.840116034847
"8",0.338027053942206,28.2799468163067
"9",0,25.6325050279563
