"","obs","bmi"
"1",0.355884978374849,28.6619263210938
"2",0.326827851096568,28.2001458374846
"3",0.333728228288664,28.3263638285106
"4",0.311283671581748,27.9912048703189
"5",0.291586484260008,27.6564731857766
"6",0.24001163235698,27.0630866789144
"7",0.308941244925246,27.9096987062722
"8",0.338523197334222,28.3480982297253
"9",0,25.5757341030553
