"","obs","bmi"
"1",0.363313071100447,28.7262782970911
"2",0.333073371890951,28.2728884644726
"3",0.340351117329563,28.3946857178897
"4",0.313977670839333,28.0633501685129
"5",0.290874114917152,27.7322848935077
"6",0.238975509847845,27.0204497126171
"7",0.306783292738369,27.8760330511224
"8",0.337901257216833,28.3072216081857
"9",0,25.5854301174386
