"","obs","bmi"
"1",0.356850405740742,28.6826280545336
"2",0.327399109399442,28.2276853327933
"3",0.332051750964508,28.3513349755664
"4",0.303862237360272,28.0201337495925
"5",0.279822547213372,27.689025279159
"6",0.241492123714669,27.0482157694491
"7",0.307073947714481,27.8934107130867
"8",0.334727753075174,28.2965629496796
"9",0,25.5405896431713
