"","obs","bmi"
"1",0.367945355008149,28.7500443947004
"2",0.336314971203311,28.2887381304154
"3",0.357735705747619,28.6021103536161
"4",0.345638863217933,28.4542526823815
"5",0.336784027144889,28.3064733788012
"6",0.242878106552388,27.0437308576533
"7",0.307248923907247,27.8807640814045
"8",0.329732618086919,28.2576607651744
"9",0,25.5684620059468
