"","obs","bmi"
"1",0.355321024059965,28.6989920680495
"2",0.325905464866121,28.2449905241473
"3",0.342765955911744,28.460570032312
"4",0.327701741617817,28.2223038026053
"5",0.313842487039668,27.9841999443864
"6",0.249562335889775,27.136992694315
"7",0.309723348213703,27.9370577857708
"8",0.336576875476721,28.2915378899839
"9",0,25.6492538628225
