"","obs","bmi"
"1",0.35447211176894,28.6898091096544
"2",0.327434387450062,28.2295507967768
"3",0.337259183533055,28.4000810159456
"4",0.319312992940886,28.110502515862
"5",0.297302561831224,27.821079373751
"6",0.245605365015449,27.084236962214
"7",0.313681747011155,27.9356510584048
"8",0.332275939821437,28.2445340716004
"9",0,25.608042975201
