"","obs","bmi"
"1",0.35690376958298,28.710209933688
"2",0.329473768596289,28.2483358142155
"3",0.342475397065109,28.4739083473568
"4",0.327441781629204,28.2376899908136
"5",0.305522893281298,28.0015565783133
"6",0.239768152092911,27.0461981881827
"7",0.306912406159962,27.8902831327735
"8",0.338329257432594,28.3399671845731
"9",0,25.6021692237576
