"","obs","bmi"
"1",0.360503722009192,28.7034352727961
"2",0.33139055970218,28.2449085286514
"3",0.334449839326039,28.3556407517704
"4",0.304381315393979,28.0079986709149
"5",0.278725062455655,27.6605115642307
"6",0.251054438575151,27.1526116743411
"7",0.31530584746992,27.9878539749111
"8",0.334943789543514,28.2941011717776
"9",0,25.595607318129
