"","obs","bmi"
"1",0.359546139413551,28.6882783464612
"2",0.331316098449323,28.230700800674
"3",0.338084875881118,28.3849303900921
"4",0.316892355571598,28.0818180055328
"5",0.290547064053247,27.7789521596592
"6",0.242474753871383,27.0630784428711
"7",0.311652134793936,27.9464261132178
"8",0.330937973956228,28.2481969689177
"9",0,25.5754449759696
