"","obs","bmi"
"1",0.357438970765155,28.6542544088567
"2",0.326732270463356,28.1983721464044
"3",0.337343737265466,28.3176700929924
"4",0.31626681021147,27.981373977748
"5",0.2945029993785,27.6453802061699
"6",0.244037455076384,27.0230494518319
"7",0.316935191976928,27.983174378608
"8",0.335491334502111,28.3317631167742
"9",0,25.6029376275951
