"","obs","bmi"
"1",0.358780224319657,28.6980773477311
"2",0.32845505510634,28.2458617916315
"3",0.341434455651192,28.3820168629095
"4",0.325503041851952,28.0662226958602
"5",0.308220200853235,27.7507069651306
"6",0.24610278380901,27.0950210591472
"7",0.303249297266434,27.8428411601492
"8",0.33113735804871,28.1870395065385
"9",0,25.6213626564477
