"","obs","bmi"
"1",0.359110802817767,28.6609764844572
"2",0.330463528336749,28.2077442733369
"3",0.32813654466407,28.3021512534178
"4",0.293898727300697,27.9434320703408
"5",0.262706055865518,27.5848176919733
"6",0.245821576791543,27.0865043714243
"7",0.31169994826046,27.9440536547716
"8",0.334837834022602,28.3040711322914
"9",0,25.5855923012297
