"","obs","bmi"
"1",0.360013778592356,28.6993611176581
"2",0.332630656592517,28.2375376060591
"3",0.350080145756338,28.451424145647
"4",0.338163673255413,28.2037468170544
"5",0.328063725343502,27.9563429262366
"6",0.243777950238384,27.0917646735698
"7",0.31166550376028,27.8951822489862
"8",0.335733527176884,28.3218798696619
"9",0,25.5858042398324
