"","obs","bmi"
"1",0.359758605883816,28.6397760243012
"2",0.329617084910165,28.1762594386435
"3",0.34400092063175,28.3479774132909
"4",0.32646908597586,28.0563799945564
"5",0.308220467331811,27.7649912815378
"6",0.242034160093853,27.0237587667263
"7",0.308715382057672,27.9335702502087
"8",0.332552959112736,28.2969393994749
"9",0,25.5290340448092
