"","obs","bmi"
"1",0.367223952777502,28.7484934423898
"2",0.336782230229662,28.2868043533518
"3",0.346066242292278,28.4282140556059
"4",0.323966493649156,28.1081100117412
"5",0.300336871717927,27.7881875106366
"6",0.244363101082749,27.0114300648581
"7",0.304983720031266,27.9041810750239
"8",0.332022516348785,28.2920712928433
"9",0,25.5769728751387
