"","obs","bmi"
"1",0.359554022070668,28.6951589027005
"2",0.329837711942661,28.2361219113239
"3",0.341277348323799,28.3722768837927
"4",0.323375064154522,28.049563796779
"5",0.30352465474936,27.7270256865578
"6",0.242183429134602,27.0526842936725
"7",0.308342766126954,27.9103465821825
"8",0.330725404757203,28.2001562473849
"9",0,25.5890758673
