"","obs","bmi"
"1",0.361663347092821,28.7421720747364
"2",0.331321063157119,28.2846790416019
"3",0.343705841875573,28.4878419859095
"4",0.326035610777189,28.2336498204792
"5",0.303852555014308,27.9796012289539
"6",0.245772363493249,27.1246836347135
"7",0.30591984652239,27.8922922817742
"8",0.3399048834807,28.2977621987028
"9",0,25.5922358640127
