"","obs","bmi"
"1",0.360200679216081,28.705839627268
"2",0.329060075899463,28.2430346124365
"3",0.338935094416076,28.37776352815
"4",0.317735960020835,28.0498837805734
"5",0.295235168850437,27.7222082256055
"6",0.247257804627902,27.1252216147037
"7",0.305907287683595,27.8688870420155
"8",0.334141401820708,28.2877519372111
"9",0,25.6218325399291
