"","obs","bmi"
"1",0.356468139314141,28.6740123210937
"2",0.325683791066743,28.2192419791846
"3",0.341809692318968,28.4392466232347
"4",0.326208624614496,28.2048271521887
"5",0.309399046425706,27.970775009524
"6",0.241423661201168,27.0836557404399
"7",0.307233075396939,27.9164682372923
"8",0.329537458522173,28.2376341549585
"9",0,25.6250125774431
