"","obs","bmi"
"1",0.357249948165094,28.6641475910442
"2",0.326396968676428,28.2007649994693
"3",0.335362100331946,28.3333440317422
"4",0.310664051963307,28.0028239910936
"5",0.287338079438355,27.6726021514366
"6",0.248876535704003,27.0937300440189
"7",0.306872534224205,27.9202971268839
"8",0.338098185075708,28.3320665118001
"9",0,25.6281835294678
