"","obs","bmi"
"1",0.360716723102795,28.7519857019076
"2",0.330521061540257,28.2957335464134
"3",0.350153178253208,28.5683156707493
"4",0.339150111126776,28.3847604306678
"5",0.329815607146915,28.2013239346663
"6",0.24171490731293,27.0699888127377
"7",0.311420021373038,27.9470479748882
"8",0.333546934579757,28.3074668909053
"9",0,25.609859495494
