"","obs","bmi"
"1",0.361876695687496,28.7285372015605
"2",0.332560359321522,28.278994422206
"3",0.331073690221531,28.313614686206
"4",0.297465541121995,27.8989729923656
"5",0.266092351740771,27.484622097218
"6",0.246206170410555,27.0857129527661
"7",0.307414695874031,27.9414080594315
"8",0.337746395094468,28.2954529098155
"9",0,25.6211270551434
