"","obs","bmi"
"1",0.361361352481335,28.7789939791079
"2",0.334228307900158,28.3244568525697
"3",0.342305057147292,28.4621502995838
"4",0.319772322209422,28.145509588139
"5",0.294464041956229,27.8290788971888
"6",0.247850085592144,27.0395291052666
"7",0.310527108784092,27.8932933806814
"8",0.342109050075643,28.3598635533046
"9",0,25.6823734053781
