"","obs","bmi"
"1",0.357198699731606,28.6617317088479
"2",0.327437965478778,28.2012834309859
"3",0.346515678277803,28.3763415896703
"4",0.336250053901254,28.0911062780526
"5",0.323713498600317,27.8060318294534
"6",0.242975812933263,27.0352944430418
"7",0.307873549088788,27.9236188597685
"8",0.331398793003577,28.2482082066549
"9",0,25.5683454657522
