"","obs","bmi"
"1",0.362455154650953,28.7343512401426
"2",0.334161730585402,28.2747377726412
"3",0.338520127954584,28.4107082926529
"4",0.30940361464662,28.0872639440472
"5",0.284805018111644,27.7640241700332
"6",0.2417492361636,27.0278085858053
"7",0.309667818570154,27.9040512351055
"8",0.337130423086134,28.3101176392308
"9",0,25.5910545023336
