"","obs","bmi"
"1",0.363586798931423,28.7386773980048
"2",0.336484721615668,28.2785402964095
"3",0.333142520559065,28.4016921788364
"4",0.295766551084157,28.0647696470659
"5",0.262619733711186,27.7279066596209
"6",0.245849431399412,27.0943365167102
"7",0.303062833094774,27.8677322284228
"8",0.342758980502729,28.3751534861871
"9",0,25.5683825482517
