"","obs","bmi"
"1",0.359184837147752,28.6522154846611
"2",0.328206474427169,28.1903787528789
"3",0.352577439096823,28.4862876830437
"4",0.34400495516052,28.3204926819995
"5",0.33824642020489,28.1548351922186
"6",0.243103258032589,27.0584078028648
"7",0.30447203798175,27.8841597650936
"8",0.341159482117417,28.3793694116565
"9",0,25.5685231414706
