"","obs","bmi"
"1",0.355043630549717,28.6582514179006
"2",0.324744499411231,28.2013431334933
"3",0.338328392786661,28.4068531410815
"4",0.320264883971231,28.1555235699134
"5",0.299920180342665,27.904264448778
"6",0.241180648595403,27.074615830061
"7",0.306637461702951,27.8862031982191
"8",0.329776850382088,28.2327317435337
"9",0,25.5587606565779
