"","obs","bmi"
"1",0.355176318115056,28.7226593920719
"2",0.329485346116821,28.2595981614044
"3",0.338793338345191,28.4393117629032
"4",0.314862233396371,28.1561118555652
"5",0.292510115952125,27.873063683089
"6",0.240594364426378,27.0277097516838
"7",0.312092779764453,27.9590194982435
"8",0.335560933896093,28.25072824928
"9",0,25.64433029457
