"","obs","bmi"
"1",0.359149644966941,28.7042851828819
"2",0.330884632723164,28.2502906087421
"3",0.34730772240896,28.514222379083
"4",0.332551915465645,28.3242135513465
"5",0.318265651914276,28.1342602401412
"6",0.249221908240817,27.1200057037955
"7",0.301098951573849,27.7871516222976
"8",0.343376068388659,28.3340873657777
"9",0,25.6005889029792
