"","obs","bmi"
"1",0.35859725038266,28.6586700787162
"2",0.32808318252492,28.2014327038366
"3",0.340141693754108,28.3602160446049
"4",0.318792896397925,28.0619143321653
"5",0.298670721647998,27.7637688882475
"6",0.245830074293765,27.0433490165963
"7",0.307495566570244,27.9092271662431
"8",0.332157229817668,28.2656835800423
"9",0,25.6147086256219
