"","obs","bmi"
"1",0.356653801264216,28.6739169070283
"2",0.327192229331673,28.2126482973249
"3",0.339953637207713,28.3334027040196
"4",0.324826579848601,27.9932298302409
"5",0.306410019911046,27.6534169906072
"6",0.241261933905227,27.0662423961614
"7",0.306092833150385,27.8953238474745
"8",0.332697178233967,28.2646612235156
"9",0,25.5798622869582
