"","obs","bmi"
"1",0.366641599091058,28.7579955536829
"2",0.33640431932704,28.2977231958577
"3",0.340765254254386,28.4187453737721
"4",0.312949754368381,28.0797045052603
"5",0.285933543086135,27.7408809170217
"6",0.2388515909874,26.9970388483647
"7",0.303860277944668,27.8570588145984
"8",0.33785687616313,28.3303848661247
"9",0,25.5953025667141
