"","obs","bmi"
"1",0.358933769058184,28.7143053543591
"2",0.329642639903286,28.2578005493659
"3",0.339282394225257,28.3788953327701
"4",0.319383606932033,28.0438920754899
"5",0.305435309375426,27.7093236196283
"6",0.24196990734505,27.0489966785478
"7",0.308542950373339,27.9234097539957
"8",0.328588316562636,28.2476886364913
"9",0,25.6062820793302
