"","obs","bmi"
"1",0.360807278214795,28.6741709937285
"2",0.331639080238368,28.223657148543
"3",0.34365346814701,28.3528023739593
"4",0.324894685530299,28.0315991717414
"5",0.307696838341456,27.7105662663436
"6",0.248864045830677,27.1039975613855
"7",0.298499673851908,27.8560009220973
"8",0.330228957785539,28.1971946794557
"9",0,25.5583248010038
