"","obs","bmi"
"1",0.361391685347014,28.7061888734821
"2",0.334217581859008,28.2466336335448
"3",0.356071002528194,28.5556531997
"4",0.348822779685348,28.4051901053559
"5",0.340697021040313,28.2548022069249
"6",0.244670399955304,27.0892551837365
"7",0.309255467234767,27.8948959632426
"8",0.336367848027945,28.3285366637976
"9",0,25.5760091395221
