"","obs","bmi"
"1",0.359051423095644,28.6793190201327
"2",0.329913189600179,28.2245992132867
"3",0.334384388430608,28.3516295406067
"4",0.305091245399394,28.0241283094626
"5",0.277391181611873,27.6968215536331
"6",0.241700539536818,27.0012762100938
"7",0.309995529542052,27.9248354656884
"8",0.333964718642274,28.3017556979855
"9",0,25.6277825278219
