"","obs","bmi"
"1",0.356860884109001,28.6596460423647
"2",0.326476608519124,28.2026074709938
"3",0.329012228881306,28.2539855405324
"4",0.299374700579065,27.8486370412677
"5",0.271423773237105,27.4436156455657
"6",0.244885909582595,27.0700018512638
"7",0.307784764961507,27.858116030757
"8",0.338338507245359,28.307969792491
"9",0,25.597429471511
