"","obs","bmi"
"1",0.360021353333976,28.6920437256807
"2",0.33184620402665,28.2397161931136
"3",0.341091756342895,28.4406068100594
"4",0.32378718569533,28.1892513153182
"5",0.303520376434495,27.9379799330217
"6",0.252468043008297,27.1372311090454
"7",0.312403936727816,27.9354335698336
"8",0.334430932059625,28.2464292264545
"9",0,25.5901381450291
