"","obs","bmi"
"1",0.361981493587514,28.6943472856807
"2",0.331704569455116,28.2337265893072
"3",0.348002036557737,28.4780238458396
"4",0.333385668259492,28.2618277534861
"5",0.318506725637596,28.0457629318913
"6",0.243346433183197,27.0792708578248
"7",0.304015453936437,27.9000104112475
"8",0.334653275075746,28.2674635174048
"9",0,25.5713689063566
