"","obs","bmi"
"1",0.35862064162487,28.6564796115956
"2",0.326502720500401,28.1929781178856
"3",0.338378299651888,28.3004120996126
"4",0.31787769321927,27.9446304054676
"5",0.293246019926348,27.5891481980349
"6",0.249020227701999,27.1174982202842
"7",0.311400224169834,27.9099354775739
"8",0.336647919556332,28.2625832874909
"9",0,25.6101630280929
