"","obs","bmi"
"1",0.35630947872272,28.6715314050673
"2",0.327507303601744,28.2112814117446
"3",0.333439136332665,28.317087562139
"4",0.309143086748442,27.9629094070782
"5",0.284930715921303,27.6090072519787
"6",0.242656738784115,27.0393069653333
"7",0.310480583260033,27.9089722638861
"8",0.341674000409119,28.3811456313062
"9",0,25.5770274830949
