"","obs","bmi"
"1",0.36160578522992,28.6827801100901
"2",0.330561653432571,28.2176402837698
"3",0.346129498378139,28.3836392561267
"4",0.328639177137722,28.0846739441102
"5",0.309766241382272,27.7858906071568
"6",0.243613576991954,27.054638476979
"7",0.315807228922789,27.9132883731089
"8",0.335231799559747,28.3009286883435
"9",0,25.5823537314078
