"","obs","bmi"
"1",0.35967167719405,28.6696643063745
"2",0.330899028962467,28.2068127505007
"3",0.347103223646887,28.4231380262445
"4",0.334711777807976,28.1767868058401
"5",0.318611197390419,27.9306177331037
"6",0.252038205501543,27.0746394987528
"7",0.312149552777379,27.9841366280304
"8",0.338928135184585,28.3270308290368
"9",0,25.5631100801151
