"","obs","bmi"
"1",0.361901622495233,28.7653506547376
"2",0.332879574958642,28.3022837811831
"3",0.341983456153524,28.4481008760557
"4",0.322028052872744,28.1311411933092
"5",0.298234109845514,27.8144870696016
"6",0.243429880526064,27.0785014216504
"7",0.306222060334408,27.9083907176035
"8",0.333058092788786,28.2823500643346
"9",0,25.6060244812901
