"","obs","bmi"
"1",0.358881347369578,28.6489991371769
"2",0.327454493007252,28.1837108435515
"3",0.331918252791744,28.3096615033956
"4",0.301340155101163,27.9705842167335
"5",0.271304139344161,27.6317803338467
"6",0.245141259697623,27.0635661459071
"7",0.307634635389181,27.9016447388242
"8",0.336815998201414,28.2939736047723
"9",0,25.5896891157323
