"","obs","bmi"
"1",0.359511036497067,28.7162182261119
"2",0.3305385998242,28.2654776829011
"3",0.342532599670628,28.44373744613
"4",0.324416919352019,28.1714006734288
"5",0.302695486510352,27.8992124514667
"6",0.246851253747284,27.0617146935255
"7",0.301013923585707,27.823696271817
"8",0.335050688213343,28.307978940192
"9",0,25.6152356400586
