"","obs","bmi"
"1",0.362967399857982,28.7473596606328
"2",0.332859142321824,28.2853904601246
"3",0.345858427881961,28.4531345952816
"4",0.33378483040433,28.1590512707691
"5",0.319765702138781,27.8651144455337
"6",0.243962460604899,27.0751817421501
"7",0.307375290433836,27.8803682023896
"8",0.334296043402721,28.3420684562676
"9",0,25.5904764117035
