"","obs","bmi"
"1",0.356421931285196,28.6940548335428
"2",0.326979884604812,28.2406436464638
"3",0.333774261357746,28.3511226741558
"4",0.306733015035962,28.0086112013177
"5",0.280232042558184,27.6665500039921
"6",0.248686474332472,27.1068319730434
"7",0.307470173000138,27.8528893863116
"8",0.337248521757404,28.3509112495388
"9",0,25.6015469628858
