"","obs","bmi"
"1",0.354881066763172,28.6226178282855
"2",0.3236350057854,28.1610894709111
"3",0.329633971756034,28.220321055517
"4",0.300436475389738,27.8183359393106
"5",0.275758760021227,27.4166761136357
"6",0.24841714014024,27.0657090251824
"7",0.304221154201816,27.9050263324927
"8",0.333975951636134,28.2704890949133
"9",0,25.5618044420853
