"","obs","bmi"
"1",0.355017206732488,28.6265949822235
"2",0.326850180605729,28.171593123034
"3",0.335011361173855,28.2338668199191
"4",0.310664153121488,27.8414562149651
"5",0.28460050176233,27.4493785917223
"6",0.24010214649934,27.0409144284945
"7",0.305032013819307,27.8574055596795
"8",0.336822373883849,28.3008434967686
"9",0,25.5530734905868
