"","obs","bmi"
"1",0.36639421668827,28.768119857706
"2",0.337884948647432,28.3173318337394
"3",0.343816770738979,28.3993595973637
"4",0.317506617052096,28.0309756815825
"5",0.290465173476379,27.6629894929971
"6",0.242096064772066,27.0647475757102
"7",0.303700337009963,27.8711690855797
"8",0.327928490532909,28.2399839848045
"9",0,25.5957533074929
