"","obs","bmi"
"1",0.364969023012227,28.7084045772899
"2",0.333852288247342,28.2494064830342
"3",0.34687303634104,28.3700438847305
"4",0.328466052255204,28.0320582334792
"5",0.310466092157683,27.6944699454908
"6",0.242599001547949,27.053535911661
"7",0.304480798149065,27.8761950606672
"8",0.329466461846675,28.2636444937201
"9",0,25.6133900500458
