"","obs","bmi"
"1",0.358972228383336,28.7146177289332
"2",0.32992466247804,28.2567571903088
"3",0.348031854575532,28.4422396207125
"4",0.336467245516402,28.1700021926821
"5",0.327486617493573,27.8979105795192
"6",0.242489847467825,27.0850526554691
"7",0.307883237163636,27.9319549923278
"8",0.333891464938401,28.2615868165623
"9",0,25.5812449923897
