"","obs","bmi"
"1",0.363294313506138,28.7500702360017
"2",0.334372265126857,28.2887634577372
"3",0.339275513886407,28.447517950134
"4",0.31545384022719,28.1451233711311
"5",0.290687078384426,27.8428914939898
"6",0.241369023261052,27.0548601491728
"7",0.311597079678325,27.9349860144228
"8",0.33197351884497,28.2431078112407
"9",0,25.5728469177495
