"","obs","bmi"
"1",0.366564529993411,28.7519591303982
"2",0.337385816410962,28.2863639248688
"3",0.344174088047639,28.4565150292337
"4",0.317701393584523,28.1612384866211
"5",0.293263818153746,27.8661355420593
"6",0.241078943177589,27.0509983599568
"7",0.31104882721484,27.8938526184374
"8",0.336787050638337,28.3379821698569
"9",0,25.5708399611914
