"","obs","bmi"
"1",0.36080185755508,28.7035213989179
"2",0.33125172639481,28.2294618381664
"3",0.347052240054142,28.4030550948299
"4",0.331461290037075,28.1028274621511
"5",0.314140086593352,27.8028492300888
"6",0.244985867970473,27.1141051336477
"7",0.307122311255267,27.9268547813254
"8",0.335583675550924,28.2796144293786
"9",0,25.5709916778631
