"","obs","bmi"
"1",0.362103643660509,28.75981031233
"2",0.333181079358926,28.3012374880562
"3",0.338647837139091,28.3389209366233
"4",0.311705802592737,27.9183004970584
"5",0.282030971810899,27.4979597810542
"6",0.246055905555973,27.0740605256638
"7",0.310431405220553,27.8808935496317
"8",0.332155650245387,28.274091394514
"9",0,25.6295806152989
