"","obs","bmi"
"1",0.366226360004752,28.7543190295548
"2",0.334683234110636,28.2957462716128
"3",0.348878582450678,28.4891516527842
"4",0.33268038264504,28.2240873859997
"5",0.315362685982278,27.9591292618564
"6",0.242671683145924,27.0497406199661
"7",0.308075634335253,27.9028158588561
"8",0.335464875645747,28.2401217011458
"9",0,25.5699974040736
