"","obs","bmi"
"1",0.367872510771783,28.7961382572872
"2",0.337991432454975,28.3333134228923
"3",0.346874839239508,28.4937722285806
"4",0.321700158004141,28.1915425055861
"5",0.300854057540768,27.8894518532928
"6",0.245162359851762,27.0744978453228
"7",0.305913880903012,27.8823390287475
"8",0.335489185964659,28.3016353929318
"9",0,25.6331149402216
