"","obs","bmi"
"1",0.360837882047603,28.654839109494
"2",0.332462021014111,28.2002672620547
"3",0.349369072404394,28.3987626416759
"4",0.338639914371837,28.1428505334505
"5",0.324150404936051,27.8871083509481
"6",0.242569420069457,27.1108973021786
"7",0.304160431586181,27.8831718971764
"8",0.329019750021323,28.2128716102357
"9",0,25.5290465908222
