"","obs","bmi"
"1",0.360580838315315,28.7280459583456
"2",0.331599294300854,28.2736469869181
"3",0.351150175424536,28.4995738853138
"4",0.339404425304136,28.2713011236551
"5",0.329886025840789,28.043236661634
"6",0.244545377037783,27.0053796901378
"7",0.306579734494509,27.9311906902892
"8",0.332017392703369,28.215708373681
"9",0,25.5657348975295
