"","obs","bmi"
"1",0.35690153710674,28.6841731052882
"2",0.329324900733622,28.2274439307623
"3",0.33687566979225,28.3194081518753
"4",0.310182662567059,27.955025662782
"5",0.289513725462721,27.5910454735106
"6",0.246465428160889,27.1323679454166
"7",0.305642132999901,27.9072487145516
"8",0.330423752547747,28.247657557628
"9",0,25.5795207699623
