"","obs","bmi"
"1",0.361328175325477,28.6895469277376
"2",0.33075060922096,28.2201636593011
"3",0.345358025852106,28.3984210174462
"4",0.327138620821063,28.1076419481024
"5",0.311114462740908,27.8172306536244
"6",0.247411088940988,27.0672915474933
"7",0.310255337921894,27.9556818497902
"8",0.331936724129578,28.2911029271481
"9",0,25.5317629634043
