"","obs","bmi"
"1",0.354434096379789,28.6824639360513
"2",0.326125560714764,28.2258531304255
"3",0.335491391247555,28.4015481050273
"4",0.314888842426637,28.1207492901502
"5",0.294434966416507,27.8400704668309
"6",0.247969806224578,27.0324173095535
"7",0.309845307155918,27.9156800969314
"8",0.336123901147699,28.3146107402268
"9",0,25.6462785564574
