"","obs","bmi"
"1",0.355837948013374,28.6565543454352
"2",0.326546130653455,28.1978384680666
"3",0.336820802235739,28.3638264772495
"4",0.3161249616607,28.0712096328243
"5",0.298762262244246,27.7787082837832
"6",0.24575493243362,27.0499546923807
"7",0.305858781186963,27.8655502348266
"8",0.328702671972173,28.2238986677066
"9",0,25.5949515775222
