"","obs","bmi"
"1",0.358284899247294,28.6695859922292
"2",0.327895187336983,28.2015262839388
"3",0.332190447992107,28.3254313367351
"4",0.303653640539071,27.9815079981424
"5",0.273344577840997,27.637825208151
"6",0.246523155109353,27.0832956861691
"7",0.30881572083179,27.9438346146361
"8",0.334104478547525,28.2994458330301
"9",0,25.5702039343397
