"","obs","bmi"
"1",0.366367603834993,28.7853885238134
"2",0.340063563466642,28.3323537548843
"3",0.348730749181771,28.4660429441811
"4",0.329115211626649,28.1469981397377
"5",0.308715683741695,27.8282702915082
"6",0.242553160893132,27.0419525959297
"7",0.30856731713056,27.9191412748572
"8",0.332912354499072,28.2789194211134
"9",0,25.5919166682672
