"","obs","bmi"
"1",0.356974938576087,28.6714020377503
"2",0.328595267940247,28.2137386818031
"3",0.335681465475751,28.3393416193165
"4",0.311746398523161,28.0075185400119
"5",0.286073881909411,27.6759432878137
"6",0.247047684878356,27.092743733435
"7",0.303691395966701,27.8807148555347
"8",0.339122592840975,28.3762705723505
"9",0,25.6152179892032
