"","obs","bmi"
"1",0.364189712170682,28.731482997208
"2",0.334502521880465,28.2725575290949
"3",0.345853397988157,28.5126348363631
"4",0.327869023274242,28.2938711291445
"5",0.305639607878584,28.0751951613138
"6",0.246088947558444,27.0954702184655
"7",0.308646180879753,27.9441224432583
"8",0.332962837103321,28.2789521383417
"9",0,25.6272536451421
