"","obs","bmi"
"1",0.3606735740551,28.7005924219375
"2",0.329093494256992,28.246828346223
"3",0.344665665405614,28.3798285428128
"4",0.32325104690135,28.0593072262016
"5",0.305808207997971,27.7390387074667
"6",0.246977122696579,27.0715398504248
"7",0.307470320305321,27.9010614855023
"8",0.331585910339016,28.2291018372948
"9",0,25.5977954025551
