"","obs","bmi"
"1",0.359380180234759,28.6504846326925
"2",0.3277314024265,28.1849347556346
"3",0.340464159470291,28.3114852635936
"4",0.31972889803483,27.9727151017494
"5",0.300852721484578,27.6341837236277
"6",0.242508241351359,27.0966059275657
"7",0.302477424450952,27.8636945876338
"8",0.330418836295402,28.2389981450015
"9",0,25.5764837120806
