"","obs","bmi"
"1",0.358084064416205,28.6225156990661
"2",0.327788234047607,28.1603389217615
"3",0.335230121870115,28.2862702571414
"4",0.308340367100118,27.9501692597698
"5",0.287184132945298,27.6142151346049
"6",0.243504090759959,27.0871628296295
"7",0.308353041738262,27.8964270767319
"8",0.335352391076645,28.3079149116482
"9",0,25.5302581136907
