"","obs","bmi"
"1",0.354953014569416,28.6491686312158
"2",0.325529229341414,28.1895695044358
"3",0.336890916181947,28.3385768074956
"4",0.316709660501841,28.0281271597942
"5",0.292259450034631,27.7178236274791
"6",0.245133041399514,27.0752106364025
"7",0.305187664890092,27.895367464627
"8",0.342777280382287,28.3479202247307
"9",0,25.6017343427364
