"","obs","bmi"
"1",0.36084302509075,28.7039357205239
"2",0.330900446607669,28.2469633169134
"3",0.326306307161042,28.2269796652227
"4",0.288870381211139,27.7505505521413
"5",0.255335086761526,27.2746850147795
"6",0.239451830613862,27.07585695159
"7",0.307792572301741,27.9254551840397
"8",0.331070394070538,28.2731997386218
"9",0,25.5735096871336
