"","obs","bmi"
"1",0.362408655133148,28.7219963245314
"2",0.330320254980348,28.2618224270167
"3",0.334949675150117,28.371235736354
"4",0.30957728104789,28.0206757663302
"5",0.280932655601371,27.6703233197078
"6",0.243523577170496,27.0514443853483
"7",0.303531838314623,27.8339332666545
"8",0.332889727263248,28.2321571187216
"9",0,25.6002222228136
