"","obs","bmi"
"1",0.363635696306264,28.7709342545352
"2",0.333808878956712,28.3224838296197
"3",0.349145218628621,28.5525989869708
"4",0.333842323733532,28.3344148905342
"5",0.320916725399303,28.116389385451
"6",0.253865823247387,27.1230872273576
"7",0.30805085603636,27.9026721779688
"8",0.333313390747425,28.2750334495872
"9",0,25.6287720040277
