"","obs","bmi"
"1",0.365015285705779,28.7875255748947
"2",0.335880649659684,28.3350620149475
"3",0.346835156696179,28.5013345263059
"4",0.325128392049414,28.215249344985
"5",0.299774842855601,27.9292738059002
"6",0.240099143427215,27.0189632083491
"7",0.308798186156327,27.8808159603967
"8",0.334840278381049,28.2702438005955
"9",0,25.6521265584773
