"","obs","bmi"
"1",0.357937822726382,28.7165152478965
"2",0.328978314825039,28.2553108783989
"3",0.338202207423352,28.3564290667773
"4",0.311943408840842,27.9965887206966
"5",0.289593995382799,27.6370026855344
"6",0.241598258881217,27.0281093892787
"7",0.305512531572774,27.8576119938727
"8",0.334517557562336,28.2562073594651
"9",0,25.5765141461904
