"","obs","bmi"
"1",0.358337691948112,28.6632331837894
"2",0.328005349236074,28.2094817449407
"3",0.338894899260669,28.3364217491986
"4",0.320855207963934,28.009849351789
"5",0.301524838361982,27.6835265685648
"6",0.244805985527456,27.0918862722103
"7",0.307276159266117,27.9052233918975
"8",0.334376101172208,28.3099317353158
"9",0,25.5672404925641
