"","obs","bmi"
"1",0.35682528045847,28.6810643087027
"2",0.326078055761691,28.2165776423088
"3",0.327198082924605,28.3281874012236
"4",0.290331022214123,27.9754043438402
"5",0.260218826049333,27.6227156326441
"6",0.243458532145969,27.0765462759496
"7",0.312899924007187,27.9373095717726
"8",0.330289883783754,28.2503118090326
"9",0,25.6415497784562
