"","obs","bmi"
"1",0.360581362910446,28.7393605126471
"2",0.332139518051743,28.2834043379347
"3",0.345848220561135,28.4416599544874
"4",0.331182356827935,28.1442756754762
"5",0.314556500879982,27.8472256967657
"6",0.243536354353499,27.0263690865625
"7",0.308192590685068,27.9159355993566
"8",0.33634556438101,28.2953351413041
"9",0,25.5971117752328
