"","obs","bmi"
"1",0.36126468530263,28.7230906177973
"2",0.333894616529759,28.2664023787213
"3",0.341365096714313,28.4115938233998
"4",0.318638396878946,28.1002539756596
"5",0.295418889280069,27.7890760078886
"6",0.248197313716758,27.1038053749709
"7",0.30549054868054,27.8638020856297
"8",0.338285381387761,28.3492589226897
"9",0,25.6133020731823
