"","obs","bmi"
"1",0.35859123951943,28.6464742779858
"2",0.32788225948982,28.1927164875633
"3",0.332866229021209,28.295785523772
"4",0.307254122107258,27.9454385873585
"5",0.282350887768343,27.5954534128471
"6",0.242255871933364,27.0217388271893
"7",0.299935422106542,27.8167258152125
"8",0.333345445678894,28.3045338457765
"9",0,25.6112142879904
