"","obs","bmi"
"1",0.365254416436235,28.7673621956064
"2",0.335720677163175,28.3020800015445
"3",0.342161199222249,28.4142113295481
"4",0.318612980380784,28.0613486254268
"5",0.298010875219215,27.7087892671637
"6",0.250918087931675,27.1665785302914
"7",0.303703361100792,27.8871310881705
"8",0.33610392662512,28.3180972186816
"9",0,25.6078536923494
