"","obs","bmi"
"1",0.362749634869587,28.7166118865265
"2",0.334208927043949,28.2592487585124
"3",0.354488490620722,28.4827363374546
"4",0.342989961888315,28.2489816642433
"5",0.333593654292343,28.0153531611694
"6",0.245126950720886,27.0297693066308
"7",0.305682059714069,27.8436844550963
"8",0.333256331381866,28.2414750215138
"9",0,25.6307314131534
