"","obs","bmi"
"1",0.359561668132091,28.6969225870925
"2",0.33017255241792,28.2400873040882
"3",0.342966519147759,28.3906678752212
"4",0.326058113424853,28.0845718634627
"5",0.30868971844649,27.7786401796726
"6",0.24223303976909,27.0042853145558
"7",0.299558403659527,27.825321730655
"8",0.3313354993843,28.2712262401698
"9",0,25.639285470028
