"","obs","bmi"
"1",0.355361480663489,28.6201130582688
"2",0.325112947885368,28.1571780870025
"3",0.334691819563722,28.251208655664
"4",0.30772543753548,27.8826474563738
"5",0.280069639682149,27.5144472690358
"6",0.242511959753461,27.0546900538307
"7",0.310275250041327,27.8962921122323
"8",0.33458249911977,28.2487928770171
"9",0,25.563621212874
