"","obs","bmi"
"1",0.360165051400518,28.6835637641963
"2",0.328110653198992,28.2190177389092
"3",0.337369224033568,28.326028929781
"4",0.310799074379428,27.9687552759257
"5",0.28999418750699,27.6117537392926
"6",0.241097421152632,27.0340589130298
"7",0.314290258027766,27.9138376660509
"8",0.334948375635061,28.2889062999651
"9",0,25.5798032256535
