"","obs","bmi"
"1",0.361408631878394,28.7754391402673
"2",0.334204045207856,28.3106705238817
"3",0.342324123378916,28.451254323401
"4",0.322886842676472,28.1272415372764
"5",0.299101804471676,27.8034065348893
"6",0.241702695615252,27.0524857959808
"7",0.304612708191876,27.8967501064608
"8",0.340120387255509,28.3228046179037
"9",0,25.644794558171
