"","obs","bmi"
"1",0.361073656452855,28.6977364064376
"2",0.330673654146333,28.2405496445067
"3",0.328909974187587,28.3244152874611
"4",0.293501428979961,27.9512102680024
"5",0.259484640743569,27.5781239161875
"6",0.244639554090695,27.0591717619975
"7",0.305544331003686,27.9205770908907
"8",0.335036699887871,28.2741614088129
"9",0,25.5623607051001
