"","obs","bmi"
"1",0.363298837020369,28.7278691464818
"2",0.335501996809446,28.270177408887
"3",0.349956087241342,28.4278646694028
"4",0.336157243888875,28.1279960435885
"5",0.320471665078207,27.8282688053879
"6",0.244616216764562,27.071093742179
"7",0.301905530268868,27.852303291092
"8",0.338372309170939,28.3185431882459
"9",0,25.6036550142105
