"","obs","bmi"
"1",0.356766290898145,28.6761612371621
"2",0.329167611317671,28.2267987499615
"3",0.341479606284716,28.4258086621796
"4",0.319803709662084,28.1755229129967
"5",0.303126241869273,27.9253054646073
"6",0.239808537947674,27.0030480170544
"7",0.314168458458306,27.9583613073252
"8",0.335547538291743,28.313686638921
"9",0,25.615037032828
