"","obs","bmi"
"1",0.355941528141207,28.6754014642679
"2",0.327709446985795,28.2160105625716
"3",0.342963031828083,28.3489008073012
"4",0.32948497615676,28.0226547298066
"5",0.313904612224339,27.6966753252544
"6",0.246043854364683,27.0760643778972
"7",0.306528369868386,27.855352038799
"8",0.33139909690265,28.2823816555684
"9",0,25.6163377176503
