"","obs","bmi"
"1",0.358887851006578,28.6885193468094
"2",0.33074440049472,28.2320878372297
"3",0.345555030352063,28.4179476249153
"4",0.335037215212616,28.1475240780339
"5",0.321211209871365,27.8772548755927
"6",0.239667474206383,27.0395974763304
"7",0.306211630505637,27.8240706225752
"8",0.335064572205187,28.2914608614739
"9",0,25.6302518892589
