"","obs","bmi"
"1",0.360658468646194,28.717269089406
"2",0.331914810347638,28.2623050188726
"3",0.33590645501667,28.3532597725499
"4",0.305965382792905,27.9894594548261
"5",0.279707693214537,27.6258743789739
"6",0.250439607471463,27.0901982103881
"7",0.305994058035555,27.8443694187561
"8",0.332228235762345,28.2870037184702
"9",0,25.608849191681
