"","obs","bmi"
"1",0.358491556391809,28.6975838341358
"2",0.329423936916251,28.2381740657115
"3",0.337130093538537,28.3877677827678
"4",0.312510505716935,28.0780783200175
"5",0.290464142860127,27.7685180290937
"6",0.243117061879697,27.0807549061049
"7",0.311920671279441,27.8861005220675
"8",0.325944652551661,28.2011462967041
"9",0,25.5914057819409
