"","obs","bmi"
"1",0.360299079560523,28.6963135958106
"2",0.329868053967449,28.2332185976406
"3",0.32989013717698,28.3457523874058
"4",0.291278133497482,27.995319272521
"5",0.259908074849899,27.6450145365879
"6",0.240546283793668,27.0248328713488
"7",0.305325321176496,27.8785887860297
"8",0.331281164027416,28.265934563924
"9",0,25.6177653000609
