"","obs","bmi"
"1",0.359815107168456,28.6907517944943
"2",0.332559293565397,28.2438616721865
"3",0.340666727610188,28.343886843674
"4",0.317195181932559,27.9972855846048
"5",0.293696503961623,27.6509600818629
"6",0.245136322757224,27.0706340886736
"7",0.314129952695723,27.9730589152492
"8",0.33446803270062,28.2516993794417
"9",0,25.5867360642575
