"","obs","bmi"
"1",0.366023245632983,28.7820891997648
"2",0.336850954972748,28.3169434634436
"3",0.350007287090006,28.4893718548758
"4",0.332568389429513,28.1970072501056
"5",0.315579052041595,27.9050187137374
"6",0.243846394168505,27.0835545926121
"7",0.30893913004755,27.888637074459
"8",0.336332372823762,28.2806542179443
"9",0,25.6247801433875
