"","obs","bmi"
"1",0.356239566251383,28.6426226931472
"2",0.325904530073187,28.1933648058313
"3",0.33894727127855,28.3611698495083
"4",0.321168393883473,28.0798565537541
"5",0.301525199897823,27.7986870442024
"6",0.244903009395423,27.0708972753474
"7",0.312960936615804,27.9374643441535
"8",0.324299488021436,28.2205738835464
"9",0,25.5319693955095
