"","obs","bmi"
"1",0.358327811798303,28.6608178125667
"2",0.328740325374125,28.2106541427259
"3",0.343975821293466,28.3525481177429
"4",0.330257631671459,28.0445121022002
"5",0.315767470370341,27.7367194733069
"6",0.243715720158037,27.0849147246139
"7",0.309123420758371,27.9481350472971
"8",0.336216783244427,28.2443647384754
"9",0,25.5817771604965
