"","obs","bmi"
"1",0.363997323330712,28.72423619687
"2",0.333791792483366,28.269184976656
"3",0.347726348950767,28.4437627372929
"4",0.330674650564363,28.163436352511
"5",0.315925136940051,27.8832612683822
"6",0.251328734593121,27.1180086608529
"7",0.308651316641573,27.9189749252123
"8",0.333826326147625,28.2432501328761
"9",0,25.6485594704903
