"","obs","bmi"
"1",0.358078799109263,28.6673150606018
"2",0.327897473197821,28.2011143828226
"3",0.338954175266421,28.3640536019383
"4",0.318581016264158,28.0608896108047
"5",0.298376947506626,27.7578248707911
"6",0.249216742205987,27.0983226949512
"7",0.311352120794118,27.9499538579574
"8",0.335540422169714,28.3036715513618
"9",0,25.5284510228404
