"","obs","bmi"
"1",0.359546436080429,28.6872697664284
"2",0.327912793279839,28.227221710954
"3",0.336377987563694,28.3653221303489
"4",0.312988439716115,28.0435844796248
"5",0.290533925571265,27.7220646618528
"6",0.238849314839498,26.9905427866783
"7",0.309189862741916,27.8892681240132
"8",0.332914551742491,28.2811295162191
"9",0,25.594552330488
