"","obs","bmi"
"1",0.355064721287527,28.685532653208
"2",0.325660131297571,28.2256171215851
"3",0.336942387968256,28.3074153071014
"4",0.31834365559147,27.9295760003875
"5",0.297872830334407,27.5520270860853
"6",0.246972431559808,27.0798425910595
"7",0.305720431648747,27.8838798862531
"8",0.332368841538889,28.2685665248244
"9",0,25.6449547805225
