"","obs","bmi"
"1",0.362301775604584,28.6841655080133
"2",0.330663685105331,28.2210861463914
"3",0.338325420971047,28.3564198751334
"4",0.315254557040642,28.028852883176
"5",0.292546256653467,27.7014712633264
"6",0.246869082728571,27.1076000883662
"7",0.30529027984598,27.9066722376716
"8",0.334041256453755,28.2569858143307
"9",0,25.6116477086911
