"","obs","bmi"
"1",0.364118317951935,28.726114758376
"2",0.334667830335695,28.2796682037268
"3",0.336571857383593,28.3769435628291
"4",0.303923507602723,28.0279749407297
"5",0.273428068657297,27.6792160267277
"6",0.241883695534544,27.076796099209
"7",0.303430601011687,27.8856404584218
"8",0.335004623491039,28.27884432616
"9",0,25.5607473525464
