"","obs","bmi"
"1",0.359904393251829,28.7071838877999
"2",0.328482964442674,28.2411196530299
"3",0.338798507193882,28.4189522086748
"4",0.319924810831198,28.13082627968
"5",0.29639089815656,27.8428085488665
"6",0.239570782569978,27.0602273450908
"7",0.310734846907966,27.8886813303694
"8",0.329956159839993,28.2130772657937
"9",0,25.5824742445878
