"","obs","bmi"
"1",0.366564529993411,28.7519591303982
"2",0.33754278436171,28.2949245673717
"3",0.351224667615432,28.526071719227
"4",0.335761234110386,28.3002537689065
"5",0.320326742427504,28.0745068064296
"6",0.241078943177589,27.0509983599568
"7",0.31104882721484,27.8938526184374
"8",0.336787050638337,28.3379821698569
"9",0,25.5708399611914
