"","obs","bmi"
"1",0.359311484506883,28.6989961447678
"2",0.328040049063904,28.2400591449885
"3",0.33644368055897,28.3644005059644
"4",0.312552438050456,28.029990553238
"5",0.289011805547067,27.6957723111785
"6",0.241970722590792,27.0616926463653
"7",0.307710917052489,27.9027658035996
"8",0.334769880006582,28.2909872041083
"9",0,25.6131335150714
