"","obs","bmi"
"1",0.359712486130648,28.7512550197948
"2",0.33010040645421,28.2893590200059
"3",0.342009090942879,28.4431384988963
"4",0.32164250610519,28.1351511292234
"5",0.301801466601755,27.8272969700298
"6",0.244879391814705,27.0765154911605
"7",0.310725346330697,27.958919069208
"8",0.341388393447414,28.3801600906227
"9",0,25.6003135692225
