"","obs","bmi"
"1",0.360021353333976,28.6920437256807
"2",0.331994138101508,28.2398031272405
"3",0.345001471819254,28.3408868992753
"4",0.329849487967426,27.9900061825633
"5",0.314322076451324,27.6394151623021
"6",0.252468043008297,27.1372311090454
"7",0.312403936727816,27.9354335698336
"8",0.334430932059625,28.2464292264545
"9",0,25.5901381450291
