"","obs","bmi"
"1",0.356186802444792,28.6588237859489
"2",0.328756586125648,28.2053802930428
"3",0.338876853038655,28.3656238064239
"4",0.314789048633775,28.072625809852
"5",0.293841896276148,27.7798381940178
"6",0.244450104285057,27.103422816239
"7",0.309288301207302,27.915791038226
"8",0.334091857624047,28.2655601082191
"9",0,25.6004308302924
