"","obs","bmi"
"1",0.36442426315113,28.7548343735582
"2",0.333322174216233,28.2990975002571
"3",0.337381338375083,28.4030773190869
"4",0.310084565168623,28.0514486824018
"5",0.283331363929391,27.6999528075853
"6",0.241847068570338,27.050287471641
"7",0.307085404253681,27.9007077044994
"8",0.335788515934129,28.278673800302
"9",0,25.5758960943063
