"","obs","bmi"
"1",0.360141107882091,28.7111268487385
"2",0.33016065993521,28.2528564282714
"3",0.344006906772273,28.4435353825768
"4",0.328253604633176,28.1760724969192
"5",0.312696789911192,27.9087418259898
"6",0.242797858114664,27.071145209569
"7",0.304894294674353,27.8421476211041
"8",0.337914435947515,28.3243999369695
"9",0,25.5955824129982
