"","obs","bmi"
"1",0.364616970743467,28.7581589437113
"2",0.33225782309629,28.2941537941166
"3",0.332847453828004,28.4175528210458
"4",0.300703971505841,28.0771440954397
"5",0.275536816833986,27.7369363462393
"6",0.246082409150059,27.0895185364075
"7",0.305858846344868,27.8450524380374
"8",0.340104037990861,28.3723023830305
"9",0,25.5961727788877
