"","obs","bmi"
"1",0.359591573342241,28.6834353167752
"2",0.329486222235632,28.2191858991886
"3",0.336834684804153,28.3319394178117
"4",0.311552225671211,27.980682393994
"5",0.28605383230238,27.6296737600372
"6",0.249776076392252,27.1195405020166
"7",0.316431113524259,27.967591677943
"8",0.339013347435402,28.2990499710908
"9",0,25.603345569249
