"","obs","bmi"
"1",0.359120327706593,28.6885109230812
"2",0.330100097571973,28.230607542899
"3",0.337697239844599,28.3539918488063
"4",0.313441139882064,28.0197463654823
"5",0.287842079039709,27.6857880607939
"6",0.241985708428023,27.040463784518
"7",0.307224550492552,27.8859663154384
"8",0.331579104805516,28.263239808851
"9",0,25.5855628488307
