"","obs","bmi"
"1",0.364274064585845,28.762644010312
"2",0.334980115609087,28.301296744904
"3",0.352801301551836,28.5204086024354
"4",0.340126257963762,28.2782875936732
"5",0.326772375125957,28.0362840351614
"6",0.243187310864985,27.047557084796
"7",0.303663009503701,27.8970576116971
"8",0.332820457242119,28.2638721043991
"9",0,25.6123849544608
