"","obs","bmi"
"1",0.360156286981553,28.7035448873763
"2",0.328194849234087,28.2435354655148
"3",0.341213816778674,28.3873213809558
"4",0.32438290928412,28.071389331157
"5",0.305776585198772,27.7557641149439
"6",0.244405578905479,27.047485565979
"7",0.309423233228203,27.9175215472691
"8",0.335169664070674,28.2774398344877
"9",0,25.6100023561953
