"","obs","bmi"
"1",0.359971486260853,28.6585687015323
"2",0.330753043486406,28.2037010311107
"3",0.342333040001803,28.3889556625545
"4",0.321628443535486,28.1195729223505
"5",0.304116751532992,27.8504312996047
"6",0.247785561554474,27.0911821848844
"7",0.306004913873294,27.8908527180244
"8",0.340234564058204,28.3530330388277
"9",0,25.5043000224042
