"","obs","bmi"
"1",0.359983707526313,28.6845156606544
"2",0.329631191582821,28.2271356280986
"3",0.336070424605499,28.3335462554871
"4",0.311422816806059,27.9827739843333
"5",0.284718236219022,27.6322054729955
"6",0.248830959700724,27.0989735646206
"7",0.311790698654571,27.9067499562494
"8",0.328813862849049,28.2494884171457
"9",0,25.5855260465758
