"","obs","bmi"
"1",0.359498627778726,28.6928721920361
"2",0.330596886916988,28.2229420940054
"3",0.337087853374362,28.3993006675355
"4",0.311980273492419,28.1058531792581
"5",0.285557950995853,27.8125353982511
"6",0.242778155566838,27.0933174161336
"7",0.306344049656761,27.8470831524655
"8",0.333042253819767,28.2671951498163
"9",0,25.6424972444078
