"","obs","bmi"
"1",0.359515527088286,28.7118933901653
"2",0.330337391376891,28.2564092758202
"3",0.347517484218134,28.472266992664
"4",0.334164873472053,28.2328252137793
"5",0.321307273933509,27.993575855966
"6",0.252847139289785,27.1253761306691
"7",0.307114091097023,27.9096142553675
"8",0.335436805625827,28.2854204564134
"9",0,25.626730937442
