"","obs","bmi"
"1",0.366831596787574,28.7563297151765
"2",0.336302320861676,28.2979679996236
"3",0.350586266532545,28.545966395545
"4",0.331348644071468,28.3356493910248
"5",0.314189512643144,28.1253792018805
"6",0.244665702834911,27.0919286737706
"7",0.302794468416663,27.8668919069881
"8",0.334984439074951,28.2638262918408
"9",0,25.5513090041707
