"","obs","bmi"
"1",0.361178852741911,28.6963733961106
"2",0.330462390870177,28.2429849228703
"3",0.335568774004686,28.359389653039
"4",0.308546294973619,28.0225352301889
"5",0.281597362429902,27.6858126868663
"6",0.241639664274807,27.0522530743742
"7",0.301472830864401,27.8491182229785
"8",0.333718719967514,28.2905517163556
"9",0,25.5717071644382
