"","obs","bmi"
"1",0.357201296236828,28.6700726807388
"2",0.328401413938191,28.2217620052441
"3",0.338848733035706,28.3229013321891
"4",0.320386291016725,27.976103285522
"5",0.299578192162006,27.6297007151413
"6",0.244405955758981,27.0522943712396
"7",0.313843533224137,27.971661297877
"8",0.333257671753651,28.2871367791064
"9",0,25.6000558651682
