"","obs","bmi"
"1",0.36103072192673,28.7184459536326
"2",0.331030225988338,28.2647391360707
"3",0.340909800357026,28.399230072547
"4",0.317969590344554,28.0802601267364
"5",0.298138067945975,27.7615484382615
"6",0.242827153774167,27.0740354362275
"7",0.313115929702183,27.93230950979
"8",0.334663681841522,28.2541680162892
"9",0,25.6095088323099
