"","obs","bmi"
"1",0.359299565519629,28.6632424323146
"2",0.329030969369787,28.211851483086
"3",0.338546845318914,28.3313319654173
"4",0.315655835139077,27.9995668939797
"5",0.292677214199979,27.6679505015844
"6",0.240907725583024,27.0223034540787
"7",0.302308467234094,27.8820460094517
"8",0.333483038649573,28.2351078720895
"9",0,25.596580403037
