"","obs","bmi"
"1",0.359840016615952,28.6885444570688
"2",0.330595669943626,28.234773082364
"3",0.334273128808413,28.3061691022704
"4",0.303529390456342,27.9241077799514
"5",0.27431711759456,27.542378767156
"6",0.240370629243817,27.0458458927339
"7",0.303911568919044,27.8766658167835
"8",0.331389361952487,28.2349547455808
"9",0,25.5463030030108
