"","obs","bmi"
"1",0.361668161901978,28.7181891522173
"2",0.331746682388412,28.2587426331831
"3",0.338403323608006,28.3928875436824
"4",0.31224264873163,28.0679832241236
"5",0.287362946149596,27.743503997854
"6",0.24589134414822,27.0864276031455
"7",0.303460913286964,27.8251885839575
"8",0.333345059744891,28.2706435856273
"9",0,25.5994205722162
