"","obs","bmi"
"1",0.359386313923046,28.7279123946805
"2",0.330527979458609,28.2660681289222
"3",0.334275260045055,28.3798717850547
"4",0.305955628103728,28.0320374358295
"5",0.279533145696653,27.684416311076
"6",0.246682696339066,27.1309563371562
"7",0.303741002578326,27.819055115077
"8",0.335931948148236,28.3129681414327
"9",0,25.6031900449017
