"","obs","bmi"
"1",0.359380180234759,28.6504846326925
"2",0.328187941788278,28.1954736593694
"3",0.330088108681791,28.2941805588106
"4",0.298735937096644,27.9380030572318
"5",0.271530739640867,27.5819548665938
"6",0.242508241351359,27.0966059275657
"7",0.302477424450952,27.8636945876338
"8",0.330418836295402,28.2389981450015
"9",0,25.5764837120806
