"","obs","bmi"
"1",0.363541948785918,28.7325363429353
"2",0.331986310198965,28.2760552627005
"3",0.346680347920443,28.4025246880592
"4",0.329799417959894,28.072941341999
"5",0.312350137546496,27.7438172180914
"6",0.240206689636235,27.0130925631544
"7",0.305811441422166,27.8822831884354
"8",0.336278903811514,28.3191917425853
"9",0,25.5827293585423
