"","obs","bmi"
"1",0.35685966767272,28.6767032302669
"2",0.326870119936548,28.2237601439487
"3",0.338133018895126,28.3954799209035
"4",0.318130588629365,28.1144378763159
"5",0.301960767678702,27.8335828968328
"6",0.245056959548778,27.0733334249748
"7",0.305725113810824,27.873172746555
"8",0.336900550330286,28.29259397057
"9",0,25.5994588031249
