"","obs","bmi"
"1",0.365713297876428,28.7536192320261
"2",0.336198711667041,28.2998913529852
"3",0.345004986089187,28.4093496548661
"4",0.32126151845248,28.0652454808019
"5",0.298791710971055,27.7213131108572
"6",0.242761486930295,27.0259851111105
"7",0.309922855409403,27.9276779274884
"8",0.335019057440188,28.3379393067907
"9",0,25.6044617088744
