"","obs","bmi"
"1",0.359299565519629,28.6632424323146
"2",0.328584059512795,28.2117959845722
"3",0.345036829198718,28.4126971556724
"4",0.331732893951414,28.1622708948383
"5",0.316720609706732,27.9119664152802
"6",0.240907725583024,27.0223034540787
"7",0.302308467234094,27.8820460094517
"8",0.333483038649573,28.2351078720895
"9",0,25.596580403037
