"","obs","bmi"
"1",0.356282565684478,28.6467925361375
"2",0.330079758229431,28.1908946774279
"3",0.328510602716356,28.3423195596871
"4",0.299133425789711,28.0379041843875
"5",0.270455890142749,27.7335440379338
"6",0.242445095860702,27.0260674177099
"7",0.304989251817733,27.8736976237957
"8",0.333905065088411,28.2558344460952
"9",0,25.5680703284023
