"","obs","bmi"
"1",0.356682219140667,28.670356324305
"2",0.326383692271005,28.2151066527199
"3",0.344849115562657,28.3831585664808
"4",0.33219208485871,28.09636783775
"5",0.321613212502715,27.8100124830846
"6",0.241853485175704,27.0687632970518
"7",0.305477119196817,27.854540240189
"8",0.3310395639633,28.1893020209398
"9",0,25.605044762856
