"","obs","bmi"
"1",0.362520761897335,28.7317190115748
"2",0.333128722890837,28.2702804794761
"3",0.353308069461902,28.4717910085681
"4",0.342570391599528,28.2120603060398
"5",0.330864527255459,27.9525371116034
"6",0.239413634523687,27.0175635067698
"7",0.305329458625522,27.9066791606215
"8",0.343005814597668,28.3720252012597
"9",0,25.5570994711961
