"","obs","bmi"
"1",0.363882407065023,28.7109552877327
"2",0.333190831169937,28.248254114464
"3",0.339456185472967,28.366112447391
"4",0.314367279096748,28.0214485179529
"5",0.289006927017002,27.676968833552
"6",0.242918155259054,27.0583474188933
"7",0.305513668363769,27.8465673272002
"8",0.334176938540976,28.2869196102194
"9",0,25.5395566524302
