"","obs","bmi"
"1",0.358020153860555,28.6871604030215
"2",0.330703539103187,28.2353247652195
"3",0.336878701287725,28.3963457602678
"4",0.312679528489301,28.1056630856558
"5",0.289486521344831,27.8151172399534
"6",0.243539848864969,27.0868045648431
"7",0.310536131389382,27.9412282395053
"8",0.336685143798647,28.305722213623
"9",0,25.6024084641308
