"","obs","bmi"
"1",0.359973093725948,28.6946662686252
"2",0.330391815999759,28.2265275044384
"3",0.343888195109791,28.4002854703233
"4",0.324526487027273,28.1060739763343
"5",0.310062877817915,27.8120370378708
"6",0.245380411739299,27.0505395177305
"7",0.311718241130554,27.9652986152462
"8",0.338373418824171,28.3410184185983
"9",0,25.5608665471419
