"","obs","bmi"
"1",0.364902770197592,28.6869513816139
"2",0.334343987120583,28.2304259214254
"3",0.354121500586509,28.4396553476165
"4",0.343147034534566,28.1925337559784
"5",0.330881949272239,27.9455936293339
"6",0.240444778829243,27.0306305440584
"7",0.309554461168156,27.9774917904207
"8",0.333778558224172,28.2822118610484
"9",0,25.5379815456252
