"","obs","bmi"
"1",0.362492868573162,28.6777271714047
"2",0.332330255817743,28.2185549527611
"3",0.351438804581154,28.3726253743388
"4",0.336532614624219,28.067905677924
"5",0.321221114675898,27.7635913751203
"6",0.253938664867498,27.1754323848121
"7",0.311207365388999,27.8999222358672
"8",0.334797570896179,28.264902170055
"9",0,25.5672897040198
