"","obs","bmi"
"1",0.358822289972904,28.706399587968
"2",0.329471532637473,28.2514519694162
"3",0.336844272623068,28.3748102080844
"4",0.312579272552287,28.043342605727
"5",0.288025188049898,27.7119992702588
"6",0.241004346325896,27.0154874285981
"7",0.309710831556197,27.9132172099965
"8",0.334495033659211,28.2974664340521
"9",0,25.6027072007659
