"","obs","bmi"
"1",0.364647449251039,28.7608092523499
"2",0.331625030989451,28.29960005415
"3",0.34843256581677,28.4748017223112
"4",0.333831110897182,28.1889380087353
"5",0.319032377173799,27.9032239738346
"6",0.240104367943801,27.0127260915903
"7",0.312319855964547,28.0025141529014
"8",0.328176729974813,28.242120394106
"9",0,25.628142799182
