"","obs","bmi"
"1",0.360780256303025,28.7167145420872
"2",0.332749318979042,28.2607182358995
"3",0.343054969784595,28.3879239410227
"4",0.32764912387057,28.0593505692972
"5",0.305673119666824,27.7310055163527
"6",0.245111801777595,27.0721242630796
"7",0.309066529721491,27.9228325332918
"8",0.338837346453656,28.2968027787967
"9",0,25.606056580166
