"","obs","bmi"
"1",0.355616838931015,28.6642606486647
"2",0.326230963576172,28.2040405974879
"3",0.33724639395106,28.3715475006125
"4",0.318320646584837,28.0790316561131
"5",0.299285001645097,27.7867205773209
"6",0.247180238288618,27.0824633158262
"7",0.303191491399033,27.8631660538144
"8",0.330281972117292,28.2293444621001
"9",0,25.5623533618167
