"","obs","bmi"
"1",0.359478812484325,28.6870515419528
"2",0.332813884183841,28.2281660113711
"3",0.344066816476388,28.4328983662936
"4",0.326163773607896,28.1790160389184
"5",0.30753277036377,27.9254195133329
"6",0.24435030421698,27.0547969273748
"7",0.309828209524787,27.9484707162224
"8",0.333132348711773,28.2832655002269
"9",0,25.5943316926105
