"","obs","bmi"
"1",0.36366767604073,28.7526638589543
"2",0.333959508689515,28.2878580936459
"3",0.351616322485343,28.5544189424384
"4",0.340951641625465,28.3562370357119
"5",0.328381237400884,28.1581194316191
"6",0.246998115382874,27.0853308717608
"7",0.311863665100275,27.9624272024392
"8",0.333185436729664,28.2738422998032
"9",0,25.5704939296267
