"","obs","bmi"
"1",0.360213513504404,28.6778192929647
"2",0.331860269373284,28.2177478467759
"3",0.337336555554027,28.3422109604055
"4",0.310579854275075,28.0067596838774
"5",0.281828866835986,27.6714701263336
"6",0.250407696381862,27.1335657357767
"7",0.304428440865882,27.8521214502481
"8",0.336854945726869,28.3097416874643
"9",0,25.5624794540979
