"","obs","bmi"
"1",0.359312518370496,28.6804411532134
"2",0.330850606745843,28.231813315796
"3",0.340056118352229,28.4124277985973
"4",0.318173037833171,28.1445737845523
"5",0.298546634772287,27.8768844082992
"6",0.241711472818252,27.0441852701011
"7",0.307941129169285,27.9016543485439
"8",0.339709423090354,28.3471634132043
"9",0,25.5816843089273
