"","obs","bmi"
"1",0.356931279291613,28.7547875662021
"2",0.32969646344585,28.2906036572045
"3",0.338163604755933,28.4499422713151
"4",0.316622035777196,28.1452098289754
"5",0.294591528975428,27.8405924745652
"6",0.242701063258697,27.0682578671832
"7",0.306286686320322,27.8928499431084
"8",0.3326574893337,28.2711699082947
"9",0,25.6482353593395
