"","obs","bmi"
"1",0.354586417879435,28.6754581104909
"2",0.326266405938298,28.2127932501322
"3",0.336186995513414,28.4149797903943
"4",0.311845513590316,28.1546502643516
"5",0.291932345914992,27.8944730512823
"6",0.24390277005612,27.0537767640711
"7",0.305774695880374,27.8780625192221
"8",0.337796751521279,28.3449621077052
"9",0,25.5859088816026
