"","obs","bmi"
"1",0.359134289314643,28.6822858615961
"2",0.333019822898798,28.2335066083258
"3",0.344403640261745,28.4283587605167
"4",0.326882205100878,28.1745823449922
"5",0.310061808755067,27.9209618790605
"6",0.237573223612335,27.029458211435
"7",0.313158216537694,27.9307644174799
"8",0.331058182720831,28.2257214565996
"9",0,25.5805834346815
