"","obs","bmi"
"1",0.363887538538874,28.7322073689816
"2",0.330567709152658,28.2782856622731
"3",0.339369564741169,28.3649557502194
"4",0.315100961689106,27.9978859874424
"5",0.288947600638495,27.6310030959356
"6",0.244553854327286,27.0276992476411
"7",0.30988810168305,27.8898008882504
"8",0.332209918478471,28.2499429054362
"9",0,25.6218304913856
