"","obs","bmi"
"1",0.363181480194833,28.7554664551569
"2",0.334822102338908,28.2987551183578
"3",0.34991272877986,28.3944486545169
"4",0.335717875187867,28.0336690405146
"5",0.320650461985806,27.6731392629406
"6",0.242229926780917,27.0958175974571
"7",0.305481859860755,27.8764200619805
"8",0.336565003436052,28.3217069570858
"9",0,25.6203116260676
