"","obs","bmi"
"1",0.366112409382759,28.7309770401235
"2",0.335640014347739,28.2773062641075
"3",0.344791596414159,28.3851081062623
"4",0.319022984506594,28.0394434249629
"5",0.291908077759436,27.6939902983797
"6",0.244767363165525,27.0891439037555
"7",0.307998769987954,27.8944785823906
"8",0.333727594117164,28.2713078930145
"9",0,25.6183623226195
