"","obs","bmi"
"1",0.359771268808848,28.7021835545061
"2",0.331211553504623,28.2382659120202
"3",0.346273489858036,28.3869411293512
"4",0.332865301021782,28.07190736962
"5",0.317959576018772,27.7570907810078
"6",0.242854006975673,27.0738217123662
"7",0.31232962451215,27.9555333034651
"8",0.331544792049415,28.2544354569415
"9",0,25.5697992663946
