"","obs","bmi"
"1",0.362195230162758,28.746669215526
"2",0.331824826361015,28.286571908235
"3",0.342042998732955,28.4143055401393
"4",0.323597207385389,28.0821750956098
"5",0.301845689888521,27.7502884072435
"6",0.250957541593084,27.1142824437666
"7",0.305419372629236,27.8767433872379
"8",0.330531454528586,28.2319427301984
"9",0,25.6435323081133
