"","obs","bmi"
"1",0.358628323348834,28.7288776745865
"2",0.330904173324502,28.2695406503492
"3",0.3391755776919,28.3688243306922
"4",0.319118023623556,28.0091585551344
"5",0.295181723554957,27.6499055962788
"6",0.23907517913093,27.0141662641849
"7",0.311499384224729,27.9683017848365
"8",0.336673279755081,28.3086292974509
"9",0,25.615651910866
