"","obs","bmi"
"1",0.35822960116568,28.7279336807165
"2",0.328571105635087,28.2677652201347
"3",0.337095630646639,28.4424272466759
"4",0.312257839935628,28.1569985583752
"5",0.290586654197583,27.8716487914499
"6",0.246449090635927,27.0848984386911
"7",0.310527397436552,27.9132337837295
"8",0.334593609735047,28.2603254597808
"9",0,25.6561570973419
