"","obs","bmi"
"1",0.36167908312149,28.7661783670757
"2",0.334002947364912,28.3141402330953
"3",0.338911466935598,28.3464283715784
"4",0.311443178292028,27.9271035657624
"5",0.279189794077858,27.5082297548495
"6",0.243803305704899,27.0371390297861
"7",0.308166782826969,27.943631013075
"8",0.335272428806867,28.28463238785
"9",0,25.6310057789177
