"","obs","bmi"
"1",0.358060710462083,28.7014403702047
"2",0.329718803123139,28.2349184518161
"3",0.345596152008965,28.3600625431933
"4",0.333648515460255,28.0189986128358
"5",0.321683749585951,27.6782680881569
"6",0.247469775619598,27.0915507659216
"7",0.30116309438379,27.8270138527092
"8",0.335706178316901,28.2720856992101
"9",0,25.5608129793501
