"","obs","bmi"
"1",0.353796910780723,28.6187597061538
"2",0.325480167723918,28.160154056901
"3",0.329598181637141,28.2565929222205
"4",0.302445930430808,27.8945919849172
"5",0.276451918513465,27.5327630154621
"6",0.249497112721159,27.1063846686779
"7",0.312594680209047,27.9754785528342
"8",0.332710823331794,28.2804231270443
"9",0,25.5531609202665
