"","obs","bmi"
"1",0.356288944519311,28.6385551929463
"2",0.328129509783415,28.1793323510165
"3",0.338677553376802,28.3254630718134
"4",0.318482414511573,28.0127344724194
"5",0.301431710890038,27.7003915334997
"6",0.247489492158846,27.1107119203297
"7",0.304635337324307,27.8500689699302
"8",0.332916673090894,28.2443656446552
"9",0,25.5664118341101
