"","obs","bmi"
"1",0.355428385375841,28.6820411872577
"2",0.327260093960358,28.2295830969265
"3",0.334316999916348,28.3237222388831
"4",0.308915072090287,27.9656051566854
"5",0.283940030339695,27.6076965081848
"6",0.242148806367143,27.0825023018631
"7",0.30816826881244,27.8833540705592
"8",0.32887881686062,28.2079848360378
"9",0,25.6069746946413
