"","obs","bmi"
"1",0.364137453803871,28.689989673806
"2",0.334765037363061,28.2294238553402
"3",0.33568394107588,28.373652055644
"4",0.301115351760719,28.0573943574333
"5",0.270690434604638,27.7412164870347
"6",0.235482705711214,27.0072023308648
"7",0.3052865502723,27.8967414158442
"8",0.335303052371714,28.3008884208413
"9",0,25.5560670737571
