"","obs","bmi"
"1",0.369149590796399,28.8039319022122
"2",0.336731147675847,28.3392183859635
"3",0.348449224553299,28.4512624295593
"4",0.326513453212755,28.0988343512556
"5",0.302953661923166,27.7466597630642
"6",0.248179793471424,27.1419195956525
"7",0.306549176476761,27.8874217713006
"8",0.336114497074205,28.297153386112
"9",0,25.6110353760092
