"","obs","bmi"
"1",0.360161118441173,28.7004271573193
"2",0.328986796337105,28.2359846934851
"3",0.33883344117372,28.3332675423663
"4",0.312009374686431,27.9663845242878
"5",0.289471894894362,27.5997884030118
"6",0.246261848057001,27.0908680667133
"7",0.307008849510106,27.8622458356049
"8",0.336557956656992,28.2657859947116
"9",0,25.5835424961553
