"","obs","bmi"
"1",0.358598112080405,28.6806163325238
"2",0.328457973535536,28.2260642251223
"3",0.344410124758895,28.3729439518032
"4",0.328321983369912,28.0655570152814
"5",0.312795467663082,27.7584698232927
"6",0.245514049286284,27.0897928311518
"7",0.311580192761468,27.9388691988412
"8",0.334729761129021,28.3113109421992
"9",0,25.5523818927147
