"","obs","bmi"
"1",0.358081838854896,28.6962982292632
"2",0.330182871141977,28.2300500871651
"3",0.341658504043331,28.4380038102615
"4",0.323375028359378,28.1798292221163
"5",0.303604393956685,27.9217771243221
"6",0.246293503495023,27.0855010331003
"7",0.301763043814086,27.8092792922136
"8",0.337608997920982,28.297941947563
"9",0,25.589838473192
