"","obs","bmi"
"1",0.361128931656003,28.6996898721546
"2",0.330947876054122,28.2462860409562
"3",0.35305207544299,28.3990575697306
"4",0.340414996544282,28.0989612204228
"5",0.330316556231757,27.7994420536924
"6",0.245099501204939,27.0647114861612
"7",0.307984087347381,27.8864278069646
"8",0.331346530925194,28.2600562077184
"9",0,25.5862261504497
