"","obs","bmi"
"1",0.360428673959176,28.6999425139652
"2",0.331821437618391,28.2440375563934
"3",0.342939039338663,28.4888526271626
"4",0.323048571811469,28.2778260918515
"5",0.3036818747393,28.066864150103
"6",0.244806258182132,27.046338687288
"7",0.305975700715394,27.8618557385664
"8",0.323472248252716,28.2014463271307
"9",0,25.5508363273064
