"","obs","bmi"
"1",0.36380343639597,28.7237243936667
"2",0.333105736761801,28.265253635834
"3",0.337997773892457,28.3699478916296
"4",0.312143214881467,28.0164044274641
"5",0.28882760214032,27.6631038706334
"6",0.246391387098845,27.1117321698542
"7",0.306154469152254,27.885172538707
"8",0.33546772273738,28.273978990509
"9",0,25.6201177065769
