"","obs","bmi"
"1",0.362431013611261,28.7104358777474
"2",0.330364611247473,28.2476537854999
"3",0.35486999459128,28.5179652144463
"4",0.346420925005139,28.325706458787
"5",0.338924379836594,28.1336693147614
"6",0.246306179828093,27.0821986558806
"7",0.306878988633687,27.9228509602166
"8",0.338437817420426,28.3222459390891
"9",0,25.5833574111618
