"","obs","bmi"
"1",0.35968840286751,28.6838157616556
"2",0.331165483665056,28.2276945296186
"3",0.337865155952461,28.3470412176103
"4",0.313050634847511,28.0103721633279
"5",0.290883321538908,27.6738105865698
"6",0.250904352051117,27.1249051176488
"7",0.309290918229247,27.9244561037051
"8",0.341604152009495,28.3267986979006
"9",0,25.5871038247033
