"","obs","bmi"
"1",0.359973093725948,28.6946662686252
"2",0.329852771947061,28.2260304710687
"3",0.333333283965876,28.3439544932901
"4",0.29953720759326,27.9935318512112
"5",0.271657285150115,27.64341262536
"6",0.245380411739299,27.0505395177305
"7",0.311718241130554,27.9652986152462
"8",0.338373418824171,28.3410184185983
"9",0,25.5608665471419
