"","obs","bmi"
"1",0.365678723644323,28.7618969000435
"2",0.337836140524539,28.2945872677402
"3",0.351186576282287,28.4998649374716
"4",0.337443521010127,28.2379595502379
"5",0.319778463240144,27.9761841392266
"6",0.238042360296221,27.0006556377503
"7",0.307922105731717,27.9024358181655
"8",0.332466109185093,28.2218731887322
"9",0,25.5746926530506
