"","obs","bmi"
"1",0.354633786224106,28.5830042834305
"2",0.324697641967101,28.12134351829
"3",0.328144047775384,28.2257131299363
"4",0.296026410290152,27.8686284876924
"5",0.269927481041307,27.5117554489851
"6",0.238441577258877,26.9606772664978
"7",0.312791449109852,27.9498460762605
"8",0.33939145440623,28.2955831513011
"9",0,25.586160835532
