"","obs","bmi"
"1",0.362317395001525,28.7429546385375
"2",0.332984399297695,28.2795147531058
"3",0.342434958080038,28.469243782225
"4",0.318604822268468,28.1956535658382
"5",0.292909421708543,27.9221863451158
"6",0.239647110560257,27.0010338804456
"7",0.312808886770699,27.9387839322373
"8",0.336213539542248,28.2964072074651
"9",0,25.5884218919327
