"","obs","bmi"
"1",0.354576366776918,28.6314458197523
"2",0.32505435435927,28.1716058548962
"3",0.335426174457882,28.3831556654847
"4",0.312976859025657,28.1349701303506
"5",0.289848234349519,27.8868918972561
"6",0.245902844412046,27.1175127187426
"7",0.305875103658312,27.8735770785818
"8",0.333331903947529,28.2662257346039
"9",0,25.5990022208993
