"","obs","bmi"
"1",0.362123391914836,28.6588433494073
"2",0.330822545771703,28.2034087907542
"3",0.341982882289677,28.2829573981927
"4",0.318381537584957,27.9074533016321
"5",0.295864677167126,27.5323526985916
"6",0.243579075482967,27.0665882980956
"7",0.305919391170815,27.8692879973482
"8",0.338589602853458,28.3550649399811
"9",0,25.5662793289965
