"","obs","bmi"
"1",0.359231838889309,28.6771934198974
"2",0.328692274986417,28.2197319261548
"3",0.347990978156382,28.3886478452173
"4",0.336393592399054,28.1005053760302
"5",0.324523529929114,27.812794726981
"6",0.244276464872628,27.0903464287053
"7",0.304128141767983,27.8473980532356
"8",0.333211990800786,28.2656358103012
"9",0,25.5694479107246
