"","obs","bmi"
"1",0.354539401015461,28.6607878848431
"2",0.327008641101628,28.211350644888
"3",0.337283682163429,28.3740989893022
"4",0.317915523560398,28.0875291658899
"5",0.297080182928858,27.8010824281206
"6",0.245989608823158,27.1008060192866
"7",0.305627018492316,27.9112355834877
"8",0.337841864283208,28.2971380036848
"9",0,25.5949403383965
