"","obs","bmi"
"1",0.363181480194833,28.7554664551569
"2",0.333902660529233,28.2927920544917
"3",0.337519074241359,28.4592010257948
"4",0.308908138040569,28.1629822005468
"5",0.281365230567622,27.8668091014919
"6",0.242229926780917,27.0958175974571
"7",0.305481859860755,27.8764200619805
"8",0.336565003436052,28.3217069570858
"9",0,25.6203116260676
