"","obs","bmi"
"1",0.360991572994592,28.7043406697495
"2",0.330122920337813,28.2360821879452
"3",0.343351934043211,28.418217334494
"4",0.328865492670682,28.1323039245904
"5",0.313953300652451,27.8466098783601
"6",0.246884413378966,27.1044076758644
"7",0.3044738651106,27.8538845732198
"8",0.33714196240389,28.2698833259245
"9",0,25.5687924263603
