"","obs","bmi"
"1",0.35685966767272,28.6767032302669
"2",0.326609550174367,28.2165465465784
"3",0.336116241502924,28.3855356196399
"4",0.314665807689785,28.0944642653411
"5",0.29174217441652,27.8034908300976
"6",0.245056959548778,27.0733334249748
"7",0.305725113810824,27.873172746555
"8",0.336900550330286,28.29259397057
"9",0,25.5994588031249
